{
	"song": {
		"player1": "yotsubaS2-player",
		"player2": "itsuki",
		"events": [
			[
				20561.797752809,
				[
					[
						"Lyrics",
						"Let",
						"White"
					]
				]
			],
			[
				20730.3370786517,
				[
					[
						"Lyrics",
						"Let the",
						"White"
					]
				]
			],
			[
				20898.8764044944,
				[
					[
						"Lyrics",
						"Let the bass",
						"White"
					]
				]
			],
			[
				21235.9550561798,
				[
					[
						"Lyrics",
						"Let the bass GO!",
						"White"
					]
				]
			],
			[
				21488.7640449438,
				[
					[
						"Lyrics",
						"",
						""
					]
				]
			],
			[
				24269.6629213483,
				[
					[
						"shakey arrows",
						"little",
						""
					]
				]
			],
			[
				24775.2808988764,
				[
					[
						"shakey arrows",
						"normal",
						""
					]
				]
			],
			[
				29662.9213483146,
				[
					[
						"shakey arrows",
						"little",
						""
					]
				]
			],
			[
				30337.0786516854,
				[
					[
						"shakey arrows",
						"normal",
						""
					]
				]
			],
			[
				32359.5505617978,
				[
					[
						"Change Character",
						"dad",
						"uruha-rushia"
					]
				]
			],
			[
				37752.808988764,
				[
					[
						"Change Character",
						"dad",
						"new-botan"
					],
					[
						"Change Character",
						"bf",
						"amesame-player"
					]
				]
			],
			[
				43146.0674157303,
				[
					[
						"Change Character",
						"bf",
						"aloe-rapper"
					]
				]
			],
			[
				48539.3258426966,
				[
					[
						"Change Character",
						"bf",
						"monika-player"
					],
					[
						"Change Character",
						"dad",
						"sayori"
					]
				]
			],
			[
				75505.6179775281,
				[
					[
						"Change Character",
						"bf",
						"tari"
					]
				]
			],
			[
				86292.1348314608,
				[
					[
						"Change Character",
						"dad",
						"soft-gf"
					]
				]
			],
			[
				88314.6067415731,
				[
					[
						"Change Character",
						"bf",
						"softie"
					]
				]
			],
			[
				129438.202247191,
				[
					[
						"Change Character",
						"dad",
						"agoti"
					]
				]
			],
			[
				140224.719101124,
				[
					[
						"Flash Camera Red",
						"1",
						""
					]
				]
			],
			[
				145617.97752809,
				[
					[
						"Flash Camera Blue",
						"1",
						""
					]
				]
			],
			[
				153707.86516854,
				[
					[
						"Zoom",
						"1.5",
						""
					]
				]
			]
		],
		"notes": [
			{
				"lengthInSteps": 16,
				"typeOfSection": 0,
				"sectionNotes": [],
				"altAnim": false,
				"gfSection": false,
				"bpm": 150,
				"changeBPM": false,
				"mustHitSection": false
			},
			{
				"lengthInSteps": 16,
				"typeOfSection": 0,
				"sectionNotes": [],
				"altAnim": false,
				"gfSection": false,
				"bpm": 150,
				"changeBPM": false,
				"mustHitSection": false
			},
			{
				"lengthInSteps": 16,
				"typeOfSection": 0,
				"sectionNotes": [],
				"altAnim": false,
				"gfSection": false,
				"bpm": 178,
				"changeBPM": false,
				"mustHitSection": true
			},
			{
				"lengthInSteps": 16,
				"typeOfSection": 0,
				"sectionNotes": [],
				"altAnim": false,
				"gfSection": false,
				"bpm": 178,
				"changeBPM": false,
				"mustHitSection": true
			},
			{
				"lengthInSteps": 16,
				"typeOfSection": 0,
				"sectionNotes": [],
				"altAnim": false,
				"gfSection": false,
				"bpm": 178,
				"changeBPM": false,
				"mustHitSection": false
			},
			{
				"lengthInSteps": 16,
				"typeOfSection": 0,
				"sectionNotes": [],
				"altAnim": false,
				"gfSection": false,
				"bpm": 178,
				"changeBPM": false,
				"mustHitSection": false
			},
			{
				"lengthInSteps": 16,
				"typeOfSection": 0,
				"sectionNotes": [],
				"altAnim": false,
				"gfSection": false,
				"bpm": 178,
				"changeBPM": false,
				"mustHitSection": true
			},
			{
				"lengthInSteps": 16,
				"typeOfSection": 0,
				"sectionNotes": [],
				"altAnim": false,
				"gfSection": false,
				"bpm": 178,
				"changeBPM": false,
				"mustHitSection": true
			},
			{
				"lengthInSteps": 16,
				"typeOfSection": 0,
				"sectionNotes": [],
				"altAnim": false,
				"gfSection": false,
				"bpm": 178,
				"changeBPM": false,
				"mustHitSection": false
			},
			{
				"lengthInSteps": 16,
				"typeOfSection": 0,
				"sectionNotes": [],
				"altAnim": false,
				"gfSection": false,
				"bpm": 178,
				"changeBPM": false,
				"mustHitSection": false
			},
			{
				"lengthInSteps": 16,
				"typeOfSection": 0,
				"sectionNotes": [],
				"altAnim": false,
				"gfSection": false,
				"bpm": 178,
				"changeBPM": false,
				"mustHitSection": false
			},
			{
				"lengthInSteps": 16,
				"typeOfSection": 0,
				"sectionNotes": [],
				"altAnim": false,
				"gfSection": false,
				"bpm": 178,
				"changeBPM": false,
				"mustHitSection": false
			},
			{
				"lengthInSteps": 16,
				"typeOfSection": 0,
				"sectionNotes": [],
				"altAnim": false,
				"gfSection": false,
				"bpm": 178,
				"changeBPM": false,
				"mustHitSection": true
			},
			{
				"lengthInSteps": 16,
				"typeOfSection": 0,
				"sectionNotes": [],
				"altAnim": false,
				"gfSection": false,
				"bpm": 178,
				"changeBPM": false,
				"mustHitSection": true
			},
			{
				"lengthInSteps": 16,
				"typeOfSection": 0,
				"sectionNotes": [],
				"altAnim": false,
				"gfSection": false,
				"bpm": 178,
				"changeBPM": false,
				"mustHitSection": true
			},
			{
				"lengthInSteps": 16,
				"typeOfSection": 0,
				"sectionNotes": [],
				"altAnim": false,
				"gfSection": false,
				"bpm": 178,
				"changeBPM": false,
				"mustHitSection": false
			},
			{
				"lengthInSteps": 16,
				"typeOfSection": 0,
				"sectionNotes": [
					[
						21573.0337078652,
						0,
						252.808988764045
					],
					[
						22584.2696629213,
						2,
						0
					],
					[
						22752.808988764,
						0,
						0
					],
					[
						21910.1123595506,
						1,
						252.808988764045
					],
					[
						22247.191011236,
						3,
						0
					]
				],
				"altAnim": false,
				"gfSection": false,
				"bpm": 178,
				"changeBPM": false,
				"mustHitSection": false
			},
			{
				"lengthInSteps": 16,
				"typeOfSection": 0,
				"sectionNotes": [
					[
						22921.3483146067,
						1,
						0
					],
					[
						23258.4269662921,
						2,
						0
					],
					[
						23426.9662921348,
						3,
						0
					],
					[
						23595.5056179775,
						0,
						0
					],
					[
						23764.0449438202,
						2,
						0
					],
					[
						23932.5842696629,
						3,
						0
					]
				],
				"altAnim": false,
				"gfSection": false,
				"bpm": 178,
				"changeBPM": false,
				"mustHitSection": false
			},
			{
				"lengthInSteps": 16,
				"typeOfSection": 0,
				"sectionNotes": [
					[
						24269.6629213483,
						0,
						0
					],
					[
						25112.3595505618,
						2,
						0
					],
					[
						25280.8988764045,
						3,
						0
					],
					[
						25449.4382022472,
						2,
						0
					],
					[
						24353.9325842697,
						1,
						0
					],
					[
						24438.202247191,
						2,
						0
					],
					[
						24522.4719101124,
						3,
						0
					],
					[
						24606.7415730337,
						2,
						0
					],
					[
						24775.2808988764,
						0,
						0
					],
					[
						24859.5505617978,
						1,
						0
					],
					[
						24943.8202247191,
						2,
						0
					]
				],
				"altAnim": false,
				"gfSection": false,
				"bpm": 178,
				"changeBPM": false,
				"mustHitSection": false
			},
			{
				"lengthInSteps": 16,
				"typeOfSection": 0,
				"sectionNotes": [
					[
						25617.9775280899,
						0,
						0
					],
					[
						25955.0561797753,
						3,
						0
					],
					[
						26460.6741573034,
						0,
						0
					],
					[
						25786.5168539326,
						1,
						0
					],
					[
						26629.2134831461,
						1,
						0
					],
					[
						26292.1348314607,
						2,
						0
					]
				],
				"altAnim": false,
				"gfSection": false,
				"bpm": 178,
				"changeBPM": false,
				"mustHitSection": false
			},
			{
				"lengthInSteps": 16,
				"typeOfSection": 0,
				"sectionNotes": [
					[
						26966.2921348315,
						0,
						252.808988764045
					],
					[
						27977.5280898876,
						2,
						0
					],
					[
						28146.0674157303,
						0,
						0
					],
					[
						27303.3707865169,
						1,
						252.808988764045
					],
					[
						27640.4494382022,
						3,
						252.808988764045
					]
				],
				"altAnim": false,
				"gfSection": false,
				"bpm": 178,
				"changeBPM": false,
				"mustHitSection": true
			},
			{
				"lengthInSteps": 16,
				"typeOfSection": 0,
				"sectionNotes": [
					[
						28314.606741573,
						1,
						0
					],
					[
						28651.6853932584,
						2,
						0
					],
					[
						28820.2247191011,
						3,
						0
					],
					[
						28988.7640449438,
						0,
						0
					],
					[
						29157.3033707865,
						2,
						0
					],
					[
						29325.8426966292,
						3,
						0
					],
					[
						28483.1460674157,
						3,
						0
					]
				],
				"altAnim": false,
				"gfSection": false,
				"bpm": 178,
				"changeBPM": false,
				"mustHitSection": true
			},
			{
				"lengthInSteps": 16,
				"typeOfSection": 0,
				"sectionNotes": [
					[
						29662.9213483146,
						0,
						0
					],
					[
						30674.1573033708,
						3,
						0
					],
					[
						30842.6966292135,
						2,
						0
					],
					[
						29747.191011236,
						1,
						0
					],
					[
						29831.4606741573,
						2,
						0
					],
					[
						29915.7303370787,
						3,
						0
					],
					[
						30000,
						2,
						0
					],
					[
						30168.5393258427,
						0,
						0
					],
					[
						30084.2696629213,
						1,
						0
					],
					[
						30252.808988764,
						1,
						0
					],
					[
						30337.0786516854,
						2,
						0
					],
					[
						30505.6179775281,
						1,
						0
					]
				],
				"altAnim": false,
				"gfSection": false,
				"bpm": 178,
				"changeBPM": false,
				"mustHitSection": true
			},
			{
				"lengthInSteps": 16,
				"typeOfSection": 0,
				"sectionNotes": [
					[
						31011.2359550562,
						0,
						0
					],
					[
						31348.3146067416,
						3,
						0
					],
					[
						31516.8539325843,
						1,
						0
					],
					[
						31685.393258427,
						3,
						0
					],
					[
						31853.9325842697,
						0,
						0
					],
					[
						32022.4719101124,
						2,
						0
					]
				],
				"altAnim": false,
				"gfSection": false,
				"bpm": 178,
				"changeBPM": false,
				"mustHitSection": true
			},
			{
				"lengthInSteps": 16,
				"typeOfSection": 0,
				"sectionNotes": [
					[
						32359.5505617978,
						0,
						0
					],
					[
						32528.0898876404,
						3,
						0
					],
					[
						32696.6292134831,
						2,
						0
					],
					[
						32865.1685393258,
						3,
						0
					],
					[
						33033.7078651685,
						0,
						0
					],
					[
						33202.2471910112,
						1,
						0
					],
					[
						33370.7865168539,
						0,
						0
					],
					[
						33539.3258426966,
						3,
						0
					]
				],
				"altAnim": false,
				"gfSection": false,
				"bpm": 178,
				"changeBPM": false,
				"mustHitSection": false
			},
			{
				"lengthInSteps": 16,
				"typeOfSection": 0,
				"sectionNotes": [
					[
						33707.8651685393,
						0,
						0
					],
					[
						33875.6060728216,
						1,
						0
					],
					[
						34044.9438202247,
						3,
						0
					],
					[
						34213.4831460674,
						2,
						0
					],
					[
						34382.0224719101,
						1,
						0
					],
					[
						34550.5617977528,
						1,
						0
					],
					[
						34719.1011235955,
						3,
						0
					],
					[
						34887.6404494382,
						2,
						0
					]
				],
				"altAnim": false,
				"gfSection": false,
				"bpm": 178,
				"changeBPM": false,
				"mustHitSection": false
			},
			{
				"lengthInSteps": 16,
				"typeOfSection": 0,
				"sectionNotes": [
					[
						35224.7191011236,
						1,
						0
					],
					[
						35056.1797752809,
						0,
						0
					],
					[
						35393.2584269663,
						3,
						0
					],
					[
						35561.797752809,
						0,
						0
					],
					[
						35730.3370786517,
						2,
						0
					],
					[
						35898.8764044944,
						2,
						0
					],
					[
						36067.4157303371,
						3,
						0
					],
					[
						36235.9550561798,
						0,
						0
					]
				],
				"altAnim": false,
				"gfSection": false,
				"bpm": 178,
				"changeBPM": false,
				"mustHitSection": false
			},
			{
				"lengthInSteps": 16,
				"typeOfSection": 0,
				"sectionNotes": [
					[
						36404.4943820225,
						1,
						0
					],
					[
						36573.0337078652,
						3,
						0
					],
					[
						36741.5730337079,
						2,
						0
					],
					[
						36910.1123595506,
						3,
						0
					],
					[
						37078.6516853933,
						0,
						0
					],
					[
						37247.191011236,
						1,
						0
					],
					[
						37415.7303370787,
						3,
						0
					],
					[
						37584.2696629214,
						2,
						0
					]
				],
				"altAnim": false,
				"gfSection": false,
				"bpm": 178,
				"changeBPM": false,
				"mustHitSection": false
			},
			{
				"lengthInSteps": 16,
				"typeOfSection": 0,
				"sectionNotes": [
					[
						37921.3483146067,
						3,
						0
					],
					[
						38089.8876404494,
						2,
						0
					],
					[
						38258.4269662921,
						3,
						0
					],
					[
						38426.9662921348,
						0,
						0
					],
					[
						38595.5056179775,
						1,
						0
					],
					[
						38764.0449438202,
						0,
						0
					],
					[
						38932.5842696629,
						3,
						0
					],
					[
						37752.808988764,
						4,
						0
					],
					[
						37752.808988764,
						0,
						0
					],
					[
						37921.3483146067,
						7,
						0
					],
					[
						38089.8876404494,
						6,
						0
					],
					[
						38258.4269662921,
						7,
						0
					],
					[
						38426.9662921348,
						4,
						0
					],
					[
						38595.5056179775,
						5,
						0
					],
					[
						38764.0449438202,
						4,
						0
					],
					[
						38932.5842696629,
						7,
						0
					]
				],
				"altAnim": false,
				"gfSection": false,
				"bpm": 178,
				"changeBPM": false,
				"mustHitSection": true
			},
			{
				"lengthInSteps": 16,
				"typeOfSection": 0,
				"sectionNotes": [
					[
						39101.1235955056,
						0,
						0
					],
					[
						39268.8644997879,
						1,
						0
					],
					[
						39438.202247191,
						3,
						0
					],
					[
						39606.7415730337,
						2,
						0
					],
					[
						39775.2808988764,
						1,
						0
					],
					[
						39943.8202247191,
						1,
						0
					],
					[
						40112.3595505618,
						3,
						0
					],
					[
						40280.8988764045,
						2,
						0
					],
					[
						39101.1235955056,
						4,
						0
					],
					[
						39269.6629213483,
						5,
						0
					],
					[
						39438.202247191,
						7,
						0
					],
					[
						39606.7415730337,
						6,
						0
					],
					[
						39775.2808988764,
						5,
						0
					],
					[
						39943.8202247191,
						5,
						0
					],
					[
						40112.3595505618,
						7,
						0
					],
					[
						40280.8988764045,
						6,
						0
					]
				],
				"altAnim": false,
				"gfSection": false,
				"bpm": 178,
				"changeBPM": false,
				"mustHitSection": true
			},
			{
				"lengthInSteps": 16,
				"typeOfSection": 0,
				"sectionNotes": [
					[
						40617.9775280899,
						1,
						0
					],
					[
						40449.4382022472,
						0,
						0
					],
					[
						40786.5168539326,
						3,
						0
					],
					[
						40955.0561797753,
						0,
						0
					],
					[
						41123.595505618,
						2,
						0
					],
					[
						41292.1348314607,
						2,
						0
					],
					[
						41460.6741573034,
						3,
						0
					],
					[
						41629.2134831461,
						0,
						0
					],
					[
						40449.4382022472,
						4,
						0
					],
					[
						40617.9775280899,
						5,
						0
					],
					[
						40786.5168539326,
						7,
						0
					],
					[
						40955.0561797753,
						4,
						0
					],
					[
						41123.595505618,
						6,
						0
					],
					[
						41292.1348314607,
						6,
						0
					],
					[
						41460.6741573034,
						7,
						0
					],
					[
						41629.2134831461,
						4,
						0
					]
				],
				"altAnim": false,
				"gfSection": false,
				"bpm": 178,
				"changeBPM": false,
				"mustHitSection": true
			},
			{
				"lengthInSteps": 16,
				"typeOfSection": 0,
				"sectionNotes": [
					[
						41797.7528089888,
						1,
						0
					],
					[
						41966.2921348315,
						3,
						0
					],
					[
						42134.8314606742,
						2,
						0
					],
					[
						42303.3707865169,
						3,
						0
					],
					[
						42471.9101123596,
						0,
						0
					],
					[
						42640.4494382023,
						1,
						0
					],
					[
						42808.9887640449,
						3,
						0
					],
					[
						42977.5280898876,
						2,
						0
					],
					[
						41797.7528089888,
						5,
						0
					],
					[
						41966.2921348315,
						7,
						0
					],
					[
						42134.8314606742,
						6,
						0
					],
					[
						42303.3707865169,
						7,
						0
					],
					[
						42471.9101123596,
						4,
						0
					],
					[
						42640.4494382022,
						5,
						0
					],
					[
						42808.9887640449,
						7,
						0
					],
					[
						42977.5280898876,
						6,
						0
					]
				],
				"altAnim": false,
				"gfSection": false,
				"bpm": 178,
				"changeBPM": false,
				"mustHitSection": true
			},
			{
				"lengthInSteps": 16,
				"typeOfSection": 0,
				"sectionNotes": [
					[
						43314.606741573,
						2,
						0
					],
					[
						43483.1460674157,
						3,
						0
					],
					[
						43651.6853932584,
						0,
						0
					],
					[
						43988.7640449438,
						0,
						0
					],
					[
						44157.3033707865,
						1,
						0
					],
					[
						44325.8426966292,
						3,
						0
					],
					[
						43146.0674157303,
						6,
						590.213483146069
					],
					[
						44157.3033707865,
						5,
						0
					],
					[
						43820.2247191011,
						4,
						0
					],
					[
						44325.8426966292,
						6,
						0
					]
				],
				"altAnim": false,
				"gfSection": false,
				"bpm": 178,
				"changeBPM": false,
				"mustHitSection": false
			},
			{
				"lengthInSteps": 16,
				"typeOfSection": 0,
				"sectionNotes": [
					[
						45168.5393258427,
						3,
						-252.269662921348
					],
					[
						44662.9213483146,
						2,
						0
					],
					[
						44831.4606741573,
						0,
						0
					],
					[
						45000,
						2,
						0
					],
					[
						45505.6179775281,
						3,
						-252.191011235957
					],
					[
						45168.5393258427,
						1,
						0
					],
					[
						45505.6179775281,
						1,
						0
					],
					[
						44662.9213483146,
						6,
						0
					],
					[
						44831.4606741573,
						4,
						0
					],
					[
						45168.5393258427,
						7,
						0
					],
					[
						45505.6179775281,
						7,
						0
					]
				],
				"altAnim": false,
				"gfSection": false,
				"bpm": 178,
				"changeBPM": false,
				"mustHitSection": false
			},
			{
				"lengthInSteps": 16,
				"typeOfSection": 0,
				"sectionNotes": [
					[
						45842.6966292135,
						2,
						0
					],
					[
						46011.2359550562,
						1,
						0
					],
					[
						46179.7752808989,
						2,
						0
					],
					[
						46516.8539325843,
						0,
						0
					],
					[
						46853.9325842697,
						0,
						0
					],
					[
						47022.4719101124,
						3,
						0
					]
				],
				"altAnim": false,
				"gfSection": false,
				"bpm": 178,
				"changeBPM": false,
				"mustHitSection": true
			},
			{
				"lengthInSteps": 16,
				"typeOfSection": 0,
				"sectionNotes": [
					[
						47359.5505617977,
						1,
						85.0786516853964
					],
					[
						48202.2471910112,
						0,
						0
					],
					[
						47696.6292134831,
						2,
						0
					],
					[
						47865.1685393258,
						3,
						0
					],
					[
						47865.1685393258,
						6,
						252.808988764045
					],
					[
						48033.7078651685,
						5,
						84.2696629213483
					],
					[
						48202.2471910112,
						7,
						252.808988764045
					],
					[
						47865.1685393258,
						1,
						0,
						"Botan alert"
					],
					[
						48202.2471910112,
						2,
						0,
						"Botan alert"
					]
				],
				"altAnim": false,
				"gfSection": false,
				"bpm": 178,
				"changeBPM": false,
				"mustHitSection": true
			},
			{
				"lengthInSteps": 16,
				"typeOfSection": 0,
				"sectionNotes": [
					[
						48539.3258426966,
						6,
						590.213483146069
					],
					[
						48707.8651685393,
						3,
						0
					],
					[
						48876.404494382,
						0,
						0
					],
					[
						49213.4831460674,
						1,
						0
					],
					[
						49297.7528089888,
						2,
						0
					],
					[
						49382.0224719101,
						3,
						0
					],
					[
						49550.5617977528,
						0,
						0
					],
					[
						49719.1011235955,
						1,
						0
					],
					[
						49213.4831460674,
						7,
						421.348314606742
					],
					[
						49719.1011235955,
						5,
						758.426966292135
					]
				],
				"altAnim": false,
				"gfSection": false,
				"bpm": 178,
				"changeBPM": false,
				"mustHitSection": false
			},
			{
				"lengthInSteps": 16,
				"typeOfSection": 0,
				"sectionNotes": [
					[
						50561.797752809,
						7,
						0
					],
					[
						50898.8764044944,
						7,
						0
					],
					[
						50056.1797752809,
						2,
						0
					],
					[
						50224.7191011236,
						1,
						0
					],
					[
						50393.2584269663,
						3,
						0
					],
					[
						50561.797752809,
						1,
						0
					],
					[
						50898.8764044944,
						3,
						0
					],
					[
						50730.3370786517,
						0,
						0
					],
					[
						51067.4157303371,
						0,
						0
					]
				],
				"altAnim": false,
				"gfSection": false,
				"bpm": 178,
				"changeBPM": false,
				"mustHitSection": false
			},
			{
				"lengthInSteps": 16,
				"typeOfSection": 0,
				"sectionNotes": [
					[
						51235.9550561798,
						6,
						0
					],
					[
						51404.4943820225,
						5,
						0
					],
					[
						51573.0337078652,
						6,
						0
					],
					[
						51910.1123595506,
						4,
						0
					],
					[
						52247.191011236,
						4,
						0
					],
					[
						52415.7303370787,
						7,
						0
					],
					[
						51404.4943820225,
						2,
						0
					],
					[
						51573.0337078652,
						1,
						0
					],
					[
						51615.1685393258,
						0,
						0
					],
					[
						51741.5730337079,
						3,
						0
					],
					[
						51910.1123595506,
						1,
						0
					],
					[
						52078.6516853933,
						2,
						0
					],
					[
						52415.7303370787,
						3,
						0
					],
					[
						52247.191011236,
						2,
						0
					]
				],
				"altAnim": false,
				"gfSection": false,
				"bpm": 178,
				"changeBPM": false,
				"mustHitSection": false
			},
			{
				"lengthInSteps": 16,
				"typeOfSection": 0,
				"sectionNotes": [
					[
						52752.808988764,
						5,
						85.0786516853964
					],
					[
						53089.8876404494,
						6,
						0
					],
					[
						53258.4269662921,
						4,
						0
					],
					[
						53595.5056179775,
						4,
						0
					],
					[
						52752.808988764,
						2,
						0
					],
					[
						52921.3483146067,
						0,
						0
					],
					[
						53005.6179775281,
						0,
						0
					],
					[
						53089.8876404494,
						3,
						0
					],
					[
						53258.4269662921,
						1,
						0
					],
					[
						53426.9662921348,
						0,
						0
					],
					[
						53595.5056179775,
						2,
						253.314606741571
					]
				],
				"altAnim": false,
				"gfSection": false,
				"bpm": 178,
				"changeBPM": false,
				"mustHitSection": false
			},
			{
				"lengthInSteps": 16,
				"typeOfSection": 0,
				"sectionNotes": [
					[
						54101.1235955056,
						2,
						0
					],
					[
						54269.6629213483,
						3,
						0
					],
					[
						54438.202247191,
						0,
						0
					],
					[
						54606.7415730337,
						3,
						0
					],
					[
						54775.2808988764,
						0,
						0
					],
					[
						54691.0112359551,
						2,
						0
					],
					[
						54943.8202247191,
						1,
						0
					],
					[
						55112.3595505618,
						3,
						0
					],
					[
						53932.5842696629,
						6,
						590.213483146069
					],
					[
						54943.8202247191,
						5,
						0
					],
					[
						54606.7415730337,
						4,
						0
					],
					[
						55112.3595505618,
						6,
						0
					]
				],
				"altAnim": false,
				"gfSection": false,
				"bpm": 178,
				"changeBPM": false,
				"mustHitSection": true
			},
			{
				"lengthInSteps": 16,
				"typeOfSection": 0,
				"sectionNotes": [
					[
						55955.0561797753,
						3,
						-252.269662921348
					],
					[
						55449.4382022472,
						2,
						0
					],
					[
						55617.9775280899,
						0,
						0
					],
					[
						55786.5168539326,
						2,
						0
					],
					[
						56292.1348314607,
						3,
						-252.191011235957
					],
					[
						55955.0561797753,
						1,
						0
					],
					[
						56292.1348314607,
						1,
						0
					],
					[
						55449.4382022472,
						6,
						0
					],
					[
						55617.9775280899,
						4,
						0
					],
					[
						55955.0561797753,
						7,
						0
					],
					[
						56292.1348314607,
						7,
						0
					]
				],
				"altAnim": false,
				"gfSection": false,
				"bpm": 178,
				"changeBPM": false,
				"mustHitSection": true
			},
			{
				"lengthInSteps": 16,
				"typeOfSection": 0,
				"sectionNotes": [
					[
						56797.7528089888,
						2,
						0
					],
					[
						56966.2921348315,
						2,
						0
					],
					[
						57640.4494382022,
						3,
						85.2022471910145
					],
					[
						57471.9101123595,
						2,
						0
					],
					[
						57303.3707865168,
						0,
						0
					],
					[
						57808.9887640449,
						1,
						253.280898876406
					],
					[
						56629.2134831461,
						6,
						0
					],
					[
						56797.7528089888,
						5,
						0
					],
					[
						56966.2921348315,
						6,
						0
					],
					[
						57303.3707865169,
						4,
						0
					],
					[
						57640.4494382022,
						4,
						0
					],
					[
						57808.9887640449,
						7,
						0
					]
				],
				"altAnim": false,
				"gfSection": false,
				"bpm": 178,
				"changeBPM": false,
				"mustHitSection": true
			},
			{
				"lengthInSteps": 16,
				"typeOfSection": 0,
				"sectionNotes": [
					[
						58146.0674157303,
						2,
						0
					],
					[
						58314.606741573,
						1,
						0
					],
					[
						58483.1460674157,
						2,
						0
					],
					[
						58651.6853932584,
						0,
						0
					],
					[
						58988.7640449438,
						3,
						0
					],
					[
						58651.6853932584,
						1,
						0
					],
					[
						58988.7640449438,
						2,
						0
					],
					[
						58146.0674157303,
						5,
						85.0786516853964
					],
					[
						58483.1460674157,
						6,
						0
					],
					[
						58651.6853932584,
						4,
						0
					],
					[
						58988.7640449438,
						4,
						0
					]
				],
				"altAnim": false,
				"gfSection": false,
				"bpm": 178,
				"changeBPM": false,
				"mustHitSection": true
			},
			{
				"lengthInSteps": 16,
				"typeOfSection": 0,
				"sectionNotes": [
					[
						59325.8426966292,
						2,
						590.213483146069
					],
					[
						60337.0786516854,
						1,
						0
					],
					[
						60000,
						0,
						0
					],
					[
						60505.6179775281,
						2,
						0
					]
				],
				"altAnim": false,
				"gfSection": false,
				"bpm": 178,
				"changeBPM": false,
				"mustHitSection": false
			},
			{
				"lengthInSteps": 16,
				"typeOfSection": 0,
				"sectionNotes": [
					[
						60842.6966292135,
						6,
						0
					],
					[
						61011.2359550562,
						4,
						0
					],
					[
						61348.3146067416,
						7,
						0
					],
					[
						61685.393258427,
						7,
						0
					],
					[
						60842.6966292135,
						2,
						0
					],
					[
						61011.2359550562,
						1,
						0
					],
					[
						61179.7752808989,
						3,
						0
					],
					[
						61348.3146067416,
						1,
						0
					],
					[
						61685.393258427,
						3,
						0
					],
					[
						61516.8539325843,
						0,
						0
					],
					[
						61853.9325842697,
						0,
						0
					],
					[
						61137.6404494382,
						2,
						0
					]
				],
				"altAnim": false,
				"gfSection": false,
				"bpm": 178,
				"changeBPM": false,
				"mustHitSection": true
			},
			{
				"lengthInSteps": 16,
				"typeOfSection": 0,
				"sectionNotes": [
					[
						62022.4719101124,
						6,
						0
					],
					[
						62191.0112359551,
						5,
						0
					],
					[
						62359.5505617978,
						6,
						0
					],
					[
						62696.6292134831,
						4,
						0
					],
					[
						63033.7078651685,
						4,
						0
					],
					[
						63202.2471910112,
						7,
						0
					],
					[
						62191.0112359551,
						2,
						0
					],
					[
						62359.5505617978,
						1,
						0
					],
					[
						62401.6853932584,
						0,
						0
					],
					[
						62528.0898876404,
						3,
						0
					],
					[
						62696.6292134831,
						1,
						0
					],
					[
						62865.1685393258,
						2,
						0
					],
					[
						63202.2471910112,
						3,
						0
					],
					[
						63033.7078651685,
						2,
						0
					]
				],
				"altAnim": false,
				"gfSection": false,
				"bpm": 178,
				"changeBPM": false,
				"mustHitSection": true
			},
			{
				"lengthInSteps": 16,
				"typeOfSection": 0,
				"sectionNotes": [
					[
						63539.3258426966,
						1,
						85.0786516853964
					],
					[
						63876.404494382,
						2,
						0
					],
					[
						64044.9438202247,
						0,
						0
					],
					[
						64382.0224719101,
						0,
						0
					]
				],
				"altAnim": false,
				"gfSection": false,
				"bpm": 178,
				"changeBPM": false,
				"mustHitSection": false
			},
			{
				"lengthInSteps": 16,
				"typeOfSection": 0,
				"sectionNotes": [
					[
						64719.1011235955,
						0,
						0
					],
					[
						64887.6404494382,
						3,
						0
					],
					[
						65056.1797752809,
						0,
						0
					],
					[
						65224.7191011236,
						3,
						0
					],
					[
						65730.3370786517,
						2,
						0
					],
					[
						65898.8764044944,
						0,
						0
					],
					[
						65393.2584269663,
						0,
						0
					],
					[
						65561.797752809,
						3,
						0
					]
				],
				"altAnim": false,
				"gfSection": false,
				"bpm": 178,
				"changeBPM": false,
				"mustHitSection": false
			},
			{
				"lengthInSteps": 16,
				"typeOfSection": 0,
				"sectionNotes": [
					[
						66067.4157303371,
						1,
						0
					],
					[
						66404.4943820225,
						2,
						0
					],
					[
						66573.0337078652,
						3,
						0
					],
					[
						66741.5730337079,
						0,
						0
					],
					[
						66741.5730337079,
						2,
						0
					],
					[
						67078.6516853933,
						2,
						0
					],
					[
						67078.6516853933,
						3,
						-252.157303370785
					]
				],
				"altAnim": false,
				"gfSection": false,
				"bpm": 178,
				"changeBPM": false,
				"mustHitSection": false
			},
			{
				"lengthInSteps": 16,
				"typeOfSection": 0,
				"sectionNotes": [
					[
						67415.7303370787,
						0,
						0
					],
					[
						67752.808988764,
						3,
						0
					],
					[
						67584.2696629213,
						1,
						0
					],
					[
						67921.3483146067,
						1,
						0
					],
					[
						68089.8876404494,
						0,
						0
					],
					[
						68258.4269662921,
						2,
						0
					],
					[
						68426.9662921348,
						3,
						0
					],
					[
						68595.5056179775,
						2,
						0
					]
				],
				"altAnim": false,
				"gfSection": false,
				"bpm": 178,
				"changeBPM": false,
				"mustHitSection": false
			},
			{
				"lengthInSteps": 16,
				"typeOfSection": 0,
				"sectionNotes": [
					[
						68764.0449438202,
						0,
						0
					],
					[
						69101.1235955056,
						1,
						0
					],
					[
						69269.6629213483,
						1,
						0
					],
					[
						69438.202247191,
						1,
						0
					],
					[
						69775.2808988764,
						1,
						0
					]
				],
				"altAnim": false,
				"gfSection": false,
				"bpm": 178,
				"changeBPM": false,
				"mustHitSection": false
			},
			{
				"lengthInSteps": 16,
				"typeOfSection": 0,
				"sectionNotes": [
					[
						70112.3595505618,
						0,
						0
					],
					[
						70280.8988764045,
						3,
						0
					],
					[
						70449.4382022472,
						2,
						0
					],
					[
						70617.9775280899,
						3,
						0
					],
					[
						70786.5168539326,
						0,
						0
					],
					[
						70955.0561797753,
						1,
						0
					],
					[
						71123.595505618,
						0,
						0
					],
					[
						71292.1348314607,
						3,
						0
					]
				],
				"altAnim": false,
				"gfSection": false,
				"bpm": 178,
				"changeBPM": false,
				"mustHitSection": false
			},
			{
				"lengthInSteps": 16,
				"typeOfSection": 0,
				"sectionNotes": [
					[
						71460.6741573034,
						0,
						0
					],
					[
						71628.4150615856,
						1,
						0
					],
					[
						71797.7528089888,
						3,
						0
					],
					[
						71966.2921348315,
						2,
						0
					],
					[
						72134.8314606741,
						1,
						0
					],
					[
						72303.3707865169,
						1,
						0
					],
					[
						72471.9101123596,
						3,
						0
					],
					[
						72640.4494382023,
						2,
						0
					]
				],
				"altAnim": false,
				"gfSection": false,
				"bpm": 178,
				"changeBPM": false,
				"mustHitSection": false
			},
			{
				"lengthInSteps": 16,
				"typeOfSection": 0,
				"sectionNotes": [
					[
						72977.5280898876,
						1,
						0
					],
					[
						72808.9887640449,
						0,
						0
					],
					[
						73146.0674157303,
						3,
						0
					],
					[
						73314.606741573,
						0,
						0
					],
					[
						73483.1460674157,
						2,
						0
					],
					[
						73651.6853932584,
						2,
						0
					],
					[
						73820.2247191011,
						3,
						0
					],
					[
						73988.7640449438,
						0,
						0
					]
				],
				"altAnim": false,
				"gfSection": false,
				"bpm": 178,
				"changeBPM": false,
				"mustHitSection": false
			},
			{
				"lengthInSteps": 16,
				"typeOfSection": 0,
				"sectionNotes": [
					[
						74157.3033707865,
						1,
						0
					],
					[
						74325.8426966292,
						3,
						0
					],
					[
						74494.3820224719,
						2,
						0
					],
					[
						74662.9213483146,
						3,
						0
					],
					[
						74831.4606741573,
						0,
						0
					],
					[
						75000,
						1,
						0
					],
					[
						75168.5393258427,
						3,
						0
					],
					[
						75337.0786516854,
						2,
						0
					]
				],
				"altAnim": false,
				"gfSection": false,
				"bpm": 178,
				"changeBPM": false,
				"mustHitSection": false
			},
			{
				"lengthInSteps": 16,
				"typeOfSection": 0,
				"sectionNotes": [
					[
						75505.6179775281,
						0,
						0
					],
					[
						75674.1573033708,
						3,
						0
					],
					[
						75842.6966292135,
						0,
						0
					],
					[
						76011.2359550562,
						3,
						0
					],
					[
						76516.8539325843,
						2,
						0
					],
					[
						76685.393258427,
						0,
						0
					],
					[
						76179.7752808989,
						0,
						0
					],
					[
						76348.3146067416,
						3,
						0
					],
					[
						75505.6179775281,
						4,
						590.505617977569
					]
				],
				"altAnim": false,
				"gfSection": false,
				"bpm": 178,
				"changeBPM": false,
				"mustHitSection": true
			},
			{
				"lengthInSteps": 16,
				"typeOfSection": 0,
				"sectionNotes": [
					[
						76853.9325842697,
						1,
						0
					],
					[
						77191.0112359551,
						2,
						0
					],
					[
						77359.5505617977,
						3,
						0
					],
					[
						77528.0898876404,
						0,
						0
					],
					[
						77528.0898876404,
						2,
						0
					],
					[
						77865.1685393258,
						2,
						0
					],
					[
						77865.1685393258,
						3,
						-252.157303370785
					]
				],
				"altAnim": false,
				"gfSection": false,
				"bpm": 178,
				"changeBPM": false,
				"mustHitSection": true
			},
			{
				"lengthInSteps": 16,
				"typeOfSection": 0,
				"sectionNotes": [
					[
						78202.2471910112,
						0,
						0
					],
					[
						78539.3258426966,
						3,
						0
					],
					[
						78370.7865168539,
						1,
						0
					],
					[
						78707.8651685393,
						1,
						0
					],
					[
						78876.404494382,
						0,
						0
					],
					[
						79044.9438202247,
						2,
						0
					],
					[
						79213.4831460674,
						3,
						0
					],
					[
						79382.0224719101,
						2,
						0
					]
				],
				"altAnim": false,
				"gfSection": false,
				"bpm": 178,
				"changeBPM": false,
				"mustHitSection": true
			},
			{
				"lengthInSteps": 16,
				"typeOfSection": 0,
				"sectionNotes": [
					[
						79550.5617977528,
						0,
						0
					],
					[
						80561.7977528091,
						3,
						0,
						"Hey!"
					],
					[
						80224.7191011237,
						2,
						0
					],
					[
						80056.179775281,
						1,
						0
					],
					[
						79887.6404494383,
						1,
						0
					]
				],
				"altAnim": false,
				"gfSection": false,
				"bpm": 178,
				"changeBPM": false,
				"mustHitSection": true
			},
			{
				"lengthInSteps": 16,
				"typeOfSection": 0,
				"sectionNotes": [
					[
						80898.8764044944,
						0,
						0
					],
					[
						81067.4157303371,
						3,
						0
					],
					[
						81235.9550561798,
						2,
						0
					],
					[
						81404.4943820225,
						3,
						0
					],
					[
						81573.0337078652,
						0,
						0
					],
					[
						81741.5730337079,
						1,
						0
					],
					[
						81910.1123595506,
						0,
						0
					],
					[
						82078.6516853933,
						3,
						0
					]
				],
				"altAnim": false,
				"gfSection": false,
				"bpm": 178,
				"changeBPM": false,
				"mustHitSection": true
			},
			{
				"lengthInSteps": 16,
				"typeOfSection": 0,
				"sectionNotes": [
					[
						82247.191011236,
						0,
						0
					],
					[
						82414.9319155182,
						1,
						0
					],
					[
						82584.2696629213,
						3,
						0
					],
					[
						82752.808988764,
						2,
						0
					],
					[
						82921.3483146067,
						1,
						0
					],
					[
						83089.8876404495,
						1,
						0
					],
					[
						83258.4269662921,
						3,
						0
					],
					[
						83426.9662921348,
						2,
						0
					]
				],
				"altAnim": false,
				"gfSection": false,
				"bpm": 178,
				"changeBPM": false,
				"mustHitSection": true
			},
			{
				"lengthInSteps": 16,
				"typeOfSection": 0,
				"sectionNotes": [
					[
						83764.0449438202,
						1,
						0
					],
					[
						83595.5056179775,
						0,
						0
					],
					[
						83932.5842696629,
						3,
						0
					],
					[
						84101.1235955056,
						0,
						0
					],
					[
						84269.6629213483,
						2,
						0
					],
					[
						84438.202247191,
						2,
						0
					],
					[
						84606.7415730337,
						3,
						0
					],
					[
						84775.2808988764,
						0,
						0
					]
				],
				"altAnim": false,
				"gfSection": false,
				"bpm": 178,
				"changeBPM": false,
				"mustHitSection": true
			},
			{
				"lengthInSteps": 16,
				"typeOfSection": 0,
				"sectionNotes": [
					[
						84943.8202247191,
						1,
						0
					],
					[
						85112.3595505618,
						3,
						0
					],
					[
						85280.8988764045,
						2,
						0
					],
					[
						85449.4382022472,
						3,
						0
					],
					[
						85617.9775280899,
						0,
						0
					],
					[
						85786.5168539326,
						1,
						0
					],
					[
						85955.0561797753,
						3,
						0
					],
					[
						86123.595505618,
						2,
						0
					]
				],
				"altAnim": false,
				"gfSection": false,
				"bpm": 178,
				"changeBPM": false,
				"mustHitSection": true
			},
			{
				"lengthInSteps": 16,
				"typeOfSection": 0,
				"sectionNotes": [
					[
						86292.1348314608,
						1,
						0
					],
					[
						86629.2134831462,
						1,
						0
					],
					[
						86292.1348314608,
						6,
						589.887640449438
					],
					[
						86966.2921348316,
						2,
						0
					],
					[
						87134.8314606743,
						3,
						0
					],
					[
						87303.370786517,
						0,
						0
					],
					[
						87471.9101123596,
						1,
						0
					]
				],
				"altAnim": false,
				"gfSection": false,
				"bpm": 178,
				"changeBPM": false,
				"mustHitSection": false
			},
			{
				"lengthInSteps": 16,
				"typeOfSection": 0,
				"sectionNotes": [
					[
						87640.4494382024,
						1,
						0
					],
					[
						87808.988764045,
						2,
						0
					],
					[
						87977.5280898878,
						3,
						0
					],
					[
						88146.0674157304,
						2,
						0
					],
					[
						88314.6067415731,
						0,
						0
					],
					[
						88483.1460674158,
						1,
						0
					],
					[
						88651.6853932585,
						3,
						0
					],
					[
						88820.2247191012,
						1,
						0
					],
					[
						88314.6067415731,
						5,
						589.887640449438
					]
				],
				"altAnim": false,
				"gfSection": false,
				"bpm": 178,
				"changeBPM": false,
				"mustHitSection": false
			},
			{
				"lengthInSteps": 16,
				"typeOfSection": 0,
				"sectionNotes": [
					[
						88988.7640449439,
						6,
						1264.04494382022
					],
					[
						88988.7640449439,
						0,
						0
					],
					[
						89325.8426966293,
						3,
						0
					],
					[
						89662.9213483147,
						1,
						0
					],
					[
						89831.4606741574,
						2,
						0
					],
					[
						90000.0000000001,
						3,
						0
					],
					[
						90168.5393258428,
						0,
						0
					]
				],
				"altAnim": false,
				"gfSection": false,
				"bpm": 178,
				"changeBPM": false,
				"mustHitSection": false
			},
			{
				"lengthInSteps": 16,
				"typeOfSection": 0,
				"sectionNotes": [
					[
						90337.0786516855,
						2,
						0
					],
					[
						90505.6179775282,
						0,
						0
					],
					[
						90674.1573033709,
						3,
						0
					],
					[
						90842.6966292136,
						1,
						0
					],
					[
						91011.2359550563,
						2,
						0
					],
					[
						91179.775280899,
						2,
						0
					],
					[
						91348.3146067417,
						3,
						0
					],
					[
						91516.8539325844,
						0,
						0
					],
					[
						91011.2359550563,
						4,
						589.887640449438
					]
				],
				"altAnim": false,
				"gfSection": false,
				"bpm": 178,
				"changeBPM": false,
				"mustHitSection": false
			},
			{
				"lengthInSteps": 16,
				"typeOfSection": 0,
				"sectionNotes": [
					[
						91685.3932584271,
						2,
						758.426966292135
					],
					[
						92696.6292134833,
						0,
						0
					],
					[
						92865.168539326,
						1,
						0
					],
					[
						92949.4382022473,
						3,
						0
					]
				],
				"altAnim": false,
				"gfSection": false,
				"bpm": 178,
				"changeBPM": false,
				"mustHitSection": true
			},
			{
				"lengthInSteps": 16,
				"typeOfSection": 0,
				"sectionNotes": [
					[
						93033.7078651687,
						1,
						0
					],
					[
						93202.2471910114,
						0,
						0
					],
					[
						93539.3258426968,
						3,
						252.808988764045
					],
					[
						93876.4044943822,
						2,
						0
					],
					[
						94044.9438202249,
						3,
						0
					],
					[
						94213.4831460675,
						1,
						0
					]
				],
				"altAnim": false,
				"gfSection": false,
				"bpm": 178,
				"changeBPM": false,
				"mustHitSection": true
			},
			{
				"lengthInSteps": 16,
				"typeOfSection": 0,
				"sectionNotes": [
					[
						94382.0224719103,
						0,
						0
					],
					[
						94382.0224719103,
						2,
						589.887640449438
					],
					[
						95224.7191011237,
						1,
						0
					],
					[
						95393.2584269664,
						2,
						0
					],
					[
						95561.7977528091,
						3,
						252.808988764045
					]
				],
				"altAnim": false,
				"gfSection": false,
				"bpm": 178,
				"changeBPM": false,
				"mustHitSection": true
			},
			{
				"lengthInSteps": 16,
				"typeOfSection": 0,
				"sectionNotes": [
					[
						96067.4157303372,
						5,
						0
					],
					[
						96404.4943820226,
						6,
						0
					],
					[
						96741.573033708,
						4,
						0
					]
				],
				"altAnim": false,
				"gfSection": false,
				"bpm": 178,
				"changeBPM": false,
				"mustHitSection": false
			},
			{
				"lengthInSteps": 16,
				"typeOfSection": 0,
				"sectionNotes": [
					[
						97078.6516853934,
						1,
						0
					],
					[
						97415.7303370788,
						1,
						0
					],
					[
						97415.7303370788,
						5,
						0
					],
					[
						97078.6516853934,
						5,
						0
					],
					[
						97752.8089887642,
						6,
						0
					],
					[
						97921.3483146069,
						7,
						0
					],
					[
						98089.8876404496,
						4,
						0
					],
					[
						98258.4269662923,
						5,
						0
					],
					[
						97752.8089887642,
						2,
						0
					],
					[
						97921.3483146069,
						3,
						0
					],
					[
						98089.8876404496,
						0,
						0
					],
					[
						98258.4269662923,
						1,
						0
					]
				],
				"altAnim": false,
				"gfSection": false,
				"bpm": 178,
				"changeBPM": false,
				"mustHitSection": true
			},
			{
				"lengthInSteps": 16,
				"typeOfSection": 0,
				"sectionNotes": [
					[
						98595.5056179777,
						6,
						0
					],
					[
						98764.0449438204,
						7,
						0
					],
					[
						98932.5842696631,
						6,
						0
					],
					[
						99101.1235955058,
						4,
						0
					],
					[
						99269.6629213485,
						5,
						0
					],
					[
						99438.2022471912,
						7,
						0
					],
					[
						99606.7415730339,
						5,
						0
					],
					[
						99438.2022471912,
						3,
						0
					],
					[
						99606.7415730339,
						1,
						0
					],
					[
						99269.6629213485,
						1,
						0
					],
					[
						99101.1235955058,
						0,
						0
					],
					[
						98932.5842696631,
						2,
						0
					],
					[
						98764.0449438204,
						3,
						0
					],
					[
						98595.5056179777,
						2,
						0
					]
				],
				"altAnim": false,
				"gfSection": false,
				"bpm": 178,
				"changeBPM": false,
				"mustHitSection": true
			},
			{
				"lengthInSteps": 16,
				"typeOfSection": 0,
				"sectionNotes": [
					[
						99775.2808988766,
						0,
						0
					],
					[
						100112.359550562,
						3,
						0
					],
					[
						100449.438202247,
						1,
						0
					],
					[
						100617.97752809,
						2,
						0
					],
					[
						100786.516853933,
						3,
						0
					],
					[
						100112.359550562,
						4,
						0
					],
					[
						99775.2808988766,
						7,
						0
					],
					[
						100449.438202247,
						6,
						0
					],
					[
						100617.97752809,
						5,
						0
					],
					[
						100786.516853933,
						4,
						0
					],
					[
						100955.056179775,
						7,
						0
					],
					[
						100955.056179775,
						0,
						0
					]
				],
				"altAnim": false,
				"gfSection": false,
				"bpm": 178,
				"changeBPM": false,
				"mustHitSection": true
			},
			{
				"lengthInSteps": 16,
				"typeOfSection": 0,
				"sectionNotes": [
					[
						101292.134831461,
						0,
						0
					],
					[
						101460.674157304,
						3,
						0
					],
					[
						101629.213483146,
						1,
						0
					],
					[
						101797.752808989,
						2,
						0
					],
					[
						101966.292134832,
						2,
						0
					],
					[
						102134.831460674,
						3,
						0
					],
					[
						102303.370786517,
						0,
						0
					],
					[
						101292.134831461,
						4,
						0
					],
					[
						101460.674157304,
						7,
						0
					],
					[
						101629.213483146,
						5,
						0
					],
					[
						101797.752808989,
						6,
						0
					],
					[
						101966.292134832,
						6,
						0
					],
					[
						102134.831460674,
						7,
						0
					],
					[
						102303.370786517,
						4,
						0
					]
				],
				"altAnim": false,
				"gfSection": false,
				"bpm": 178,
				"changeBPM": false,
				"mustHitSection": true
			},
			{
				"lengthInSteps": 16,
				"typeOfSection": 0,
				"sectionNotes": [
					[
						102471.91011236,
						1,
						0
					],
					[
						102808.988764045,
						1,
						0
					],
					[
						102808.988764045,
						5,
						0
					],
					[
						102471.91011236,
						5,
						0
					],
					[
						103146.067415731,
						6,
						0
					],
					[
						103314.606741573,
						7,
						0
					],
					[
						103483.146067416,
						4,
						0
					],
					[
						103146.067415731,
						2,
						0
					],
					[
						103314.606741573,
						3,
						0
					],
					[
						103483.146067416,
						0,
						0
					],
					[
						103651.685393259,
						1,
						0
					],
					[
						103651.685393259,
						5,
						0
					]
				],
				"altAnim": false,
				"gfSection": false,
				"bpm": 178,
				"changeBPM": false,
				"mustHitSection": true
			},
			{
				"lengthInSteps": 16,
				"typeOfSection": 0,
				"sectionNotes": [
					[
						103988.764044944,
						5,
						0
					],
					[
						104157.303370787,
						4,
						0
					],
					[
						104325.842696629,
						5,
						0
					],
					[
						104494.382022472,
						7,
						0
					],
					[
						104662.921348315,
						6,
						0
					],
					[
						104831.460674157,
						4,
						0
					],
					[
						105000,
						6,
						0
					],
					[
						103988.764044944,
						1,
						0
					],
					[
						104157.303370787,
						0,
						0
					],
					[
						104325.842696629,
						1,
						0
					],
					[
						104494.382022472,
						3,
						0
					],
					[
						104662.921348315,
						2,
						0
					],
					[
						104831.460674157,
						0,
						0
					],
					[
						105000,
						2,
						0
					]
				],
				"altAnim": false,
				"gfSection": false,
				"bpm": 178,
				"changeBPM": false,
				"mustHitSection": true
			},
			{
				"lengthInSteps": 16,
				"typeOfSection": 0,
				"sectionNotes": [
					[
						105168.539325843,
						0,
						0
					],
					[
						105168.539325843,
						4,
						0
					],
					[
						105505.617977528,
						3,
						0
					],
					[
						105505.617977528,
						7,
						0
					],
					[
						105842.696629214,
						1,
						0
					],
					[
						105842.696629214,
						5,
						0
					],
					[
						106011.235955056,
						6,
						0
					],
					[
						106011.235955056,
						2,
						0
					],
					[
						106179.775280899,
						3,
						0
					],
					[
						106179.775280899,
						7,
						0
					],
					[
						106348.314606742,
						4,
						0
					],
					[
						106348.314606742,
						0,
						0
					]
				],
				"altAnim": false,
				"gfSection": false,
				"bpm": 178,
				"changeBPM": false,
				"mustHitSection": true
			},
			{
				"lengthInSteps": 16,
				"typeOfSection": 0,
				"sectionNotes": [
					[
						106685.393258427,
						4,
						0
					],
					[
						106685.393258427,
						0,
						0
					],
					[
						106853.93258427,
						3,
						0
					],
					[
						106853.93258427,
						7,
						0
					],
					[
						107022.471910113,
						5,
						0
					],
					[
						107022.471910113,
						1,
						0
					],
					[
						107191.011235955,
						0,
						0
					],
					[
						107191.011235955,
						7,
						0
					],
					[
						107359.550561798,
						2,
						0
					],
					[
						107359.550561798,
						6,
						0
					],
					[
						107528.089887641,
						4,
						0
					],
					[
						107528.089887641,
						3,
						0
					],
					[
						107696.629213483,
						0,
						0
					],
					[
						107696.629213483,
						5,
						0
					]
				],
				"altAnim": false,
				"gfSection": false,
				"bpm": 178,
				"changeBPM": false,
				"mustHitSection": true
			},
			{
				"lengthInSteps": 16,
				"typeOfSection": 0,
				"sectionNotes": [
					[
						108033.707865169,
						0,
						0
					],
					[
						108202.247191011,
						3,
						0
					],
					[
						108370.786516854,
						0,
						0
					],
					[
						109044.943820225,
						2,
						168.539325842697
					],
					[
						107865.168539326,
						3,
						0
					],
					[
						108539.325842697,
						3,
						0
					],
					[
						108707.86516854,
						0,
						0
					],
					[
						108792.134831461,
						1,
						0
					],
					[
						108876.404494382,
						2,
						0
					],
					[
						108960.674157304,
						3,
						0
					],
					[
						108033.707865169,
						4,
						0
					],
					[
						108202.247191011,
						7,
						0
					],
					[
						108370.786516854,
						4,
						0
					],
					[
						109044.943820225,
						6,
						168.539325842697
					],
					[
						107865.168539326,
						7,
						0
					],
					[
						108539.325842697,
						7,
						0
					],
					[
						108707.86516854,
						4,
						0
					],
					[
						108792.134831461,
						5,
						0
					],
					[
						108876.404494382,
						6,
						0
					],
					[
						108960.674157304,
						7,
						0
					]
				],
				"altAnim": true,
				"gfSection": false,
				"bpm": 178,
				"changeBPM": false,
				"mustHitSection": false
			},
			{
				"lengthInSteps": 16,
				"typeOfSection": 0,
				"sectionNotes": [
					[
						109213.483146068,
						0,
						0
					],
					[
						109382.02247191,
						2,
						168.539325842697
					],
					[
						109550.561797753,
						0,
						0
					],
					[
						109719.101123596,
						2,
						0
					],
					[
						110393.258426967,
						1,
						0
					],
					[
						109213.483146068,
						4,
						0
					],
					[
						110056.179775281,
						7,
						0
					],
					[
						109382.02247191,
						6,
						168.539325842697
					],
					[
						109550.561797753,
						4,
						0
					],
					[
						109719.101123596,
						6,
						0
					],
					[
						109887.640449438,
						5,
						0
					],
					[
						109887.640449438,
						3,
						0
					],
					[
						110056.179775281,
						0,
						0
					],
					[
						110224.719101124,
						2,
						0
					],
					[
						110224.719101124,
						6,
						0
					],
					[
						110393.258426967,
						4,
						0
					]
				],
				"altAnim": true,
				"gfSection": false,
				"bpm": 178,
				"changeBPM": false,
				"mustHitSection": false
			},
			{
				"lengthInSteps": 16,
				"typeOfSection": 0,
				"sectionNotes": [
					[
						110561.797752809,
						3,
						0
					],
					[
						110730.337078652,
						0,
						0
					],
					[
						110898.876404495,
						3,
						0
					],
					[
						111067.415730337,
						0,
						0
					],
					[
						111404.494382023,
						1,
						0
					],
					[
						111573.033707865,
						3,
						0
					],
					[
						111741.573033708,
						2,
						0
					],
					[
						110814.606741573,
						1,
						0
					],
					[
						111235.95505618,
						2,
						0
					],
					[
						110561.797752809,
						7,
						0
					],
					[
						110730.337078652,
						4,
						0
					],
					[
						110898.876404495,
						7,
						0
					],
					[
						111067.415730337,
						4,
						0
					],
					[
						111404.494382023,
						5,
						0
					],
					[
						111573.033707865,
						7,
						0
					],
					[
						111741.573033708,
						6,
						0
					],
					[
						110814.606741573,
						5,
						0
					],
					[
						111235.95505618,
						6,
						0
					]
				],
				"altAnim": true,
				"gfSection": false,
				"bpm": 178,
				"changeBPM": false,
				"mustHitSection": false
			},
			{
				"lengthInSteps": 16,
				"typeOfSection": 0,
				"sectionNotes": [
					[
						111910.112359551,
						0,
						0
					],
					[
						112247.191011236,
						1,
						0
					],
					[
						112415.730337079,
						1,
						0
					],
					[
						112584.269662922,
						3,
						0
					],
					[
						112752.808988764,
						0,
						0
					],
					[
						112921.348314607,
						0,
						0
					],
					[
						111910.112359551,
						4,
						0
					],
					[
						112247.191011236,
						5,
						0
					],
					[
						112415.730337079,
						5,
						0
					],
					[
						112584.269662922,
						7,
						0
					],
					[
						112752.808988764,
						4,
						0
					],
					[
						112921.348314607,
						4,
						0
					]
				],
				"altAnim": true,
				"gfSection": false,
				"bpm": 178,
				"changeBPM": false,
				"mustHitSection": false
			},
			{
				"lengthInSteps": 16,
				"typeOfSection": 0,
				"sectionNotes": [
					[
						113258.426966292,
						3,
						0
					],
					[
						113426.966292135,
						0,
						0
					],
					[
						113595.505617978,
						3,
						0
					],
					[
						113764.04494382,
						0,
						0
					],
					[
						113932.584269663,
						3,
						0
					],
					[
						114101.123595506,
						0,
						0
					],
					[
						114269.662921349,
						2,
						0
					],
					[
						114438.202247191,
						3,
						0
					],
					[
						113258.426966292,
						7,
						0
					],
					[
						113426.966292135,
						4,
						0
					],
					[
						113595.505617978,
						7,
						0
					],
					[
						113764.04494382,
						4,
						0
					],
					[
						113932.584269663,
						7,
						0
					],
					[
						114101.123595506,
						4,
						0
					],
					[
						114269.662921349,
						6,
						0
					],
					[
						114438.202247191,
						7,
						0
					]
				],
				"altAnim": true,
				"gfSection": false,
				"bpm": 178,
				"changeBPM": false,
				"mustHitSection": false
			},
			{
				"lengthInSteps": 16,
				"typeOfSection": 0,
				"sectionNotes": [
					[
						115617.97752809,
						7,
						0
					],
					[
						115449.438202247,
						6,
						0
					],
					[
						114606.741573034,
						7,
						0
					],
					[
						114775.280898877,
						6,
						0
					],
					[
						114943.820224719,
						5,
						0
					],
					[
						115112.359550562,
						4,
						0
					],
					[
						115280.898876405,
						6,
						0
					],
					[
						115280.898876405,
						1,
						0
					],
					[
						115449.438202247,
						1,
						0
					],
					[
						115617.97752809,
						0,
						0
					],
					[
						115112.359550562,
						3,
						0
					],
					[
						114606.741573034,
						0,
						0
					],
					[
						114775.280898877,
						1,
						0
					],
					[
						114943.820224719,
						2,
						0
					]
				],
				"altAnim": true,
				"gfSection": false,
				"bpm": 178,
				"changeBPM": false,
				"mustHitSection": false
			},
			{
				"lengthInSteps": 16,
				"typeOfSection": 0,
				"sectionNotes": [
					[
						115955.056179775,
						3,
						0
					],
					[
						116123.595505618,
						0,
						0
					],
					[
						116292.134831461,
						3,
						0
					],
					[
						116460.674157304,
						0,
						0
					],
					[
						116797.752808989,
						1,
						0
					],
					[
						116966.292134832,
						3,
						0
					],
					[
						117134.831460674,
						2,
						0
					],
					[
						116629.213483146,
						3,
						0
					],
					[
						115955.056179775,
						7,
						0
					],
					[
						116123.595505618,
						4,
						0
					],
					[
						116292.134831461,
						7,
						0
					],
					[
						116460.674157304,
						4,
						0
					],
					[
						116797.752808989,
						5,
						0
					],
					[
						116966.292134832,
						7,
						0
					],
					[
						117134.831460674,
						6,
						0
					],
					[
						116629.213483146,
						7,
						0
					]
				],
				"altAnim": true,
				"gfSection": false,
				"bpm": 178,
				"changeBPM": false,
				"mustHitSection": false
			},
			{
				"lengthInSteps": 16,
				"typeOfSection": 0,
				"sectionNotes": [
					[
						117640.449438202,
						2,
						0
					],
					[
						117808.988764045,
						2,
						0
					],
					[
						117977.528089888,
						0,
						0
					],
					[
						118146.067415731,
						3,
						0
					],
					[
						118314.606741573,
						3,
						0
					],
					[
						117640.449438202,
						6,
						0
					],
					[
						117808.988764045,
						6,
						0
					],
					[
						117977.528089888,
						4,
						0
					],
					[
						118146.067415731,
						7,
						0
					],
					[
						118314.606741573,
						7,
						0
					],
					[
						117303.370786517,
						1,
						168.539325842697
					],
					[
						117303.370786517,
						5,
						168.539325842697
					]
				],
				"altAnim": true,
				"gfSection": false,
				"bpm": 178,
				"changeBPM": false,
				"mustHitSection": false
			},
			{
				"lengthInSteps": 16,
				"typeOfSection": 0,
				"sectionNotes": [
					[
						118651.685393259,
						3,
						0
					],
					[
						118820.224719101,
						0,
						0
					],
					[
						118988.764044944,
						3,
						0
					],
					[
						119157.303370787,
						0,
						0
					],
					[
						119662.921348315,
						1,
						0
					],
					[
						119831.460674158,
						2,
						0
					]
				],
				"altAnim": true,
				"gfSection": false,
				"bpm": 178,
				"changeBPM": false,
				"mustHitSection": true
			},
			{
				"lengthInSteps": 16,
				"typeOfSection": 0,
				"sectionNotes": [
					[
						120000,
						3,
						0
					],
					[
						120337.078651686,
						1,
						0
					],
					[
						120505.617977528,
						2,
						0
					],
					[
						120674.157303371,
						3,
						0
					],
					[
						120842.696629214,
						0,
						0
					],
					[
						121011.235955056,
						0,
						0
					]
				],
				"altAnim": true,
				"gfSection": false,
				"bpm": 178,
				"changeBPM": false,
				"mustHitSection": true
			},
			{
				"lengthInSteps": 16,
				"typeOfSection": 0,
				"sectionNotes": [
					[
						121348.314606742,
						3,
						0
					],
					[
						121516.853932585,
						0,
						0
					],
					[
						121685.393258427,
						3,
						0
					],
					[
						121853.93258427,
						0,
						0
					],
					[
						122191.011235955,
						1,
						0
					],
					[
						122359.550561798,
						3,
						0
					],
					[
						122528.089887641,
						2,
						0
					]
				],
				"altAnim": true,
				"gfSection": false,
				"bpm": 178,
				"changeBPM": false,
				"mustHitSection": true
			},
			{
				"lengthInSteps": 16,
				"typeOfSection": 0,
				"sectionNotes": [
					[
						122696.629213483,
						0,
						0
					],
					[
						123033.707865169,
						1,
						0
					],
					[
						123202.247191012,
						1,
						0
					],
					[
						123370.786516854,
						3,
						0
					],
					[
						123539.325842697,
						0,
						0
					],
					[
						123707.86516854,
						0,
						0
					]
				],
				"altAnim": true,
				"gfSection": false,
				"bpm": 178,
				"changeBPM": false,
				"mustHitSection": true
			},
			{
				"lengthInSteps": 16,
				"typeOfSection": 0,
				"sectionNotes": [
					[
						124044.943820225,
						3,
						0
					],
					[
						124213.483146068,
						0,
						0
					],
					[
						124382.02247191,
						3,
						0
					],
					[
						124550.561797753,
						0,
						0
					],
					[
						124719.101123596,
						3,
						0
					],
					[
						124887.640449439,
						0,
						0
					],
					[
						125224.719101124,
						2,
						0
					]
				],
				"altAnim": true,
				"gfSection": false,
				"bpm": 178,
				"changeBPM": false,
				"mustHitSection": true
			},
			{
				"lengthInSteps": 16,
				"typeOfSection": 0,
				"sectionNotes": [
					[
						125393.258426967,
						3,
						0
					],
					[
						125730.337078652,
						1,
						0
					],
					[
						125898.876404495,
						2,
						0
					],
					[
						126067.415730337,
						3,
						0
					],
					[
						126235.95505618,
						1,
						0
					],
					[
						126404.494382023,
						0,
						0
					]
				],
				"altAnim": true,
				"gfSection": false,
				"bpm": 178,
				"changeBPM": false,
				"mustHitSection": true
			},
			{
				"lengthInSteps": 16,
				"typeOfSection": 0,
				"sectionNotes": [
					[
						126741.573033708,
						3,
						0
					],
					[
						126910.112359551,
						0,
						0
					],
					[
						127078.651685394,
						3,
						0
					],
					[
						127247.191011236,
						0,
						0
					],
					[
						127415.730337079,
						3,
						0
					],
					[
						127584.269662922,
						1,
						0
					],
					[
						127752.808988764,
						3,
						0
					],
					[
						127921.348314607,
						2,
						0
					]
				],
				"altAnim": true,
				"gfSection": false,
				"bpm": 178,
				"changeBPM": false,
				"mustHitSection": true
			},
			{
				"lengthInSteps": 16,
				"typeOfSection": 0,
				"sectionNotes": [
					[
						128089.88764045,
						0,
						0
					],
					[
						128426.966292135,
						1,
						0
					],
					[
						128595.505617978,
						1,
						0
					],
					[
						128764.044943821,
						3,
						0
					],
					[
						128932.584269663,
						0,
						0
					],
					[
						129101.123595506,
						0,
						0
					]
				],
				"altAnim": true,
				"gfSection": false,
				"bpm": 178,
				"changeBPM": false,
				"mustHitSection": true
			},
			{
				"lengthInSteps": 16,
				"typeOfSection": 0,
				"sectionNotes": [
					[
						129438.202247191,
						0,
						0
					],
					[
						129606.741573034,
						3,
						0
					],
					[
						129775.280898877,
						0,
						0
					],
					[
						129943.820224719,
						3,
						0
					],
					[
						130449.438202248,
						1,
						0
					],
					[
						130617.97752809,
						2,
						0
					],
					[
						129438.202247191,
						2,
						0
					]
				],
				"altAnim": true,
				"gfSection": false,
				"bpm": 178,
				"changeBPM": false,
				"mustHitSection": false
			},
			{
				"lengthInSteps": 16,
				"typeOfSection": 0,
				"sectionNotes": [
					[
						130786.516853933,
						4,
						252.808988764045
					],
					[
						130786.516853933,
						3,
						252.808988764045
					],
					[
						131123.595505618,
						1,
						252.808988764045
					],
					[
						131123.595505618,
						5,
						252.808988764045
					],
					[
						131460.674157304,
						6,
						252.808988764045
					],
					[
						131460.674157304,
						2,
						252.808988764045
					],
					[
						131797.752808989,
						7,
						252.808988764045
					],
					[
						131797.752808989,
						0,
						252.808988764045
					]
				],
				"altAnim": true,
				"gfSection": false,
				"bpm": 178,
				"changeBPM": false,
				"mustHitSection": false
			},
			{
				"lengthInSteps": 16,
				"typeOfSection": 0,
				"sectionNotes": [
					[
						132134.831460674,
						1,
						252.808988764045
					],
					[
						132134.831460674,
						4,
						252.808988764045
					],
					[
						132640.449438203,
						6,
						252.808988764045
					],
					[
						132640.449438203,
						0,
						252.808988764045
					],
					[
						133146.067415731,
						3,
						252.808988764045
					],
					[
						133146.067415731,
						7,
						252.808988764045
					]
				],
				"altAnim": true,
				"gfSection": false,
				"bpm": 178,
				"changeBPM": false,
				"mustHitSection": false
			},
			{
				"lengthInSteps": 16,
				"typeOfSection": 0,
				"sectionNotes": [
					[
						133483.146067416,
						6,
						252.808988764045
					],
					[
						133820.224719101,
						7,
						252.808988764045
					],
					[
						134157.303370787,
						5,
						252.808988764045
					],
					[
						134494.382022472,
						4,
						252.808988764045
					],
					[
						133483.146067416,
						0,
						252.808988764045
					],
					[
						133820.224719101,
						1,
						252.808988764045
					],
					[
						134157.303370787,
						3,
						252.808988764045
					],
					[
						134494.382022472,
						2,
						252.808988764045
					]
				],
				"altAnim": true,
				"gfSection": false,
				"bpm": 178,
				"changeBPM": false,
				"mustHitSection": false
			},
			{
				"lengthInSteps": 16,
				"typeOfSection": 0,
				"sectionNotes": [
					[
						134831.460674158,
						7,
						589.887640449438
					],
					[
						134831.460674158,
						0,
						0
					],
					[
						135000,
						3,
						0
					],
					[
						135168.539325843,
						0,
						0
					],
					[
						135337.078651686,
						3,
						0
					],
					[
						135842.696629214,
						1,
						0
					],
					[
						136011.235955057,
						2,
						0
					]
				],
				"altAnim": true,
				"gfSection": false,
				"bpm": 178,
				"changeBPM": false,
				"mustHitSection": true
			},
			{
				"lengthInSteps": 16,
				"typeOfSection": 0,
				"sectionNotes": [
					[
						136179.775280899,
						4,
						252.808988764045
					],
					[
						136179.775280899,
						3,
						252.808988764045
					],
					[
						136516.853932585,
						1,
						252.808988764045
					],
					[
						136516.853932585,
						5,
						252.808988764045
					],
					[
						136853.93258427,
						6,
						252.808988764045
					],
					[
						136853.93258427,
						2,
						252.808988764045
					],
					[
						137191.011235955,
						0,
						252.808988764045
					],
					[
						137191.011235955,
						7,
						252.808988764045
					]
				],
				"altAnim": true,
				"gfSection": false,
				"bpm": 178,
				"changeBPM": false,
				"mustHitSection": true
			},
			{
				"lengthInSteps": 16,
				"typeOfSection": 0,
				"sectionNotes": [
					[
						137528.089887641,
						4,
						252.808988764045
					],
					[
						137528.089887641,
						1,
						252.808988764045
					],
					[
						138033.707865169,
						6,
						252.808988764045
					],
					[
						138033.707865169,
						0,
						252.808988764045
					],
					[
						138539.325842697,
						3,
						252.808988764045
					],
					[
						138539.325842697,
						7,
						252.808988764045
					]
				],
				"altAnim": true,
				"gfSection": false,
				"bpm": 178,
				"changeBPM": false,
				"mustHitSection": true
			},
			{
				"lengthInSteps": 16,
				"typeOfSection": 0,
				"sectionNotes": [
					[
						138876.404494382,
						6,
						252.808988764045
					],
					[
						138876.404494382,
						0,
						252.808988764045
					],
					[
						139213.483146068,
						1,
						252.808988764045
					],
					[
						139213.483146068,
						7,
						252.808988764045
					],
					[
						139550.561797753,
						5,
						252.808988764045
					],
					[
						139550.561797753,
						3,
						252.808988764045
					],
					[
						139887.640449439,
						2,
						252.808988764045
					],
					[
						139887.640449439,
						4,
						252.808988764045
					]
				],
				"altAnim": true,
				"gfSection": false,
				"bpm": 178,
				"changeBPM": false,
				"mustHitSection": true
			},
			{
				"lengthInSteps": 16,
				"typeOfSection": 0,
				"sectionNotes": [
					[
						140393.258426966,
						3,
						0
					],
					[
						140561.797752809,
						2,
						0
					],
					[
						140730.337078652,
						3,
						0
					],
					[
						140898.876404494,
						0,
						0
					],
					[
						141067.415730337,
						1,
						0
					],
					[
						141235.95505618,
						0,
						0
					],
					[
						141404.494382022,
						3,
						0
					],
					[
						140224.719101124,
						1,
						0
					]
				],
				"altAnim": true,
				"gfSection": false,
				"bpm": 178,
				"changeBPM": false,
				"mustHitSection": false
			},
			{
				"lengthInSteps": 16,
				"typeOfSection": 0,
				"sectionNotes": [
					[
						141573.033707865,
						0,
						0
					],
					[
						141740.774612147,
						1,
						0
					],
					[
						141910.112359551,
						3,
						0
					],
					[
						142078.651685393,
						2,
						0
					],
					[
						142247.191011236,
						1,
						0
					],
					[
						142415.730337079,
						1,
						0
					],
					[
						142584.269662921,
						3,
						0
					],
					[
						142752.808988764,
						2,
						0
					]
				],
				"altAnim": true,
				"gfSection": false,
				"bpm": 178,
				"changeBPM": false,
				"mustHitSection": false
			},
			{
				"lengthInSteps": 16,
				"typeOfSection": 0,
				"sectionNotes": [
					[
						143089.887640449,
						1,
						0
					],
					[
						142921.348314607,
						0,
						0
					],
					[
						143258.426966292,
						3,
						0
					],
					[
						143426.966292135,
						0,
						0
					],
					[
						143595.505617978,
						2,
						0
					],
					[
						143764.04494382,
						2,
						0
					],
					[
						143932.584269663,
						3,
						0
					],
					[
						144101.123595506,
						0,
						0
					]
				],
				"altAnim": true,
				"gfSection": false,
				"bpm": 178,
				"changeBPM": false,
				"mustHitSection": false
			},
			{
				"lengthInSteps": 16,
				"typeOfSection": 0,
				"sectionNotes": [
					[
						144269.662921348,
						1,
						0
					],
					[
						144438.202247191,
						3,
						0
					],
					[
						144606.741573034,
						2,
						0
					],
					[
						144775.280898876,
						3,
						0
					],
					[
						144943.820224719,
						0,
						0
					],
					[
						145112.359550562,
						1,
						0
					],
					[
						145280.898876405,
						3,
						0
					],
					[
						145449.438202247,
						2,
						0
					]
				],
				"altAnim": true,
				"gfSection": false,
				"bpm": 178,
				"changeBPM": false,
				"mustHitSection": false
			},
			{
				"lengthInSteps": 16,
				"typeOfSection": 0,
				"sectionNotes": [
					[
						145617.97752809,
						0,
						0
					],
					[
						145702.247191011,
						1,
						0
					],
					[
						145786.516853933,
						2,
						0
					],
					[
						145870.786516854,
						3,
						0
					],
					[
						145955.056179776,
						2,
						0
					],
					[
						146039.325842697,
						1,
						0
					],
					[
						146123.595505618,
						0,
						0
					],
					[
						146207.86516854,
						1,
						0
					],
					[
						146292.134831461,
						2,
						0
					],
					[
						146460.674157304,
						1,
						0
					],
					[
						146629.213483146,
						0,
						0
					],
					[
						146797.752808989,
						3,
						0
					]
				],
				"altAnim": true,
				"gfSection": false,
				"bpm": 178,
				"changeBPM": false,
				"mustHitSection": true
			},
			{
				"lengthInSteps": 16,
				"typeOfSection": 0,
				"sectionNotes": [
					[
						146966.292134832,
						0,
						0
					],
					[
						147134.831460674,
						1,
						0
					],
					[
						147303.370786517,
						3,
						0
					],
					[
						147471.91011236,
						2,
						0
					],
					[
						147640.449438203,
						1,
						0
					],
					[
						147808.988764045,
						1,
						0
					],
					[
						147977.528089888,
						3,
						0
					],
					[
						148146.067415731,
						2,
						0
					]
				],
				"altAnim": true,
				"gfSection": false,
				"bpm": 178,
				"changeBPM": false,
				"mustHitSection": true
			},
			{
				"lengthInSteps": 16,
				"typeOfSection": 0,
				"sectionNotes": [
					[
						148314.606741573,
						0,
						0
					],
					[
						148483.146067416,
						1,
						0
					],
					[
						148651.685393259,
						3,
						0
					],
					[
						148820.224719101,
						0,
						0
					],
					[
						148988.764044944,
						2,
						0
					],
					[
						149157.303370787,
						2,
						0
					],
					[
						149325.842696629,
						3,
						0
					],
					[
						149494.382022472,
						0,
						0
					]
				],
				"altAnim": true,
				"gfSection": false,
				"bpm": 178,
				"changeBPM": false,
				"mustHitSection": true
			},
			{
				"lengthInSteps": 16,
				"typeOfSection": 0,
				"sectionNotes": [
					[
						149662.921348315,
						1,
						0
					],
					[
						149831.460674158,
						3,
						0
					],
					[
						150000,
						2,
						0
					],
					[
						150168.539325843,
						3,
						0
					],
					[
						150337.078651686,
						0,
						0
					],
					[
						150505.617977528,
						1,
						0
					],
					[
						150674.157303371,
						3,
						0
					],
					[
						150758.426966292,
						0,
						0
					],
					[
						150842.696629214,
						1,
						0
					]
				],
				"altAnim": true,
				"gfSection": false,
				"bpm": 178,
				"changeBPM": false,
				"mustHitSection": true
			},
			{
				"lengthInSteps": 16,
				"typeOfSection": 0,
				"sectionNotes": [
					[
						151011.235955056,
						2,
						0
					],
					[
						151179.775280899,
						3,
						0
					],
					[
						151348.314606742,
						2,
						0
					],
					[
						151516.853932584,
						1,
						0
					],
					[
						151685.393258427,
						0,
						0
					],
					[
						151853.93258427,
						1,
						0
					],
					[
						152022.471910113,
						3,
						0
					],
					[
						152106.741573034,
						2,
						0
					],
					[
						152191.011235955,
						1,
						0
					]
				],
				"altAnim": true,
				"gfSection": false,
				"bpm": 178,
				"changeBPM": false,
				"mustHitSection": true
			},
			{
				"lengthInSteps": 16,
				"typeOfSection": 0,
				"sectionNotes": [
					[
						152359.550561798,
						0,
						0
					],
					[
						152528.089887641,
						3,
						0
					],
					[
						152696.629213483,
						2,
						0
					],
					[
						152865.168539326,
						3,
						0
					],
					[
						153033.707865169,
						0,
						0
					],
					[
						153202.247191011,
						1,
						0
					],
					[
						153370.786516854,
						3,
						0
					],
					[
						153539.325842697,
						2,
						0
					]
				],
				"altAnim": true,
				"gfSection": false,
				"bpm": 178,
				"changeBPM": false,
				"mustHitSection": true
			},
			{
				"lengthInSteps": 16,
				"typeOfSection": 0,
				"sectionNotes": [
					[
						153707.86516854,
						2,
						2106.7415730337
					]
				],
				"altAnim": true,
				"gfSection": false,
				"bpm": 178,
				"changeBPM": false,
				"mustHitSection": true
			},
			{
				"lengthInSteps": 16,
				"typeOfSection": 0,
				"sectionNotes": [],
				"altAnim": true,
				"gfSection": false,
				"bpm": 178,
				"changeBPM": false,
				"mustHitSection": true
			},
			{
				"lengthInSteps": 16,
				"typeOfSection": 0,
				"sectionNotes": [],
				"altAnim": true,
				"gfSection": false,
				"bpm": 178,
				"changeBPM": false,
				"mustHitSection": true
			},
			{
				"lengthInSteps": 16,
				"typeOfSection": 0,
				"sectionNotes": [],
				"altAnim": true,
				"gfSection": false,
				"bpm": 178,
				"changeBPM": false,
				"mustHitSection": true
			},
			{
				"lengthInSteps": 16,
				"typeOfSection": 0,
				"sectionNotes": [],
				"altAnim": false,
				"gfSection": false,
				"bpm": 178,
				"changeBPM": false,
				"mustHitSection": true
			},
			{
				"lengthInSteps": 16,
				"typeOfSection": 0,
				"sectionNotes": [],
				"altAnim": false,
				"gfSection": false,
				"bpm": 178,
				"changeBPM": false,
				"mustHitSection": true
			},
			{
				"lengthInSteps": 16,
				"typeOfSection": 0,
				"sectionNotes": [],
				"altAnim": false,
				"gfSection": false,
				"bpm": 178,
				"changeBPM": false,
				"mustHitSection": true
			},
			{
				"lengthInSteps": 16,
				"typeOfSection": 0,
				"sectionNotes": [],
				"altAnim": false,
				"gfSection": false,
				"bpm": 178,
				"changeBPM": false,
				"mustHitSection": true
			},
			{
				"lengthInSteps": 16,
				"typeOfSection": 0,
				"sectionNotes": [],
				"altAnim": false,
				"gfSection": false,
				"bpm": 178,
				"changeBPM": false,
				"mustHitSection": true
			},
			{
				"sectionNotes": [],
				"typeOfSection": 0,
				"lengthInSteps": 16,
				"gfSection": false,
				"altAnim": false,
				"mustHitSection": true,
				"changeBPM": false,
				"bpm": 178
			},
			{
				"lengthInSteps": 16,
				"typeOfSection": 0,
				"sectionNotes": [],
				"altAnim": false,
				"gfSection": false,
				"bpm": 178,
				"changeBPM": false,
				"mustHitSection": true
			},
			{
				"lengthInSteps": 16,
				"typeOfSection": 0,
				"sectionNotes": [],
				"altAnim": false,
				"gfSection": false,
				"bpm": 178,
				"changeBPM": false,
				"mustHitSection": true
			},
			{
				"lengthInSteps": 16,
				"typeOfSection": 0,
				"sectionNotes": [],
				"altAnim": false,
				"gfSection": false,
				"bpm": 178,
				"changeBPM": false,
				"mustHitSection": true
			},
			{
				"lengthInSteps": 16,
				"typeOfSection": 0,
				"sectionNotes": [],
				"altAnim": false,
				"gfSection": false,
				"bpm": 178,
				"changeBPM": false,
				"mustHitSection": true
			},
			{
				"lengthInSteps": 16,
				"typeOfSection": 0,
				"sectionNotes": [],
				"altAnim": false,
				"gfSection": false,
				"bpm": 178,
				"changeBPM": false,
				"mustHitSection": true
			},
			{
				"lengthInSteps": 16,
				"typeOfSection": 0,
				"sectionNotes": [],
				"altAnim": false,
				"gfSection": false,
				"bpm": 178,
				"changeBPM": false,
				"mustHitSection": true
			},
			{
				"lengthInSteps": 16,
				"typeOfSection": 0,
				"sectionNotes": [],
				"altAnim": false,
				"gfSection": false,
				"bpm": 178,
				"changeBPM": false,
				"mustHitSection": true
			},
			{
				"sectionNotes": [],
				"typeOfSection": 0,
				"lengthInSteps": 16,
				"gfSection": false,
				"altAnim": false,
				"mustHitSection": true,
				"changeBPM": false,
				"bpm": 178
			},
			{
				"lengthInSteps": 16,
				"typeOfSection": 0,
				"sectionNotes": [],
				"altAnim": false,
				"gfSection": false,
				"bpm": 178,
				"changeBPM": false,
				"mustHitSection": true
			},
			{
				"sectionNotes": [],
				"typeOfSection": 0,
				"lengthInSteps": 16,
				"gfSection": false,
				"altAnim": false,
				"mustHitSection": true,
				"changeBPM": false,
				"bpm": 178
			},
			{
				"typeOfSection": 0,
				"sectionNotes": [],
				"sectionBeats": 4,
				"altAnim": false,
				"gfSection": false,
				"bpm": 178,
				"changeBPM": false,
				"mustHitSection": true
			},
			{
				"sectionBeats": 4,
				"sectionNotes": [],
				"typeOfSection": 0,
				"gfSection": false,
				"altAnim": false,
				"mustHitSection": true,
				"changeBPM": false,
				"bpm": 178
			},
			{
				"sectionBeats": 4,
				"sectionNotes": [],
				"typeOfSection": 0,
				"gfSection": false,
				"altAnim": false,
				"mustHitSection": true,
				"changeBPM": false,
				"bpm": 178
			},
			{
				"typeOfSection": 0,
				"sectionNotes": [],
				"sectionBeats": 4,
				"altAnim": false,
				"gfSection": false,
				"bpm": 178,
				"changeBPM": false,
				"mustHitSection": true
			},
			{
				"typeOfSection": 0,
				"sectionNotes": [],
				"sectionBeats": 4,
				"altAnim": false,
				"gfSection": false,
				"bpm": 178,
				"changeBPM": false,
				"mustHitSection": true
			},
			{
				"sectionBeats": 4,
				"sectionNotes": [],
				"typeOfSection": 0,
				"gfSection": false,
				"altAnim": false,
				"mustHitSection": true,
				"changeBPM": false,
				"bpm": 178
			},
			{
				"sectionBeats": 4,
				"sectionNotes": [],
				"typeOfSection": 0,
				"gfSection": false,
				"altAnim": false,
				"mustHitSection": true,
				"changeBPM": false,
				"bpm": 178
			},
			{
				"typeOfSection": 0,
				"sectionNotes": [],
				"sectionBeats": 4,
				"altAnim": false,
				"gfSection": false,
				"bpm": 178,
				"changeBPM": false,
				"mustHitSection": true
			},
			{
				"sectionBeats": 4,
				"sectionNotes": [],
				"typeOfSection": 0,
				"gfSection": false,
				"altAnim": false,
				"mustHitSection": true,
				"changeBPM": false,
				"bpm": 178
			},
			{
				"gfSection": false,
				"altAnim": false,
				"typeOfSection": 0,
				"sectionNotes": [],
				"bpm": 178,
				"sectionBeats": 4,
				"changeBPM": false,
				"mustHitSection": true
			}
		],
		"gfVersion": "no-speakers",
		"player3": null,
		"splashSkin": "NOTE_splashes_quintidiosas",
		"song": "promise-itsuki-mix",
		"stage": "promise-itsuki-betadciu-stage",
		"validScore": true,
		"arrowSkin": "NOTE_assets_quinti",
		"needsVoices": true,
		"speed": 2.7,
		"bpm": 178
	}
}