{"song":{"player1":"fubuki-player","sectionLengths":[],"player2":"miku-mad","notes":[{"typeOfSection":0,"lengthInSteps":16,"sectionNotes":[[875,7,0],[937.5,5,0]],"altAnim":true,"mustHitSection":true},{"typeOfSection":0,"lengthInSteps":16,"sectionNotes":[[1000,2,0],[1062.5,1,0],[1125,2,0],[1187.5,1,0],[1250,0,0],[1312.5,1,0],[1375,3,0],[1500,0,0],[1625,2,0],[1687.5,1,0],[1750,0,0],[1812.5,1,0],[1875,3,0],[1937.5,2,0]],"altAnim":true,"mustHitSection":false},{"typeOfSection":0,"lengthInSteps":16,"sectionNotes":[[2000,0,0],[2125,3,0],[2187.5,1,0],[2250,1,0],[2312.5,1,0],[2375,2,0],[2437.5,0,0],[2562.5,1,0],[2625,1,0],[2687.5,1,0],[2750,1,0],[2812.5,3,0],[2937.5,0,0]],"altAnim":true,"mustHitSection":false},{"typeOfSection":0,"lengthInSteps":16,"sectionNotes":[[3062.5,2,0],[3187.5,0,0],[3250,1,0],[3375,1,0],[3500,2,0],[3562.5,3,0],[3625,0,0],[3687.5,1,0],[3750,0,0],[3812.5,1,0],[3875,3,0],[3937.5,0,0]],"altAnim":true,"mustHitSection":false},{"typeOfSection":0,"lengthInSteps":16,"sectionNotes":[[4000,1,0],[4062.5,0,0],[4125,1,0],[4250,3,0],[4312.5,1,0],[4437.5,2,0],[4500,2,0],[4562.5,0,0],[4625,1,0],[4812.5,1,0],[4875,2,0],[4937.5,1,0]],"altAnim":true,"mustHitSection":false},{"typeOfSection":0,"lengthInSteps":16,"sectionNotes":[[5000,0,0],[5062.5,1,0],[5125,3,0],[5187.5,0,0],[5250,2,0],[5312.5,1,0],[5375,3,0],[5437.5,1,0],[5562.5,0,0],[5625,0,0],[5687.5,1,0],[5812.5,2,0],[5937.5,3,0]],"altAnim":true,"mustHitSection":false},{"typeOfSection":0,"lengthInSteps":16,"sectionNotes":[[6000,0,0],[6125,1,0],[6062.5,3,0],[6187.5,2,0],[6312.5,2,0],[6375,3,0],[6250,3,0],[6687.5,0,0],[6750,1,0],[6437.5,2,62.5],[6562.5,1,0],[6625,0,0],[6812.5,0,125]],"altAnim":true,"mustHitSection":false},{"typeOfSection":0,"lengthInSteps":16,"sectionNotes":[[7000,1,0],[7250,3,0],[7312.5,2,0],[7375,3,0],[7437.5,1,0],[7500,3,0],[7562.5,0,0],[7625,2,0],[7062.5,0,250],[7687.5,0,0],[7750,3,0],[7812.5,1,0],[7875,1,0],[7937.5,2,0]],"altAnim":true,"mustHitSection":false},{"typeOfSection":0,"lengthInSteps":16,"sectionNotes":[[8062.5,0,0],[8187.5,2,0],[8375,3,0],[8500,1,0],[8562.5,1,0],[8625,0,0],[8687.5,1,0],[8812.5,6,0],[8937.5,7,0]],"altAnim":true,"mustHitSection":false},{"typeOfSection":0,"lengthInSteps":16,"sectionNotes":[[9000,1,0],[9062.5,1,0],[9250,1,0],[9562.5,3,0],[9437.5,0,0],[9625,3,0],[9687.5,1,0],[9125,1,0],[9187.5,0,0],[9375,2,0],[9750,3,0],[9812.5,1,0],[9875,4,0]],"altAnim":true,"mustHitSection":true},{"typeOfSection":0,"lengthInSteps":16,"sectionNotes":[[10000,2,0],[10062.5,1,0],[10187.5,1,0],[10250,1,0],[10312.5,2,0],[10500,2,0],[10437.5,1,0],[10562.5,0,0],[10625,2,0],[10687.5,3,0],[10750,7,0],[10812.5,5,0],[10937.5,6,0]],"altAnim":true,"mustHitSection":false},{"typeOfSection":0,"lengthInSteps":16,"sectionNotes":[[11062.5,0,0],[11187.5,3,0],[11250,2,0],[11375,3,0],[11437.5,0,0],[11500,0,0],[11562.5,3,0],[11625,1,0],[11687.5,1,0],[11750,2,0],[11812.5,6,0],[11937.5,4,0]],"altAnim":true,"mustHitSection":true},{"typeOfSection":0,"lengthInSteps":16,"sectionNotes":[[12000,1,0],[12125,2,0],[12187.5,0,0],[12250,0,0],[12312.5,2,0],[12375,1,0],[12437.5,0,0],[12500,3,0],[12562.5,2,0],[12687.5,1,0],[12875,7,0],[12937.5,6,0]],"altAnim":true,"mustHitSection":false},{"typeOfSection":0,"lengthInSteps":16,"sectionNotes":[[13062.5,1,0],[13000,3,0],[13187.5,1,0],[13250,0,0],[13375,2,0],[13437.5,2,0],[13500,0,0],[13562.5,2,0],[13625,2,0],[13687.5,1,0],[13750,3,0],[13875,5,0],[13937.5,5,0]],"altAnim":true,"mustHitSection":true},{"typeOfSection":0,"lengthInSteps":16,"sectionNotes":[[14000,1,0],[14062.5,0,0],[14125,2,0],[14187.5,1,0],[14250,3,0],[14312.5,2,0],[14375,3,0],[14437.5,0,0],[14500,1,0],[14562.5,0,0],[14625,2,0],[14687.5,1,0],[14750,3,0],[14812.5,2,0],[14875,5,125]],"altAnim":true,"mustHitSection":false},{"typeOfSection":0,"lengthInSteps":16,"sectionNotes":[[15125,1,0],[15250,1,0],[15312.5,2,0],[15375,0,0],[15500,3,0],[15562.5,1,0],[15625,3,0],[15687.5,3,0],[15750,0,0],[15812.5,1,0],[15875,5,0],[15937.5,6,0]],"altAnim":true,"mustHitSection":true},{"typeOfSection":0,"lengthInSteps":16,"sectionNotes":[[16000,0,0],[16125,3,0],[16187.5,2,0],[16312.5,1,0],[16375,3,0],[16562.5,2,0],[16437.5,1,62.5],[16625,1,0],[16687.5,3,0],[16750,0,0],[16812.5,1,0],[16875,2,125]],"altAnim":true,"mustHitSection":false},{"typeOfSection":0,"lengthInSteps":16,"sectionNotes":[[17187.5,1,0],[17250,3,343.75]],"mustHitSection":false},{"typeOfSection":0,"lengthInSteps":16,"sectionNotes":[[18375,1,0],[18625,2,0],[18875,0,187.5]],"mustHitSection":false},{"typeOfSection":0,"lengthInSteps":16,"sectionNotes":[[19625,1,250],[19250,1,250]],"mustHitSection":false},{"typeOfSection":0,"lengthInSteps":16,"sectionNotes":[[20562.5,2,0],[20750,1,0],[20875,2,0]],"mustHitSection":false},{"typeOfSection":0,"lengthInSteps":16,"sectionNotes":[[21625,2,0],[21750,1,0],[21875,3,250],[21000,3,0]],"mustHitSection":false},{"typeOfSection":0,"lengthInSteps":16,"sectionNotes":[[22375,2,375],[22812.5,1,0],[22875,2,250]],"mustHitSection":false},{"typeOfSection":0,"lengthInSteps":16,"sectionNotes":[[23250,3,312.5],[23625,1,0],[23875,0,187.5]],"mustHitSection":false},{"typeOfSection":0,"lengthInSteps":16,"sectionNotes":[[24875,3,0]],"mustHitSection":true},{"typeOfSection":0,"lengthInSteps":16,"sectionNotes":[[25125,1,0],[25250,2,375]],"mustHitSection":true},{"typeOfSection":0,"lengthInSteps":16,"sectionNotes":[[26375,1,187.5],[26625,0,125],[26875,3,250]],"mustHitSection":true},{"typeOfSection":0,"lengthInSteps":16,"sectionNotes":[[27250,0,250],[27562.5,2,187.5],[27875,2,187.5]],"mustHitSection":true},{"typeOfSection":0,"lengthInSteps":16,"sectionNotes":[[28375,1,0],[28875,1,0],[28625,0,187.5]],"mustHitSection":true},{"typeOfSection":0,"lengthInSteps":16,"sectionNotes":[[29562.5,2,0],[29750,1,0],[29875,0,156.25]],"mustHitSection":true},{"typeOfSection":0,"lengthInSteps":16,"sectionNotes":[[30375,2,375],[30875,1,375],[30875,5,375]],"mustHitSection":true},{"typeOfSection":0,"lengthInSteps":16,"sectionNotes":[[31375,6,375],[31375,2,375],[31875,0,406.25],[31875,7,406.25]],"mustHitSection":true},{"lengthInSteps":16,"sectionNotes":[[32375,1,375],[32375,5,375]],"typeOfSection":0,"mustHitSection":false,"changeBPM":false,"bpm":100},{"lengthInSteps":16,"sectionNotes":[[33125,2,0],[33375,1,0],[33625,2,0],[33750,3,0]],"typeOfSection":0,"altAnim":false,"mustHitSection":false,"changeBPM":false,"bpm":100},{"sectionNotes":[[34000,0,0],[34250,2,0],[34437.5,1,218.75]],"typeOfSection":0,"lengthInSteps":16,"altAnim":false,"mustHitSection":false,"changeBPM":false,"bpm":100},{"sectionNotes":[[35125,1,0],[35437.5,1,0],[35562.5,3,0],[35750,2,0]],"typeOfSection":0,"lengthInSteps":16,"altAnim":false,"mustHitSection":false,"changeBPM":false,"bpm":240},{"sectionNotes":[[36000,1,0],[36250,2,0],[36500,3,187.5]],"typeOfSection":0,"lengthInSteps":16,"altAnim":false,"mustHitSection":false,"changeBPM":false,"bpm":240},{"sectionNotes":[[37375,1,0],[37187.5,0,0],[37562.5,3,0],[37750,2,0]],"typeOfSection":0,"lengthInSteps":16,"altAnim":false,"mustHitSection":false,"changeBPM":false,"bpm":240},{"sectionNotes":[[38437.5,2,0],[38625,1,0],[38875,3,187.5],[38000,0,0]],"typeOfSection":0,"lengthInSteps":16,"altAnim":false,"mustHitSection":false,"changeBPM":false,"bpm":240},{"sectionNotes":[[39875,1,62.5],[39375,1,281.25]],"typeOfSection":0,"lengthInSteps":16,"altAnim":false,"mustHitSection":false,"changeBPM":false,"bpm":240},{"sectionNotes":[[40375,0,312.5],[40937.5,5,0]],"typeOfSection":0,"lengthInSteps":16,"altAnim":false,"mustHitSection":false,"changeBPM":false,"bpm":240},{"sectionNotes":[[41250,2,312.5],[41625,3,250],[41937.5,1,187.5]],"typeOfSection":0,"lengthInSteps":16,"altAnim":false,"mustHitSection":true,"changeBPM":false,"bpm":240},{"sectionNotes":[[42375,2,0],[42625,1,0],[42875,3,125]],"typeOfSection":0,"lengthInSteps":16,"altAnim":false,"mustHitSection":true,"changeBPM":false,"bpm":240},{"sectionNotes":[[43250,1,250],[43562.5,1,312.5]],"typeOfSection":0,"lengthInSteps":16,"altAnim":false,"mustHitSection":true,"changeBPM":false,"bpm":240},{"sectionNotes":[[44125,3,0],[44375,0,0],[44625,3,0],[44937.5,6,0]],"typeOfSection":0,"lengthInSteps":16,"altAnim":false,"mustHitSection":true,"changeBPM":false,"bpm":240},{"sectionNotes":[[45125,1,0],[45312.5,0,0],[45500,2,0],[45750,3,0]],"typeOfSection":0,"lengthInSteps":16,"altAnim":false,"mustHitSection":false,"changeBPM":false,"bpm":240},{"sectionNotes":[[46000,1,0],[46250,0,187.5],[46500,1,0],[46562.5,2,0],[46625,1,0],[46687.5,2,62.5],[46812.5,0,0],[46875,1,0],[46937.5,3,0]],"typeOfSection":0,"lengthInSteps":16,"altAnim":false,"mustHitSection":false,"changeBPM":false,"bpm":240},{"sectionNotes":[[47375,0,0],[47000,2,937.5],[47437.5,3,0],[47562.5,3,0],[47500,0,0],[47937.5,0,0],[47125,1,437.5],[47625,1,312.5],[47687.5,3,0],[47812.5,3,0],[47875,0,0],[47625,0,0]],"typeOfSection":0,"lengthInSteps":16,"altAnim":true,"mustHitSection":false,"changeBPM":false,"bpm":240},{"sectionNotes":[[48000,6,0],[48062.5,5,0],[48125,4,0],[48187.5,7,0],[48250,5,0],[48250,1,0],[48437.5,4,0],[48437.5,0,0],[48625,7,0],[48625,3,0],[48937.5,2,250],[48937.5,6,250]],"typeOfSection":0,"lengthInSteps":16,"altAnim":false,"mustHitSection":true,"changeBPM":false,"bpm":240},{"sectionNotes":[[49250,1,250],[49625,3,0],[49750,2,0],[49875,1,187.5],[49250,5,250],[49625,4,0],[49750,6,0],[49875,5,187.5]],"typeOfSection":0,"lengthInSteps":16,"altAnim":false,"mustHitSection":true,"changeBPM":false,"bpm":240},{"sectionNotes":[[50187.5,1,0],[50437.5,2,0],[50687.5,5,0],[50937.5,6,250],[50687.5,1,0],[50812.5,0,0],[50812.5,7,0],[50937.5,2,250],[50187.5,5,0],[50437.5,6,0]],"typeOfSection":0,"lengthInSteps":16,"altAnim":false,"mustHitSection":true,"changeBPM":false,"bpm":240},{"sectionNotes":[[51250,2,187.5],[51500,3,0],[51625,3,0],[51875,1,0],[51250,6,187.5],[51500,7,0],[51625,7,0],[51875,5,0]],"typeOfSection":0,"lengthInSteps":16,"altAnim":false,"mustHitSection":false,"changeBPM":false,"bpm":240},{"sectionNotes":[[52125,5,0],[52437.5,1,0],[52625,2,0],[52875,1,0],[52125,1,0],[52437.5,5,0],[52625,6,0],[52875,5,0]],"typeOfSection":0,"lengthInSteps":16,"altAnim":false,"mustHitSection":true,"changeBPM":false,"bpm":240},{"sectionNotes":[[53437.5,1,0],[53875,2,312.5],[53437.5,5,0],[53875,6,312.5],[53625,3,0],[53625,4,0]],"typeOfSection":0,"lengthInSteps":16,"altAnim":false,"mustHitSection":true,"changeBPM":false,"bpm":240},{"sectionNotes":[[54312.5,0,250],[54625,3,0],[54875,1,0],[54312.5,7,250],[54625,4,0],[54875,5,0]],"typeOfSection":0,"lengthInSteps":16,"altAnim":false,"mustHitSection":true,"changeBPM":false,"bpm":240},{"sectionNotes":[[55187.5,1,0],[55375,3,0],[55625,2,0],[55750,1,0],[55187.5,5,0],[55375,7,0],[55625,6,0],[55750,5,0]],"typeOfSection":0,"lengthInSteps":16,"altAnim":false,"mustHitSection":true,"changeBPM":false,"bpm":240},{"sectionNotes":[[56187.5,2,0],[56375,1,0],[56875,1,187.5],[56187.5,6,0],[56375,5,0],[56875,5,187.5],[56625,3,0],[56625,4,0]],"typeOfSection":0,"lengthInSteps":16,"altAnim":false,"mustHitSection":false,"changeBPM":false,"bpm":240},{"sectionNotes":[[57625,7,0],[57750,4,0],[57812.5,5,0],[57937.5,6,0],[57312.5,2,218.75],[57312.5,6,218.75],[57625,0,0],[57750,3,0],[57812.5,1,0],[57937.5,2,0]],"typeOfSection":0,"lengthInSteps":16,"altAnim":false,"mustHitSection":false,"changeBPM":false,"bpm":240},{"sectionNotes":[[58187.5,5,0],[58375,4,0],[58625,2,0],[58750,2,0],[58875,0,0],[58187.5,1,0],[58375,3,0],[58625,6,0],[58750,6,0],[58875,7,0]],"typeOfSection":0,"lengthInSteps":16,"altAnim":false,"mustHitSection":false,"changeBPM":false,"bpm":240},{"sectionNotes":[[59125,1,0],[59500,0,0],[59625,1,187.5],[59937.5,1,0],[59125,5,0],[59312.5,7,0],[59312.5,0,0],[59500,7,0],[59625,5,187.5],[59937.5,5,0]],"typeOfSection":0,"lengthInSteps":16,"altAnim":false,"mustHitSection":false,"changeBPM":false,"bpm":240},{"sectionNotes":[[60125,3,0],[60437.5,6,0],[60875,5,0],[60125,4,0],[60437.5,2,0],[60625,3,0],[60625,4,0],[60875,1,0]],"typeOfSection":0,"lengthInSteps":16,"altAnim":false,"mustHitSection":true,"changeBPM":false,"bpm":240},{"sectionNotes":[[61375,2,0],[61625,0,0],[61875,1,250],[61375,6,0],[61625,7,0],[61875,5,250]],"typeOfSection":0,"lengthInSteps":16,"altAnim":false,"mustHitSection":true,"changeBPM":false,"bpm":240},{"sectionNotes":[[62250,1,0],[62625,0,0],[62875,3,0],[62250,5,0],[62625,7,0],[62875,4,0]],"typeOfSection":0,"lengthInSteps":16,"altAnim":false,"mustHitSection":true,"changeBPM":false,"bpm":240},{"sectionNotes":[[63125,1,0],[63375,2,0],[63687.5,2,0],[63750,0,187.5],[63125,5,0],[63375,6,0],[63687.5,6,0],[63750,7,187.5]],"typeOfSection":0,"lengthInSteps":16,"altAnim":false,"mustHitSection":true,"changeBPM":false,"bpm":240},{"sectionNotes":[[64375,1,0],[64625,2,0],[64875,5,0],[64937.5,4,0],[64125,2,0],[64125,6,0],[64375,5,0],[64625,6,0]],"typeOfSection":0,"lengthInSteps":16,"altAnim":true,"mustHitSection":true,"changeBPM":false,"bpm":240},{"sectionNotes":[[65000,2,0],[65125,1,0],[65187.5,2,0],[65250,3,0],[65437.5,1,0],[65375,0,0],[65500,0,0],[65562.5,3,0],[65625,0,0],[65687.5,2,0],[65750,1,0],[65812.5,0,0],[65875,1,0]],"typeOfSection":0,"lengthInSteps":16,"altAnim":true,"mustHitSection":false,"changeBPM":false,"bpm":240},{"sectionNotes":[[66250,1,0],[66312.5,1,0],[66375,2,0],[66562.5,1,0],[66625,1,0],[66687.5,2,0],[66812.5,1,0],[66750,2,0],[66125,3,0],[66000,0,0],[66437.5,0,0],[66937.5,3,0]],"typeOfSection":0,"lengthInSteps":16,"altAnim":false,"mustHitSection":true,"changeBPM":false,"bpm":240},{"sectionNotes":[[67125,0,0],[67187.5,2,0],[67250,3,0],[67312.5,1,0],[67500,2,0],[67562.5,0,0],[67625,1,0],[67750,1,0],[67687.5,1,0],[67812.5,1,0],[67875,3,0],[67937.5,2,0]],"typeOfSection":0,"lengthInSteps":16,"altAnim":true,"mustHitSection":false,"changeBPM":false,"bpm":240},{"sectionNotes":[[68000,2,0],[68062.5,1,0],[68250,1,0],[68312.5,3,0],[68375,2,0],[68437.5,1,62.5],[68562.5,2,0],[68625,0,0],[68687.5,1,0],[68750,2,0],[68812.5,1,0],[68937.5,2,0]],"typeOfSection":0,"lengthInSteps":16,"altAnim":false,"mustHitSection":true,"changeBPM":false,"bpm":240},{"sectionNotes":[[69000,1,0],[69062.5,0,0],[69187.5,1,0],[69312.5,2,0],[69250,0,0],[69437.5,3,0],[69500,1,0],[69625,1,0],[69687.5,2,0],[69812.5,1,0],[69937.5,2,0]],"typeOfSection":0,"lengthInSteps":16,"altAnim":true,"mustHitSection":false,"changeBPM":false,"bpm":240},{"sectionNotes":[[70000,1,0],[70125,0,0],[70250,1,0],[70312.5,2,0],[70187.5,0,0],[70437.5,2,0],[70375,2,0],[70500,2,0],[70625,1,0],[70750,1,0],[70687.5,3,0],[70875,3,125]],"typeOfSection":0,"lengthInSteps":16,"altAnim":false,"mustHitSection":true,"changeBPM":false,"bpm":240},{"sectionNotes":[[71062.5,1,0],[71125,2,0],[71250,1,0],[71312.5,0,0],[71437.5,3,0],[71500,2,0],[71562.5,1,0],[71625,0,0],[71687.5,1,0],[71750,2,0],[71812.5,3,0],[71875,2,0],[71937.5,1,0]],"typeOfSection":0,"lengthInSteps":16,"altAnim":true,"mustHitSection":false,"changeBPM":false,"bpm":240},{"sectionNotes":[[72000,0,0],[72062.5,2,0],[72250,2,0],[72125,1,0],[72187.5,0,0],[72375,3,0],[72437.5,0,0],[72500,1,0],[72625,2,0],[72812.5,1,0],[72687.5,0,0],[72750,3,0],[72937.5,4,0],[72937.5,0,0]],"typeOfSection":0,"lengthInSteps":16,"altAnim":true,"mustHitSection":true,"changeBPM":false,"bpm":240},{"sectionNotes":[[73000,2,0],[73000,6,0],[73062.5,4,0],[73062.5,0,0],[73125,1,0],[73125,5,0],[73250,1,0],[73250,5,0],[73312.5,4,0],[73312.5,0,0],[73375,7,0],[73375,3,0],[73437.5,5,0],[73437.5,1,0],[73500,1,0],[73500,5,0],[73562.5,5,0],[73562.5,1,0],[73625,2,0],[73625,6,0],[73812.5,5,0],[73812.5,1,0],[73875,2,0],[73875,6,0],[73937.5,6,0],[73937.5,2,0]],"typeOfSection":0,"lengthInSteps":16,"altAnim":true,"mustHitSection":true,"changeBPM":false,"bpm":240},{"sectionNotes":[[74000,0,0],[74000,4,0],[74125,0,0],[74125,4,0],[74187.5,3,0],[74187.5,7,0],[74437.5,5,0],[74437.5,1,0],[74500,1,0],[74500,5,0],[74562.5,2,0],[74562.5,6,0],[74687.5,7,0],[74687.5,3,0],[74812.5,5,0],[74812.5,1,0],[74937.5,0,0],[74937.5,4,0]],"typeOfSection":0,"lengthInSteps":16,"altAnim":true,"mustHitSection":true,"changeBPM":false,"bpm":240},{"sectionNotes":[[75062.5,6,0],[75062.5,2,0],[75000,1,0],[75000,5,0],[75187.5,5,0],[75187.5,1,0],[75250,6,0],[75312.5,6,0],[75312.5,2,0],[75250,2,0],[75375,2,0],[75375,6,0],[75437.5,4,0],[75437.5,0,0],[75625,4,0],[75625,0,0],[75750,5,0],[75750,1,0],[75812.5,7,0],[75812.5,3,0],[75875,6,0],[75875,2,0],[75937.5,4,0],[75937.5,0,0]],"typeOfSection":0,"lengthInSteps":16,"altAnim":true,"mustHitSection":true,"changeBPM":false,"bpm":240},{"sectionNotes":[[76000,1,0],[76000,5,0],[76125,2,0],[76125,6,0],[76312.5,0,0],[76375,3,0],[76375,7,0],[76312.5,4,0],[76437.5,6,0],[76437.5,2,0],[76562.5,5,0],[76562.5,1,0],[76687.5,6,0],[76687.5,2,0],[76812.5,4,0],[76812.5,0,0],[76937.5,5,0],[76937.5,1,0]],"typeOfSection":0,"lengthInSteps":16,"altAnim":true,"mustHitSection":true,"changeBPM":false,"bpm":240},{"sectionNotes":[[77000,0,0],[77000,7,0],[77062.5,5,0],[77062.5,1,0],[77125,7,0],[77125,0,0],[77187.5,2,0],[77187.5,6,0],[77312.5,6,0],[77312.5,2,0],[77375,5,0],[77375,1,0],[77437.5,2,0],[77437.5,6,0],[77500,0,0],[77562.5,5,0],[77562.5,1,0],[77625,2,0],[77687.5,2,0],[77625,6,0],[77687.5,6,0],[77812.5,5,0],[77812.5,1,0],[77500,7,0],[77750,4,0],[77750,3,0],[77875,0,0],[77875,7,0],[77937.5,6,0],[77937.5,2,0]],"typeOfSection":0,"lengthInSteps":16,"altAnim":true,"mustHitSection":false,"changeBPM":false,"bpm":240},{"sectionNotes":[[78000,0,0],[78000,7,0],[78062.5,5,0],[78062.5,1,0],[78125,2,0],[78125,6,0],[78250,5,0],[78250,1,0],[78312.5,0,0],[78312.5,7,0],[78375,6,0],[78375,2,0],[78500,1,0],[78500,5,0],[78562.5,6,0],[78562.5,2,0],[78625,5,0],[78625,1,0],[78750,3,0],[78812.5,4,0],[78750,4,0],[78875,4,0],[78812.5,3,0],[78875,3,0],[78937.5,3,0],[78937.5,4,0]],"typeOfSection":0,"lengthInSteps":16,"altAnim":true,"mustHitSection":false,"changeBPM":false,"bpm":240},{"sectionNotes":[[79000,6,0],[79000,2,0],[79187.5,5,0],[79187.5,1,0],[79312.5,6,0],[79312.5,2,0],[79375,3,0],[79375,4,0],[79062.5,0,0],[79062.5,7,0],[79500,7,0],[79500,0,0],[79562.5,1,0],[79562.5,5,0],[79750,7,0],[79750,0,0],[79812.5,6,0],[79812.5,2,0],[79875,1,0],[79875,5,0],[79937.5,6,0],[79937.5,2,0]],"typeOfSection":0,"lengthInSteps":16,"altAnim":true,"mustHitSection":false,"changeBPM":false,"bpm":240},{"sectionNotes":[[80000,5,0],[80062.5,6,0],[80000,1,0],[80062.5,2,0],[80250,1,0],[80250,5,0],[80125,3,0],[80125,4,0],[80187.5,0,0],[80187.5,7,0],[80562.5,5,0],[80562.5,1,0],[80375,4,0],[80375,3,0],[80687.5,0,0],[80687.5,7,0],[80875,2,0],[80937.5,0,0],[80937.5,7,0],[80875,6,0]],"typeOfSection":0,"lengthInSteps":16,"altAnim":true,"mustHitSection":false,"changeBPM":false,"bpm":240},{"sectionNotes":[[81000,1,0],[81000,5,0]],"typeOfSection":0,"lengthInSteps":16,"altAnim":false,"mustHitSection":true,"changeBPM":false,"bpm":240},{"sectionNotes":[],"typeOfSection":0,"lengthInSteps":16,"altAnim":false,"mustHitSection":false,"changeBPM":false,"bpm":240},{"sectionNotes":[],"typeOfSection":0,"lengthInSteps":16,"altAnim":false,"mustHitSection":true,"changeBPM":false,"bpm":240},{"sectionNotes":[],"typeOfSection":0,"lengthInSteps":16,"altAnim":false,"mustHitSection":false,"changeBPM":false,"bpm":240},{"sectionNotes":[],"typeOfSection":0,"lengthInSteps":16,"altAnim":false,"mustHitSection":true,"changeBPM":false,"bpm":240},{"sectionNotes":[],"typeOfSection":0,"lengthInSteps":16,"altAnim":false,"mustHitSection":false,"changeBPM":false,"bpm":240},{"sectionNotes":[],"typeOfSection":0,"lengthInSteps":16,"altAnim":false,"mustHitSection":true,"changeBPM":false,"bpm":240},{"sectionNotes":[],"typeOfSection":0,"lengthInSteps":16,"altAnim":false,"mustHitSection":false,"changeBPM":false,"bpm":240},{"sectionNotes":[],"typeOfSection":0,"lengthInSteps":16,"altAnim":false,"mustHitSection":false,"changeBPM":false,"bpm":240},{"sectionNotes":[[90375,2,0],[90562.5,0,0],[90687.5,2,0],[90875,1,0]],"typeOfSection":0,"lengthInSteps":16,"altAnim":false,"mustHitSection":false,"changeBPM":false,"bpm":240},{"sectionNotes":[],"typeOfSection":0,"lengthInSteps":16,"altAnim":false,"mustHitSection":true,"changeBPM":false,"bpm":240},{"sectionNotes":[[92625,1,0],[92687.5,0,0],[92750,2,0]],"typeOfSection":0,"lengthInSteps":16,"altAnim":false,"mustHitSection":false,"changeBPM":false,"bpm":240},{"sectionNotes":[],"typeOfSection":0,"lengthInSteps":16,"altAnim":false,"mustHitSection":true,"changeBPM":false,"bpm":240},{"sectionNotes":[[94125,2,0],[94187.5,1,0],[94312.5,3,0],[94437.5,2,0]],"typeOfSection":0,"lengthInSteps":16,"altAnim":false,"mustHitSection":false,"changeBPM":false,"bpm":240},{"sectionNotes":[],"typeOfSection":0,"lengthInSteps":16,"altAnim":false,"mustHitSection":true,"changeBPM":false,"bpm":240},{"sectionNotes":[],"typeOfSection":0,"lengthInSteps":16,"altAnim":false,"mustHitSection":false,"changeBPM":false,"bpm":240},{"sectionNotes":[],"typeOfSection":0,"lengthInSteps":16,"altAnim":false,"mustHitSection":true,"changeBPM":false,"bpm":240},{"sectionNotes":[],"typeOfSection":0,"lengthInSteps":16,"altAnim":false,"mustHitSection":true,"changeBPM":false,"bpm":240},{"sectionNotes":[],"typeOfSection":0,"lengthInSteps":16,"altAnim":false,"mustHitSection":true,"changeBPM":false,"bpm":240},{"sectionNotes":[],"typeOfSection":0,"lengthInSteps":16,"altAnim":false,"mustHitSection":true,"changeBPM":false,"bpm":240},{"sectionNotes":[],"typeOfSection":0,"lengthInSteps":16,"altAnim":false,"mustHitSection":true,"changeBPM":false,"bpm":240},{"sectionNotes":[],"typeOfSection":0,"lengthInSteps":16,"altAnim":false,"mustHitSection":true,"changeBPM":false,"bpm":240},{"sectionNotes":[],"typeOfSection":0,"lengthInSteps":16,"altAnim":false,"mustHitSection":true,"changeBPM":false,"bpm":240},{"sectionNotes":[],"typeOfSection":0,"lengthInSteps":16,"altAnim":false,"mustHitSection":true,"changeBPM":false,"bpm":240},{"sectionNotes":[],"typeOfSection":0,"lengthInSteps":16,"altAnim":false,"mustHitSection":true,"changeBPM":false,"bpm":240},{"sectionNotes":[],"typeOfSection":0,"lengthInSteps":16,"altAnim":false,"mustHitSection":false,"changeBPM":false,"bpm":240},{"sectionNotes":[],"typeOfSection":0,"lengthInSteps":16,"altAnim":false,"mustHitSection":false,"changeBPM":false,"bpm":240},{"sectionNotes":[],"typeOfSection":0,"lengthInSteps":16,"altAnim":false,"mustHitSection":true,"changeBPM":false,"bpm":240},{"sectionNotes":[],"typeOfSection":0,"lengthInSteps":16,"altAnim":false,"mustHitSection":true,"changeBPM":false,"bpm":240},{"sectionNotes":[],"typeOfSection":0,"lengthInSteps":16,"altAnim":false,"mustHitSection":true,"changeBPM":false,"bpm":240},{"sectionNotes":[],"typeOfSection":0,"lengthInSteps":16,"altAnim":false,"mustHitSection":true,"changeBPM":false,"bpm":240},{"lengthInSteps":16,"typeOfSection":0,"sectionNotes":[],"altAnim":false,"bpm":240,"changeBPM":false,"mustHitSection":true},{"sectionNotes":[],"typeOfSection":0,"lengthInSteps":16,"altAnim":false,"mustHitSection":true,"changeBPM":false,"bpm":240},{"sectionNotes":[],"typeOfSection":0,"lengthInSteps":16,"altAnim":false,"mustHitSection":true,"changeBPM":false,"bpm":240},{"lengthInSteps":16,"typeOfSection":0,"sectionNotes":[],"altAnim":false,"bpm":240,"changeBPM":false,"mustHitSection":true},{"sectionNotes":[],"typeOfSection":0,"lengthInSteps":16,"altAnim":false,"mustHitSection":true,"changeBPM":false,"bpm":240},{"lengthInSteps":16,"typeOfSection":0,"sectionNotes":[],"altAnim":false,"bpm":240,"changeBPM":false,"mustHitSection":true},{"sectionNotes":[],"typeOfSection":0,"lengthInSteps":16,"altAnim":false,"mustHitSection":true,"changeBPM":false,"bpm":240},{"sectionNotes":[],"typeOfSection":0,"lengthInSteps":16,"altAnim":false,"mustHitSection":true,"changeBPM":false,"bpm":240},{"lengthInSteps":16,"typeOfSection":0,"sectionNotes":[],"altAnim":false,"bpm":240,"changeBPM":false,"mustHitSection":true},{"sectionNotes":[],"typeOfSection":0,"lengthInSteps":16,"altAnim":false,"mustHitSection":true,"changeBPM":false,"bpm":240},{"lengthInSteps":16,"altAnim":false,"typeOfSection":0,"sectionNotes":[],"bpm":240,"changeBPM":false,"mustHitSection":true}],"song":"Disappearance","validScore":true,"sections":0,"needsVoices":true,"bpm":240,"speed":2.5}}