{
	"song": {
		"player1": "bf",
		"gfVersion": "gf",
		"notes": [
			{
				"sectionNotes": [],
				"lengthInSteps": 16,
				"mustHitSection": false
			},
			{
				"sectionNotes": [],
				"lengthInSteps": 16,
				"mustHitSection": false
			},
			{
				"sectionNotes": [],
				"lengthInSteps": 16,
				"mustHitSection": true
			},
			{
				"sectionNotes": [],
				"lengthInSteps": 16,
				"mustHitSection": true
			},
			{
				"altAnim": false,
				"sectionNotes": [],
				"lengthInSteps": 16,
				"mustHitSection": false
			},
			{
				"altAnim": false,
				"sectionNotes": [],
				"lengthInSteps": 16,
				"mustHitSection": false
			},
			{
				"altAnim": false,
				"sectionNotes": [],
				"lengthInSteps": 16,
				"mustHitSection": true
			},
			{
				"sectionNotes": [
					[
						13548.3870967742,
						3,
						362.903225806452
					],
					[
						14032.2580645161,
						1,
						362.903225806452
					],
					[
						14516.1290322581,
						0,
						241.935483870968
					],
					[
						15120.9677419355,
						3,
						0
					],
					[
						15241.935483871,
						0,
						0
					],
					[
						15000,
						3,
						0
					],
					[
						15120.9677419355,
						2,
						0
					],
					[
						13548.3870967742,
						-1,
						"Image Event",
						"3_mori",
						"1"
					],
					[
						13553.4274193548,
						-1,
						"Image Event",
						"overlayBlackMori",
						"1"
					],
					[
						14032.2580645161,
						-1,
						"Image Event",
						"2_mori",
						"1"
					],
					[
						14037.2983870968,
						-1,
						"Image Event",
						"overlayWhiteMori",
						"1"
					],
					[
						14516.1290322581,
						-1,
						"Image Event",
						"1_mori",
						"1"
					],
					[
						14521.1693548387,
						-1,
						"Image Event",
						"overlayPinkMori",
						"1"
					],
					[
						15000,
						-1,
						"Image Event",
						"swing_it",
						"1"
					]
				],
				"lengthInSteps": 16,
				"mustHitSection": false
			},
			{
				"sectionNotes": [
					[
						15483.8709677419,
						1,
						120.967741935484
					],
					[
						15725.8064516129,
						2,
						120.967741935484
					],
					[
						15967.7419354839,
						1,
						0
					],
					[
						16209.6774193548,
						0,
						0
					],
					[
						16451.6129032258,
						3,
						241.935483870968
					],
					[
						16814.5161290323,
						2,
						120.967741935484
					],
					[
						17056.4516129032,
						3,
						0
					],
					[
						17177.4193548387,
						0,
						0
					]
				],
				"lengthInSteps": 16,
				"mustHitSection": false
			},
			{
				"sectionNotes": [
					[
						17419.3548387097,
						1,
						0
					],
					[
						17661.2903225806,
						0,
						0
					],
					[
						17903.2258064516,
						2,
						0
					],
					[
						18145.1612903226,
						0,
						0
					],
					[
						18024.1935483871,
						1,
						0
					],
					[
						18387.0967741935,
						1,
						0
					],
					[
						18508.064516129,
						0,
						0
					],
					[
						18629.0322580645,
						3,
						0
					],
					[
						18750,
						2,
						362.903225806452
					],
					[
						19233.8709677419,
						0,
						0
					]
				],
				"lengthInSteps": 16,
				"mustHitSection": false
			},
			{
				"sectionNotes": [
					[
						19354.8387096774,
						2,
						0
					],
					[
						19596.7741935484,
						1,
						0
					],
					[
						19596.7741935484,
						0,
						0
					],
					[
						19838.7096774194,
						1,
						0
					],
					[
						19838.7096774194,
						2,
						0
					],
					[
						20080.6451612903,
						1,
						0
					],
					[
						20080.6451612903,
						0,
						0
					],
					[
						19838.7096774194,
						2,
						0
					],
					[
						20322.5806451613,
						2,
						0
					],
					[
						20322.5806451613,
						3,
						241.935483870968
					],
					[
						20685.4838709677,
						1,
						241.935483870968
					]
				],
				"lengthInSteps": 16,
				"mustHitSection": true
			},
			{
				"sectionNotes": [
					[
						21290.3225806452,
						0,
						0
					],
					[
						21411.2903225806,
						1,
						0
					],
					[
						21532.2580645161,
						2,
						0
					],
					[
						21653.2258064516,
						1,
						0
					],
					[
						21653.2258064516,
						0,
						120.967741935484
					],
					[
						21895.1612903226,
						1,
						120.967741935484
					],
					[
						21895.1612903226,
						3,
						0
					],
					[
						22137.0967741935,
						2,
						0
					],
					[
						22137.0967741935,
						0,
						0
					],
					[
						22379.0322580645,
						2,
						362.903225806452
					],
					[
						22379.0322580645,
						3,
						0
					],
					[
						23104.8387096774,
						4,
						0
					],
					[
						22926.4112903226,
						4,
						0
					]
				],
				"lengthInSteps": 16,
				"mustHitSection": true
			},
			{
				"sectionNotes": [
					[
						23346.7741935484,
						0,
						0
					],
					[
						23467.7419354839,
						3,
						0
					],
					[
						23588.7096774194,
						1,
						0
					],
					[
						23709.6774193548,
						0,
						241.935483870968
					],
					[
						24072.5806451613,
						3,
						0
					],
					[
						24314.5161290323,
						2,
						0
					],
					[
						24798.3870967742,
						3,
						0
					],
					[
						24919.3548387097,
						0,
						0
					]
				],
				"lengthInSteps": 16,
				"mustHitSection": false
			},
			{
				"sectionNotes": [
					[
						25161.2903225806,
						1,
						0
					],
					[
						25161.2903225806,
						5,
						0
					],
					[
						25645.1612903226,
						5,
						120.967741935484
					],
					[
						25645.1612903226,
						1,
						120.967741935484
					],
					[
						26008.064516129,
						2,
						0
					],
					[
						26008.064516129,
						6,
						0
					],
					[
						26129.0322580645,
						7,
						120.967741935484
					],
					[
						26129.0322580645,
						0,
						120.967741935484
					],
					[
						26370.9677419355,
						3,
						0
					],
					[
						26370.9677419355,
						4,
						0
					],
					[
						26491.935483871,
						7,
						120.967741935484
					],
					[
						26491.935483871,
						0,
						120.967741935484
					],
					[
						26733.8709677419,
						4,
						0
					],
					[
						26854.8387096774,
						6,
						0
					]
				],
				"lengthInSteps": 16,
				"mustHitSection": true
			},
			{
				"sectionNotes": [
					[
						27096.7741935484,
						6,
						0
					],
					[
						27096.7741935484,
						7,
						0
					],
					[
						27096.7741935484,
						2,
						0
					],
					[
						27096.7741935484,
						3,
						0
					],
					[
						27338.7096774194,
						1,
						0
					],
					[
						27338.7096774194,
						5,
						0
					],
					[
						27338.7096774194,
						3,
						0
					],
					[
						27338.7096774194,
						7,
						0
					],
					[
						27580.6451612903,
						2,
						0
					],
					[
						27580.6451612903,
						6,
						0
					],
					[
						27580.6451612903,
						0,
						0
					],
					[
						27580.6451612903,
						4,
						0
					],
					[
						27822.5806451613,
						1,
						0
					],
					[
						27822.5806451613,
						5,
						0
					],
					[
						27822.5806451613,
						3,
						0
					],
					[
						27822.5806451613,
						7,
						0
					],
					[
						28064.5161290323,
						0,
						241.935483870968
					],
					[
						28064.5161290323,
						4,
						241.935483870968
					],
					[
						28427.4193548387,
						1,
						241.935483870968
					],
					[
						28427.4193548387,
						5,
						241.935483870968
					]
				],
				"lengthInSteps": 16,
				"mustHitSection": true
			},
			{
				"sectionNotes": [
					[
						29032.2580645161,
						1,
						0
					],
					[
						29153.2258064516,
						0,
						0
					],
					[
						29274.1935483871,
						3,
						0
					],
					[
						29395.1612903226,
						0,
						0
					],
					[
						29516.1290322581,
						2,
						0
					],
					[
						29637.0967741936,
						0,
						0
					],
					[
						29758.064516129,
						3,
						0
					],
					[
						29879.0322580645,
						1,
						0
					],
					[
						30000,
						3,
						120.967741935484
					],
					[
						30241.935483871,
						0,
						0
					],
					[
						30604.8387096774,
						1,
						0
					],
					[
						30725.8064516129,
						2,
						0
					]
				],
				"lengthInSteps": 16,
				"mustHitSection": false
			},
			{
				"altAnim": false,
				"sectionNotes": [
					[
						30967.7419354839,
						0,
						0
					],
					[
						31330.6451612903,
						0,
						0
					],
					[
						31149.1935483871,
						0,
						0
					],
					[
						31693.5483870968,
						0,
						120.967741935484
					],
					[
						31935.4838709677,
						3,
						120.967741935484
					],
					[
						32540.3225806452,
						0,
						0
					],
					[
						32298.3870967742,
						2,
						0
					],
					[
						32782.2580645161,
						3,
						0
					]
				],
				"lengthInSteps": 16,
				"mustHitSection": false
			},
			{
				"altAnim": false,
				"sectionNotes": [
					[
						32903.2258064516,
						1,
						0
					],
					[
						33145.1612903226,
						2,
						0
					],
					[
						33387.0967741935,
						0,
						0
					],
					[
						33629.0322580645,
						2,
						0
					],
					[
						33870.9677419355,
						3,
						0
					],
					[
						34112.9032258065,
						2,
						0
					],
					[
						34294.3548387097,
						3,
						0
					],
					[
						34022.1774193548,
						0,
						0
					],
					[
						34475.8064516129,
						2,
						0
					],
					[
						34596.7741935484,
						0,
						0
					],
					[
						34717.7419354839,
						1,
						0
					]
				],
				"lengthInSteps": 16,
				"mustHitSection": false
			},
			{
				"altAnim": false,
				"sectionNotes": [
					[
						34838.7096774194,
						3,
						0
					],
					[
						34959.6774193548,
						1,
						0
					],
					[
						35080.6451612903,
						2,
						0
					],
					[
						35201.6129032258,
						1,
						0
					],
					[
						35322.5806451613,
						0,
						0
					],
					[
						35443.5483870968,
						3,
						0
					],
					[
						35564.5161290323,
						2,
						0
					],
					[
						35685.4838709677,
						0,
						0
					],
					[
						35806.4516129032,
						3,
						0
					],
					[
						35927.4193548387,
						0,
						0
					],
					[
						36169.3548387097,
						2,
						0
					],
					[
						36532.2580645161,
						5,
						0
					],
					[
						36653.2258064516,
						7,
						0
					]
				],
				"lengthInSteps": 16,
				"mustHitSection": false
			},
			{
				"altAnim": false,
				"sectionNotes": [
					[
						36774.1935483871,
						0,
						0
					],
					[
						36895.1612903226,
						2,
						0
					],
					[
						37016.1290322581,
						0,
						0
					],
					[
						37258.064516129,
						2,
						0
					],
					[
						37620.9677419355,
						2,
						0
					],
					[
						37741.935483871,
						0,
						0
					],
					[
						37862.9032258065,
						1,
						0
					],
					[
						37983.8709677419,
						3,
						0
					],
					[
						38104.8387096774,
						1,
						0
					],
					[
						38225.8064516129,
						0,
						0
					],
					[
						38588.7096774194,
						0,
						0
					],
					[
						38467.7419354839,
						2,
						0
					]
				],
				"lengthInSteps": 16,
				"mustHitSection": true
			},
			{
				"altAnim": false,
				"sectionNotes": [
					[
						40524.1935483871,
						4,
						0
					],
					[
						40403.2258064516,
						5,
						0
					],
					[
						40040.3225806452,
						0,
						0
					],
					[
						39919.3548387097,
						2,
						0
					],
					[
						39798.3870967742,
						3,
						0
					],
					[
						39677.4193548387,
						0,
						0
					],
					[
						39556.4516129032,
						1,
						0
					],
					[
						39435.4838709677,
						2,
						0
					],
					[
						39314.5161290323,
						1,
						0
					],
					[
						39193.5483870968,
						0,
						0
					],
					[
						39072.5806451613,
						3,
						0
					],
					[
						38951.6129032258,
						2,
						0
					],
					[
						38830.6451612903,
						1,
						0
					],
					[
						38709.6774193548,
						3,
						0
					]
				],
				"lengthInSteps": 16,
				"mustHitSection": true
			},
			{
				"altAnim": false,
				"sectionNotes": [
					[
						40766.1290322581,
						3,
						0
					],
					[
						41008.064516129,
						2,
						0
					],
					[
						41129.0322580645,
						0,
						0
					],
					[
						41250,
						1,
						0
					],
					[
						41370.9677419355,
						2,
						0
					],
					[
						41491.935483871,
						3,
						0
					],
					[
						41612.9032258065,
						0,
						0
					],
					[
						41612.9032258065,
						1,
						0
					],
					[
						41733.8709677419,
						2,
						0
					],
					[
						41975.8064516129,
						3,
						0
					],
					[
						42338.7096774194,
						7,
						0
					],
					[
						42459.6774193548,
						6,
						0
					]
				],
				"lengthInSteps": 16,
				"mustHitSection": false
			},
			{
				"altAnim": false,
				"sectionNotes": [
					[
						42580.6451612903,
						0,
						0
					],
					[
						42822.5806451613,
						3,
						0
					],
					[
						43064.5161290323,
						1,
						0
					],
					[
						43185.4838709677,
						2,
						0
					],
					[
						43306.4516129032,
						3,
						0
					],
					[
						43427.4193548387,
						1,
						0
					],
					[
						43548.3870967742,
						0,
						0
					],
					[
						43669.3548387097,
						3,
						0
					],
					[
						43911.2903225807,
						2,
						0
					],
					[
						44274.1935483871,
						7,
						0
					],
					[
						44395.1612903226,
						4,
						0
					]
				],
				"lengthInSteps": 16,
				"mustHitSection": true
			},
			{
				"sectionNotes": [
					[
						44516.1290322581,
						1,
						0
					],
					[
						44758.064516129,
						2,
						0
					],
					[
						45000,
						3,
						0
					],
					[
						45241.935483871,
						1,
						0
					],
					[
						45483.8709677419,
						0,
						0
					],
					[
						45604.8387096774,
						3,
						0
					],
					[
						45725.8064516129,
						1,
						0
					],
					[
						45846.7741935484,
						2,
						0
					],
					[
						46088.7096774194,
						3,
						0
					],
					[
						46209.6774193548,
						1,
						0
					],
					[
						46330.6451612903,
						0,
						0
					]
				],
				"lengthInSteps": 16,
				"mustHitSection": false
			},
			{
				"sectionNotes": [
					[
						46451.6129032258,
						2,
						0
					],
					[
						46572.5806451613,
						3,
						0
					],
					[
						46814.5161290323,
						1,
						0
					],
					[
						46935.4838709677,
						0,
						0
					],
					[
						47056.4516129032,
						2,
						0
					],
					[
						47177.4193548387,
						3,
						0
					],
					[
						47298.3870967742,
						1,
						0
					],
					[
						47419.3548387097,
						0,
						0
					],
					[
						47540.3225806452,
						2,
						0
					],
					[
						47661.2903225807,
						3,
						0
					],
					[
						47782.2580645161,
						1,
						0
					],
					[
						47812.5,
						0,
						0
					],
					[
						48145.1612903226,
						3,
						0
					]
				],
				"lengthInSteps": 16,
				"mustHitSection": false
			},
			{
				"sectionNotes": [
					[
						48387.0967741936,
						2,
						0
					],
					[
						48629.0322580645,
						0,
						120.967741935484
					],
					[
						48870.9677419355,
						7,
						0
					],
					[
						49112.9032258065,
						4,
						0
					],
					[
						49354.8387096774,
						0,
						0
					],
					[
						49596.7741935484,
						3,
						0
					],
					[
						49838.7096774194,
						5,
						0
					],
					[
						50080.6451612903,
						6,
						0
					]
				],
				"lengthInSteps": 16,
				"mustHitSection": false
			},
			{
				"sectionNotes": [
					[
						50322.5806451613,
						1,
						0
					],
					[
						50564.5161290323,
						2,
						0
					],
					[
						50806.4516129032,
						3,
						0
					],
					[
						51048.3870967742,
						0,
						0
					],
					[
						51290.3225806452,
						3,
						0
					],
					[
						51411.2903225807,
						2,
						0
					],
					[
						51532.2580645161,
						1,
						0
					],
					[
						51653.2258064516,
						0,
						0
					],
					[
						51774.1935483871,
						3,
						0
					],
					[
						52016.1290322581,
						1,
						120.967741935484
					]
				],
				"lengthInSteps": 16,
				"mustHitSection": false
			},
			{
				"sectionNotes": [
					[
						52258.064516129,
						1,
						0
					],
					[
						52379.0322580645,
						2,
						0
					],
					[
						52500,
						3,
						0
					],
					[
						52741.935483871,
						1,
						0
					],
					[
						52983.8709677419,
						0,
						0
					],
					[
						53225.8064516129,
						2,
						0
					],
					[
						53346.7741935484,
						1,
						0
					],
					[
						53467.7419354839,
						3,
						0
					],
					[
						53588.7096774194,
						0,
						0
					],
					[
						53830.6451612903,
						4,
						0
					],
					[
						53951.6129032258,
						7,
						0
					],
					[
						54072.5806451613,
						6,
						0
					]
				],
				"lengthInSteps": 16,
				"mustHitSection": true
			},
			{
				"altAnim": false,
				"sectionNotes": [
					[
						54193.5483870968,
						1,
						0
					],
					[
						54314.5161290323,
						3,
						0
					],
					[
						54435.4838709677,
						1,
						0
					],
					[
						54556.4516129032,
						0,
						0
					],
					[
						54798.3870967742,
						2,
						0
					],
					[
						54919.3548387097,
						1,
						0
					],
					[
						55040.3225806452,
						3,
						0
					],
					[
						55161.2903225807,
						0,
						0
					],
					[
						55282.2580645161,
						1,
						0
					],
					[
						55403.2258064516,
						3,
						0
					],
					[
						55524.1935483871,
						1,
						0
					],
					[
						55766.1290322581,
						0,
						0
					],
					[
						56008.064516129,
						3,
						0
					]
				],
				"lengthInSteps": 16,
				"mustHitSection": false
			},
			{
				"altAnim": false,
				"sectionNotes": [
					[
						56129.0322580645,
						1,
						0
					],
					[
						56491.935483871,
						2,
						0
					],
					[
						56612.9032258065,
						0,
						0
					],
					[
						56733.8709677419,
						3,
						0
					],
					[
						56854.8387096774,
						1,
						0
					],
					[
						57096.7741935484,
						3,
						0
					],
					[
						56975.8064516129,
						2,
						0
					],
					[
						57459.6774193548,
						1,
						0
					],
					[
						57701.6129032258,
						0,
						120.967741935484
					],
					[
						57943.5483870968,
						5,
						0
					]
				],
				"lengthInSteps": 16,
				"mustHitSection": false
			},
			{
				"sectionNotes": [
					[
						58064.5161290323,
						3,
						0
					],
					[
						58185.4838709677,
						2,
						0
					],
					[
						58427.4193548387,
						0,
						0
					],
					[
						58669.3548387097,
						1,
						0
					],
					[
						58790.3225806452,
						2,
						0
					],
					[
						59032.2580645161,
						3,
						0
					],
					[
						59153.2258064516,
						0,
						0
					],
					[
						59274.1935483871,
						1,
						0
					],
					[
						59395.1612903226,
						2,
						0
					],
					[
						59637.0967741936,
						1,
						0
					],
					[
						59879.0322580645,
						5,
						0
					]
				],
				"lengthInSteps": 16,
				"mustHitSection": true
			},
			{
				"sectionNotes": [
					[
						60000,
						0,
						120.967741935484
					],
					[
						60241.935483871,
						1,
						0
					],
					[
						60483.8709677419,
						3,
						120.967741935484
					],
					[
						61330.6451612903,
						2,
						120.967741935484
					],
					[
						60967.7419354839,
						1,
						120.967741935484
					],
					[
						61693.5483870968,
						0,
						0
					]
				],
				"lengthInSteps": 16,
				"mustHitSection": false
			},
			{
				"lengthInSteps": 16,
				"typeOfSection": 0,
				"sectionNotes": [
					[
						62177.4193548387,
						1,
						0
					],
					[
						62177.4193548387,
						5,
						0
					],
					[
						62419.3548387097,
						3,
						0
					],
					[
						62419.3548387097,
						4,
						0
					],
					[
						62661.2903225807,
						2,
						241.935483870968
					],
					[
						62661.2903225807,
						6,
						241.935483870968
					],
					[
						63145.1612903226,
						1,
						0
					],
					[
						63145.1612903226,
						5,
						0
					],
					[
						63387.0967741936,
						2,
						0
					],
					[
						63387.0967741936,
						6,
						0
					],
					[
						63629.0322580645,
						3,
						0
					],
					[
						63629.0322580645,
						7,
						0
					]
				],
				"altAnim": false,
				"bpm": 100,
				"changeBPM": false,
				"mustHitSection": true
			},
			{
				"lengthInSteps": 16,
				"typeOfSection": 0,
				"sectionNotes": [
					[
						63991.935483871,
						2,
						0
					],
					[
						63870.9677419355,
						0,
						0
					],
					[
						64354.8387096774,
						1,
						0
					],
					[
						64475.8064516129,
						0,
						120.967741935484
					],
					[
						64838.7096774194,
						1,
						241.935483870968
					],
					[
						65322.5806451613,
						3,
						0
					],
					[
						65443.5483870968,
						0,
						0
					]
				],
				"altAnim": false,
				"bpm": 100,
				"changeBPM": false,
				"mustHitSection": false
			},
			{
				"sectionNotes": [
					[
						65806.4516129032,
						1,
						0
					],
					[
						65927.4193548387,
						0,
						0
					],
					[
						66290.3225806452,
						2,
						0
					],
					[
						66411.2903225807,
						1,
						120.967741935484
					],
					[
						66774.1935483871,
						3,
						483.870967741935
					]
				],
				"typeOfSection": 0,
				"lengthInSteps": 16,
				"altAnim": false,
				"mustHitSection": false,
				"changeBPM": false,
				"bpm": 100
			},
			{
				"sectionNotes": [
					[
						67741.935483871,
						1,
						0
					],
					[
						67862.9032258065,
						2,
						0
					],
					[
						67862.9032258065,
						0,
						120.967741935484
					],
					[
						68225.8064516129,
						2,
						0
					],
					[
						68346.7741935484,
						1,
						120.967741935484
					],
					[
						68346.7741935484,
						0,
						0
					],
					[
						68709.6774193548,
						2,
						0
					],
					[
						68709.6774193548,
						3,
						241.935483870968
					],
					[
						69193.5483870968,
						1,
						0
					],
					[
						69314.5161290323,
						0,
						0
					],
					[
						69314.5161290323,
						2,
						120.967741935484
					]
				],
				"typeOfSection": 0,
				"lengthInSteps": 16,
				"altAnim": false,
				"mustHitSection": true,
				"changeBPM": false,
				"bpm": 133
			},
			{
				"sectionNotes": [
					[
						69677.4193548387,
						1,
						0
					],
					[
						69798.3870967742,
						0,
						0
					],
					[
						69798.3870967742,
						3,
						120.967741935484
					],
					[
						70161.2903225807,
						1,
						0
					],
					[
						70282.2580645161,
						0,
						120.967741935484
					],
					[
						70282.2580645161,
						2,
						0
					],
					[
						70645.1612903226,
						1,
						241.935483870968
					],
					[
						71129.0322580645,
						5,
						0
					],
					[
						71250,
						4,
						0
					]
				],
				"typeOfSection": 0,
				"lengthInSteps": 16,
				"altAnim": false,
				"mustHitSection": true,
				"changeBPM": false,
				"bpm": 133
			},
			{
				"sectionNotes": [
					[
						71612.9032258065,
						2,
						0
					],
					[
						71733.8709677419,
						3,
						0
					],
					[
						72096.7741935484,
						1,
						0
					],
					[
						72217.7419354839,
						0,
						0
					],
					[
						72580.6451612903,
						1,
						0
					],
					[
						72701.6129032258,
						2,
						241.935483870968
					],
					[
						73064.5161290323,
						1,
						0
					],
					[
						73185.4838709677,
						0,
						120.967741935484
					]
				],
				"typeOfSection": 0,
				"lengthInSteps": 16,
				"altAnim": false,
				"mustHitSection": false,
				"changeBPM": false,
				"bpm": 133
			},
			{
				"lengthInSteps": 16,
				"typeOfSection": 0,
				"sectionNotes": [
					[
						73548.3870967742,
						2,
						0
					],
					[
						73669.3548387097,
						3,
						120.967741935484
					],
					[
						74516.1290322581,
						3,
						483.870967741935
					],
					[
						74032.2580645161,
						1,
						0
					],
					[
						74153.2258064516,
						0,
						120.967741935484
					],
					[
						75000,
						5,
						0
					],
					[
						75241.935483871,
						4,
						0
					],
					[
						75241.935483871,
						0,
						0
					]
				],
				"altAnim": false,
				"bpm": 133,
				"changeBPM": false,
				"mustHitSection": false
			},
			{
				"lengthInSteps": 16,
				"typeOfSection": 0,
				"sectionNotes": [
					[
						75483.8709677419,
						1,
						0
					],
					[
						75483.8709677419,
						5,
						0
					],
					[
						75604.8387096774,
						3,
						0
					],
					[
						75725.8064516129,
						0,
						0
					],
					[
						75916.3306451613,
						0,
						0
					],
					[
						76088.7096774194,
						1,
						0
					],
					[
						76270.1612903226,
						3,
						0
					],
					[
						76451.6129032258,
						2,
						0
					],
					[
						76572.5806451613,
						2,
						0
					],
					[
						76935.4838709677,
						2,
						0
					],
					[
						77056.4516129032,
						1,
						0
					],
					[
						76757.0564516129,
						2,
						0
					],
					[
						77177.4193548387,
						3,
						0
					],
					[
						75604.8387096774,
						4,
						0
					],
					[
						75725.8064516129,
						7,
						0
					],
					[
						75922.3790322581,
						7,
						0
					],
					[
						76088.7096774194,
						6,
						0
					],
					[
						76264.1129032258,
						4,
						0
					],
					[
						76451.6129032258,
						6,
						0
					],
					[
						76572.5806451613,
						4,
						0
					],
					[
						76754.0322580645,
						7,
						0
					],
					[
						76935.4838709677,
						6,
						0
					],
					[
						77056.4516129032,
						5,
						0
					],
					[
						77177.4193548387,
						4,
						0
					]
				],
				"altAnim": false,
				"bpm": 133,
				"changeBPM": false,
				"mustHitSection": true
			},
			{
				"lengthInSteps": 16,
				"typeOfSection": 0,
				"sectionNotes": [
					[
						77419.3548387097,
						0,
						0
					],
					[
						77419.3548387097,
						2,
						0
					],
					[
						77540.3225806452,
						1,
						0
					],
					[
						77540.3225806452,
						2,
						0
					],
					[
						77419.3548387097,
						7,
						0
					],
					[
						77419.3548387097,
						5,
						0
					],
					[
						77540.3225806452,
						6,
						0
					],
					[
						77540.3225806452,
						5,
						0
					],
					[
						77903.2258064516,
						2,
						0
					],
					[
						77903.2258064516,
						0,
						0
					],
					[
						77903.2258064516,
						5,
						0
					],
					[
						77903.2258064516,
						7,
						0
					],
					[
						78024.1935483871,
						1,
						0
					],
					[
						78024.1935483871,
						2,
						0
					],
					[
						78024.1935483871,
						5,
						0
					],
					[
						78024.1935483871,
						6,
						0
					],
					[
						78387.0967741935,
						0,
						0
					],
					[
						78387.0967741935,
						2,
						0
					],
					[
						78508.064516129,
						1,
						0
					],
					[
						78508.064516129,
						2,
						0
					],
					[
						78387.0967741935,
						5,
						0
					],
					[
						78387.0967741935,
						7,
						0
					],
					[
						78508.064516129,
						5,
						0
					],
					[
						78508.064516129,
						6,
						0
					],
					[
						78991.935483871,
						4,
						0
					],
					[
						79052.4193548387,
						7,
						0
					],
					[
						79294.3548387097,
						5,
						0
					]
				],
				"altAnim": false,
				"bpm": 133,
				"changeBPM": false,
				"mustHitSection": true
			},
			{
				"lengthInSteps": 16,
				"typeOfSection": 0,
				"sectionNotes": [
					[
						79838.7096774194,
						1,
						0
					],
					[
						79596.7741935484,
						2,
						0
					],
					[
						80080.6451612903,
						3,
						0
					],
					[
						80322.5806451613,
						1,
						120.967741935484
					],
					[
						80564.5161290323,
						2,
						0
					],
					[
						80685.4838709677,
						3,
						362.903225806452
					]
				],
				"altAnim": false,
				"bpm": 133,
				"changeBPM": false,
				"mustHitSection": false
			},
			{
				"lengthInSteps": 16,
				"typeOfSection": 0,
				"sectionNotes": [
					[
						81290.3225806452,
						6,
						0
					],
					[
						81774.1935483871,
						6,
						0
					],
					[
						82258.064516129,
						3,
						0
					],
					[
						82258.064516129,
						4,
						0
					],
					[
						82137.0967741936,
						5,
						0
					],
					[
						82137.0967741936,
						2,
						0
					],
					[
						81774.1935483871,
						1,
						0
					],
					[
						81290.3225806452,
						1,
						0
					],
					[
						82500,
						6,
						0
					],
					[
						82500,
						2,
						0
					],
					[
						82620.9677419355,
						1,
						241.935483870968
					],
					[
						82620.9677419355,
						5,
						241.935483870968
					],
					[
						83104.8387096774,
						0,
						0
					]
				],
				"altAnim": false,
				"bpm": 133,
				"changeBPM": false,
				"mustHitSection": false
			},
			{
				"lengthInSteps": 16,
				"typeOfSection": 0,
				"sectionNotes": [
					[
						83225.8064516129,
						3,
						0
					],
					[
						83225.8064516129,
						7,
						0
					],
					[
						83467.7419354839,
						3,
						0
					],
					[
						83467.7419354839,
						7,
						0
					],
					[
						83709.6774193548,
						2,
						0
					],
					[
						83709.6774193548,
						6,
						0
					],
					[
						83951.6129032258,
						2,
						0
					],
					[
						83951.6129032258,
						6,
						0
					],
					[
						84193.5483870968,
						1,
						0
					],
					[
						84193.5483870968,
						5,
						0
					],
					[
						84556.4516129032,
						0,
						241.935483870968
					],
					[
						84556.4516129032,
						4,
						241.935483870968
					]
				],
				"altAnim": false,
				"bpm": 133,
				"changeBPM": false,
				"mustHitSection": false
			},
			{
				"lengthInSteps": 16,
				"typeOfSection": 0,
				"sectionNotes": [
					[
						85161.2903225807,
						0,
						0
					],
					[
						85161.2903225807,
						4,
						0
					],
					[
						85282.2580645161,
						1,
						0
					],
					[
						85282.2580645161,
						5,
						0
					],
					[
						85403.2258064516,
						2,
						0
					],
					[
						85403.2258064516,
						6,
						0
					],
					[
						85524.1935483871,
						3,
						0
					],
					[
						85524.1935483871,
						7,
						0
					],
					[
						85766.1290322581,
						3,
						0
					],
					[
						85766.1290322581,
						7,
						0
					],
					[
						86008.064516129,
						0,
						0
					],
					[
						86008.064516129,
						4,
						0
					],
					[
						86250,
						2,
						241.935483870968
					],
					[
						86250,
						7,
						241.935483870968
					],
					[
						86250,
						0,
						241.935483870968
					],
					[
						86250,
						6,
						241.935483870968
					],
					[
						86854.8387096774,
						6,
						0
					]
				],
				"altAnim": false,
				"bpm": 133,
				"changeBPM": false,
				"mustHitSection": true
			},
			{
				"sectionNotes": [
					[
						87822.5806451613,
						0,
						0
					],
					[
						87580.6451612903,
						3,
						0
					],
					[
						87338.7096774194,
						1,
						0
					],
					[
						87096.7741935484,
						3,
						0
					],
					[
						88064.5161290323,
						1,
						120.967741935484
					],
					[
						88427.4193548387,
						2,
						241.935483870968
					]
				],
				"typeOfSection": 0,
				"lengthInSteps": 16,
				"altAnim": false,
				"mustHitSection": false,
				"changeBPM": false,
				"bpm": 133
			},
			{
				"sectionNotes": [
					[
						89032.2580645161,
						2,
						0
					],
					[
						89032.2580645161,
						6,
						0
					],
					[
						89516.1290322581,
						2,
						0
					],
					[
						89516.1290322581,
						6,
						0
					],
					[
						89879.0322580645,
						2,
						0
					],
					[
						89879.0322580645,
						6,
						0
					],
					[
						90000,
						3,
						0
					],
					[
						90000,
						7,
						0
					],
					[
						90241.935483871,
						1,
						0
					],
					[
						90241.935483871,
						5,
						0
					],
					[
						90362.9032258065,
						0,
						0
					],
					[
						90362.9032258065,
						4,
						0
					]
				],
				"typeOfSection": 0,
				"lengthInSteps": 16,
				"altAnim": false,
				"mustHitSection": true,
				"changeBPM": false,
				"bpm": 133
			},
			{
				"lengthInSteps": 16,
				"typeOfSection": 0,
				"sectionNotes": [
					[
						90967.7419354839,
						2,
						0
					],
					[
						90967.7419354839,
						6,
						0
					],
					[
						91209.6774193548,
						3,
						0
					],
					[
						91209.6774193548,
						7,
						0
					],
					[
						91451.6129032258,
						3,
						0
					],
					[
						91451.6129032258,
						7,
						0
					],
					[
						91693.5483870968,
						1,
						0
					],
					[
						91693.5483870968,
						5,
						0
					],
					[
						91935.4838709677,
						5,
						0
					],
					[
						90967.7419354839,
						0,
						0
					],
					[
						91209.6774193548,
						1,
						0
					],
					[
						91451.6129032258,
						1,
						0
					],
					[
						91693.5483870968,
						0,
						0
					],
					[
						91935.4838709677,
						0,
						241.935483870968
					],
					[
						92298.3870967742,
						2,
						0
					],
					[
						92298.3870967742,
						3,
						241.935483870968
					],
					[
						91935.4838709677,
						1,
						0
					],
					[
						92298.3870967742,
						4,
						241.935483870968
					]
				],
				"altAnim": false,
				"bpm": 133,
				"changeBPM": false,
				"mustHitSection": true
			},
			{
				"sectionNotes": [
					[
						92903.2258064516,
						2,
						0
					],
					[
						92903.2258064516,
						6,
						0
					],
					[
						93024.1935483871,
						3,
						0
					],
					[
						93024.1935483871,
						7,
						0
					],
					[
						93145.1612903226,
						2,
						0
					],
					[
						93145.1612903226,
						6,
						0
					],
					[
						93266.1290322581,
						1,
						0
					],
					[
						93266.1290322581,
						5,
						0
					],
					[
						93508.064516129,
						1,
						0
					],
					[
						93508.064516129,
						5,
						0
					],
					[
						93750,
						3,
						0
					],
					[
						93750,
						4,
						0
					],
					[
						93991.935483871,
						2,
						362.903225806452
					],
					[
						93991.935483871,
						6,
						362.903225806452
					],
					[
						94475.8064516129,
						3,
						0
					],
					[
						94596.7741935484,
						0,
						0
					]
				],
				"typeOfSection": 0,
				"lengthInSteps": 16,
				"altAnim": false,
				"mustHitSection": false,
				"changeBPM": false,
				"bpm": 133
			},
			{
				"lengthInSteps": 16,
				"typeOfSection": 0,
				"sectionNotes": [
					[
						94838.7096774194,
						2,
						0
					],
					[
						95080.6451612903,
						1,
						0
					],
					[
						95322.5806451613,
						2,
						0
					],
					[
						95564.5161290323,
						1,
						0
					],
					[
						95806.4516129032,
						3,
						0
					],
					[
						96048.3870967742,
						1,
						0
					],
					[
						96290.3225806452,
						0,
						0
					],
					[
						96532.2580645161,
						1,
						241.935483870968
					]
				],
				"altAnim": false,
				"bpm": 133,
				"changeBPM": false,
				"mustHitSection": false
			},
			{
				"lengthInSteps": 16,
				"typeOfSection": 0,
				"sectionNotes": [
					[
						97016.1290322581,
						2,
						0
					],
					[
						97258.064516129,
						3,
						0
					],
					[
						97500,
						0,
						0
					],
					[
						97741.935483871,
						1,
						0
					],
					[
						98104.8387096774,
						0,
						0
					],
					[
						98346.7741935484,
						1,
						0
					],
					[
						98467.7419354839,
						3,
						0
					]
				],
				"altAnim": false,
				"bpm": 100,
				"changeBPM": false,
				"mustHitSection": false
			},
			{
				"lengthInSteps": 16,
				"typeOfSection": 0,
				"sectionNotes": [
					[
						98709.6774193548,
						2,
						0
					],
					[
						98951.6129032258,
						1,
						0
					],
					[
						99193.5483870968,
						2,
						0
					],
					[
						99435.4838709678,
						1,
						0
					],
					[
						99677.4193548387,
						3,
						0
					],
					[
						99919.3548387097,
						1,
						0
					],
					[
						100161.290322581,
						0,
						0
					],
					[
						100403.225806452,
						3,
						120.967741935484
					]
				],
				"altAnim": false,
				"bpm": 100,
				"changeBPM": false,
				"mustHitSection": false
			},
			{
				"lengthInSteps": 16,
				"typeOfSection": 0,
				"sectionNotes": [
					[
						100887.096774194,
						2,
						0
					],
					[
						100645.161290323,
						0,
						0
					],
					[
						101129.032258065,
						3,
						0
					],
					[
						101250,
						2,
						0
					],
					[
						101370.967741935,
						1,
						0
					],
					[
						101612.903225806,
						0,
						0
					],
					[
						101733.870967742,
						3,
						0
					],
					[
						101854.838709677,
						1,
						0
					],
					[
						101975.806451613,
						2,
						362.903225806452
					]
				],
				"altAnim": false,
				"bpm": 100,
				"changeBPM": false,
				"mustHitSection": false
			},
			{
				"lengthInSteps": 16,
				"typeOfSection": 0,
				"sectionNotes": [
					[
						102822.580645161,
						1,
						0
					],
					[
						103064.516129032,
						1,
						0
					],
					[
						103306.451612903,
						3,
						0
					],
					[
						103548.387096774,
						2,
						0
					],
					[
						103790.322580645,
						0,
						0
					],
					[
						103911.290322581,
						2,
						120.967741935484
					],
					[
						104274.193548387,
						3,
						241.935483870968
					]
				],
				"altAnim": false,
				"bpm": 100,
				"changeBPM": false,
				"mustHitSection": true
			},
			{
				"lengthInSteps": 16,
				"typeOfSection": 0,
				"sectionNotes": [
					[
						104758.064516129,
						2,
						0
					],
					[
						104758.064516129,
						0,
						0
					],
					[
						105000,
						2,
						0
					],
					[
						105000,
						1,
						0
					],
					[
						105241.935483871,
						1,
						0
					],
					[
						105241.935483871,
						3,
						0
					],
					[
						105483.870967742,
						2,
						0
					],
					[
						105604.838709677,
						0,
						0
					],
					[
						105846.774193548,
						0,
						120.967741935484
					],
					[
						106209.677419355,
						1,
						0
					],
					[
						106209.677419355,
						5,
						0
					]
				],
				"altAnim": false,
				"bpm": 100,
				"changeBPM": false,
				"mustHitSection": true
			},
			{
				"lengthInSteps": 16,
				"typeOfSection": 0,
				"sectionNotes": [
					[
						106451.612903226,
						2,
						0
					],
					[
						106451.612903226,
						6,
						0
					],
					[
						106693.548387097,
						3,
						0
					],
					[
						106693.548387097,
						7,
						0
					],
					[
						106935.483870968,
						2,
						0
					],
					[
						106935.483870968,
						6,
						0
					],
					[
						107177.419354839,
						0,
						0
					],
					[
						107177.419354839,
						4,
						0
					],
					[
						107419.35483871,
						1,
						120.967741935484
					],
					[
						107419.35483871,
						5,
						0
					],
					[
						107782.258064516,
						2,
						0
					],
					[
						107782.258064516,
						6,
						0
					],
					[
						108145.161290323,
						7,
						0
					]
				],
				"altAnim": false,
				"bpm": 100,
				"changeBPM": false,
				"mustHitSection": true
			},
			{
				"lengthInSteps": 16,
				"typeOfSection": 0,
				"sectionNotes": [
					[
						108387.096774194,
						1,
						120.967741935484
					],
					[
						108629.032258065,
						2,
						120.967741935484
					],
					[
						108870.967741935,
						3,
						362.903225806452
					],
					[
						109354.838709677,
						2,
						241.935483870968
					],
					[
						109717.741935484,
						0,
						0
					],
					[
						110201.612903226,
						1,
						0
					]
				],
				"altAnim": false,
				"bpm": 100,
				"changeBPM": false,
				"mustHitSection": false
			},
			{
				"lengthInSteps": 16,
				"typeOfSection": 0,
				"sectionNotes": [
					[
						110322.580645161,
						3,
						0
					],
					[
						110564.516129032,
						2,
						0
					],
					[
						110806.451612903,
						2,
						0
					],
					[
						111048.387096774,
						2,
						0
					],
					[
						111290.322580645,
						0,
						0
					],
					[
						111653.225806452,
						2,
						241.935483870968
					]
				],
				"altAnim": false,
				"bpm": 100,
				"changeBPM": false,
				"mustHitSection": false
			},
			{
				"lengthInSteps": 16,
				"typeOfSection": 0,
				"sectionNotes": [
					[
						112379.032258065,
						7,
						120.967741935484
					],
					[
						113346.774193548,
						7,
						0
					],
					[
						113467.741935484,
						4,
						0
					]
				],
				"altAnim": false,
				"bpm": 100,
				"changeBPM": false,
				"mustHitSection": true
			},
			{
				"lengthInSteps": 16,
				"typeOfSection": 0,
				"sectionNotes": [],
				"altAnim": false,
				"bpm": 100,
				"changeBPM": false,
				"mustHitSection": true
			},
			{
				"sectionNotes": [],
				"typeOfSection": 0,
				"lengthInSteps": 16,
				"altAnim": false,
				"mustHitSection": false,
				"changeBPM": false,
				"bpm": 100
			},
			{
				"sectionNotes": [],
				"typeOfSection": 0,
				"lengthInSteps": 16,
				"altAnim": false,
				"mustHitSection": false,
				"changeBPM": false,
				"bpm": 100
			},
			{
				"lengthInSteps": 16,
				"typeOfSection": 0,
				"sectionNotes": [],
				"altAnim": false,
				"bpm": 100,
				"changeBPM": false,
				"mustHitSection": true
			},
			{
				"lengthInSteps": 16,
				"typeOfSection": 0,
				"sectionNotes": [],
				"altAnim": false,
				"bpm": 100,
				"changeBPM": false,
				"mustHitSection": true
			},
			{
				"lengthInSteps": 16,
				"typeOfSection": 0,
				"sectionNotes": [],
				"altAnim": false,
				"bpm": 100,
				"changeBPM": false,
				"mustHitSection": false
			},
			{
				"lengthInSteps": 16,
				"typeOfSection": 0,
				"sectionNotes": [],
				"altAnim": false,
				"bpm": 100,
				"changeBPM": false,
				"mustHitSection": false
			},
			{
				"lengthInSteps": 16,
				"typeOfSection": 0,
				"sectionNotes": [],
				"altAnim": false,
				"bpm": 100,
				"changeBPM": false,
				"mustHitSection": false
			},
			{
				"sectionNotes": [],
				"typeOfSection": 0,
				"lengthInSteps": 16,
				"altAnim": false,
				"mustHitSection": false,
				"changeBPM": false,
				"bpm": 100
			},
			{
				"sectionNotes": [],
				"typeOfSection": 0,
				"lengthInSteps": 16,
				"altAnim": false,
				"mustHitSection": false,
				"changeBPM": false,
				"bpm": 100
			},
			{
				"sectionNotes": [],
				"typeOfSection": 0,
				"lengthInSteps": 16,
				"altAnim": false,
				"mustHitSection": false,
				"changeBPM": false,
				"bpm": 100
			},
			{
				"lengthInSteps": 16,
				"typeOfSection": 0,
				"sectionNotes": [],
				"altAnim": false,
				"bpm": 100,
				"changeBPM": false,
				"mustHitSection": false
			},
			{
				"lengthInSteps": 16,
				"typeOfSection": 0,
				"sectionNotes": [],
				"altAnim": false,
				"bpm": 100,
				"changeBPM": false,
				"mustHitSection": false
			},
			{
				"sectionNotes": [],
				"typeOfSection": 0,
				"lengthInSteps": 16,
				"altAnim": false,
				"mustHitSection": true,
				"changeBPM": false,
				"bpm": 100
			},
			{
				"sectionNotes": [],
				"typeOfSection": 0,
				"lengthInSteps": 16,
				"altAnim": false,
				"mustHitSection": true,
				"changeBPM": false,
				"bpm": 170
			},
			{
				"sectionNotes": [],
				"typeOfSection": 0,
				"lengthInSteps": 16,
				"altAnim": false,
				"mustHitSection": true,
				"changeBPM": false,
				"bpm": 170
			},
			{
				"sectionNotes": [],
				"typeOfSection": 0,
				"lengthInSteps": 16,
				"altAnim": false,
				"mustHitSection": true,
				"changeBPM": false,
				"bpm": 170
			},
			{
				"sectionNotes": [],
				"typeOfSection": 0,
				"lengthInSteps": 16,
				"altAnim": false,
				"mustHitSection": false,
				"changeBPM": false,
				"bpm": 170
			},
			{
				"sectionNotes": [],
				"typeOfSection": 0,
				"lengthInSteps": 16,
				"altAnim": false,
				"mustHitSection": false,
				"changeBPM": false,
				"bpm": 170
			},
			{
				"sectionNotes": [],
				"typeOfSection": 0,
				"lengthInSteps": 16,
				"altAnim": false,
				"mustHitSection": false,
				"changeBPM": false,
				"bpm": 170
			},
			{
				"sectionNotes": [],
				"typeOfSection": 0,
				"lengthInSteps": 16,
				"altAnim": false,
				"mustHitSection": false,
				"changeBPM": false,
				"bpm": 170
			},
			{
				"lengthInSteps": 16,
				"typeOfSection": 0,
				"sectionNotes": [],
				"altAnim": false,
				"bpm": 170,
				"changeBPM": false,
				"mustHitSection": false
			},
			{
				"sectionNotes": [],
				"typeOfSection": 0,
				"lengthInSteps": 16,
				"altAnim": false,
				"mustHitSection": false,
				"changeBPM": false,
				"bpm": 170
			},
			{
				"sectionNotes": [],
				"typeOfSection": 0,
				"lengthInSteps": 16,
				"altAnim": false,
				"mustHitSection": false,
				"changeBPM": false,
				"bpm": 185
			},
			{
				"sectionNotes": [],
				"typeOfSection": 0,
				"lengthInSteps": 16,
				"altAnim": false,
				"mustHitSection": false,
				"changeBPM": false,
				"bpm": 185
			},
			{
				"sectionNotes": [],
				"typeOfSection": 0,
				"lengthInSteps": 16,
				"altAnim": false,
				"mustHitSection": true,
				"changeBPM": false,
				"bpm": 185
			},
			{
				"sectionNotes": [],
				"typeOfSection": 0,
				"lengthInSteps": 16,
				"altAnim": false,
				"mustHitSection": true,
				"changeBPM": false,
				"bpm": 185
			},
			{
				"sectionNotes": [],
				"typeOfSection": 0,
				"lengthInSteps": 16,
				"altAnim": false,
				"mustHitSection": true,
				"changeBPM": false,
				"bpm": 185
			},
			{
				"lengthInSteps": 16,
				"typeOfSection": 0,
				"sectionNotes": [],
				"altAnim": false,
				"bpm": 185,
				"changeBPM": false,
				"mustHitSection": true
			},
			{
				"lengthInSteps": 16,
				"typeOfSection": 0,
				"sectionNotes": [],
				"altAnim": false,
				"bpm": 185,
				"changeBPM": false,
				"mustHitSection": false
			},
			{
				"sectionNotes": [],
				"typeOfSection": 0,
				"lengthInSteps": 16,
				"altAnim": false,
				"mustHitSection": false,
				"changeBPM": false,
				"bpm": 185
			},
			{
				"sectionNotes": [],
				"typeOfSection": 0,
				"lengthInSteps": 16,
				"altAnim": false,
				"mustHitSection": true,
				"changeBPM": false,
				"bpm": 185
			},
			{
				"sectionNotes": [],
				"typeOfSection": 0,
				"lengthInSteps": 16,
				"altAnim": false,
				"mustHitSection": true,
				"changeBPM": false,
				"bpm": 185
			},
			{
				"sectionNotes": [],
				"typeOfSection": 0,
				"lengthInSteps": 16,
				"altAnim": false,
				"mustHitSection": false,
				"changeBPM": false,
				"bpm": 185
			},
			{
				"sectionNotes": [],
				"typeOfSection": 0,
				"lengthInSteps": 16,
				"altAnim": false,
				"mustHitSection": false,
				"changeBPM": false,
				"bpm": 185
			},
			{
				"sectionNotes": [],
				"typeOfSection": 0,
				"lengthInSteps": 16,
				"altAnim": false,
				"mustHitSection": true,
				"changeBPM": false,
				"bpm": 185
			},
			{
				"sectionNotes": [],
				"typeOfSection": 0,
				"lengthInSteps": 16,
				"altAnim": false,
				"mustHitSection": true,
				"changeBPM": false,
				"bpm": 185
			},
			{
				"sectionNotes": [],
				"typeOfSection": 0,
				"lengthInSteps": 16,
				"altAnim": false,
				"mustHitSection": false,
				"changeBPM": false,
				"bpm": 185
			},
			{
				"sectionNotes": [],
				"typeOfSection": 0,
				"lengthInSteps": 16,
				"altAnim": false,
				"mustHitSection": false,
				"changeBPM": false,
				"bpm": 185
			},
			{
				"sectionNotes": [],
				"typeOfSection": 0,
				"lengthInSteps": 16,
				"altAnim": false,
				"mustHitSection": true,
				"changeBPM": false,
				"bpm": 185
			},
			{
				"sectionNotes": [],
				"typeOfSection": 0,
				"lengthInSteps": 16,
				"altAnim": false,
				"mustHitSection": true,
				"changeBPM": false,
				"bpm": 185
			},
			{
				"sectionNotes": [],
				"typeOfSection": 0,
				"lengthInSteps": 16,
				"altAnim": false,
				"mustHitSection": false,
				"changeBPM": false,
				"bpm": 185
			},
			{
				"sectionNotes": [],
				"typeOfSection": 0,
				"lengthInSteps": 16,
				"altAnim": false,
				"mustHitSection": false,
				"changeBPM": false,
				"bpm": 185
			},
			{
				"sectionNotes": [],
				"typeOfSection": 0,
				"lengthInSteps": 16,
				"altAnim": false,
				"mustHitSection": true,
				"changeBPM": false,
				"bpm": 185
			},
			{
				"sectionNotes": [],
				"typeOfSection": 0,
				"lengthInSteps": 16,
				"altAnim": false,
				"mustHitSection": true,
				"changeBPM": false,
				"bpm": 185
			},
			{
				"sectionNotes": [],
				"typeOfSection": 0,
				"lengthInSteps": 16,
				"altAnim": false,
				"mustHitSection": false,
				"changeBPM": false,
				"bpm": 185
			},
			{
				"sectionNotes": [],
				"typeOfSection": 0,
				"lengthInSteps": 16,
				"altAnim": false,
				"mustHitSection": false,
				"changeBPM": false,
				"bpm": 185
			},
			{
				"sectionNotes": [],
				"typeOfSection": 0,
				"lengthInSteps": 16,
				"altAnim": false,
				"mustHitSection": false,
				"changeBPM": false,
				"bpm": 185
			},
			{
				"sectionNotes": [],
				"typeOfSection": 0,
				"lengthInSteps": 16,
				"altAnim": false,
				"mustHitSection": false,
				"changeBPM": false,
				"bpm": 185
			},
			{
				"sectionNotes": [],
				"typeOfSection": 0,
				"lengthInSteps": 16,
				"altAnim": false,
				"mustHitSection": true,
				"changeBPM": false,
				"bpm": 185
			},
			{
				"sectionNotes": [],
				"typeOfSection": 0,
				"lengthInSteps": 16,
				"altAnim": false,
				"mustHitSection": true,
				"changeBPM": false,
				"bpm": 185
			},
			{
				"sectionNotes": [],
				"typeOfSection": 0,
				"lengthInSteps": 16,
				"altAnim": false,
				"mustHitSection": true,
				"changeBPM": false,
				"bpm": 185
			},
			{
				"sectionNotes": [],
				"typeOfSection": 0,
				"lengthInSteps": 16,
				"altAnim": false,
				"mustHitSection": true,
				"changeBPM": false,
				"bpm": 185
			},
			{
				"sectionNotes": [],
				"typeOfSection": 0,
				"lengthInSteps": 16,
				"altAnim": false,
				"mustHitSection": true,
				"changeBPM": false,
				"bpm": 185
			},
			{
				"sectionNotes": [],
				"typeOfSection": 0,
				"lengthInSteps": 16,
				"altAnim": false,
				"mustHitSection": true,
				"changeBPM": false,
				"bpm": 185
			},
			{
				"sectionNotes": [],
				"typeOfSection": 0,
				"lengthInSteps": 16,
				"altAnim": false,
				"mustHitSection": true,
				"changeBPM": false,
				"bpm": 185
			},
			{
				"lengthInSteps": 16,
				"typeOfSection": 0,
				"sectionNotes": [],
				"altAnim": false,
				"bpm": 185,
				"changeBPM": false,
				"mustHitSection": true
			},
			{
				"sectionNotes": [],
				"typeOfSection": 0,
				"lengthInSteps": 16,
				"altAnim": false,
				"mustHitSection": true,
				"changeBPM": false,
				"bpm": 185
			},
			{
				"lengthInSteps": 16,
				"typeOfSection": 0,
				"sectionNotes": [],
				"altAnim": false,
				"bpm": 185,
				"changeBPM": false,
				"mustHitSection": true
			},
			{
				"lengthInSteps": 16,
				"typeOfSection": 0,
				"sectionNotes": [],
				"altAnim": false,
				"bpm": 185,
				"changeBPM": false,
				"mustHitSection": true
			},
			{
				"sectionNotes": [],
				"typeOfSection": 0,
				"lengthInSteps": 16,
				"altAnim": false,
				"mustHitSection": true,
				"changeBPM": false,
				"bpm": 185
			},
			{
				"sectionNotes": [],
				"typeOfSection": 0,
				"lengthInSteps": 16,
				"altAnim": false,
				"mustHitSection": true,
				"changeBPM": false,
				"bpm": 185
			},
			{
				"lengthInSteps": 16,
				"typeOfSection": 0,
				"sectionNotes": [],
				"altAnim": false,
				"bpm": 185,
				"changeBPM": false,
				"mustHitSection": true
			},
			{
				"lengthInSteps": 16,
				"typeOfSection": 0,
				"sectionNotes": [],
				"altAnim": false,
				"bpm": 185,
				"changeBPM": false,
				"mustHitSection": true
			},
			{
				"lengthInSteps": 16,
				"typeOfSection": 0,
				"sectionNotes": [],
				"altAnim": false,
				"bpm": 185,
				"changeBPM": false,
				"mustHitSection": true
			},
			{
				"lengthInSteps": 16,
				"typeOfSection": 0,
				"sectionNotes": [],
				"altAnim": false,
				"bpm": 185,
				"changeBPM": false,
				"mustHitSection": true
			},
			{
				"lengthInSteps": 16,
				"typeOfSection": 0,
				"sectionNotes": [],
				"altAnim": false,
				"bpm": 185,
				"changeBPM": false,
				"mustHitSection": true
			},
			{
				"lengthInSteps": 16,
				"typeOfSection": 0,
				"sectionNotes": [],
				"altAnim": false,
				"bpm": 185,
				"changeBPM": false,
				"mustHitSection": true
			},
			{
				"lengthInSteps": 16,
				"typeOfSection": 0,
				"sectionNotes": [],
				"altAnim": false,
				"bpm": 185,
				"changeBPM": false,
				"mustHitSection": true
			},
			{
				"sectionNotes": [],
				"typeOfSection": 0,
				"lengthInSteps": 16,
				"altAnim": false,
				"mustHitSection": true,
				"changeBPM": false,
				"bpm": 185
			},
			{
				"sectionNotes": [],
				"typeOfSection": 0,
				"lengthInSteps": 16,
				"altAnim": false,
				"mustHitSection": true,
				"changeBPM": false,
				"bpm": 185
			},
			{
				"lengthInSteps": 16,
				"typeOfSection": 0,
				"sectionNotes": [],
				"altAnim": false,
				"bpm": 185,
				"changeBPM": false,
				"mustHitSection": true
			},
			{
				"lengthInSteps": 16,
				"typeOfSection": 0,
				"sectionNotes": [],
				"altAnim": false,
				"bpm": 185,
				"changeBPM": false,
				"mustHitSection": true
			},
			{
				"sectionNotes": [],
				"typeOfSection": 0,
				"lengthInSteps": 16,
				"altAnim": false,
				"mustHitSection": true,
				"changeBPM": false,
				"bpm": 185
			},
			{
				"sectionNotes": [],
				"typeOfSection": 0,
				"lengthInSteps": 16,
				"altAnim": false,
				"mustHitSection": true,
				"changeBPM": false,
				"bpm": 185
			},
			{
				"sectionNotes": [],
				"typeOfSection": 0,
				"lengthInSteps": 16,
				"altAnim": false,
				"mustHitSection": true,
				"changeBPM": false,
				"bpm": 185
			},
			{
				"lengthInSteps": 16,
				"typeOfSection": 0,
				"sectionNotes": [],
				"altAnim": false,
				"bpm": 185,
				"changeBPM": false,
				"mustHitSection": true
			},
			{
				"lengthInSteps": 16,
				"typeOfSection": 0,
				"sectionNotes": [],
				"altAnim": false,
				"bpm": 185,
				"changeBPM": false,
				"mustHitSection": true
			},
			{
				"lengthInSteps": 16,
				"typeOfSection": 0,
				"sectionNotes": [],
				"altAnim": false,
				"bpm": 185,
				"changeBPM": false,
				"mustHitSection": true
			},
			{
				"lengthInSteps": 16,
				"typeOfSection": 0,
				"sectionNotes": [],
				"altAnim": false,
				"bpm": 185,
				"changeBPM": false,
				"mustHitSection": true
			},
			{
				"lengthInSteps": 16,
				"typeOfSection": 0,
				"sectionNotes": [],
				"altAnim": false,
				"bpm": 185,
				"changeBPM": false,
				"mustHitSection": true
			},
			{
				"sectionNotes": [],
				"typeOfSection": 0,
				"lengthInSteps": 16,
				"altAnim": false,
				"mustHitSection": true,
				"changeBPM": false,
				"bpm": 124
			},
			{
				"sectionNotes": [],
				"typeOfSection": 0,
				"lengthInSteps": 16,
				"altAnim": false,
				"mustHitSection": true,
				"changeBPM": false,
				"bpm": 124
			},
			{
				"sectionNotes": [],
				"typeOfSection": 0,
				"lengthInSteps": 16,
				"altAnim": false,
				"mustHitSection": true,
				"changeBPM": false,
				"bpm": 124
			},
			{
				"sectionNotes": [],
				"typeOfSection": 0,
				"lengthInSteps": 16,
				"altAnim": false,
				"mustHitSection": true,
				"changeBPM": false,
				"bpm": 124
			},
			{
				"sectionNotes": [],
				"typeOfSection": 0,
				"lengthInSteps": 16,
				"altAnim": false,
				"mustHitSection": true,
				"changeBPM": false,
				"bpm": 124
			},
			{
				"sectionNotes": [],
				"typeOfSection": 0,
				"lengthInSteps": 16,
				"altAnim": false,
				"mustHitSection": true,
				"changeBPM": false,
				"bpm": 124
			},
			{
				"sectionNotes": [],
				"typeOfSection": 0,
				"lengthInSteps": 16,
				"altAnim": false,
				"mustHitSection": true,
				"changeBPM": false,
				"bpm": 124
			},
			{
				"sectionNotes": [],
				"typeOfSection": 0,
				"lengthInSteps": 16,
				"altAnim": false,
				"mustHitSection": true,
				"changeBPM": false,
				"bpm": 124
			},
			{
				"lengthInSteps": 16,
				"altAnim": false,
				"typeOfSection": 0,
				"sectionNotes": [],
				"bpm": 124,
				"changeBPM": false,
				"mustHitSection": true
			}
		],
		"player2": "calliope-rapper",
		"player3": "gf",
		"splashSkin": "noteSplashesHololive",
		"song": "Grim-Reaper",
		"stage": "stageFub",
		"arrowSkin": "new",
		"needsVoices": true,
		"validScore": true,
		"bpm": 124,
		"speed": 3,
		"noteStyle": "normal"
	}
}