{
	"song": {
		"player1": "bf",
		"sectionLengths": [],
		"notes": [
			{
				"typeOfSection": 0,
				"lengthInSteps": 16,
				"sectionNotes": [],
				"mustHitSection": false
			},
			{
				"typeOfSection": 0,
				"lengthInSteps": 16,
				"sectionNotes": [],
				"mustHitSection": true
			},
			{
				"typeOfSection": 0,
				"lengthInSteps": 16,
				"sectionNotes": [],
				"mustHitSection": false
			},
			{
				"typeOfSection": 0,
				"lengthInSteps": 16,
				"sectionNotes": [],
				"mustHitSection": true
			},
			{
				"typeOfSection": 0,
				"lengthInSteps": 16,
				"sectionNotes": [],
				"mustHitSection": false
			},
			{
				"typeOfSection": 0,
				"lengthInSteps": 16,
				"sectionNotes": [],
				"mustHitSection": false
			},
			{
				"typeOfSection": 0,
				"lengthInSteps": 16,
				"sectionNotes": [],
				"mustHitSection": true
			},
			{
				"typeOfSection": 0,
				"lengthInSteps": 16,
				"sectionNotes": [],
				"mustHitSection": true
			},
			{
				"typeOfSection": 0,
				"lengthInSteps": 16,
				"sectionNotes": [
					[
						10666.6666666667,
						2,
						0
					],
					[
						10833.3333333333,
						0,
						0
					],
					[
						11000,
						2,
						0
					],
					[
						11166.6666666667,
						3,
						0
					],
					[
						11333.3333333333,
						1,
						0
					],
					[
						11500,
						3,
						0
					],
					[
						11666.6666666667,
						1,
						0
					],
					[
						11833.3333333333,
						0,
						0
					]
				],
				"mustHitSection": false
			},
			{
				"typeOfSection": 0,
				"lengthInSteps": 16,
				"sectionNotes": [
					[
						12000,
						1,
						0
					],
					[
						12166.6666666667,
						3,
						0
					],
					[
						12250,
						1,
						0
					],
					[
						12333.3333333333,
						2,
						83.3333333333333
					],
					[
						12500,
						3,
						0
					],
					[
						12666.6666666667,
						1,
						0
					],
					[
						12833.3333333333,
						3,
						0
					],
					[
						13000,
						2,
						250
					]
				],
				"mustHitSection": false
			},
			{
				"typeOfSection": 0,
				"lengthInSteps": 16,
				"sectionNotes": [
					[
						13333.3333333333,
						0,
						0
					],
					[
						13500,
						1,
						0
					],
					[
						13666.6666666667,
						3,
						0
					],
					[
						13833.3333333333,
						1,
						0
					],
					[
						14000,
						2,
						83.3333333333333
					],
					[
						14166.6666666667,
						0,
						83.3333333333333
					],
					[
						14333.3333333333,
						1,
						83.3333333333333
					],
					[
						14500,
						3,
						83.3333333333333
					]
				],
				"mustHitSection": false
			},
			{
				"typeOfSection": 0,
				"lengthInSteps": 16,
				"sectionNotes": [
					[
						14666.6666666667,
						1,
						0
					],
					[
						15000,
						0,
						83.3333333333333
					],
					[
						14916.6666666667,
						2,
						0
					],
					[
						14833.3333333333,
						1,
						0
					],
					[
						15166.6666666667,
						3,
						0
					],
					[
						15333.3333333333,
						1,
						0
					],
					[
						15500,
						3,
						0
					],
					[
						15666.6666666667,
						2,
						0
					],
					[
						15833.3333333333,
						0,
						0
					]
				],
				"mustHitSection": false
			},
			{
				"typeOfSection": 0,
				"lengthInSteps": 16,
				"sectionNotes": [
					[
						16000,
						6,
						166.666666666667
					],
					[
						16000,
						2,
						0
					],
					[
						16166.6666666667,
						0,
						0
					],
					[
						16333.3333333333,
						2,
						0
					],
					[
						16500,
						3,
						0
					],
					[
						16666.6666666667,
						1,
						0
					],
					[
						16833.3333333333,
						3,
						0
					],
					[
						17000,
						1,
						0
					],
					[
						17166.6666666667,
						0,
						0
					]
				],
				"mustHitSection": true
			},
			{
				"typeOfSection": 0,
				"lengthInSteps": 16,
				"sectionNotes": [
					[
						17333.3333333333,
						1,
						0
					],
					[
						17500,
						3,
						0
					],
					[
						17583.3333333333,
						1,
						0
					],
					[
						17666.6666666667,
						2,
						83.3333333333333
					],
					[
						17833.3333333333,
						3,
						0
					],
					[
						18000,
						1,
						0
					],
					[
						18166.6666666667,
						3,
						0
					],
					[
						18333.3333333333,
						2,
						250
					]
				],
				"mustHitSection": true
			},
			{
				"typeOfSection": 0,
				"lengthInSteps": 16,
				"sectionNotes": [
					[
						18666.6666666667,
						0,
						0
					],
					[
						18833.3333333333,
						1,
						0
					],
					[
						19000,
						3,
						0
					],
					[
						19166.6666666667,
						1,
						0
					],
					[
						19333.3333333333,
						2,
						83.3333333333333
					],
					[
						19500,
						0,
						83.3333333333333
					],
					[
						19666.6666666667,
						1,
						83.3333333333333
					],
					[
						19833.3333333333,
						3,
						83.3333333333333
					]
				],
				"mustHitSection": true
			},
			{
				"typeOfSection": 0,
				"lengthInSteps": 16,
				"sectionNotes": [
					[
						20000,
						1,
						0
					],
					[
						20333.3333333333,
						0,
						83.3333333333333
					],
					[
						20250,
						2,
						0
					],
					[
						20166.6666666667,
						1,
						0
					],
					[
						20500,
						3,
						0
					],
					[
						20666.6666666667,
						1,
						0
					],
					[
						20833.3333333333,
						3,
						0
					],
					[
						21000,
						2,
						0
					],
					[
						21166.6666666667,
						0,
						0
					]
				],
				"mustHitSection": true
			},
			{
				"typeOfSection": 0,
				"lengthInSteps": 16,
				"sectionNotes": [
					[
						21333.3333333333,
						7,
						250
					],
					[
						21333.3333333333,
						1,
						250
					],
					[
						21666.6666666667,
						3,
						0
					],
					[
						21833.3333333333,
						0,
						0
					],
					[
						22000,
						2,
						0
					],
					[
						22166.6666666667,
						1,
						0
					],
					[
						22333.3333333333,
						3,
						250
					]
				],
				"gfSection": true,
				"mustHitSection": false
			},
			{
				"typeOfSection": 0,
				"lengthInSteps": 16,
				"sectionNotes": [
					[
						22666.6666666667,
						1,
						0
					],
					[
						22833.3333333333,
						3,
						0
					],
					[
						23000,
						2,
						0
					],
					[
						23166.6666666667,
						2,
						0
					],
					[
						23333.3333333333,
						0,
						0
					],
					[
						23500,
						1,
						0
					],
					[
						23666.6666666667,
						3,
						0
					],
					[
						23833.3333333333,
						1,
						0
					]
				],
				"gfSection": true,
				"mustHitSection": false
			},
			{
				"typeOfSection": 0,
				"lengthInSteps": 16,
				"sectionNotes": [
					[
						24000,
						2,
						0
					],
					[
						24166.6666666667,
						3,
						0
					],
					[
						24333.3333333333,
						1,
						0
					],
					[
						24500,
						3,
						0
					],
					[
						24666.6666666667,
						2,
						0
					],
					[
						24833.3333333333,
						0,
						0
					],
					[
						25000,
						2,
						0
					],
					[
						25166.6666666667,
						2,
						0
					]
				],
				"gfSection": true,
				"mustHitSection": false
			},
			{
				"typeOfSection": 0,
				"lengthInSteps": 16,
				"sectionNotes": [
					[
						25333.3333333333,
						3,
						0
					],
					[
						25500,
						3,
						0
					],
					[
						25583.3333333333,
						0,
						0
					],
					[
						25666.6666666667,
						1,
						83.3333333333333
					],
					[
						25833.3333333333,
						3,
						0
					],
					[
						26000,
						2,
						0
					],
					[
						26166.6666666667,
						1,
						0
					],
					[
						26333.3333333333,
						2,
						0
					],
					[
						26500,
						0,
						0
					]
				],
				"gfSection": true,
				"mustHitSection": false
			},
			{
				"typeOfSection": 0,
				"lengthInSteps": 16,
				"sectionNotes": [
					[
						26666.6666666667,
						5,
						250,
						"GF Sing"
					],
					[
						26666.6666666667,
						1,
						250
					],
					[
						27000,
						3,
						0
					],
					[
						27166.6666666667,
						0,
						0
					],
					[
						27333.3333333333,
						2,
						0
					],
					[
						27500,
						1,
						0
					],
					[
						27666.6666666667,
						3,
						250
					]
				],
				"mustHitSection": true
			},
			{
				"typeOfSection": 0,
				"lengthInSteps": 16,
				"sectionNotes": [
					[
						28000,
						1,
						0
					],
					[
						28166.6666666667,
						3,
						0
					],
					[
						28333.3333333333,
						2,
						0
					],
					[
						28500,
						2,
						0
					],
					[
						28666.6666666667,
						0,
						0
					],
					[
						28833.3333333333,
						1,
						0
					],
					[
						29000,
						3,
						0
					],
					[
						29166.6666666667,
						1,
						0
					]
				],
				"mustHitSection": true
			},
			{
				"typeOfSection": 0,
				"lengthInSteps": 16,
				"sectionNotes": [
					[
						29333.3333333333,
						2,
						0
					],
					[
						29500,
						3,
						0
					],
					[
						29666.6666666667,
						1,
						0
					],
					[
						29833.3333333333,
						3,
						0
					],
					[
						30000,
						2,
						0
					],
					[
						30166.6666666667,
						0,
						0
					],
					[
						30333.3333333333,
						2,
						0
					],
					[
						30500,
						2,
						0
					]
				],
				"mustHitSection": true
			},
			{
				"typeOfSection": 0,
				"lengthInSteps": 16,
				"sectionNotes": [
					[
						30666.6666666667,
						3,
						0
					],
					[
						30833.3333333333,
						3,
						0
					],
					[
						30916.6666666667,
						0,
						0
					],
					[
						31000,
						1,
						83.3333333333333
					],
					[
						31166.6666666667,
						3,
						0
					],
					[
						31333.3333333333,
						2,
						0
					],
					[
						31500,
						1,
						0
					],
					[
						31666.6666666667,
						2,
						0
					],
					[
						31833.3333333333,
						0,
						0
					]
				],
				"mustHitSection": true
			},
			{
				"typeOfSection": 0,
				"lengthInSteps": 16,
				"sectionNotes": [
					[
						32000,
						1,
						250
					],
					[
						33000,
						1,
						83.3333333333333
					],
					[
						33166.6666666667,
						3,
						83.3333333333333
					]
				],
				"mustHitSection": true
			},
			{
				"typeOfSection": 0,
				"lengthInSteps": 16,
				"sectionNotes": [
					[
						33333.3333333333,
						0,
						250
					],
					[
						33666.6666666667,
						1,
						0
					],
					[
						33833.3333333333,
						2,
						0
					],
					[
						34500,
						3,
						0
					],
					[
						34166.6666666667,
						0,
						250
					]
				],
				"mustHitSection": true
			},
			{
				"typeOfSection": 0,
				"lengthInSteps": 16,
				"sectionNotes": [
					[
						34666.6666666667,
						0,
						583.333333333333
					],
					[
						35333.3333333333,
						1,
						583.333333333333
					]
				],
				"mustHitSection": true
			},
			{
				"sectionNotes": [
					[
						36000,
						2,
						250
					],
					[
						36333.3333333333,
						0,
						0
					],
					[
						36666.6666666667,
						3,
						250
					],
					[
						37000,
						1,
						0
					]
				],
				"typeOfSection": 0,
				"lengthInSteps": 16,
				"gfSection": false,
				"altAnim": false,
				"mustHitSection": true,
				"changeBPM": false,
				"bpm": 100
			},
			{
				"sectionNotes": [
					[
						37333.3333333333,
						1,
						0
					],
					[
						37500,
						3,
						0
					],
					[
						37666.6666666667,
						1,
						250
					],
					[
						38000,
						2,
						250
					],
					[
						38333.3333333333,
						1,
						0
					],
					[
						38500,
						3,
						0
					]
				],
				"typeOfSection": 0,
				"lengthInSteps": 16,
				"gfSection": false,
				"altAnim": false,
				"mustHitSection": true,
				"changeBPM": false,
				"bpm": 180
			},
			{
				"lengthInSteps": 16,
				"typeOfSection": 0,
				"sectionNotes": [
					[
						38666.6666666667,
						6,
						500
					],
					[
						38666.6666666667,
						1,
						0
					],
					[
						39000,
						1,
						0
					],
					[
						39166.6666666667,
						2,
						0
					],
					[
						39333.3333333333,
						0,
						0
					],
					[
						39500,
						3,
						0
					],
					[
						39666.6666666667,
						1,
						0
					],
					[
						39833.3333333333,
						2,
						0
					],
					[
						38750,
						2,
						0
					],
					[
						38833.3333333333,
						3,
						0
					]
				],
				"altAnim": false,
				"gfSection": false,
				"bpm": 180,
				"changeBPM": false,
				"mustHitSection": false
			},
			{
				"sectionNotes": [
					[
						40000,
						3,
						0
					],
					[
						40166.6666666667,
						0,
						0
					],
					[
						40333.3333333333,
						3,
						0
					],
					[
						40500,
						1,
						0
					],
					[
						40666.6666666667,
						3,
						0
					],
					[
						40833.3333333333,
						1,
						0
					],
					[
						41000,
						0,
						250
					]
				],
				"typeOfSection": 0,
				"lengthInSteps": 16,
				"gfSection": false,
				"altAnim": false,
				"mustHitSection": false,
				"changeBPM": false,
				"bpm": 180
			},
			{
				"lengthInSteps": 16,
				"typeOfSection": 0,
				"sectionNotes": [
					[
						41333.3333333333,
						1,
						0
					],
					[
						41416.6666666667,
						2,
						0
					],
					[
						41500,
						3,
						0
					],
					[
						41583.3333333333,
						1,
						0
					],
					[
						41666.6666666667,
						2,
						0
					],
					[
						41750,
						3,
						0
					],
					[
						41833.3333333333,
						2,
						0
					],
					[
						42000,
						0,
						0
					],
					[
						42166.6666666667,
						1,
						0
					],
					[
						42500,
						3,
						0
					],
					[
						42333.3333333333,
						0,
						0
					]
				],
				"altAnim": false,
				"gfSection": false,
				"bpm": 180,
				"changeBPM": false,
				"mustHitSection": false
			},
			{
				"lengthInSteps": 16,
				"typeOfSection": 0,
				"sectionNotes": [
					[
						42666.6666666667,
						2,
						0
					],
					[
						43000,
						1,
						0
					],
					[
						43166.6666666667,
						3,
						0
					],
					[
						43333.3333333333,
						2,
						0
					],
					[
						43500,
						0,
						0
					],
					[
						43666.6666666667,
						1,
						0
					],
					[
						43750,
						3,
						0
					],
					[
						43833.3333333333,
						0,
						83.3333333333333
					]
				],
				"altAnim": false,
				"gfSection": false,
				"bpm": 180,
				"changeBPM": false,
				"mustHitSection": false
			},
			{
				"lengthInSteps": 16,
				"typeOfSection": 0,
				"sectionNotes": [
					[
						44000,
						1,
						0
					],
					[
						44333.3333333333,
						1,
						0
					],
					[
						44500,
						2,
						0
					],
					[
						44666.6666666667,
						0,
						0
					],
					[
						44833.3333333333,
						3,
						0
					],
					[
						45000,
						1,
						0
					],
					[
						45166.6666666667,
						2,
						0
					],
					[
						44083.3333333333,
						2,
						0
					],
					[
						44166.6666666667,
						3,
						0
					],
					[
						44000,
						6,
						250
					]
				],
				"altAnim": false,
				"gfSection": false,
				"bpm": 180,
				"changeBPM": false,
				"mustHitSection": true
			},
			{
				"lengthInSteps": 16,
				"typeOfSection": 0,
				"sectionNotes": [
					[
						45333.3333333333,
						3,
						0
					],
					[
						45500,
						0,
						0
					],
					[
						45666.6666666667,
						3,
						0
					],
					[
						45833.3333333333,
						1,
						0
					],
					[
						46000,
						3,
						0
					],
					[
						46166.6666666667,
						1,
						0
					],
					[
						46333.3333333333,
						2,
						250
					]
				],
				"altAnim": false,
				"gfSection": false,
				"bpm": 180,
				"changeBPM": false,
				"mustHitSection": true
			},
			{
				"sectionNotes": [
					[
						46666.6666666667,
						1,
						0
					],
					[
						46750,
						2,
						0
					],
					[
						46833.3333333333,
						3,
						0
					],
					[
						46916.6666666667,
						1,
						0
					],
					[
						47000,
						2,
						0
					],
					[
						47083.3333333333,
						3,
						0
					],
					[
						47166.6666666667,
						2,
						0
					],
					[
						47333.3333333333,
						0,
						0
					],
					[
						47500,
						1,
						0
					],
					[
						47833.3333333333,
						3,
						0
					],
					[
						47666.6666666667,
						0,
						0
					]
				],
				"typeOfSection": 0,
				"lengthInSteps": 16,
				"gfSection": false,
				"altAnim": false,
				"mustHitSection": true,
				"changeBPM": false,
				"bpm": 180
			},
			{
				"sectionNotes": [
					[
						48000,
						2,
						0
					],
					[
						48333.3333333333,
						1,
						0
					],
					[
						48500,
						3,
						0
					],
					[
						48666.6666666667,
						2,
						0
					],
					[
						48833.3333333333,
						0,
						0
					],
					[
						49000,
						1,
						0
					],
					[
						49083.3333333333,
						3,
						0
					],
					[
						49166.6666666667,
						0,
						83.3333333333333
					]
				],
				"typeOfSection": 0,
				"lengthInSteps": 16,
				"gfSection": false,
				"altAnim": false,
				"mustHitSection": true,
				"changeBPM": false,
				"bpm": 180
			},
			{
				"sectionNotes": [
					[
						49333.3333333334,
						7,
						333.333333333333
					],
					[
						49333.3333333334,
						1,
						0
					],
					[
						49500,
						3,
						0
					],
					[
						49666.6666666667,
						1,
						0
					],
					[
						49833.3333333334,
						2,
						0
					],
					[
						50000,
						0,
						0
					],
					[
						50166.6666666667,
						2,
						0
					],
					[
						50333.3333333334,
						1,
						250
					]
				],
				"typeOfSection": 0,
				"lengthInSteps": 16,
				"gfSection": true,
				"altAnim": false,
				"mustHitSection": false,
				"changeBPM": false,
				"bpm": 180
			},
			{
				"sectionNotes": [
					[
						50666.6666666667,
						3,
						0
					],
					[
						50833.3333333334,
						2,
						0
					],
					[
						51000,
						3,
						0
					],
					[
						51166.6666666667,
						1,
						0
					],
					[
						51333.3333333334,
						2,
						0
					],
					[
						51500,
						0,
						0
					],
					[
						51666.6666666667,
						1,
						250
					]
				],
				"typeOfSection": 0,
				"lengthInSteps": 16,
				"gfSection": true,
				"altAnim": false,
				"mustHitSection": false,
				"changeBPM": false,
				"bpm": 180
			},
			{
				"sectionNotes": [
					[
						52000,
						2,
						83.3333333333333
					],
					[
						52166.6666666667,
						1,
						83.3333333333333
					],
					[
						52333.3333333334,
						3,
						83.3333333333333
					],
					[
						52500,
						1,
						83.3333333333333
					],
					[
						52666.6666666667,
						2,
						83.3333333333333
					],
					[
						52833.3333333334,
						0,
						0
					],
					[
						53000,
						1,
						250
					]
				],
				"typeOfSection": 0,
				"lengthInSteps": 16,
				"gfSection": true,
				"altAnim": false,
				"mustHitSection": false,
				"changeBPM": false,
				"bpm": 180
			},
			{
				"sectionNotes": [
					[
						53333.3333333334,
						2,
						0
					],
					[
						53500,
						3,
						0
					],
					[
						53666.6666666667,
						1,
						0
					],
					[
						53833.3333333334,
						3,
						0
					],
					[
						54000,
						1,
						0
					],
					[
						54166.6666666667,
						2,
						0
					],
					[
						54333.3333333334,
						0,
						0
					],
					[
						54500,
						1,
						0
					]
				],
				"typeOfSection": 0,
				"lengthInSteps": 16,
				"gfSection": true,
				"altAnim": false,
				"mustHitSection": false,
				"changeBPM": false,
				"bpm": 180
			},
			{
				"sectionNotes": [
					[
						54666.6666666667,
						1,
						0
					],
					[
						54833.3333333334,
						3,
						0
					],
					[
						55000,
						1,
						0
					],
					[
						55166.6666666667,
						2,
						0
					],
					[
						55333.3333333334,
						0,
						0
					],
					[
						55500,
						2,
						0
					],
					[
						55666.6666666667,
						1,
						250
					],
					[
						54666.6666666667,
						7,
						333.333333333333,
						"GF Sing"
					]
				],
				"typeOfSection": 0,
				"lengthInSteps": 16,
				"gfSection": false,
				"altAnim": false,
				"mustHitSection": true,
				"changeBPM": false,
				"bpm": 180
			},
			{
				"sectionNotes": [
					[
						56000,
						3,
						0
					],
					[
						56166.6666666667,
						2,
						0
					],
					[
						56333.3333333334,
						3,
						0
					],
					[
						56500,
						1,
						0
					],
					[
						56666.6666666667,
						2,
						0
					],
					[
						56833.3333333334,
						0,
						0
					],
					[
						57000,
						2,
						250
					]
				],
				"typeOfSection": 0,
				"lengthInSteps": 16,
				"gfSection": false,
				"altAnim": false,
				"mustHitSection": true,
				"changeBPM": false,
				"bpm": 180
			},
			{
				"lengthInSteps": 16,
				"typeOfSection": 0,
				"sectionNotes": [
					[
						57500,
						1,
						83.3333333333333
					],
					[
						57666.6666666667,
						3,
						83.3333333333333
					],
					[
						57833.3333333334,
						1,
						83.3333333333333
					],
					[
						58000,
						2,
						83.3333333333333
					],
					[
						58166.6666666667,
						0,
						0
					],
					[
						58333.3333333334,
						1,
						250
					],
					[
						57333.3333333334,
						3,
						83.3333333333333
					]
				],
				"altAnim": false,
				"gfSection": false,
				"bpm": 180,
				"changeBPM": false,
				"mustHitSection": true
			},
			{
				"lengthInSteps": 16,
				"typeOfSection": 0,
				"sectionNotes": [
					[
						58666.6666666667,
						2,
						0
					],
					[
						58833.3333333334,
						3,
						0
					],
					[
						59000,
						1,
						0
					],
					[
						59166.6666666667,
						3,
						0
					],
					[
						59333.3333333334,
						1,
						0
					],
					[
						59500,
						2,
						0
					],
					[
						59666.6666666667,
						0,
						0
					],
					[
						59833.3333333334,
						1,
						0
					]
				],
				"altAnim": false,
				"gfSection": false,
				"bpm": 180,
				"changeBPM": false,
				"mustHitSection": true
			},
			{
				"lengthInSteps": 16,
				"typeOfSection": 0,
				"sectionNotes": [
					[
						60000,
						7,
						333.333333333333
					],
					[
						60000,
						2,
						0
					],
					[
						60166.6666666667,
						0,
						0
					],
					[
						60333.3333333334,
						2,
						0
					],
					[
						60416.6666666667,
						1,
						0
					],
					[
						60500,
						3,
						83.3333333333333
					],
					[
						60666.6666666667,
						0,
						83.3333333333333
					],
					[
						60833.3333333334,
						1,
						0
					],
					[
						61000,
						3,
						250
					]
				],
				"altAnim": false,
				"gfSection": false,
				"bpm": 180,
				"changeBPM": false,
				"mustHitSection": false
			},
			{
				"lengthInSteps": 16,
				"typeOfSection": 0,
				"sectionNotes": [
					[
						61333.3333333334,
						1,
						0
					],
					[
						61500,
						3,
						0
					],
					[
						61666.6666666667,
						2,
						0
					],
					[
						61833.3333333334,
						0,
						0
					],
					[
						62000,
						1,
						0
					],
					[
						62166.6666666667,
						3,
						0
					],
					[
						62333.3333333334,
						2,
						0
					],
					[
						62500,
						1,
						0
					],
					[
						62583.3333333334,
						3,
						0
					]
				],
				"altAnim": false,
				"gfSection": false,
				"bpm": 180,
				"changeBPM": false,
				"mustHitSection": false
			},
			{
				"lengthInSteps": 16,
				"typeOfSection": 0,
				"sectionNotes": [
					[
						62666.6666666667,
						2,
						83.3333333333333
					],
					[
						63000,
						0,
						83.3333333333333
					],
					[
						63166.6666666667,
						1,
						83.3333333333333
					],
					[
						63333.3333333334,
						3,
						83.3333333333333
					],
					[
						63500,
						2,
						83.3333333333333
					],
					[
						63666.6666666667,
						3,
						0
					],
					[
						63833.3333333334,
						1,
						0
					]
				],
				"altAnim": false,
				"gfSection": false,
				"bpm": 180,
				"changeBPM": false,
				"mustHitSection": false
			},
			{
				"lengthInSteps": 16,
				"typeOfSection": 0,
				"sectionNotes": [
					[
						64000,
						2,
						250
					],
					[
						64500,
						1,
						0
					],
					[
						64666.6666666667,
						3,
						0
					],
					[
						64833.3333333334,
						0,
						0
					],
					[
						65000,
						2,
						0
					],
					[
						65166.6666666667,
						1,
						0
					]
				],
				"altAnim": false,
				"gfSection": false,
				"bpm": 180,
				"changeBPM": false,
				"mustHitSection": false
			},
			{
				"lengthInSteps": 16,
				"typeOfSection": 0,
				"sectionNotes": [
					[
						65333.3333333334,
						6,
						250
					],
					[
						65333.3333333334,
						2,
						0
					],
					[
						65500,
						0,
						0
					],
					[
						65666.6666666667,
						2,
						0
					],
					[
						65750,
						1,
						0
					],
					[
						65833.3333333334,
						3,
						83.3333333333333
					],
					[
						66000,
						0,
						83.3333333333333
					],
					[
						66166.6666666667,
						1,
						0
					],
					[
						66333.3333333334,
						3,
						250
					]
				],
				"altAnim": false,
				"gfSection": false,
				"bpm": 180,
				"changeBPM": false,
				"mustHitSection": true
			},
			{
				"lengthInSteps": 16,
				"typeOfSection": 0,
				"sectionNotes": [
					[
						66666.6666666667,
						1,
						0
					],
					[
						66833.3333333334,
						3,
						0
					],
					[
						67000,
						2,
						0
					],
					[
						67166.6666666667,
						0,
						0
					],
					[
						67333.3333333334,
						1,
						0
					],
					[
						67500,
						3,
						0
					],
					[
						67666.6666666667,
						2,
						0
					],
					[
						67833.3333333334,
						1,
						0
					],
					[
						67916.6666666667,
						3,
						0
					]
				],
				"altAnim": false,
				"gfSection": false,
				"bpm": 180,
				"changeBPM": false,
				"mustHitSection": true
			},
			{
				"lengthInSteps": 16,
				"typeOfSection": 0,
				"sectionNotes": [
					[
						68000,
						2,
						83.3333333333333
					],
					[
						68333.3333333334,
						0,
						83.3333333333333
					],
					[
						68500,
						1,
						83.3333333333333
					],
					[
						68666.6666666667,
						3,
						83.3333333333333
					],
					[
						68833.3333333334,
						2,
						83.3333333333333
					],
					[
						69000,
						3,
						0
					],
					[
						69166.6666666667,
						1,
						0
					]
				],
				"altAnim": false,
				"gfSection": false,
				"bpm": 180,
				"changeBPM": false,
				"mustHitSection": true
			},
			{
				"lengthInSteps": 16,
				"typeOfSection": 0,
				"sectionNotes": [
					[
						69333.3333333334,
						2,
						250
					],
					[
						69833.3333333334,
						1,
						0
					],
					[
						70000,
						3,
						0
					],
					[
						70166.6666666667,
						0,
						0
					],
					[
						70333.3333333334,
						2,
						0
					],
					[
						70500,
						1,
						0
					]
				],
				"altAnim": false,
				"gfSection": false,
				"bpm": 180,
				"changeBPM": false,
				"mustHitSection": true
			},
			{
				"lengthInSteps": 16,
				"typeOfSection": 0,
				"sectionNotes": [
					[
						70666.6666666667,
						7,
						250
					],
					[
						70666.6666666667,
						1,
						250
					],
					[
						71000,
						2,
						250
					],
					[
						71666.6666666667,
						3,
						250
					],
					[
						71500,
						0,
						0
					],
					[
						71333.3333333334,
						0,
						0
					]
				],
				"altAnim": false,
				"gfSection": true,
				"bpm": 180,
				"changeBPM": false,
				"mustHitSection": false
			},
			{
				"lengthInSteps": 16,
				"typeOfSection": 0,
				"sectionNotes": [
					[
						72000,
						1,
						0
					],
					[
						72166.6666666667,
						3,
						0
					],
					[
						72333.3333333334,
						1,
						0
					],
					[
						72500,
						2,
						0
					],
					[
						72666.6666666667,
						0,
						0
					],
					[
						72833.3333333334,
						1,
						0
					],
					[
						73000,
						3,
						250
					]
				],
				"altAnim": false,
				"gfSection": true,
				"bpm": 180,
				"changeBPM": false,
				"mustHitSection": false
			},
			{
				"lengthInSteps": 16,
				"typeOfSection": 0,
				"sectionNotes": [
					[
						73333.3333333334,
						1,
						0
					],
					[
						73500,
						0,
						0
					],
					[
						73666.6666666667,
						3,
						0
					],
					[
						73833.3333333334,
						2,
						0
					],
					[
						74000,
						0,
						0
					],
					[
						74166.6666666667,
						2,
						0
					],
					[
						74333.3333333334,
						1,
						0
					],
					[
						74500,
						3,
						0
					]
				],
				"altAnim": false,
				"gfSection": true,
				"bpm": 180,
				"changeBPM": false,
				"mustHitSection": false
			},
			{
				"lengthInSteps": 16,
				"typeOfSection": 0,
				"sectionNotes": [
					[
						74666.6666666667,
						1,
						83.3333333333333
					],
					[
						75000,
						1,
						0
					],
					[
						75166.6666666667,
						2,
						0
					],
					[
						75333.3333333334,
						1,
						0
					],
					[
						75500,
						3,
						0
					],
					[
						75666.6666666667,
						1,
						83.3333333333333
					],
					[
						75833.3333333334,
						0,
						83.3333333333333
					]
				],
				"altAnim": false,
				"gfSection": true,
				"bpm": 180,
				"changeBPM": false,
				"mustHitSection": false
			},
			{
				"lengthInSteps": 16,
				"typeOfSection": 0,
				"sectionNotes": [
					[
						76000,
						6,
						250,
						"GF Sing"
					],
					[
						76000,
						0,
						250
					],
					[
						76333.3333333333,
						1,
						250
					],
					[
						76666.6666666667,
						3,
						0
					],
					[
						76833.3333333333,
						2,
						0
					],
					[
						77000,
						2,
						250
					]
				],
				"altAnim": false,
				"gfSection": false,
				"bpm": 180,
				"changeBPM": false,
				"mustHitSection": true
			},
			{
				"lengthInSteps": 16,
				"typeOfSection": 0,
				"sectionNotes": [
					[
						77333.3333333333,
						3,
						0
					],
					[
						77500,
						1,
						0
					],
					[
						77666.6666666667,
						2,
						0
					],
					[
						77833.3333333333,
						0,
						0
					],
					[
						78000,
						1,
						0
					],
					[
						78166.6666666667,
						3,
						0
					],
					[
						78333.3333333333,
						1,
						250
					]
				],
				"altAnim": false,
				"gfSection": false,
				"bpm": 180,
				"changeBPM": false,
				"mustHitSection": true
			},
			{
				"lengthInSteps": 16,
				"typeOfSection": 0,
				"sectionNotes": [
					[
						78666.6666666667,
						2,
						83.3333333333333
					],
					[
						78833.3333333333,
						1,
						0
					],
					[
						79000,
						2,
						0
					],
					[
						79166.6666666667,
						3,
						0
					],
					[
						79333.3333333333,
						2,
						0
					],
					[
						79500,
						1,
						0
					],
					[
						79666.6666666667,
						2,
						0
					],
					[
						79833.3333333333,
						0,
						0
					]
				],
				"altAnim": false,
				"gfSection": false,
				"bpm": 180,
				"changeBPM": false,
				"mustHitSection": true
			},
			{
				"lengthInSteps": 16,
				"typeOfSection": 0,
				"sectionNotes": [
					[
						80000,
						1,
						83.3333333333333
					],
					[
						80333.3333333333,
						1,
						0
					],
					[
						80500,
						2,
						0
					],
					[
						80666.6666666667,
						1,
						0
					],
					[
						81000,
						1,
						83.3333333333333
					],
					[
						80833.3333333333,
						0,
						0
					],
					[
						81166.6666666667,
						3,
						83.3333333333333
					]
				],
				"altAnim": false,
				"gfSection": false,
				"bpm": 180,
				"changeBPM": false,
				"mustHitSection": true
			},
			{
				"lengthInSteps": 16,
				"typeOfSection": 0,
				"sectionNotes": [
					[
						81333.3333333333,
						6,
						250
					],
					[
						81333.3333333333,
						2,
						0
					],
					[
						81500,
						0,
						0
					],
					[
						81833.3333333333,
						0,
						0
					],
					[
						81666.6666666667,
						3,
						0
					],
					[
						82000,
						3,
						0
					],
					[
						82166.6666666667,
						3,
						0
					],
					[
						82333.3333333333,
						1,
						250
					]
				],
				"altAnim": false,
				"gfSection": false,
				"bpm": 180,
				"changeBPM": false,
				"mustHitSection": false
			},
			{
				"lengthInSteps": 16,
				"typeOfSection": 0,
				"sectionNotes": [
					[
						82666.6666666667,
						2,
						83.3333333333333
					],
					[
						82833.3333333333,
						0,
						0
					],
					[
						83000,
						3,
						0
					],
					[
						83166.6666666667,
						1,
						0
					],
					[
						83333.3333333333,
						3,
						250
					],
					[
						83666.6666666667,
						1,
						250
					]
				],
				"altAnim": false,
				"gfSection": false,
				"bpm": 180,
				"changeBPM": false,
				"mustHitSection": false
			},
			{
				"lengthInSteps": 16,
				"typeOfSection": 0,
				"sectionNotes": [
					[
						84000,
						0,
						0
					],
					[
						84166.6666666667,
						3,
						0
					],
					[
						84333.3333333333,
						0,
						0
					],
					[
						84500,
						3,
						0
					],
					[
						84666.6666666667,
						1,
						0
					],
					[
						84833.3333333333,
						3,
						0
					],
					[
						85000,
						2,
						0
					],
					[
						85166.6666666667,
						0,
						0
					]
				],
				"altAnim": false,
				"gfSection": false,
				"bpm": 180,
				"changeBPM": false,
				"mustHitSection": false
			},
			{
				"lengthInSteps": 16,
				"typeOfSection": 0,
				"sectionNotes": [
					[
						85333.3333333333,
						1,
						83.3333333333333
					],
					[
						85666.6666666666,
						1,
						0
					],
					[
						85833.3333333333,
						3,
						0
					],
					[
						86000,
						1,
						0
					],
					[
						86166.6666666666,
						2,
						0
					],
					[
						86333.3333333333,
						1,
						0
					],
					[
						86500,
						0,
						0
					]
				],
				"altAnim": false,
				"gfSection": false,
				"bpm": 180,
				"changeBPM": false,
				"mustHitSection": false
			},
			{
				"lengthInSteps": 16,
				"typeOfSection": 0,
				"sectionNotes": [
					[
						86666.6666666667,
						2,
						0
					],
					[
						86833.3333333333,
						0,
						0
					],
					[
						87166.6666666667,
						0,
						0
					],
					[
						87000,
						3,
						0
					],
					[
						87333.3333333333,
						3,
						0
					],
					[
						87500,
						3,
						0
					],
					[
						87666.6666666667,
						1,
						250
					],
					[
						86666.6666666666,
						6,
						250
					]
				],
				"altAnim": false,
				"gfSection": false,
				"bpm": 180,
				"changeBPM": false,
				"mustHitSection": true
			},
			{
				"lengthInSteps": 16,
				"typeOfSection": 0,
				"sectionNotes": [
					[
						88000,
						2,
						83.3333333333333
					],
					[
						88166.6666666667,
						0,
						0
					],
					[
						88333.3333333333,
						3,
						0
					],
					[
						88500,
						1,
						0
					],
					[
						88666.6666666667,
						3,
						250
					],
					[
						89000,
						1,
						250
					]
				],
				"altAnim": false,
				"gfSection": false,
				"bpm": 180,
				"changeBPM": false,
				"mustHitSection": true
			},
			{
				"lengthInSteps": 16,
				"typeOfSection": 0,
				"sectionNotes": [
					[
						89333.3333333333,
						0,
						0
					],
					[
						89500,
						3,
						0
					],
					[
						89666.6666666666,
						0,
						0
					],
					[
						89833.3333333333,
						3,
						0
					],
					[
						90000,
						1,
						0
					],
					[
						90166.6666666666,
						3,
						0
					],
					[
						90333.3333333333,
						2,
						0
					],
					[
						90500,
						0,
						0
					]
				],
				"altAnim": false,
				"gfSection": false,
				"bpm": 180,
				"changeBPM": false,
				"mustHitSection": true
			},
			{
				"lengthInSteps": 16,
				"typeOfSection": 0,
				"sectionNotes": [
					[
						90666.6666666666,
						1,
						83.3333333333333
					],
					[
						91000,
						1,
						0
					],
					[
						91166.6666666666,
						3,
						0
					],
					[
						91333.3333333333,
						1,
						0
					],
					[
						91500,
						2,
						0
					],
					[
						91666.6666666666,
						1,
						0
					],
					[
						91833.3333333333,
						0,
						0
					]
				],
				"altAnim": false,
				"gfSection": false,
				"bpm": 180,
				"changeBPM": false,
				"mustHitSection": true
			},
			{
				"lengthInSteps": 16,
				"typeOfSection": 0,
				"sectionNotes": [
					[
						92000,
						7,
						250
					],
					[
						92000,
						1,
						83.3333333333333
					],
					[
						92166.6666666666,
						0,
						0
					],
					[
						92250,
						1,
						0
					],
					[
						92333.3333333333,
						3,
						250
					],
					[
						92666.6666666666,
						1,
						83.3333333333333
					],
					[
						92833.3333333333,
						2,
						0
					],
					[
						92916.6666666666,
						0,
						0
					],
					[
						93000,
						1,
						250
					]
				],
				"altAnim": false,
				"gfSection": true,
				"bpm": 180,
				"changeBPM": false,
				"mustHitSection": false
			},
			{
				"lengthInSteps": 16,
				"typeOfSection": 0,
				"sectionNotes": [
					[
						93500,
						1,
						0
					],
					[
						93583.3333333333,
						0,
						0
					],
					[
						93333.3333333333,
						2,
						83.3333333333333
					],
					[
						93666.6666666666,
						3,
						83.3333333333333
					],
					[
						94000,
						2,
						250
					],
					[
						94333.3333333333,
						1,
						250
					],
					[
						93833.3333333333,
						0,
						83.3333333333333
					]
				],
				"altAnim": false,
				"gfSection": true,
				"bpm": 180,
				"changeBPM": false,
				"mustHitSection": false
			},
			{
				"lengthInSteps": 16,
				"typeOfSection": 0,
				"sectionNotes": [
					[
						94999.9999999999,
						2,
						250
					],
					[
						95333.3333333333,
						1,
						0
					],
					[
						95499.9999999999,
						3,
						0
					],
					[
						95666.6666666666,
						1,
						250
					],
					[
						94666.6666666666,
						3,
						83.3333333333333
					],
					[
						94833.3333333333,
						1,
						83.3333333333333
					]
				],
				"altAnim": false,
				"gfSection": true,
				"bpm": 180,
				"changeBPM": false,
				"mustHitSection": false
			},
			{
				"lengthInSteps": 16,
				"typeOfSection": 0,
				"sectionNotes": [
					[
						95999.9999999999,
						2,
						0
					],
					[
						96166.6666666666,
						2,
						0
					],
					[
						96333.3333333333,
						1,
						83.3333333333334
					],
					[
						96499.9999999999,
						3,
						0
					],
					[
						96666.6666666666,
						1,
						0
					],
					[
						96833.3333333333,
						2,
						0
					],
					[
						96999.9999999999,
						1,
						83.3333333333333
					],
					[
						97166.6666666666,
						0,
						83.3333333333333
					]
				],
				"altAnim": false,
				"gfSection": true,
				"bpm": 180,
				"changeBPM": false,
				"mustHitSection": false
			},
			{
				"lengthInSteps": 16,
				"typeOfSection": 0,
				"sectionNotes": [
					[
						97333.3333333333,
						6,
						250
					],
					[
						98333.3333333333,
						1,
						250
					],
					[
						97666.6666666666,
						1,
						250
					],
					[
						97999.9999999999,
						3,
						0
					],
					[
						97333.3333333333,
						3,
						0
					],
					[
						97499.9999999999,
						0,
						0
					],
					[
						98166.6666666666,
						0,
						0
					]
				],
				"altAnim": false,
				"gfSection": false,
				"bpm": 180,
				"changeBPM": false,
				"mustHitSection": true
			},
			{
				"lengthInSteps": 16,
				"typeOfSection": 0,
				"sectionNotes": [
					[
						99666.6666666666,
						1,
						250
					],
					[
						99333.3333333333,
						2,
						250
					],
					[
						98666.6666666666,
						3,
						0
					],
					[
						98833.3333333333,
						1,
						0
					],
					[
						98999.9999999999,
						2,
						0
					],
					[
						99166.6666666666,
						0,
						0
					]
				],
				"altAnim": false,
				"gfSection": false,
				"bpm": 180,
				"changeBPM": false,
				"mustHitSection": true
			},
			{
				"lengthInSteps": 16,
				"typeOfSection": 0,
				"sectionNotes": [
					[
						100333.333333333,
						2,
						250
					],
					[
						100666.666666667,
						1,
						0
					],
					[
						101000,
						1,
						250
					],
					[
						99999.9999999999,
						3,
						83.3333333333333
					],
					[
						100166.666666667,
						1,
						83.3333333333333
					],
					[
						100833.333333333,
						0,
						0
					]
				],
				"altAnim": false,
				"gfSection": false,
				"bpm": 180,
				"changeBPM": false,
				"mustHitSection": true
			},
			{
				"lengthInSteps": 16,
				"typeOfSection": 0,
				"sectionNotes": [
					[
						101333.333333333,
						2,
						0
					],
					[
						101500,
						2,
						0
					],
					[
						101666.666666667,
						1,
						83.3333333333334
					],
					[
						101833.333333333,
						3,
						0
					],
					[
						102000,
						1,
						0
					],
					[
						102166.666666667,
						2,
						0
					],
					[
						102333.333333333,
						1,
						83.3333333333333
					],
					[
						102500,
						0,
						83.3333333333333
					]
				],
				"altAnim": false,
				"gfSection": false,
				"bpm": 180,
				"changeBPM": false,
				"mustHitSection": true
			},
			{
				"lengthInSteps": 16,
				"typeOfSection": 0,
				"sectionNotes": [
					[
						102666.666666667,
						6,
						333.333333333333
					],
					[
						102666.666666667,
						2,
						583.333333333333
					],
					[
						103666.666666667,
						1,
						0
					],
					[
						103833.333333333,
						3,
						0
					]
				],
				"altAnim": false,
				"gfSection": false,
				"bpm": 180,
				"changeBPM": false,
				"mustHitSection": false
			},
			{
				"lengthInSteps": 16,
				"typeOfSection": 0,
				"sectionNotes": [
					[
						104000,
						2,
						250
					],
					[
						104333.333333333,
						1,
						250
					],
					[
						104666.666666667,
						3,
						250
					],
					[
						105000,
						0,
						0
					],
					[
						105166.666666667,
						2,
						0
					]
				],
				"altAnim": false,
				"gfSection": false,
				"bpm": 180,
				"changeBPM": false,
				"mustHitSection": false
			},
			{
				"lengthInSteps": 16,
				"typeOfSection": 0,
				"sectionNotes": [
					[
						105333.333333333,
						1,
						500
					],
					[
						106333.333333333,
						1,
						0
					],
					[
						106500,
						3,
						0
					]
				],
				"altAnim": false,
				"gfSection": false,
				"bpm": 180,
				"changeBPM": false,
				"mustHitSection": false
			},
			{
				"lengthInSteps": 16,
				"typeOfSection": 0,
				"sectionNotes": [
					[
						106666.666666667,
						2,
						250
					],
					[
						107000,
						1,
						0
					],
					[
						107333.333333333,
						1,
						250
					],
					[
						107166.666666667,
						2,
						0
					],
					[
						107666.666666667,
						0,
						250
					]
				],
				"altAnim": false,
				"gfSection": false,
				"bpm": 180,
				"changeBPM": false,
				"mustHitSection": false
			},
			{
				"lengthInSteps": 16,
				"typeOfSection": 0,
				"sectionNotes": [
					[
						108000,
						2,
						583.333333333333
					],
					[
						109000,
						1,
						0
					],
					[
						109166.666666667,
						3,
						0
					],
					[
						108000,
						6,
						500
					]
				],
				"altAnim": false,
				"gfSection": false,
				"bpm": 180,
				"changeBPM": false,
				"mustHitSection": true
			},
			{
				"lengthInSteps": 16,
				"typeOfSection": 0,
				"sectionNotes": [
					[
						109333.333333333,
						2,
						250
					],
					[
						109666.666666667,
						1,
						250
					],
					[
						110000,
						3,
						250
					],
					[
						110333.333333333,
						0,
						0
					],
					[
						110500,
						2,
						0
					]
				],
				"altAnim": false,
				"gfSection": false,
				"bpm": 180,
				"changeBPM": false,
				"mustHitSection": true
			},
			{
				"lengthInSteps": 16,
				"typeOfSection": 0,
				"sectionNotes": [
					[
						110666.666666667,
						1,
						500
					],
					[
						111666.666666667,
						1,
						0
					],
					[
						111833.333333333,
						3,
						0
					]
				],
				"altAnim": false,
				"gfSection": false,
				"bpm": 180,
				"changeBPM": false,
				"mustHitSection": true
			},
			{
				"lengthInSteps": 16,
				"typeOfSection": 0,
				"sectionNotes": [
					[
						112000,
						2,
						250
					],
					[
						112333.333333333,
						1,
						0
					],
					[
						112666.666666667,
						1,
						250
					],
					[
						112500,
						2,
						0
					],
					[
						113000,
						0,
						250
					]
				],
				"altAnim": false,
				"gfSection": false,
				"bpm": 180,
				"changeBPM": false,
				"mustHitSection": true
			},
			{
				"lengthInSteps": 16,
				"typeOfSection": 0,
				"sectionNotes": [
					[
						113333.333333333,
						7,
						583.333333333333
					],
					[
						113333.333333333,
						1,
						250
					],
					[
						113666.666666667,
						3,
						0
					],
					[
						114000,
						0,
						250
					],
					[
						114333.333333333,
						1,
						0
					],
					[
						114500,
						3,
						0
					]
				],
				"altAnim": false,
				"gfSection": true,
				"bpm": 180,
				"changeBPM": false,
				"mustHitSection": false
			},
			{
				"lengthInSteps": 16,
				"typeOfSection": 0,
				"sectionNotes": [
					[
						114666.666666667,
						0,
						250
					],
					[
						115000,
						1,
						0
					],
					[
						115333.333333333,
						3,
						333.333333333333
					]
				],
				"altAnim": false,
				"gfSection": true,
				"bpm": 180,
				"changeBPM": false,
				"mustHitSection": false
			},
			{
				"lengthInSteps": 16,
				"typeOfSection": 0,
				"sectionNotes": [
					[
						116000,
						1,
						250
					],
					[
						116333.333333333,
						3,
						0
					],
					[
						116666.666666667,
						0,
						250
					],
					[
						117166.666666667,
						0,
						83.3333333333333
					]
				],
				"altAnim": false,
				"gfSection": true,
				"bpm": 180,
				"changeBPM": false,
				"mustHitSection": false
			},
			{
				"lengthInSteps": 16,
				"typeOfSection": 0,
				"sectionNotes": [
					[
						117333.333333333,
						2,
						250
					],
					[
						117666.666666667,
						1,
						0
					],
					[
						118000,
						1,
						250
					],
					[
						118333.333333333,
						3,
						250
					]
				],
				"altAnim": false,
				"gfSection": true,
				"bpm": 180,
				"changeBPM": false,
				"mustHitSection": false
			},
			{
				"lengthInSteps": 16,
				"typeOfSection": 0,
				"sectionNotes": [
					[
						118666.666666666,
						1,
						250
					],
					[
						119000,
						3,
						0
					],
					[
						119333.333333333,
						0,
						250
					],
					[
						119666.666666666,
						1,
						0
					],
					[
						119833.333333333,
						3,
						0
					],
					[
						118666.666666667,
						6,
						250,
						"GF Sing"
					]
				],
				"altAnim": false,
				"gfSection": false,
				"bpm": 180,
				"changeBPM": false,
				"mustHitSection": true
			},
			{
				"lengthInSteps": 16,
				"typeOfSection": 0,
				"sectionNotes": [
					[
						120000,
						0,
						250
					],
					[
						120333.333333333,
						1,
						0
					],
					[
						120666.666666667,
						3,
						583.333333333333
					]
				],
				"altAnim": false,
				"gfSection": false,
				"bpm": 180,
				"changeBPM": false,
				"mustHitSection": true
			},
			{
				"lengthInSteps": 16,
				"typeOfSection": 0,
				"sectionNotes": [
					[
						121333.333333333,
						1,
						250
					],
					[
						121666.666666666,
						3,
						0
					],
					[
						122000,
						0,
						250
					],
					[
						122500,
						0,
						83.3333333333333
					]
				],
				"altAnim": false,
				"gfSection": false,
				"bpm": 180,
				"changeBPM": false,
				"mustHitSection": true
			},
			{
				"lengthInSteps": 16,
				"typeOfSection": 0,
				"sectionNotes": [
					[
						122666.666666666,
						2,
						250
					],
					[
						123000,
						1,
						0
					],
					[
						123333.333333333,
						1,
						250
					],
					[
						123666.666666666,
						3,
						250
					]
				],
				"altAnim": false,
				"gfSection": false,
				"bpm": 180,
				"changeBPM": false,
				"mustHitSection": true
			},
			{
				"lengthInSteps": 16,
				"typeOfSection": 0,
				"sectionNotes": [
					[
						124000,
						5,
						583.333333333333
					],
					[
						124000,
						1,
						0
					],
					[
						124083.333333333,
						3,
						0
					],
					[
						124166.666666667,
						2,
						0
					],
					[
						124250,
						1,
						0
					],
					[
						124333.333333333,
						2,
						0
					],
					[
						124416.666666667,
						1,
						0
					],
					[
						124500,
						0,
						0
					],
					[
						124583.333333333,
						3,
						0
					],
					[
						124666.666666667,
						2,
						0
					],
					[
						124750,
						3,
						0
					],
					[
						124833.333333333,
						0,
						0
					],
					[
						125000,
						1,
						250
					]
				],
				"altAnim": false,
				"gfSection": false,
				"bpm": 180,
				"changeBPM": false,
				"mustHitSection": false
			},
			{
				"lengthInSteps": 16,
				"typeOfSection": 0,
				"sectionNotes": [
					[
						125333.333333333,
						3,
						0
					],
					[
						125500,
						1,
						0
					],
					[
						125833.333333333,
						0,
						0
					],
					[
						125916.666666666,
						1,
						0
					],
					[
						126000,
						3,
						0
					],
					[
						126083.333333333,
						2,
						0
					],
					[
						126166.666666666,
						0,
						83.3333333333333
					],
					[
						126333.333333333,
						1,
						83.3333333333333
					],
					[
						126500,
						3,
						0
					],
					[
						126583.333333333,
						2,
						0
					],
					[
						125416.666666666,
						2,
						0
					],
					[
						125583.333333333,
						3,
						0
					],
					[
						125666.666666666,
						2,
						83.3333333333333
					]
				],
				"altAnim": false,
				"gfSection": false,
				"bpm": 180,
				"changeBPM": false,
				"mustHitSection": false
			},
			{
				"lengthInSteps": 16,
				"typeOfSection": 0,
				"sectionNotes": [
					[
						126666.666666666,
						1,
						0
					],
					[
						127083.333333333,
						1,
						0
					],
					[
						127000,
						0,
						0
					],
					[
						127166.666666666,
						2,
						83.3333333333333
					],
					[
						127333.333333333,
						1,
						0
					],
					[
						127666.666666666,
						3,
						0
					],
					[
						127833.333333333,
						1,
						0
					]
				],
				"altAnim": false,
				"gfSection": false,
				"bpm": 180,
				"changeBPM": false,
				"mustHitSection": false
			},
			{
				"lengthInSteps": 16,
				"typeOfSection": 0,
				"sectionNotes": [
					[
						128000,
						2,
						0
					],
					[
						128083.333333333,
						1,
						0
					],
					[
						128166.666666666,
						2,
						0
					],
					[
						128250,
						1,
						0
					],
					[
						128333.333333333,
						3,
						0
					],
					[
						128416.666666666,
						2,
						0
					],
					[
						128500,
						1,
						0
					],
					[
						128583.333333333,
						0,
						0
					],
					[
						128666.666666666,
						2,
						83.3333333333333
					],
					[
						128833.333333333,
						3,
						83.3333333333333
					],
					[
						129000,
						1,
						83.3333333333333
					],
					[
						129166.666666666,
						0,
						83.3333333333333
					]
				],
				"altAnim": false,
				"gfSection": false,
				"bpm": 180,
				"changeBPM": false,
				"mustHitSection": false
			},
			{
				"sectionNotes": [
					[
						129333.333333333,
						6,
						250
					],
					[
						129333.333333333,
						1,
						0
					],
					[
						129416.666666666,
						3,
						0
					],
					[
						129500,
						2,
						0
					],
					[
						129583.333333333,
						1,
						0
					],
					[
						129666.666666666,
						2,
						0
					],
					[
						129750,
						1,
						0
					],
					[
						129833.333333333,
						0,
						0
					],
					[
						129916.666666666,
						3,
						0
					],
					[
						130000,
						2,
						0
					],
					[
						130083.333333333,
						3,
						0
					],
					[
						130166.666666666,
						0,
						0
					],
					[
						130333.333333333,
						1,
						250
					]
				],
				"typeOfSection": 0,
				"lengthInSteps": 16,
				"gfSection": false,
				"altAnim": false,
				"mustHitSection": true,
				"changeBPM": false,
				"bpm": 180
			},
			{
				"lengthInSteps": 16,
				"typeOfSection": 0,
				"sectionNotes": [
					[
						130666.666666666,
						3,
						0
					],
					[
						130833.333333333,
						1,
						0
					],
					[
						131166.666666667,
						0,
						0
					],
					[
						131250,
						1,
						0
					],
					[
						131333.333333333,
						3,
						0
					],
					[
						131416.666666667,
						2,
						0
					],
					[
						131500,
						0,
						83.3333333333333
					],
					[
						131666.666666667,
						1,
						83.3333333333333
					],
					[
						131833.333333333,
						3,
						0
					],
					[
						131916.666666667,
						2,
						0
					],
					[
						130750,
						2,
						0
					],
					[
						130916.666666666,
						3,
						0
					],
					[
						131000,
						2,
						83.3333333333333
					]
				],
				"altAnim": false,
				"gfSection": false,
				"bpm": 180,
				"changeBPM": false,
				"mustHitSection": true
			},
			{
				"lengthInSteps": 16,
				"typeOfSection": 0,
				"sectionNotes": [
					[
						132000,
						1,
						0
					],
					[
						132416.666666667,
						1,
						0
					],
					[
						132333.333333333,
						0,
						0
					],
					[
						132500,
						2,
						83.3333333333333
					],
					[
						132666.666666667,
						1,
						0
					],
					[
						133000,
						3,
						0
					],
					[
						133166.666666667,
						1,
						0
					]
				],
				"altAnim": false,
				"gfSection": false,
				"bpm": 180,
				"changeBPM": false,
				"mustHitSection": true
			},
			{
				"lengthInSteps": 16,
				"typeOfSection": 0,
				"sectionNotes": [
					[
						133333.333333333,
						2,
						0
					],
					[
						133416.666666666,
						1,
						0
					],
					[
						133500,
						2,
						0
					],
					[
						133583.333333333,
						1,
						0
					],
					[
						133666.666666666,
						3,
						0
					],
					[
						133750,
						2,
						0
					],
					[
						133833.333333333,
						1,
						0
					],
					[
						133916.666666666,
						0,
						0
					],
					[
						134000,
						2,
						83.3333333333333
					],
					[
						134166.666666666,
						3,
						83.3333333333333
					],
					[
						134333.333333333,
						1,
						83.3333333333333
					],
					[
						134500,
						0,
						83.3333333333333
					]
				],
				"altAnim": false,
				"gfSection": false,
				"bpm": 180,
				"changeBPM": false,
				"mustHitSection": true
			},
			{
				"lengthInSteps": 16,
				"typeOfSection": 0,
				"sectionNotes": [
					[
						134666.666666667,
						5,
						250
					],
					[
						134666.666666667,
						1,
						0
					],
					[
						134833.333333333,
						0,
						0
					],
					[
						135000,
						1,
						0
					],
					[
						135166.666666667,
						3,
						0
					],
					[
						135333.333333333,
						1,
						250
					],
					[
						135666.666666667,
						2,
						0
					],
					[
						135833.333333333,
						0,
						0
					]
				],
				"altAnim": false,
				"gfSection": true,
				"bpm": 180,
				"changeBPM": false,
				"mustHitSection": false
			},
			{
				"lengthInSteps": 16,
				"typeOfSection": 0,
				"sectionNotes": [
					[
						136333.333333333,
						3,
						0
					],
					[
						136000,
						3,
						250
					],
					[
						136500,
						3,
						0
					],
					[
						136666.666666667,
						3,
						83.3333333333333
					],
					[
						137000,
						1,
						250
					]
				],
				"altAnim": false,
				"gfSection": true,
				"bpm": 180,
				"changeBPM": false,
				"mustHitSection": false
			},
			{
				"sectionNotes": [
					[
						137333.333333333,
						2,
						0
					],
					[
						137416.666666667,
						3,
						0
					],
					[
						137500,
						2,
						0
					],
					[
						137583.333333333,
						1,
						0
					],
					[
						137666.666666667,
						3,
						83.3333333333333
					],
					[
						137833.333333333,
						2,
						83.3333333333333
					],
					[
						138000,
						0,
						83.3333333333333
					],
					[
						138333.333333333,
						1,
						83.3333333333333
					],
					[
						138500,
						2,
						83.3333333333333
					]
				],
				"typeOfSection": 0,
				"lengthInSteps": 16,
				"gfSection": true,
				"altAnim": false,
				"mustHitSection": false,
				"changeBPM": false,
				"bpm": 180
			},
			{
				"sectionNotes": [
					[
						138666.666666667,
						3,
						0
					],
					[
						138750,
						1,
						0
					],
					[
						138833.333333333,
						3,
						0
					],
					[
						139000,
						2,
						83.3333333333333
					],
					[
						139166.666666667,
						1,
						0
					],
					[
						139250,
						2,
						0
					],
					[
						139333.333333333,
						3,
						83.3333333333333
					],
					[
						139500,
						1,
						0
					],
					[
						139583.333333333,
						2,
						0
					],
					[
						139666.666666667,
						1,
						83.3333333333333
					],
					[
						139833.333333333,
						3,
						83.3333333333333
					]
				],
				"typeOfSection": 0,
				"lengthInSteps": 16,
				"gfSection": true,
				"altAnim": false,
				"mustHitSection": false,
				"changeBPM": false,
				"bpm": 180
			},
			{
				"sectionNotes": [
					[
						140000,
						1,
						0
					],
					[
						140166.666666667,
						0,
						0
					],
					[
						140333.333333333,
						1,
						0
					],
					[
						140500,
						3,
						0
					],
					[
						140666.666666667,
						1,
						250
					],
					[
						141000,
						2,
						0
					],
					[
						141166.666666667,
						0,
						0
					],
					[
						140000,
						5,
						250,
						"GF Sing"
					]
				],
				"typeOfSection": 0,
				"lengthInSteps": 16,
				"gfSection": false,
				"altAnim": false,
				"mustHitSection": true,
				"changeBPM": false,
				"bpm": 180
			},
			{
				"sectionNotes": [
					[
						141666.666666667,
						3,
						0
					],
					[
						141333.333333333,
						3,
						250
					],
					[
						141833.333333333,
						3,
						0
					],
					[
						142000,
						3,
						83.3333333333333
					],
					[
						142333.333333333,
						1,
						250
					]
				],
				"typeOfSection": 0,
				"lengthInSteps": 16,
				"gfSection": false,
				"altAnim": false,
				"mustHitSection": true,
				"changeBPM": false,
				"bpm": 180
			},
			{
				"sectionNotes": [
					[
						142666.666666667,
						2,
						0
					],
					[
						142750,
						3,
						0
					],
					[
						142833.333333333,
						2,
						0
					],
					[
						142916.666666667,
						1,
						0
					],
					[
						143000,
						3,
						83.3333333333333
					],
					[
						143166.666666667,
						2,
						83.3333333333333
					],
					[
						143333.333333333,
						0,
						83.3333333333333
					],
					[
						143666.666666667,
						1,
						83.3333333333333
					],
					[
						143833.333333333,
						2,
						83.3333333333333
					]
				],
				"typeOfSection": 0,
				"lengthInSteps": 16,
				"gfSection": false,
				"altAnim": false,
				"mustHitSection": true,
				"changeBPM": false,
				"bpm": 180
			},
			{
				"sectionNotes": [
					[
						144000,
						3,
						0
					],
					[
						144083.333333333,
						1,
						0
					],
					[
						144166.666666667,
						3,
						0
					],
					[
						144333.333333333,
						2,
						83.3333333333333
					],
					[
						144500,
						1,
						0
					],
					[
						144583.333333333,
						2,
						0
					],
					[
						144666.666666667,
						3,
						83.3333333333333
					],
					[
						144833.333333333,
						1,
						0
					],
					[
						144916.666666667,
						2,
						0
					],
					[
						145000,
						1,
						83.3333333333333
					],
					[
						145166.666666667,
						3,
						83.3333333333333
					]
				],
				"typeOfSection": 0,
				"lengthInSteps": 16,
				"gfSection": false,
				"altAnim": false,
				"mustHitSection": true,
				"changeBPM": false,
				"bpm": 180
			},
			{
				"lengthInSteps": 16,
				"typeOfSection": 0,
				"sectionNotes": [
					[
						145333.333333333,
						5,
						250
					],
					[
						145500,
						3,
						0
					],
					[
						145583.333333333,
						1,
						0
					],
					[
						145666.666666667,
						2,
						0
					],
					[
						145750,
						0,
						0
					],
					[
						145833.333333333,
						1,
						0
					],
					[
						145916.666666667,
						3,
						0
					],
					[
						146000,
						1,
						0
					],
					[
						146083.333333333,
						2,
						0
					],
					[
						146166.666666667,
						0,
						0
					],
					[
						146250,
						1,
						0
					],
					[
						146333.333333333,
						2,
						83.3333333333333
					],
					[
						146500,
						1,
						83.3333333333333
					],
					[
						145333.333333333,
						1,
						0
					],
					[
						145416.666666667,
						2,
						0
					],
					[
						145333.333333333,
						2,
						0,
						"GF Sing"
					],
					[
						145916.666666667,
						2,
						0,
						"GF Sing"
					],
					[
						146000,
						0,
						0,
						"GF Sing"
					],
					[
						146250,
						2,
						0,
						"GF Sing"
					],
					[
						146333.333333333,
						3,
						83.3333333333333,
						"GF Sing"
					],
					[
						146500,
						2,
						83.3333333333333,
						"GF Sing"
					],
					[
						145666.666666667,
						0,
						0,
						"GF Sing"
					],
					[
						145583.333333333,
						3,
						0,
						"GF Sing"
					],
					[
						145750,
						3,
						0,
						"GF Sing"
					],
					[
						145833.333333333,
						3,
						0,
						"GF Sing"
					],
					[
						145500,
						0,
						0,
						"GF Sing"
					],
					[
						145416.666666667,
						1,
						0,
						"GF Sing"
					],
					[
						146166.666666667,
						3,
						0,
						"GF Sing"
					],
					[
						146083.333333333,
						3,
						0,
						"GF Sing"
					]
				],
				"altAnim": false,
				"gfSection": false,
				"bpm": 180,
				"changeBPM": false,
				"mustHitSection": false
			},
			{
				"lengthInSteps": 16,
				"typeOfSection": 0,
				"sectionNotes": [
					[
						146666.666666667,
						3,
						0
					],
					[
						146833.333333333,
						1,
						0
					],
					[
						147000,
						2,
						0
					],
					[
						147166.666666667,
						0,
						0
					],
					[
						147333.333333333,
						3,
						0
					],
					[
						147500,
						0,
						0
					],
					[
						147666.666666667,
						2,
						250
					],
					[
						146666.666666667,
						2,
						0,
						"GF Sing"
					],
					[
						146833.333333333,
						2,
						0,
						"GF Sing"
					],
					[
						147000,
						1,
						0,
						"GF Sing"
					],
					[
						147166.666666667,
						1,
						0,
						"GF Sing"
					],
					[
						147333.333333333,
						2,
						0,
						"GF Sing"
					],
					[
						147500,
						1,
						0,
						"GF Sing"
					],
					[
						147666.666666667,
						1,
						250,
						"GF Sing"
					]
				],
				"altAnim": false,
				"gfSection": false,
				"bpm": 180,
				"changeBPM": false,
				"mustHitSection": false
			},
			{
				"lengthInSteps": 16,
				"typeOfSection": 0,
				"sectionNotes": [
					[
						148000,
						3,
						250
					],
					[
						148333.333333333,
						0,
						0
					],
					[
						148500,
						1,
						0
					],
					[
						148833.333333333,
						1,
						0
					],
					[
						148916.666666667,
						2,
						0
					],
					[
						149000,
						3,
						0
					],
					[
						148000,
						2,
						250,
						"GF Sing"
					],
					[
						148333.333333333,
						1,
						0,
						"GF Sing"
					],
					[
						148500,
						2,
						0,
						"GF Sing"
					],
					[
						148916.666666667,
						0,
						0,
						"GF Sing"
					],
					[
						149000,
						1,
						0,
						"GF Sing"
					],
					[
						148833.333333333,
						3,
						0,
						"GF Sing"
					]
				],
				"altAnim": false,
				"gfSection": false,
				"bpm": 180,
				"changeBPM": false,
				"mustHitSection": false
			},
			{
				"lengthInSteps": 16,
				"typeOfSection": 0,
				"sectionNotes": [
					[
						149333.333333333,
						1,
						83.3333333333333
					],
					[
						149500,
						2,
						83.3333333333333
					],
					[
						149666.666666667,
						1,
						83.3333333333333
					],
					[
						149833.333333333,
						2,
						83.3333333333333
					],
					[
						150000,
						3,
						83.3333333333333
					],
					[
						150166.666666667,
						0,
						83.3333333333333
					],
					[
						150333.333333333,
						1,
						83.3333333333333
					],
					[
						150500,
						2,
						83.3333333333333
					],
					[
						149333.333333333,
						2,
						83.3333333333333,
						"GF Sing"
					],
					[
						149500,
						1,
						83.3333333333333,
						"GF Sing"
					],
					[
						149666.666666667,
						2,
						83.3333333333333,
						"GF Sing"
					],
					[
						149833.333333333,
						1,
						83.3333333333333,
						"GF Sing"
					],
					[
						150000,
						2,
						83.3333333333333,
						"GF Sing"
					],
					[
						150166.666666667,
						1,
						83.3333333333333,
						"GF Sing"
					],
					[
						150333.333333333,
						2,
						83.3333333333333,
						"GF Sing"
					],
					[
						150500,
						3,
						83.3333333333333,
						"GF Sing"
					]
				],
				"altAnim": false,
				"gfSection": false,
				"bpm": 180,
				"changeBPM": false,
				"mustHitSection": false
			},
			{
				"lengthInSteps": 16,
				"typeOfSection": 0,
				"sectionNotes": [
					[
						150833.333333333,
						3,
						0
					],
					[
						150916.666666667,
						1,
						0
					],
					[
						151000,
						2,
						0
					],
					[
						151083.333333333,
						0,
						0
					],
					[
						151166.666666667,
						1,
						0
					],
					[
						151250,
						3,
						0
					],
					[
						151333.333333333,
						1,
						0
					],
					[
						151416.666666667,
						2,
						0
					],
					[
						151500,
						0,
						0
					],
					[
						151583.333333333,
						1,
						0
					],
					[
						151666.666666667,
						2,
						83.3333333333333
					],
					[
						151833.333333333,
						1,
						83.3333333333333
					],
					[
						150666.666666667,
						1,
						0
					],
					[
						150666.666666667,
						5,
						250
					],
					[
						150750,
						2,
						0
					],
					[
						150666.666666667,
						6,
						250,
						"GF Sing"
					]
				],
				"altAnim": false,
				"gfSection": false,
				"bpm": 180,
				"changeBPM": false,
				"mustHitSection": true
			},
			{
				"lengthInSteps": 16,
				"typeOfSection": 0,
				"sectionNotes": [
					[
						152000,
						3,
						0
					],
					[
						152166.666666667,
						1,
						0
					],
					[
						152333.333333333,
						2,
						0
					],
					[
						152500,
						0,
						0
					],
					[
						152666.666666667,
						3,
						0
					],
					[
						152833.333333333,
						0,
						0
					],
					[
						153000,
						2,
						250
					]
				],
				"altAnim": false,
				"gfSection": false,
				"bpm": 180,
				"changeBPM": false,
				"mustHitSection": true
			},
			{
				"lengthInSteps": 16,
				"typeOfSection": 0,
				"sectionNotes": [
					[
						153333.333333333,
						3,
						250
					],
					[
						153666.666666667,
						0,
						0
					],
					[
						153833.333333333,
						1,
						0
					],
					[
						154166.666666667,
						1,
						0
					],
					[
						154250,
						2,
						0
					],
					[
						154333.333333333,
						3,
						0
					]
				],
				"altAnim": false,
				"gfSection": false,
				"bpm": 180,
				"changeBPM": false,
				"mustHitSection": true
			},
			{
				"lengthInSteps": 16,
				"typeOfSection": 0,
				"sectionNotes": [
					[
						154666.666666667,
						1,
						83.3333333333333
					],
					[
						154833.333333333,
						2,
						83.3333333333333
					],
					[
						155000,
						1,
						83.3333333333333
					],
					[
						155166.666666667,
						2,
						83.3333333333333
					],
					[
						155333.333333333,
						3,
						83.3333333333333
					],
					[
						155500,
						0,
						83.3333333333333
					],
					[
						155666.666666667,
						1,
						83.3333333333333
					],
					[
						155833.333333333,
						2,
						83.3333333333333
					]
				],
				"altAnim": false,
				"gfSection": false,
				"bpm": 180,
				"changeBPM": false,
				"mustHitSection": true
			},
			{
				"lengthInSteps": 16,
				"typeOfSection": 0,
				"sectionNotes": [
					[
						156000,
						5,
						250
					],
					[
						156000,
						3,
						0
					],
					[
						156166.666666667,
						3,
						0
					],
					[
						156500,
						3,
						0
					],
					[
						156666.666666667,
						0,
						250
					],
					[
						157000,
						1,
						250
					],
					[
						156166.666666667,
						0,
						0,
						"GF Sing"
					],
					[
						156000,
						1,
						0,
						"GF Sing"
					],
					[
						156500,
						2,
						0,
						"GF Sing"
					],
					[
						156666.666666667,
						3,
						250,
						"GF Sing"
					],
					[
						157000,
						2,
						250,
						"GF Sing"
					]
				],
				"altAnim": false,
				"gfSection": false,
				"bpm": 180,
				"changeBPM": false,
				"mustHitSection": false
			},
			{
				"lengthInSteps": 16,
				"typeOfSection": 0,
				"sectionNotes": [
					[
						157333.333333333,
						3,
						250
					],
					[
						157833.333333333,
						0,
						0
					],
					[
						157916.666666667,
						1,
						0
					],
					[
						158000,
						2,
						83.3333333333333
					],
					[
						158166.666666667,
						1,
						0
					],
					[
						158333.333333333,
						3,
						0
					],
					[
						158500,
						0,
						0
					],
					[
						157333.333333333,
						2,
						250,
						"GF Sing"
					],
					[
						157833.333333333,
						2,
						0,
						"GF Sing"
					],
					[
						157916.666666667,
						3,
						0,
						"GF Sing"
					],
					[
						158000,
						0,
						0,
						"GF Sing"
					],
					[
						158166.666666667,
						0,
						0,
						"GF Sing"
					],
					[
						158333.333333333,
						2,
						0,
						"GF Sing"
					],
					[
						158500,
						3,
						0,
						"GF Sing"
					]
				],
				"altAnim": false,
				"gfSection": false,
				"bpm": 180,
				"changeBPM": false,
				"mustHitSection": false
			},
			{
				"lengthInSteps": 16,
				"typeOfSection": 0,
				"sectionNotes": [
					[
						158666.666666667,
						1,
						250
					],
					[
						159000,
						0,
						0
					],
					[
						159083.333333333,
						1,
						0
					],
					[
						159333.333333333,
						0,
						0
					],
					[
						159166.666666667,
						2,
						0
					],
					[
						159500,
						3,
						0
					],
					[
						159666.666666667,
						1,
						0
					],
					[
						159833.333333333,
						2,
						0
					],
					[
						158666.666666667,
						2,
						250,
						"GF Sing"
					],
					[
						159000,
						2,
						0,
						"GF Sing"
					],
					[
						159083.333333333,
						3,
						0,
						"GF Sing"
					],
					[
						159166.666666667,
						0,
						0,
						"GF Sing"
					],
					[
						159333.333333333,
						1,
						0,
						"GF Sing"
					],
					[
						159500,
						2,
						0,
						"GF Sing"
					],
					[
						159666.666666667,
						0,
						0,
						"GF Sing"
					],
					[
						159833.333333333,
						1,
						0,
						"GF Sing"
					]
				],
				"altAnim": false,
				"gfSection": false,
				"bpm": 180,
				"changeBPM": false,
				"mustHitSection": false
			},
			{
				"lengthInSteps": 16,
				"typeOfSection": 0,
				"sectionNotes": [
					[
						160000,
						3,
						0
					],
					[
						160333.333333333,
						3,
						0
					],
					[
						160500,
						2,
						0
					],
					[
						160666.666666667,
						1,
						0
					],
					[
						160833.333333333,
						2,
						0
					],
					[
						160916.666666667,
						0,
						0
					],
					[
						161000,
						3,
						83.3333333333333
					],
					[
						161166.666666667,
						1,
						83.3333333333333
					],
					[
						160000,
						2,
						0,
						"GF Sing"
					],
					[
						160333.333333333,
						2,
						0,
						"GF Sing"
					],
					[
						160500,
						1,
						0,
						"GF Sing"
					],
					[
						160666.666666667,
						0,
						0,
						"GF Sing"
					],
					[
						160833.333333333,
						1,
						0,
						"GF Sing"
					],
					[
						160916.666666667,
						3,
						0,
						"GF Sing"
					],
					[
						161000,
						1,
						83.3333333333333,
						"GF Sing"
					],
					[
						161166.666666667,
						2,
						83.3333333333333,
						"GF Sing"
					]
				],
				"altAnim": false,
				"gfSection": false,
				"bpm": 180,
				"changeBPM": false,
				"mustHitSection": false
			},
			{
				"lengthInSteps": 16,
				"typeOfSection": 0,
				"sectionNotes": [
					[
						161333.333333333,
						3,
						0
					],
					[
						161500,
						3,
						0
					],
					[
						161833.333333333,
						3,
						0
					],
					[
						162000,
						0,
						250
					],
					[
						162333.333333333,
						1,
						250
					],
					[
						161333.333333333,
						6,
						0
					],
					[
						161333.333333333,
						5,
						0,
						"GF Sing"
					]
				],
				"altAnim": false,
				"gfSection": false,
				"bpm": 180,
				"changeBPM": false,
				"mustHitSection": true
			},
			{
				"lengthInSteps": 16,
				"typeOfSection": 0,
				"sectionNotes": [
					[
						162666.666666667,
						3,
						250
					],
					[
						163166.666666667,
						0,
						0
					],
					[
						163250,
						1,
						0
					],
					[
						163333.333333333,
						2,
						83.3333333333333
					],
					[
						163500,
						1,
						0
					],
					[
						163666.666666667,
						3,
						0
					],
					[
						163833.333333333,
						0,
						0
					]
				],
				"altAnim": false,
				"gfSection": false,
				"bpm": 180,
				"changeBPM": false,
				"mustHitSection": true
			},
			{
				"lengthInSteps": 16,
				"typeOfSection": 0,
				"sectionNotes": [
					[
						164000,
						1,
						250
					],
					[
						164333.333333333,
						0,
						0
					],
					[
						164416.666666667,
						1,
						0
					],
					[
						164666.666666667,
						0,
						0
					],
					[
						164500,
						2,
						0
					],
					[
						164833.333333333,
						3,
						0
					],
					[
						165000,
						1,
						0
					],
					[
						165166.666666667,
						2,
						0
					]
				],
				"altAnim": false,
				"gfSection": false,
				"bpm": 180,
				"changeBPM": false,
				"mustHitSection": true
			},
			{
				"lengthInSteps": 16,
				"typeOfSection": 0,
				"sectionNotes": [
					[
						165333.333333333,
						3,
						0
					],
					[
						165666.666666667,
						3,
						0
					],
					[
						165833.333333333,
						2,
						0
					],
					[
						166000,
						1,
						0
					],
					[
						166166.666666667,
						2,
						0
					],
					[
						166500,
						1,
						83.3333333333333
					],
					[
						166250,
						0,
						166.666666666667
					]
				],
				"altAnim": false,
				"gfSection": false,
				"bpm": 180,
				"changeBPM": false,
				"mustHitSection": true
			},
			{
				"lengthInSteps": 16,
				"typeOfSection": 0,
				"sectionNotes": [
					[
						166666.666666667,
						2,
						583.333333333333
					],
					[
						167666.666666667,
						1,
						250
					]
				],
				"altAnim": false,
				"gfSection": false,
				"bpm": 180,
				"changeBPM": false,
				"mustHitSection": true
			},
			{
				"lengthInSteps": 16,
				"typeOfSection": 0,
				"sectionNotes": [
					[
						169000,
						0,
						250
					],
					[
						168000,
						3,
						666.666666666667
					],
					[
						168416.666666667,
						2,
						250
					]
				],
				"altAnim": false,
				"gfSection": false,
				"bpm": 180,
				"changeBPM": false,
				"mustHitSection": true
			},
			{
				"sectionNotes": [
					[
						169333.333333333,
						2,
						583.333333333333
					],
					[
						169666.666666667,
						3,
						250
					]
				],
				"typeOfSection": 0,
				"lengthInSteps": 16,
				"gfSection": false,
				"altAnim": false,
				"mustHitSection": true,
				"changeBPM": false,
				"bpm": 180
			},
			{
				"sectionNotes": [
					[
						170666.666666667,
						1,
						583.333333333333
					]
				],
				"typeOfSection": 0,
				"lengthInSteps": 16,
				"gfSection": false,
				"altAnim": false,
				"mustHitSection": true,
				"changeBPM": false,
				"bpm": 180
			},
			{
				"sectionNotes": [
					[
						172000,
						3,
						583.333333333333
					]
				],
				"typeOfSection": 0,
				"lengthInSteps": 16,
				"gfSection": false,
				"altAnim": false,
				"mustHitSection": false,
				"changeBPM": false,
				"bpm": 180
			},
			{
				"sectionNotes": [
					[
						173333.333333333,
						1,
						416.666666666667
					]
				],
				"typeOfSection": 0,
				"lengthInSteps": 16,
				"gfSection": true,
				"altAnim": false,
				"mustHitSection": false,
				"changeBPM": false,
				"bpm": 180
			},
			{
				"sectionNotes": [
					[
						174666.666666667,
						2,
						583.333333333333
					],
					[
						175333.333333333,
						1,
						583.333333333333
					],
					[
						174666.666666667,
						1,
						583.333333333333,
						"GF Sing"
					],
					[
						175333.333333333,
						2,
						583.333333333333,
						"GF Sing"
					]
				],
				"typeOfSection": 0,
				"lengthInSteps": 16,
				"gfSection": false,
				"altAnim": false,
				"mustHitSection": false,
				"changeBPM": false,
				"bpm": 180
			},
			{
				"sectionNotes": [
					[
						176000,
						3,
						583.333333333333
					],
					[
						176666.666666667,
						0,
						583.333333333333
					],
					[
						176000,
						2,
						583.333333333333,
						"GF Sing"
					],
					[
						176666.666666667,
						1,
						583.333333333333,
						"GF Sing"
					]
				],
				"typeOfSection": 0,
				"lengthInSteps": 16,
				"gfSection": false,
				"altAnim": false,
				"mustHitSection": false,
				"changeBPM": false,
				"bpm": 180
			},
			{
				"sectionNotes": [
					[
						177333.333333333,
						1,
						416.666666666667
					],
					[
						177333.333333333,
						2,
						416.666666666667,
						"GF Sing"
					]
				],
				"typeOfSection": 0,
				"lengthInSteps": 16,
				"gfSection": false,
				"altAnim": false,
				"mustHitSection": false,
				"changeBPM": false,
				"bpm": 180
			},
			{
				"sectionNotes": [],
				"typeOfSection": 0,
				"lengthInSteps": 16,
				"gfSection": false,
				"altAnim": false,
				"mustHitSection": true,
				"changeBPM": false,
				"bpm": 180
			},
			{
				"sectionNotes": [],
				"typeOfSection": 0,
				"lengthInSteps": 16,
				"gfSection": false,
				"altAnim": false,
				"mustHitSection": true,
				"changeBPM": false,
				"bpm": 180
			},
			{
				"lengthInSteps": 16,
				"typeOfSection": 0,
				"sectionNotes": [],
				"altAnim": false,
				"gfSection": false,
				"bpm": 180,
				"changeBPM": false,
				"mustHitSection": true
			},
			{
				"lengthInSteps": 16,
				"typeOfSection": 0,
				"sectionNotes": [],
				"altAnim": false,
				"gfSection": false,
				"bpm": 180,
				"changeBPM": false,
				"mustHitSection": true
			},
			{
				"lengthInSteps": 16,
				"typeOfSection": 0,
				"sectionNotes": [],
				"altAnim": false,
				"gfSection": false,
				"bpm": 180,
				"changeBPM": false,
				"mustHitSection": true
			},
			{
				"lengthInSteps": 16,
				"typeOfSection": 0,
				"sectionNotes": [],
				"altAnim": false,
				"gfSection": false,
				"bpm": 180,
				"changeBPM": false,
				"mustHitSection": true
			},
			{
				"lengthInSteps": 16,
				"typeOfSection": 0,
				"sectionNotes": [],
				"altAnim": false,
				"gfSection": false,
				"bpm": 180,
				"changeBPM": false,
				"mustHitSection": true
			},
			{
				"lengthInSteps": 16,
				"typeOfSection": 0,
				"sectionNotes": [],
				"altAnim": false,
				"gfSection": false,
				"bpm": 180,
				"changeBPM": false,
				"mustHitSection": true
			},
			{
				"lengthInSteps": 16,
				"typeOfSection": 0,
				"sectionNotes": [],
				"altAnim": false,
				"gfSection": false,
				"bpm": 180,
				"changeBPM": false,
				"mustHitSection": true
			},
			{
				"lengthInSteps": 16,
				"typeOfSection": 0,
				"sectionNotes": [],
				"altAnim": false,
				"gfSection": false,
				"bpm": 180,
				"changeBPM": false,
				"mustHitSection": true
			},
			{
				"sectionNotes": [],
				"typeOfSection": 0,
				"lengthInSteps": 16,
				"gfSection": false,
				"altAnim": false,
				"mustHitSection": true,
				"changeBPM": false,
				"bpm": 180
			},
			{
				"lengthInSteps": 16,
				"typeOfSection": 0,
				"sectionNotes": [],
				"altAnim": false,
				"gfSection": false,
				"bpm": 180,
				"changeBPM": false,
				"mustHitSection": true
			},
			{
				"lengthInSteps": 16,
				"typeOfSection": 0,
				"sectionNotes": [],
				"altAnim": false,
				"gfSection": false,
				"bpm": 180,
				"changeBPM": false,
				"mustHitSection": true
			},
			{
				"lengthInSteps": 16,
				"typeOfSection": 0,
				"sectionNotes": [],
				"altAnim": false,
				"gfSection": false,
				"bpm": 180,
				"changeBPM": false,
				"mustHitSection": true
			},
			{
				"lengthInSteps": 16,
				"typeOfSection": 0,
				"sectionNotes": [],
				"altAnim": false,
				"gfSection": false,
				"bpm": 180,
				"changeBPM": false,
				"mustHitSection": true
			},
			{
				"lengthInSteps": 16,
				"typeOfSection": 0,
				"sectionNotes": [],
				"altAnim": false,
				"gfSection": false,
				"bpm": 180,
				"changeBPM": false,
				"mustHitSection": true
			},
			{
				"sectionNotes": [],
				"typeOfSection": 0,
				"lengthInSteps": 16,
				"gfSection": false,
				"altAnim": false,
				"mustHitSection": true,
				"changeBPM": false,
				"bpm": 180
			},
			{
				"lengthInSteps": 16,
				"typeOfSection": 0,
				"sectionNotes": [],
				"altAnim": false,
				"gfSection": false,
				"bpm": 180,
				"changeBPM": false,
				"mustHitSection": true
			},
			{
				"lengthInSteps": 16,
				"typeOfSection": 0,
				"sectionNotes": [],
				"altAnim": false,
				"gfSection": false,
				"bpm": 180,
				"changeBPM": false,
				"mustHitSection": true
			},
			{
				"sectionNotes": [],
				"typeOfSection": 0,
				"lengthInSteps": 16,
				"gfSection": false,
				"altAnim": false,
				"mustHitSection": true,
				"changeBPM": false,
				"bpm": 180
			},
			{
				"sectionNotes": [],
				"typeOfSection": 0,
				"lengthInSteps": 16,
				"gfSection": false,
				"altAnim": false,
				"mustHitSection": true,
				"changeBPM": false,
				"bpm": 180
			},
			{
				"lengthInSteps": 16,
				"typeOfSection": 0,
				"sectionNotes": [],
				"altAnim": false,
				"gfSection": false,
				"bpm": 180,
				"changeBPM": false,
				"mustHitSection": true
			},
			{
				"lengthInSteps": 16,
				"typeOfSection": 0,
				"sectionNotes": [],
				"altAnim": false,
				"gfSection": false,
				"bpm": 180,
				"changeBPM": false,
				"mustHitSection": true
			},
			{
				"sectionNotes": [],
				"typeOfSection": 0,
				"lengthInSteps": 16,
				"gfSection": false,
				"altAnim": false,
				"mustHitSection": true,
				"changeBPM": false,
				"bpm": 180
			},
			{
				"sectionNotes": [],
				"typeOfSection": 0,
				"lengthInSteps": 16,
				"gfSection": false,
				"altAnim": false,
				"mustHitSection": true,
				"changeBPM": false,
				"bpm": 180
			},
			{
				"lengthInSteps": 16,
				"typeOfSection": 0,
				"sectionNotes": [],
				"altAnim": false,
				"gfSection": false,
				"bpm": 180,
				"changeBPM": false,
				"mustHitSection": true
			},
			{
				"lengthInSteps": 16,
				"typeOfSection": 0,
				"sectionNotes": [],
				"altAnim": false,
				"gfSection": false,
				"bpm": 180,
				"changeBPM": false,
				"mustHitSection": true
			},
			{
				"lengthInSteps": 16,
				"typeOfSection": 0,
				"sectionNotes": [],
				"altAnim": false,
				"gfSection": false,
				"bpm": 180,
				"changeBPM": false,
				"mustHitSection": true
			},
			{
				"sectionNotes": [],
				"typeOfSection": 0,
				"lengthInSteps": 16,
				"gfSection": false,
				"altAnim": false,
				"mustHitSection": true,
				"changeBPM": false,
				"bpm": 180
			},
			{
				"sectionNotes": [],
				"typeOfSection": 0,
				"lengthInSteps": 16,
				"gfSection": false,
				"altAnim": false,
				"mustHitSection": true,
				"changeBPM": false,
				"bpm": 180
			},
			{
				"lengthInSteps": 16,
				"typeOfSection": 0,
				"sectionNotes": [],
				"altAnim": false,
				"gfSection": false,
				"bpm": 180,
				"changeBPM": false,
				"mustHitSection": true
			},
			{
				"lengthInSteps": 16,
				"typeOfSection": 0,
				"sectionNotes": [],
				"altAnim": false,
				"gfSection": false,
				"bpm": 180,
				"changeBPM": false,
				"mustHitSection": true
			},
			{
				"sectionNotes": [],
				"typeOfSection": 0,
				"lengthInSteps": 16,
				"gfSection": false,
				"altAnim": false,
				"mustHitSection": true,
				"changeBPM": false,
				"bpm": 180
			},
			{
				"sectionNotes": [],
				"typeOfSection": 0,
				"lengthInSteps": 16,
				"gfSection": false,
				"altAnim": false,
				"mustHitSection": true,
				"changeBPM": false,
				"bpm": 180
			},
			{
				"gfSection": false,
				"lengthInSteps": 16,
				"altAnim": false,
				"typeOfSection": 0,
				"sectionNotes": [],
				"bpm": 180,
				"changeBPM": false,
				"mustHitSection": true
			}
		],
		"player2": "DEAD HOPE SPONG",
		"gfVersion": "DEAD HOPE PAT",
		"events": [
			[
				0,
				[
					[
						"hidehud",
						"0",
						""
					]
				]
			],
			[
				166.666666666667,
				[
					[
						"why",
						"",
						""
					]
				]
			],
			[
				333.333333333333,
				[
					[
						"Set Cam Zoom",
						"2",
						"5"
					]
				]
			],
			[
				10664.5833333333,
				[
					[
						"hidehud",
						"1",
						""
					]
				]
			],
			[
				10666.6666666667,
				[
					[
						"Set Cam Zoom",
						"1",
						"1"
					]
				]
			],
			[
				21333.3333333333,
				[
					[
						"Set Cam Zoom",
						"2",
						"5"
					]
				]
			],
			[
				26666.6666666667,
				[
					[
						"Set Cam Zoom",
						"1",
						"1"
					]
				]
			],
			[
				32333.3333333333,
				[
					[
						"hidehud",
						"0",
						""
					]
				]
			],
			[
				32916.6666666667,
				[
					[
						"hidehud",
						"1",
						""
					]
				]
			],
			[
				38664.5833333333,
				[
					[
						"Light",
						"1",
						""
					]
				]
			],
			[
				38666.6666666667,
				[
					[
						"Bopping HUD",
						"0.7",
						""
					]
				]
			],
			[
				49333.3333333334,
				[
					[
						"Set Cam Zoom",
						"2",
						"5"
					]
				]
			],
			[
				54750,
				[
					[
						"Set Cam Zoom",
						"1",
						"1"
					]
				]
			],
			[
				64583.3333333334,
				[
					[
						"Light",
						"1",
						""
					]
				]
			],
			[
				64833.3333333334,
				[
					[
						"Light",
						"1",
						""
					]
				]
			],
			[
				65416.6666666667,
				[
					[
						"FlipUI",
						"",
						""
					]
				]
			],
			[
				70666.6666666667,
				[
					[
						"FlipUI",
						"",
						""
					]
				]
			],
			[
				76000,
				[
					[
						"FlipUI",
						"",
						""
					]
				]
			],
			[
				80833.3333333333,
				[
					[
						"FlipUI",
						"",
						""
					]
				]
			],
			[
				81333.3333333333,
				[
					[
						"Light",
						"1",
						""
					]
				]
			],
			[
				86500,
				[
					[
						"FlipUI",
						"",
						""
					]
				]
			],
			[
				91666.6666666666,
				[
					[
						"FlipUI",
						"",
						""
					]
				]
			],
			[
				92000,
				[
					[
						"Set Cam Zoom",
						"2",
						"5"
					]
				]
			],
			[
				97083.3333333333,
				[
					[
						"FlipUI",
						"",
						""
					]
				]
			],
			[
				97333.3333333333,
				[
					[
						"Set Cam Zoom",
						"1",
						"1"
					]
				]
			],
			[
				102500,
				[
					[
						"FlipUI",
						"",
						""
					]
				]
			],
			[
				102666.666666667,
				[
					[
						"Bopping HUD",
						"",
						""
					]
				]
			],
			[
				102750,
				[
					[
						"hidehud",
						"0",
						""
					]
				]
			],
			[
				106666.666666667,
				[
					[
						"hidehud",
						"1",
						""
					]
				]
			],
			[
				109000,
				[
					[
						"Set Cam Zoom",
						"2",
						"5"
					]
				]
			],
			[
				124000,
				[
					[
						"Bopping HUD",
						"0.9",
						""
					]
				]
			],
			[
				124083.333333333,
				[
					[
						"Set Cam Zoom",
						"1",
						"1"
					]
				]
			],
			[
				166666.666666667,
				[
					[
						"Light",
						"1",
						""
					],
					[
						"Bopping HUD",
						"",
						""
					],
					[
						"why-stop",
						"",
						""
					]
				]
			]
		],
		"player3": null,
		"song": "dead-hope",
		"needsVoices": true,
		"sections": 0,
		"validScore": true,
		"stage": "surgery",
		"bpm": 180,
		"speed": 3.2
	}
}