{
	"song": {
		"player1": "aloe-rapper",
		"player2": "mako7w7",
		"events": [
			[
				0,
				[
					[
						"Cam Boom Speed",
						"0",
						"0"
					]
				]
			],
			[
				16615.3846153846,
				[
					[
						"Cam Boom Speed",
						"2",
						"1"
					]
				]
			],
			[
				75692.3076923077,
				[
					[
						"Drain",
						"0.5",
						"1"
					]
				]
			],
			[
				79384.6153846153,
				[
					[
						"Drain",
						"0.5",
						"1"
					]
				]
			],
			[
				83076.923076923,
				[
					[
						"Drain",
						"0.5",
						"1"
					]
				]
			],
			[
				86769.2307692307,
				[
					[
						"Drain",
						"0.5",
						"1"
					]
				]
			],
			[
				89538.4615384615,
				[
					[
						"Drain",
						"0.25",
						"1"
					]
				]
			],
			[
				90000,
				[
					[
						"Drain",
						"0.25",
						"1"
					]
				]
			],
			[
				90461.5384615384,
				[
					[
						"Change Character",
						"dad",
						"mako7w7-closeup"
					],
					[
						"Flash",
						"FFFFFF",
						"10,linear,other"
					]
				]
			],
			[
				114461.538461538,
				[
					[
						"Toggle Ghost Trail",
						"1",
						""
					]
				]
			],
			[
				120000,
				[
					[
						"Change Scroll Speed",
						"1.5",
						"0.25"
					]
				]
			],
			[
				120461.538461538,
				[
					[
						"Change Scroll Speed",
						"0.7",
						"0.7"
					]
				]
			],
			[
				120923.076923077,
				[
					[
						"Toggle Ghost Trail",
						"",
						""
					]
				]
			],
			[
				121615.384615385,
				[
					[
						"MoveArrowsToMiddle",
						"1",
						"1"
					]
				]
			],
			[
				121692.307692308,
				[
					[
						"Change Scroll Speed",
						"1",
						"1"
					]
				]
			],
			[
				121730.769230769,
				[
					[
						"Camera Follow Pos",
						"610",
						"470"
					]
				]
			],
			[
				121788.461538461,
				[
					[
						"Zoom",
						"1.1",
						""
					]
				]
			],
			[
				121846.153846154,
				[
					[
						"Flash",
						"FFFFFF,add",
						""
					],
					[
						"Cam Boom Speed",
						"1",
						"4"
					],
					[
						"Change Character",
						"dad",
						"mako7w7"
					]
				]
			],
			[
				130153.846153846,
				[
					[
						"Toggle Ghost Trail",
						"",
						"1"
					]
				]
			],
			[
				131076.923076923,
				[
					[
						"Toggle Ghost Trail",
						"",
						""
					]
				]
			],
			[
				132000,
				[
					[
						"Toggle Ghost Trail",
						"",
						"1"
					]
				]
			],
			[
				132923.076923077,
				[
					[
						"Toggle Ghost Trail",
						"",
						""
					]
				]
			],
			[
				135230.769230769,
				[
					[
						"Toggle Ghost Trail",
						"",
						"1"
					]
				]
			],
			[
				137076.923076923,
				[
					[
						"Toggle Ghost Trail",
						"",
						""
					]
				]
			],
			[
				151384.615384615,
				[
					[
						"Flash",
						"FFFFFF",
						""
					],
					[
						"Set Property",
						"camGame.alpha",
						"0"
					],
					[
						"Set Property",
						"camHUD.alpha",
						"0"
					]
				]
			]
		],
		"notes": [
			{
				"lengthInSteps": 16,
				"typeOfSection": 0,
				"sectionNotes": [],
				"altAnim": false,
				"gfSection": false,
				"bpm": 150,
				"changeBPM": false,
				"mustHitSection": false
			},
			{
				"lengthInSteps": 16,
				"typeOfSection": 0,
				"sectionNotes": [
					[
						2076.92307692308,
						2,
						346.153846153846
					],
					[
						2538.46153846154,
						1,
						0
					],
					[
						2769.23076923077,
						0,
						0
					],
					[
						3000,
						2,
						0
					],
					[
						3230.76923076923,
						3,
						0
					],
					[
						3461.53846153846,
						0,
						0
					],
					[
						2076.92307692308,
						3,
						115.384615384615
					]
				],
				"altAnim": false,
				"gfSection": false,
				"bpm": 150,
				"changeBPM": false,
				"mustHitSection": false
			},
			{
				"lengthInSteps": 16,
				"typeOfSection": 0,
				"sectionNotes": [
					[
						3923.07692307692,
						2,
						346.153846153846
					],
					[
						4384.61538461538,
						1,
						0
					],
					[
						4615.38461538462,
						0,
						0
					],
					[
						5076.92307692308,
						2,
						0
					],
					[
						5307.69230769231,
						0,
						0
					],
					[
						4846.15384615385,
						3,
						0
					],
					[
						3923.07692307692,
						3,
						115.384615384615
					]
				],
				"altAnim": false,
				"gfSection": false,
				"bpm": 150,
				"changeBPM": false,
				"mustHitSection": false
			},
			{
				"lengthInSteps": 16,
				"typeOfSection": 0,
				"sectionNotes": [
					[
						5769.23076923077,
						2,
						346.153846153846
					],
					[
						6230.76923076923,
						1,
						0
					],
					[
						6692.30769230769,
						0,
						0
					],
					[
						6923.07692307692,
						2,
						0
					],
					[
						7153.84615384615,
						3,
						0
					],
					[
						6461.53846153846,
						2,
						0
					],
					[
						5769.23076923077,
						3,
						115.384615384615
					]
				],
				"altAnim": false,
				"gfSection": false,
				"bpm": 150,
				"changeBPM": false,
				"mustHitSection": false
			},
			{
				"lengthInSteps": 16,
				"typeOfSection": 0,
				"sectionNotes": [
					[
						7384.61538461538,
						2,
						0
					],
					[
						7615.38461538462,
						1,
						0
					],
					[
						7846.15384615385,
						0,
						0
					],
					[
						8076.92307692308,
						1,
						0
					],
					[
						8538.46153846154,
						1,
						0
					],
					[
						8769.23076923077,
						0,
						346.153846153846
					],
					[
						8307.69230769231,
						3,
						230.769230769231
					]
				],
				"altAnim": false,
				"gfSection": false,
				"bpm": 150,
				"changeBPM": false,
				"mustHitSection": false
			},
			{
				"sectionNotes": [
					[
						9230.76923076923,
						6,
						346.153846153846
					],
					[
						9461.53846153846,
						2,
						346.153846153846
					],
					[
						10153.8461538462,
						0,
						0
					],
					[
						9539.42307692308,
						3,
						288.461538461538
					],
					[
						9923.07692307692,
						0,
						0
					],
					[
						10384.6153846154,
						3,
						0
					],
					[
						10615.3846153846,
						1,
						0
					],
					[
						10846.1538461538,
						2,
						0
					]
				],
				"typeOfSection": 0,
				"lengthInSteps": 16,
				"gfSection": false,
				"altAnim": false,
				"mustHitSection": true,
				"changeBPM": false,
				"bpm": 150
			},
			{
				"lengthInSteps": 16,
				"typeOfSection": 0,
				"sectionNotes": [
					[
						12692.3076923077,
						0,
						0
					],
					[
						11307.6923076923,
						1,
						346.153846153846
					],
					[
						11388.4615384615,
						0,
						288.461538461538
					],
					[
						11769.2307692308,
						3,
						0
					],
					[
						12000,
						1,
						0
					],
					[
						12230.7692307692,
						2,
						0
					],
					[
						12461.5384615385,
						3,
						0
					]
				],
				"altAnim": false,
				"gfSection": false,
				"bpm": 150,
				"changeBPM": false,
				"mustHitSection": true
			},
			{
				"lengthInSteps": 16,
				"typeOfSection": 0,
				"sectionNotes": [
					[
						13153.8461538462,
						2,
						346.153846153846
					],
					[
						13846.1538461538,
						2,
						0
					],
					[
						14307.6923076923,
						2,
						0
					],
					[
						13231.7307692308,
						3,
						288.461538461538
					],
					[
						13615.3846153846,
						0,
						57.6923076923077
					],
					[
						14076.9230769231,
						1,
						0
					],
					[
						14538.4615384615,
						3,
						173.076923076923
					]
				],
				"altAnim": false,
				"gfSection": false,
				"bpm": 150,
				"changeBPM": false,
				"mustHitSection": true
			},
			{
				"lengthInSteps": 16,
				"typeOfSection": 0,
				"sectionNotes": [
					[
						15230.7692307692,
						0,
						0
					],
					[
						15923.0769230769,
						2,
						230.769230769231
					],
					[
						16153.8461538462,
						0,
						346.153846153846
					],
					[
						16384.6153846154,
						1,
						115.384615384615
					],
					[
						15692.3076923077,
						1,
						461.538461538461
					],
					[
						15461.5384615385,
						3,
						0
					],
					[
						14769.2307692308,
						0,
						115.384615384615
					],
					[
						15000,
						2,
						0
					]
				],
				"altAnim": false,
				"gfSection": false,
				"bpm": 150,
				"changeBPM": false,
				"mustHitSection": true
			},
			{
				"lengthInSteps": 16,
				"typeOfSection": 0,
				"sectionNotes": [
					[
						16846.1538461538,
						2,
						346.153846153846
					],
					[
						17307.6923076923,
						1,
						0
					],
					[
						17538.4615384615,
						0,
						0
					],
					[
						17769.2307692308,
						2,
						0
					],
					[
						18000,
						3,
						0
					],
					[
						18230.7692307692,
						0,
						0
					],
					[
						16846.1538461538,
						3,
						115.384615384615
					],
					[
						16615.3846153846,
						6,
						346.153846153846
					]
				],
				"altAnim": false,
				"gfSection": false,
				"bpm": 150,
				"changeBPM": false,
				"mustHitSection": false
			},
			{
				"lengthInSteps": 16,
				"typeOfSection": 0,
				"sectionNotes": [
					[
						18461.5384615385,
						1,
						346.153846153846
					],
					[
						18692.3076923077,
						2,
						115.384615384615
					],
					[
						18923.0769230769,
						0,
						346.153846153846
					],
					[
						19153.8461538462,
						1,
						115.384615384615
					],
					[
						19384.6153846154,
						2,
						346.153846153846
					],
					[
						19615.3846153846,
						3,
						115.384615384615
					],
					[
						19846.1538461538,
						1,
						0
					],
					[
						20076.9230769231,
						0,
						0
					],
					[
						20192.3076923077,
						1,
						0
					]
				],
				"altAnim": false,
				"gfSection": false,
				"bpm": 150,
				"changeBPM": false,
				"mustHitSection": false
			},
			{
				"lengthInSteps": 16,
				"typeOfSection": 0,
				"sectionNotes": [
					[
						20769.2307692308,
						0,
						0
					],
					[
						20307.6923076923,
						3,
						346.153846153846
					],
					[
						20884.6153846154,
						0,
						0
					],
					[
						21000,
						1,
						0
					],
					[
						21230.7692307692,
						2,
						0
					],
					[
						21461.5384615385,
						3,
						0
					],
					[
						21692.3076923077,
						1,
						0
					],
					[
						21923.0769230769,
						2,
						0
					]
				],
				"altAnim": false,
				"gfSection": false,
				"bpm": 150,
				"changeBPM": false,
				"mustHitSection": false
			},
			{
				"lengthInSteps": 16,
				"typeOfSection": 0,
				"sectionNotes": [
					[
						22153.8461538462,
						1,
						346.153846153846
					],
					[
						22384.6153846154,
						2,
						115.384615384615
					],
					[
						22615.3846153846,
						0,
						115.384615384615
					],
					[
						22846.1538461538,
						3,
						115.384615384615
					],
					[
						23076.9230769231,
						2,
						346.153846153846
					],
					[
						23307.6923076923,
						1,
						115.384615384615
					],
					[
						23538.4615384615,
						3,
						0
					],
					[
						23653.8461538462,
						3,
						0
					],
					[
						23769.2307692308,
						1,
						0
					]
				],
				"altAnim": false,
				"gfSection": false,
				"bpm": 150,
				"changeBPM": false,
				"mustHitSection": false
			},
			{
				"lengthInSteps": 16,
				"typeOfSection": 0,
				"sectionNotes": [
					[
						24000,
						6,
						346.153846153846
					],
					[
						24000,
						6,
						346.153846153846
					],
					[
						24317.3076923077,
						0,
						288.461538461538
					],
					[
						24230.7692307692,
						2,
						346.153846153846
					],
					[
						24692.3076923077,
						3,
						0
					],
					[
						24923.0769230769,
						1,
						0
					],
					[
						25153.8461538462,
						0,
						0
					],
					[
						25384.6153846154,
						1,
						115.384615384615
					],
					[
						25615.3846153846,
						3,
						0
					]
				],
				"altAnim": false,
				"gfSection": true,
				"bpm": 150,
				"changeBPM": false,
				"mustHitSection": true
			},
			{
				"lengthInSteps": 16,
				"typeOfSection": 0,
				"sectionNotes": [
					[
						25846.1538461539,
						0,
						346.153846153846
					],
					[
						26076.9230769231,
						3,
						115.384615384615
					],
					[
						26307.6923076923,
						2,
						346.153846153846
					],
					[
						26538.4615384615,
						1,
						115.384615384615
					],
					[
						26769.2307692308,
						0,
						346.153846153846
					],
					[
						27000,
						1,
						115.384615384615
					],
					[
						27230.7692307692,
						3,
						0
					],
					[
						27461.5384615385,
						2,
						0
					],
					[
						27576.9230769231,
						0,
						0
					]
				],
				"altAnim": false,
				"gfSection": true,
				"bpm": 150,
				"changeBPM": false,
				"mustHitSection": true
			},
			{
				"lengthInSteps": 16,
				"typeOfSection": 0,
				"sectionNotes": [
					[
						27692.3076923077,
						1,
						346.153846153846
					],
					[
						28153.8461538462,
						3,
						0
					],
					[
						28269.2307692308,
						0,
						0
					],
					[
						28384.6153846154,
						1,
						115.384615384615
					],
					[
						28615.3846153846,
						2,
						115.384615384615
					],
					[
						28846.1538461539,
						0,
						0
					],
					[
						29076.9230769231,
						3,
						0
					],
					[
						29307.6923076923,
						1,
						0
					]
				],
				"altAnim": false,
				"gfSection": true,
				"bpm": 150,
				"changeBPM": false,
				"mustHitSection": true
			},
			{
				"lengthInSteps": 16,
				"typeOfSection": 0,
				"sectionNotes": [
					[
						29538.4615384615,
						3,
						346.153846153846
					],
					[
						29769.2307692308,
						2,
						115.384615384615
					],
					[
						30000,
						0,
						115.384615384615
					],
					[
						30230.7692307692,
						1,
						115.384615384615
					],
					[
						30461.5384615385,
						2,
						346.153846153846
					],
					[
						30692.3076923077,
						1,
						115.384615384615
					]
				],
				"altAnim": false,
				"gfSection": true,
				"bpm": 150,
				"changeBPM": false,
				"mustHitSection": true
			},
			{
				"lengthInSteps": 16,
				"typeOfSection": 0,
				"sectionNotes": [
					[
						31384.6153846154,
						0,
						0
					],
					[
						31615.3846153846,
						1,
						0
					],
					[
						31730.7692307692,
						1,
						0
					],
					[
						31846.1538461538,
						2,
						115.384615384615
					],
					[
						32076.9230769231,
						0,
						0
					],
					[
						32307.6923076923,
						2,
						0
					],
					[
						32538.4615384615,
						3,
						0
					],
					[
						32769.2307692308,
						2,
						0
					],
					[
						33000,
						1,
						0
					],
					[
						31384.6153846154,
						5,
						346.153846153846,
						"GF Sing"
					]
				],
				"altAnim": false,
				"gfSection": false,
				"bpm": 150,
				"changeBPM": false,
				"mustHitSection": false
			},
			{
				"lengthInSteps": 16,
				"typeOfSection": 0,
				"sectionNotes": [
					[
						33230.7692307692,
						0,
						346.153846153846
					],
					[
						33692.3076923077,
						3,
						0
					],
					[
						34038.4615384615,
						2,
						0
					],
					[
						33923.0769230769,
						0,
						0
					],
					[
						34153.8461538462,
						3,
						0
					],
					[
						34384.6153846154,
						1,
						0
					],
					[
						34615.3846153846,
						2,
						0
					],
					[
						34846.1538461538,
						1,
						0
					],
					[
						33230.7692307692,
						1,
						0
					],
					[
						34500,
						0,
						0
					]
				],
				"altAnim": false,
				"gfSection": false,
				"bpm": 150,
				"changeBPM": false,
				"mustHitSection": false
			},
			{
				"lengthInSteps": 16,
				"typeOfSection": 0,
				"sectionNotes": [
					[
						35076.9230769231,
						0,
						115.384615384615
					],
					[
						35307.6923076923,
						1,
						0
					],
					[
						35423.0769230769,
						1,
						0
					],
					[
						35769.2307692308,
						1,
						115.384615384615
					],
					[
						35538.4615384615,
						0,
						346.153846153846
					],
					[
						36000,
						2,
						0
					],
					[
						36230.7692307692,
						3,
						0
					],
					[
						36461.5384615385,
						2,
						115.384615384615
					],
					[
						36692.3076923077,
						0,
						0
					]
				],
				"altAnim": false,
				"gfSection": false,
				"bpm": 150,
				"changeBPM": false,
				"mustHitSection": false
			},
			{
				"lengthInSteps": 16,
				"typeOfSection": 0,
				"sectionNotes": [
					[
						36923.0769230769,
						2,
						346.153846153846
					],
					[
						37384.6153846154,
						0,
						346.153846153846
					],
					[
						37846.1538461538,
						1,
						346.153846153846
					],
					[
						38076.9230769231,
						2,
						115.384615384615
					],
					[
						38307.6923076923,
						3,
						115.384615384615
					],
					[
						38538.4615384615,
						2,
						0
					],
					[
						38653.8461538462,
						1,
						0
					]
				],
				"altAnim": false,
				"gfSection": false,
				"bpm": 150,
				"changeBPM": false,
				"mustHitSection": false
			},
			{
				"lengthInSteps": 16,
				"typeOfSection": 0,
				"sectionNotes": [
					[
						38769.2307692308,
						4,
						346.153846153846
					],
					[
						38769.2307692308,
						2,
						0
					],
					[
						39000,
						3,
						0
					],
					[
						39115.3846153846,
						0,
						0
					],
					[
						39230.7692307692,
						1,
						115.384615384615
					],
					[
						39461.5384615385,
						2,
						0
					],
					[
						39692.3076923077,
						2,
						0
					],
					[
						39923.0769230769,
						0,
						0
					],
					[
						40153.8461538462,
						1,
						0
					],
					[
						40384.6153846154,
						3,
						0
					]
				],
				"altAnim": false,
				"gfSection": false,
				"bpm": 150,
				"changeBPM": false,
				"mustHitSection": true
			},
			{
				"lengthInSteps": 16,
				"typeOfSection": 0,
				"sectionNotes": [
					[
						41769.2307692308,
						1,
						0
					],
					[
						40615.3846153846,
						2,
						346.153846153846
					],
					[
						40696.1538461539,
						0,
						288.461538461538
					],
					[
						41076.9230769231,
						1,
						0
					],
					[
						41423.0769230769,
						0,
						0
					],
					[
						41538.4615384615,
						1,
						0
					],
					[
						42230.7692307692,
						0,
						0
					],
					[
						41884.6153846154,
						2,
						0
					],
					[
						42000,
						3,
						0
					],
					[
						41307.6923076923,
						3,
						0
					]
				],
				"altAnim": false,
				"gfSection": false,
				"bpm": 150,
				"changeBPM": false,
				"mustHitSection": true
			},
			{
				"lengthInSteps": 16,
				"typeOfSection": 0,
				"sectionNotes": [
					[
						42923.0769230769,
						3,
						115.384615384615
					],
					[
						43153.8461538462,
						0,
						115.384615384615
					],
					[
						43384.6153846154,
						3,
						0
					],
					[
						43615.3846153846,
						1,
						0
					],
					[
						43846.1538461538,
						0,
						115.384615384615
					],
					[
						44076.9230769231,
						3,
						115.384615384615
					],
					[
						42692.3076923077,
						1,
						0
					],
					[
						42461.5384615385,
						2,
						115.384615384615
					],
					[
						42807.6923076923,
						0,
						0
					]
				],
				"altAnim": false,
				"gfSection": false,
				"bpm": 150,
				"changeBPM": false,
				"mustHitSection": true
			},
			{
				"lengthInSteps": 16,
				"typeOfSection": 0,
				"sectionNotes": [
					[
						44307.6923076923,
						2,
						346.153846153846
					],
					[
						44769.2307692308,
						0,
						346.153846153846
					],
					[
						45230.7692307692,
						1,
						346.153846153846
					],
					[
						45923.0769230769,
						1,
						0
					],
					[
						45461.5384615385,
						2,
						115.384615384615
					],
					[
						45692.3076923077,
						3,
						0
					],
					[
						46038.4615384615,
						0,
						0
					]
				],
				"altAnim": false,
				"gfSection": false,
				"bpm": 150,
				"changeBPM": false,
				"mustHitSection": true
			},
			{
				"lengthInSteps": 16,
				"typeOfSection": 0,
				"sectionNotes": [
					[
						46615.3846153846,
						2,
						115.384615384615
					],
					[
						46846.1538461538,
						3,
						0
					],
					[
						47076.9230769231,
						2,
						230.769230769231
					],
					[
						47538.4615384615,
						0,
						346.153846153846
					],
					[
						47769.2307692308,
						1,
						115.384615384615
					],
					[
						46153.8461538461,
						6,
						461.538461538462
					]
				],
				"altAnim": false,
				"gfSection": false,
				"bpm": 150,
				"changeBPM": false,
				"mustHitSection": false
			},
			{
				"lengthInSteps": 16,
				"typeOfSection": 0,
				"sectionNotes": [
					[
						48461.5384615385,
						0,
						0
					],
					[
						48000,
						3,
						346.153846153846
					],
					[
						48230.7692307692,
						2,
						115.384615384615
					],
					[
						48692.3076923077,
						1,
						0
					],
					[
						49384.6153846154,
						0,
						0
					],
					[
						48923.0769230769,
						3,
						346.153846153846
					],
					[
						49153.8461538462,
						1,
						115.384615384615
					],
					[
						49615.3846153846,
						2,
						0
					]
				],
				"altAnim": false,
				"gfSection": false,
				"bpm": 150,
				"changeBPM": false,
				"mustHitSection": false
			},
			{
				"lengthInSteps": 16,
				"typeOfSection": 0,
				"sectionNotes": [
					[
						49846.1538461538,
						3,
						0
					],
					[
						50076.9230769231,
						0,
						0
					],
					[
						50307.6923076923,
						2,
						576.923076923077
					],
					[
						51000,
						0,
						0
					],
					[
						51115.3846153846,
						3,
						0
					],
					[
						51230.7692307692,
						2,
						0
					],
					[
						51461.5384615385,
						1,
						0
					],
					[
						50307.6923076923,
						3,
						230.769230769231
					]
				],
				"altAnim": false,
				"gfSection": false,
				"bpm": 150,
				"changeBPM": false,
				"mustHitSection": false
			},
			{
				"lengthInSteps": 16,
				"typeOfSection": 0,
				"sectionNotes": [
					[
						51692.3076923077,
						3,
						0
					],
					[
						51923.0769230769,
						0,
						0
					],
					[
						52153.8461538462,
						2,
						230.769230769231
					],
					[
						52615.3846153846,
						3,
						346.153846153846
					],
					[
						52153.8461538462,
						1,
						115.384615384615
					],
					[
						53192.3076923077,
						1,
						0
					],
					[
						53307.6923076923,
						2,
						0
					],
					[
						53076.9230769231,
						0,
						0
					]
				],
				"altAnim": false,
				"gfSection": false,
				"bpm": 150,
				"changeBPM": false,
				"mustHitSection": false
			},
			{
				"lengthInSteps": 16,
				"typeOfSection": 0,
				"sectionNotes": [
					[
						53538.4615384615,
						7,
						461.538461538462
					],
					[
						53538.4615384616,
						7,
						0
					],
					[
						54000,
						0,
						115.384615384615
					],
					[
						54230.7692307692,
						1,
						115.384615384615
					],
					[
						54461.5384615384,
						3,
						346.153846153846
					],
					[
						54923.0769230769,
						2,
						346.153846153846
					],
					[
						55153.8461538461,
						1,
						115.384615384615
					]
				],
				"altAnim": false,
				"gfSection": true,
				"bpm": 150,
				"changeBPM": false,
				"mustHitSection": true
			},
			{
				"lengthInSteps": 16,
				"typeOfSection": 0,
				"sectionNotes": [
					[
						56307.6923076923,
						3,
						346.153846153846
					],
					[
						55846.1538461538,
						3,
						0
					],
					[
						56076.9230769231,
						0,
						0
					],
					[
						56769.2307692308,
						1,
						0
					],
					[
						57000,
						2,
						0
					],
					[
						55384.6153846154,
						0,
						230.769230769231
					]
				],
				"altAnim": false,
				"gfSection": true,
				"bpm": 150,
				"changeBPM": false,
				"mustHitSection": true
			},
			{
				"lengthInSteps": 16,
				"typeOfSection": 0,
				"sectionNotes": [
					[
						57230.7692307692,
						0,
						0
					],
					[
						57461.5384615384,
						3,
						0
					],
					[
						57692.3076923077,
						0,
						576.923076923077
					],
					[
						58615.3846153846,
						3,
						0
					],
					[
						58846.1538461538,
						0,
						0
					],
					[
						58384.6153846154,
						1,
						0
					],
					[
						58500,
						2,
						0
					]
				],
				"altAnim": false,
				"gfSection": true,
				"bpm": 150,
				"changeBPM": false,
				"mustHitSection": true
			},
			{
				"lengthInSteps": 16,
				"typeOfSection": 0,
				"sectionNotes": [
					[
						59307.6923076923,
						0,
						0
					],
					[
						59538.4615384615,
						1,
						230.76923076923
					],
					[
						59076.9230769231,
						1,
						0
					],
					[
						60000,
						2,
						346.153846153846
					],
					[
						60692.3076923077,
						0,
						115.384615384615
					],
					[
						60461.5384615384,
						3,
						346.153846153846
					]
				],
				"altAnim": false,
				"gfSection": true,
				"bpm": 150,
				"changeBPM": false,
				"mustHitSection": true
			},
			{
				"lengthInSteps": 16,
				"typeOfSection": 0,
				"sectionNotes": [
					[
						60923.0769230769,
						2,
						0
					],
					[
						61153.8461538462,
						3,
						0
					],
					[
						61269.2307692308,
						3,
						0
					],
					[
						61615.3846153846,
						1,
						115.384615384615
					],
					[
						61384.6153846154,
						0,
						115.384615384615
					],
					[
						61846.1538461539,
						2,
						115.384615384615
					],
					[
						62076.9230769231,
						0,
						0
					],
					[
						61846.1538461539,
						3,
						115.384615384615
					],
					[
						62192.3076923077,
						1,
						0
					],
					[
						62307.6923076923,
						2,
						0
					],
					[
						62423.0769230769,
						0,
						0
					],
					[
						62538.4615384615,
						3,
						0
					],
					[
						60923.0769230769,
						6,
						346.153846153846,
						"GF Sing"
					]
				],
				"altAnim": false,
				"gfSection": false,
				"bpm": 150,
				"changeBPM": false,
				"mustHitSection": false
			},
			{
				"lengthInSteps": 16,
				"typeOfSection": 0,
				"sectionNotes": [
					[
						62769.2307692308,
						1,
						0
					],
					[
						63000,
						2,
						0
					],
					[
						63230.7692307692,
						3,
						0
					],
					[
						63461.5384615385,
						2,
						0
					],
					[
						63692.3076923077,
						0,
						0
					],
					[
						63923.0769230769,
						1,
						0
					],
					[
						64038.4615384615,
						1,
						0
					],
					[
						64153.8461538462,
						3,
						0
					],
					[
						64384.6153846154,
						2,
						0
					],
					[
						62769.2307692307,
						4,
						346.153846153846
					],
					[
						63230.7692307692,
						5,
						346.153846153846
					],
					[
						63692.3076923077,
						7,
						346.153846153846
					],
					[
						64153.8461538461,
						5,
						346.153846153846
					],
					[
						63000,
						6,
						115.384615384615
					]
				],
				"altAnim": false,
				"gfSection": false,
				"bpm": 150,
				"changeBPM": false,
				"mustHitSection": false
			},
			{
				"lengthInSteps": 16,
				"typeOfSection": 0,
				"sectionNotes": [
					[
						64615.3846153846,
						4,
						230.769230769231
					],
					[
						64615.3846153846,
						5,
						115.384615384615
					],
					[
						65076.9230769231,
						7,
						0
					],
					[
						65307.6923076923,
						6,
						0
					],
					[
						65538.4615384615,
						4,
						115.384615384615
					],
					[
						65884.6153846154,
						7,
						0
					],
					[
						65769.2307692308,
						7,
						0
					],
					[
						66000,
						5,
						0
					],
					[
						66230.7692307692,
						6,
						0
					],
					[
						66230.7692307692,
						7,
						0
					],
					[
						64615.3846153846,
						2,
						346.153846153846
					],
					[
						64615.3846153846,
						3,
						346.153846153846
					],
					[
						65076.923076923,
						0,
						0
					],
					[
						65769.2307692307,
						2,
						0
					],
					[
						66000,
						0,
						0
					],
					[
						65538.4615384615,
						3,
						0
					],
					[
						65538.4615384615,
						1,
						0
					],
					[
						66230.7692307692,
						3,
						0
					]
				],
				"altAnim": false,
				"gfSection": false,
				"bpm": 150,
				"changeBPM": false,
				"mustHitSection": true
			},
			{
				"lengthInSteps": 16,
				"typeOfSection": 0,
				"sectionNotes": [
					[
						66461.5384615385,
						4,
						230.769230769231
					],
					[
						66461.5384615385,
						5,
						115.384615384615
					],
					[
						66923.0769230769,
						7,
						230.769230769231
					],
					[
						66461.5384615384,
						1,
						230.769230769231
					],
					[
						68076.923076923,
						0,
						0
					],
					[
						67615.3846153846,
						4,
						115.384615384615
					],
					[
						67384.6153846154,
						6,
						346.153846153846
					],
					[
						67846.1538461538,
						5,
						0
					],
					[
						67961.5384615384,
						7,
						0
					],
					[
						68076.923076923,
						4,
						115.384615384615
					],
					[
						66923.0769230769,
						2,
						346.153846153846
					],
					[
						67153.8461538461,
						3,
						115.384615384615
					],
					[
						67384.6153846154,
						1,
						346.153846153846
					],
					[
						67615.3846153846,
						0,
						115.384615384615
					],
					[
						67846.1538461538,
						3,
						0
					]
				],
				"altAnim": false,
				"gfSection": false,
				"bpm": 150,
				"changeBPM": false,
				"mustHitSection": true
			},
			{
				"lengthInSteps": 16,
				"typeOfSection": 0,
				"sectionNotes": [
					[
						68307.6923076923,
						5,
						0
					],
					[
						68307.6923076923,
						6,
						230.769230769231
					],
					[
						68307.6923076923,
						2,
						230.769230769231
					],
					[
						69230.7692307692,
						2,
						115.384615384615
					],
					[
						69000,
						3,
						0
					],
					[
						69230.7692307692,
						1,
						0
					],
					[
						69461.5384615384,
						1,
						0
					],
					[
						69576.923076923,
						0,
						0
					],
					[
						69692.3076923077,
						1,
						0
					],
					[
						69807.6923076923,
						0,
						0
					],
					[
						69923.0769230769,
						2,
						0
					],
					[
						68769.2307692308,
						1,
						0
					]
				],
				"altAnim": false,
				"gfSection": false,
				"bpm": 150,
				"changeBPM": false,
				"mustHitSection": true
			},
			{
				"lengthInSteps": 16,
				"typeOfSection": 0,
				"sectionNotes": [
					[
						70384.6153846154,
						1,
						0
					],
					[
						70846.1538461538,
						2,
						0
					],
					[
						70615.3846153846,
						3,
						0
					],
					[
						70153.8461538461,
						0,
						0
					],
					[
						71307.6923076923,
						3,
						0
					],
					[
						71423.0769230769,
						0,
						0
					],
					[
						71076.923076923,
						1,
						0
					],
					[
						71538.4615384615,
						3,
						0
					],
					[
						71769.2307692307,
						3,
						0
					]
				],
				"altAnim": false,
				"gfSection": false,
				"bpm": 150,
				"changeBPM": false,
				"mustHitSection": true
			},
			{
				"lengthInSteps": 16,
				"typeOfSection": 0,
				"sectionNotes": [
					[
						72000,
						2,
						346.153846153846
					],
					[
						72461.5384615384,
						1,
						0
					],
					[
						72692.3076923077,
						3,
						0
					],
					[
						72923.0769230769,
						1,
						115.384615384615
					],
					[
						73615.3846153846,
						2,
						0
					],
					[
						73615.3846153846,
						0,
						0
					],
					[
						73384.6153846154,
						0,
						0
					],
					[
						72000,
						0,
						0
					],
					[
						73153.8461538461,
						2,
						0
					],
					[
						73269.2307692307,
						3,
						0
					]
				],
				"altAnim": false,
				"gfSection": false,
				"bpm": 150,
				"changeBPM": false,
				"mustHitSection": true
			},
			{
				"lengthInSteps": 16,
				"typeOfSection": 0,
				"sectionNotes": [
					[
						73846.1538461538,
						2,
						346.153846153846
					],
					[
						74307.6923076923,
						0,
						346.153846153846
					],
					[
						75230.7692307692,
						3,
						0
					],
					[
						75346.1538461538,
						2,
						0
					],
					[
						75461.5384615384,
						1,
						0
					],
					[
						74076.923076923,
						1,
						115.384615384615
					],
					[
						74769.2307692307,
						1,
						346.153846153846
					]
				],
				"altAnim": false,
				"gfSection": false,
				"bpm": 150,
				"changeBPM": false,
				"mustHitSection": true
			},
			{
				"lengthInSteps": 16,
				"typeOfSection": 0,
				"sectionNotes": [
					[
						76384.6153846154,
						1,
						115.384615384615
					],
					[
						76153.8461538462,
						0,
						346.153846153846
					],
					[
						75692.3076923077,
						2,
						346.153846153846
					],
					[
						77076.9230769231,
						1,
						0
					],
					[
						77307.6923076923,
						3,
						0
					],
					[
						76846.1538461539,
						0,
						0
					],
					[
						76730.7692307692,
						2,
						0
					],
					[
						75692.3076923077,
						5,
						0
					],
					[
						75692.3076923077,
						6,
						230.769230769231
					],
					[
						76730.7692307692,
						5,
						0,
						"GF Sing"
					],
					[
						76500,
						4,
						0,
						"GF Sing"
					],
					[
						76153.8461538461,
						7,
						230.769230769231,
						"GF Sing"
					],
					[
						76846.1538461538,
						7,
						0,
						"GF Sing"
					],
					[
						77076.923076923,
						5,
						0,
						"GF Sing"
					],
					[
						77307.6923076923,
						6,
						0,
						"GF Sing"
					]
				],
				"altAnim": false,
				"gfSection": false,
				"bpm": 150,
				"changeBPM": false,
				"mustHitSection": false
			},
			{
				"lengthInSteps": 16,
				"typeOfSection": 0,
				"sectionNotes": [
					[
						77538.4615384615,
						2,
						461.538461538462
					],
					[
						77538.4615384615,
						1,
						807.692307692308
					],
					[
						78461.5384615385,
						0,
						0
					],
					[
						78692.3076923077,
						3,
						0
					],
					[
						78923.0769230769,
						2,
						0
					],
					[
						79153.8461538462,
						1,
						0
					],
					[
						78000,
						6,
						346.153846153846,
						"GF Sing"
					],
					[
						78576.923076923,
						6,
						0,
						"GF Sing"
					],
					[
						78692.3076923077,
						5,
						0,
						"GF Sing"
					],
					[
						78923.0769230769,
						6,
						0,
						"GF Sing"
					],
					[
						79153.8461538461,
						4,
						0,
						"GF Sing"
					]
				],
				"altAnim": false,
				"gfSection": false,
				"bpm": 150,
				"changeBPM": false,
				"mustHitSection": false
			},
			{
				"lengthInSteps": 16,
				"typeOfSection": 0,
				"sectionNotes": [
					[
						79384.6153846154,
						1,
						0
					],
					[
						79500,
						3,
						0
					],
					[
						79615.3846153846,
						2,
						0
					],
					[
						79730.7692307692,
						0,
						0
					],
					[
						79846.1538461539,
						1,
						0
					],
					[
						79846.1538461539,
						3,
						0
					],
					[
						79961.5384615385,
						2,
						0
					],
					[
						80076.9230769231,
						0,
						0
					],
					[
						80192.3076923077,
						2,
						0
					],
					[
						80307.6923076923,
						1,
						115.384615384615
					],
					[
						80538.4615384615,
						3,
						115.384615384615
					],
					[
						80769.2307692308,
						2,
						115.384615384615
					],
					[
						80884.6153846154,
						1,
						0
					],
					[
						81000,
						0,
						115.384615384615
					],
					[
						79500,
						4,
						0,
						"GF Sing"
					],
					[
						79615.3846153846,
						6,
						0,
						"GF Sing"
					],
					[
						79846.1538461538,
						5,
						0,
						"GF Sing"
					],
					[
						80076.923076923,
						6,
						0,
						"GF Sing"
					],
					[
						80423.0769230769,
						6,
						0,
						"GF Sing"
					],
					[
						80538.4615384615,
						4,
						0,
						"GF Sing"
					],
					[
						80192.3076923077,
						7,
						0,
						"GF Sing"
					],
					[
						80769.2307692307,
						7,
						0,
						"GF Sing"
					],
					[
						81000,
						5,
						0,
						"GF Sing"
					]
				],
				"altAnim": false,
				"gfSection": false,
				"bpm": 150,
				"changeBPM": false,
				"mustHitSection": false
			},
			{
				"lengthInSteps": 16,
				"typeOfSection": 0,
				"sectionNotes": [
					[
						81230.7692307692,
						6,
						576.923076923077
					],
					[
						81692.3076923077,
						5,
						115.384615384615
					],
					[
						82384.6153846154,
						6,
						0
					],
					[
						82615.3846153846,
						4,
						0
					],
					[
						82846.1538461539,
						5,
						0
					],
					[
						81230.7692307692,
						0,
						346.153846153846
					],
					[
						81230.7692307692,
						2,
						0
					],
					[
						81692.3076923077,
						3,
						0
					],
					[
						81923.0769230769,
						2,
						0
					],
					[
						82038.4615384615,
						1,
						0
					],
					[
						82269.2307692307,
						0,
						0
					],
					[
						82384.6153846153,
						1,
						0
					],
					[
						82615.3846153846,
						2,
						0
					],
					[
						82846.1538461538,
						1,
						0
					],
					[
						82038.4615384615,
						5,
						0
					],
					[
						81923.0769230769,
						4,
						0
					],
					[
						82153.8461538461,
						7,
						0
					]
				],
				"altAnim": false,
				"gfSection": true,
				"bpm": 150,
				"changeBPM": false,
				"mustHitSection": true
			},
			{
				"lengthInSteps": 16,
				"typeOfSection": 0,
				"sectionNotes": [
					[
						83076.9230769231,
						7,
						115.384615384615
					],
					[
						83769.2307692308,
						4,
						0
					],
					[
						84000,
						6,
						0
					],
					[
						84115.3846153846,
						7,
						0
					],
					[
						84230.7692307692,
						6,
						0
					],
					[
						84461.5384615385,
						5,
						346.153846153846
					],
					[
						84461.5384615385,
						4,
						115.384615384615
					],
					[
						83423.0769230769,
						2,
						0
					],
					[
						83538.4615384615,
						3,
						0
					],
					[
						83769.2307692307,
						1,
						0
					],
					[
						83884.6153846153,
						3,
						0
					],
					[
						84692.3076923076,
						0,
						0
					],
					[
						84115.3846153846,
						0,
						0
					],
					[
						84230.7692307692,
						1,
						0
					],
					[
						84346.1538461538,
						2,
						0
					],
					[
						84461.5384615384,
						3,
						0
					],
					[
						83307.6923076923,
						1,
						0
					]
				],
				"altAnim": false,
				"gfSection": true,
				"bpm": 150,
				"changeBPM": false,
				"mustHitSection": true
			},
			{
				"lengthInSteps": 16,
				"typeOfSection": 0,
				"sectionNotes": [
					[
						84923.0769230769,
						7,
						115.384615384615
					],
					[
						85269.2307692308,
						6,
						0
					],
					[
						85384.6153846154,
						4,
						0
					],
					[
						85615.3846153846,
						5,
						0
					],
					[
						85846.1538461539,
						6,
						0
					],
					[
						85961.5384615385,
						7,
						0
					],
					[
						86076.9230769231,
						4,
						0
					],
					[
						86307.6923076923,
						5,
						115.384615384615
					],
					[
						86423.0769230769,
						6,
						0
					],
					[
						86538.4615384615,
						4,
						0
					],
					[
						85153.8461538461,
						3,
						0
					],
					[
						85269.2307692307,
						3,
						0
					],
					[
						85384.6153846153,
						1,
						0
					],
					[
						85615.3846153846,
						0,
						0
					],
					[
						85730.7692307692,
						1,
						0
					],
					[
						85846.1538461538,
						2,
						0
					],
					[
						85961.5384615384,
						0,
						0
					],
					[
						86192.3076923076,
						2,
						0
					],
					[
						86307.6923076923,
						1,
						0
					],
					[
						86423.0769230769,
						0,
						0
					],
					[
						86538.4615384615,
						1,
						0
					]
				],
				"altAnim": false,
				"gfSection": true,
				"bpm": 150,
				"changeBPM": false,
				"mustHitSection": true
			},
			{
				"lengthInSteps": 16,
				"typeOfSection": 0,
				"sectionNotes": [
					[
						86769.2307692308,
						7,
						346.153846153846
					],
					[
						87230.7692307692,
						6,
						115.384615384615
					],
					[
						87461.5384615385,
						4,
						0
					],
					[
						87692.3076923077,
						6,
						230.769230769231
					],
					[
						87692.3076923077,
						5,
						115.384615384615
					],
					[
						88153.8461538462,
						7,
						0
					],
					[
						88384.6153846154,
						6,
						0
					],
					[
						88500,
						4,
						0
					],
					[
						86769.2307692307,
						3,
						0
					],
					[
						86884.6153846153,
						2,
						0
					],
					[
						87230.7692307692,
						1,
						0
					],
					[
						87115.3846153846,
						0,
						0
					],
					[
						87461.5384615384,
						3,
						0
					],
					[
						87576.923076923,
						2,
						0
					],
					[
						87923.0769230769,
						1,
						0
					],
					[
						87807.6923076923,
						0,
						0
					],
					[
						88153.8461538461,
						2,
						0
					],
					[
						88384.6153846153,
						1,
						0
					],
					[
						88038.4615384615,
						3,
						0
					]
				],
				"altAnim": false,
				"gfSection": true,
				"bpm": 150,
				"changeBPM": false,
				"mustHitSection": true
			},
			{
				"lengthInSteps": 16,
				"typeOfSection": 0,
				"sectionNotes": [
					[
						88615.3846153846,
						1,
						115.384615384615
					],
					[
						88846.1538461539,
						2,
						0
					],
					[
						89076.9230769231,
						3,
						0
					],
					[
						89307.6923076923,
						2,
						0
					],
					[
						89538.4615384615,
						0,
						346.153846153846
					],
					[
						89538.4615384615,
						1,
						230.769230769231
					],
					[
						90000,
						1,
						115.384615384615
					],
					[
						90000,
						3,
						230.769230769231
					],
					[
						88615.3846153846,
						6,
						346.153846153846,
						"GF Sing"
					],
					[
						88846.1538461538,
						7,
						115.384615384615,
						"GF Sing"
					],
					[
						89307.6923076923,
						4,
						0,
						"GF Sing"
					],
					[
						89538.4615384615,
						5,
						0,
						"GF Sing"
					],
					[
						89538.4615384615,
						6,
						346.153846153846,
						"GF Sing"
					],
					[
						90000,
						7,
						0,
						"GF Sing"
					],
					[
						90000,
						4,
						346.153846153846,
						"GF Sing"
					],
					[
						89076.923076923,
						5,
						0,
						"GF Sing"
					]
				],
				"altAnim": false,
				"gfSection": false,
				"bpm": 150,
				"changeBPM": false,
				"mustHitSection": false
			},
			{
				"lengthInSteps": 16,
				"typeOfSection": 0,
				"sectionNotes": [],
				"altAnim": false,
				"gfSection": false,
				"bpm": 150,
				"changeBPM": false,
				"mustHitSection": false
			},
			{
				"lengthInSteps": 16,
				"typeOfSection": 0,
				"sectionNotes": [
					[
						92769.2307692308,
						2,
						346.153846153846
					],
					[
						93230.7692307692,
						1,
						807.692307692308
					]
				],
				"altAnim": false,
				"gfSection": false,
				"bpm": 150,
				"changeBPM": false,
				"mustHitSection": false
			},
			{
				"lengthInSteps": 16,
				"typeOfSection": 0,
				"sectionNotes": [
					[
						94153.8461538462,
						0,
						576.923076923077
					],
					[
						95076.9230769231,
						2,
						346.153846153846
					],
					[
						95538.4615384615,
						3,
						115.384615384615
					],
					[
						95769.2307692308,
						2,
						0
					],
					[
						95307.6923076923,
						0,
						115.384615384615
					],
					[
						94846.1538461539,
						1,
						115.384615384615
					]
				],
				"altAnim": false,
				"gfSection": false,
				"bpm": 150,
				"changeBPM": false,
				"mustHitSection": false
			},
			{
				"lengthInSteps": 16,
				"typeOfSection": 0,
				"sectionNotes": [
					[
						96000,
						1,
						346.153846153846
					],
					[
						96461.5384615385,
						0,
						346.153846153846
					],
					[
						96923.0769230769,
						2,
						346.153846153846
					],
					[
						97615.3846153846,
						1,
						115.384615384615
					],
					[
						96230.7692307692,
						3,
						115.384615384615
					],
					[
						97384.6153846154,
						3,
						115.384615384615
					]
				],
				"altAnim": false,
				"gfSection": false,
				"bpm": 150,
				"changeBPM": false,
				"mustHitSection": false
			},
			{
				"lengthInSteps": 16,
				"typeOfSection": 0,
				"sectionNotes": [
					[
						97846.1538461539,
						2,
						346.153846153846
					],
					[
						98307.6923076923,
						3,
						346.153846153846
					],
					[
						98769.2307692308,
						0,
						346.153846153846
					],
					[
						99230.7692307692,
						3,
						346.153846153846
					],
					[
						99000,
						2,
						115.384615384615
					]
				],
				"altAnim": false,
				"gfSection": false,
				"bpm": 150,
				"changeBPM": false,
				"mustHitSection": false
			},
			{
				"lengthInSteps": 16,
				"typeOfSection": 0,
				"sectionNotes": [
					[
						99692.3076923077,
						1,
						346.153846153846
					],
					[
						100153.846153846,
						4,
						346.153846153846
					],
					[
						100615.384615385,
						6,
						807.692307692308
					]
				],
				"altAnim": false,
				"gfSection": false,
				"bpm": 150,
				"changeBPM": false,
				"mustHitSection": false
			},
			{
				"lengthInSteps": 16,
				"typeOfSection": 0,
				"sectionNotes": [
					[
						101538.461538461,
						4,
						576.923076923077
					],
					[
						102923.076923077,
						5,
						115.384615384615
					],
					[
						103153.846153846,
						7,
						0
					],
					[
						102230.769230769,
						5,
						0
					],
					[
						102461.538461538,
						6,
						346.153846153846
					]
				],
				"altAnim": false,
				"gfSection": false,
				"bpm": 150,
				"changeBPM": false,
				"mustHitSection": false
			},
			{
				"lengthInSteps": 16,
				"typeOfSection": 0,
				"sectionNotes": [
					[
						103384.615384615,
						6,
						346.153846153846
					],
					[
						103846.153846154,
						5,
						346.153846153846
					],
					[
						104307.692307692,
						4,
						346.153846153846
					],
					[
						104769.230769231,
						7,
						115.384615384615
					],
					[
						105000,
						6,
						115.384615384615
					]
				],
				"altAnim": false,
				"gfSection": false,
				"bpm": 150,
				"changeBPM": false,
				"mustHitSection": false
			},
			{
				"lengthInSteps": 16,
				"typeOfSection": 0,
				"sectionNotes": [
					[
						105230.769230769,
						5,
						346.153846153846
					],
					[
						106153.846153846,
						6,
						346.153846153846
					],
					[
						105692.307692308,
						7,
						346.153846153846
					],
					[
						106615.384615385,
						5,
						346.153846153846
					]
				],
				"altAnim": false,
				"gfSection": false,
				"bpm": 150,
				"changeBPM": false,
				"mustHitSection": false
			},
			{
				"lengthInSteps": 16,
				"typeOfSection": 0,
				"sectionNotes": [
					[
						107076.923076923,
						2,
						807.692307692308
					],
					[
						108000,
						1,
						346.153846153846
					],
					[
						107076.923076923,
						6,
						750
					],
					[
						108230.769230769,
						3,
						115.384615384615
					],
					[
						108461.538461538,
						0,
						346.153846153846
					],
					[
						108576.923076923,
						2,
						0
					],
					[
						108692.307692308,
						1,
						0
					]
				],
				"altAnim": false,
				"gfSection": false,
				"bpm": 150,
				"changeBPM": false,
				"mustHitSection": false
			},
			{
				"lengthInSteps": 16,
				"typeOfSection": 0,
				"sectionNotes": [
					[
						108923.076923077,
						3,
						807.692307692307
					],
					[
						109846.153846154,
						1,
						346.153846153846
					],
					[
						110307.692307692,
						0,
						346.153846153846
					],
					[
						109615.384615385,
						2,
						115.384615384615
					]
				],
				"altAnim": false,
				"gfSection": false,
				"bpm": 150,
				"changeBPM": false,
				"mustHitSection": false
			},
			{
				"lengthInSteps": 16,
				"typeOfSection": 0,
				"sectionNotes": [
					[
						110769.230769231,
						2,
						346.153846153846
					],
					[
						111000,
						1,
						115.384615384615
					],
					[
						111230.769230769,
						0,
						346.153846153846
					],
					[
						111692.307692308,
						3,
						346.153846153846
					],
					[
						112153.846153846,
						1,
						115.384615384615
					],
					[
						112384.615384615,
						0,
						115.384615384615
					],
					[
						110769.230769231,
						3,
						0
					]
				],
				"altAnim": false,
				"gfSection": false,
				"bpm": 150,
				"changeBPM": false,
				"mustHitSection": false
			},
			{
				"lengthInSteps": 16,
				"typeOfSection": 0,
				"sectionNotes": [
					[
						112615.384615385,
						3,
						807.692307692308
					],
					[
						113538.461538462,
						1,
						346.153846153846
					],
					[
						114000,
						0,
						346.153846153846
					]
				],
				"altAnim": false,
				"gfSection": false,
				"bpm": 150,
				"changeBPM": false,
				"mustHitSection": false
			},
			{
				"lengthInSteps": 16,
				"typeOfSection": 0,
				"sectionNotes": [
					[
						114461.538461538,
						2,
						807.692307692308
					],
					[
						115384.615384615,
						1,
						807.692307692308
					],
					[
						114461.538461538,
						6,
						807.692307692308
					],
					[
						116076.923076923,
						5,
						0
					],
					[
						116192.307692308,
						6,
						0
					],
					[
						115384.615384615,
						4,
						346.153846153846
					],
					[
						115615.384615385,
						5,
						115.384615384615
					],
					[
						115846.153846154,
						7,
						0
					],
					[
						115961.538461538,
						6,
						0
					]
				],
				"altAnim": false,
				"gfSection": false,
				"bpm": 150,
				"changeBPM": false,
				"mustHitSection": false
			},
			{
				"sectionNotes": [
					[
						116307.692307692,
						3,
						807.692307692308
					],
					[
						117230.769230769,
						0,
						346.153846153846
					],
					[
						117692.307692308,
						1,
						346.153846153846
					],
					[
						117923.076923077,
						2,
						115.384615384615
					],
					[
						116307.692307692,
						7,
						692.307692307692
					],
					[
						117230.769230769,
						5,
						346.153846153846
					],
					[
						117692.307692308,
						4,
						346.153846153846
					]
				],
				"typeOfSection": 0,
				"lengthInSteps": 16,
				"gfSection": false,
				"altAnim": false,
				"mustHitSection": false,
				"changeBPM": false,
				"bpm": 150
			},
			{
				"sectionNotes": [
					[
						118153.846153846,
						3,
						807.692307692308
					],
					[
						119076.923076923,
						0,
						461.538461538462
					],
					[
						119538.461538462,
						2,
						346.153846153846
					],
					[
						118153.846153846,
						6,
						346.153846153846
					],
					[
						118384.615384615,
						5,
						115.384615384615
					],
					[
						118615.384615385,
						4,
						346.153846153846
					],
					[
						119076.923076923,
						7,
						346.153846153846
					],
					[
						119538.461538461,
						5,
						115.384615384615
					],
					[
						119769.230769231,
						4,
						115.384615384615
					]
				],
				"typeOfSection": 0,
				"lengthInSteps": 16,
				"gfSection": false,
				"altAnim": false,
				"mustHitSection": false,
				"changeBPM": false,
				"bpm": 150
			},
			{
				"sectionNotes": [
					[
						120000,
						3,
						346.153846153846
					],
					[
						120461.538461538,
						2,
						346.153846153846
					],
					[
						120692.307692308,
						1,
						115.384615384615
					],
					[
						120000,
						7,
						346.153846153846
					],
					[
						121384.615384615,
						4,
						0
					],
					[
						120692.307692308,
						5,
						115.384615384615
					],
					[
						120461.538461538,
						6,
						115.384615384615
					],
					[
						120923.076923077,
						4,
						0
					],
					[
						121153.846153846,
						6,
						0
					],
					[
						121269.230769231,
						6,
						0
					],
					[
						121500,
						5,
						0
					],
					[
						121615.384615385,
						7,
						0
					]
				],
				"typeOfSection": 0,
				"lengthInSteps": 16,
				"gfSection": false,
				"altAnim": false,
				"mustHitSection": false,
				"changeBPM": false,
				"bpm": 150
			},
			{
				"sectionNotes": [
					[
						122538.461538462,
						0,
						115.384615384615
					],
					[
						122538.461538462,
						1,
						0
					],
					[
						121846.153846154,
						2,
						0
					],
					[
						122076.923076923,
						2,
						0
					],
					[
						122192.307692308,
						2,
						0
					],
					[
						122307.692307692,
						3,
						0
					],
					[
						122769.230769231,
						2,
						0,
						"No Animation"
					],
					[
						122884.615384615,
						1,
						0,
						"No Animation"
					],
					[
						123000,
						1,
						0,
						"No Animation"
					],
					[
						123115.384615385,
						3,
						0,
						"No Animation"
					],
					[
						123230.769230769,
						0,
						0,
						"No Animation"
					],
					[
						123461.538461538,
						1,
						0,
						"No Animation"
					],
					[
						123461.538461538,
						2,
						0,
						"No Animation"
					],
					[
						121846.153846154,
						6,
						346.153846153846,
						"GF Sing"
					]
				],
				"typeOfSection": 0,
				"lengthInSteps": 16,
				"gfSection": false,
				"altAnim": false,
				"mustHitSection": false,
				"changeBPM": false,
				"bpm": 150
			},
			{
				"sectionNotes": [
					[
						123923.076923077,
						3,
						115.384615384615
					],
					[
						123692.307692308,
						6,
						346.153846153846
					],
					[
						124153.846153846,
						4,
						346.153846153846
					],
					[
						124615.384615385,
						7,
						346.153846153846
					],
					[
						125076.923076923,
						5,
						346.153846153846
					],
					[
						123692.307692308,
						2,
						0
					],
					[
						124153.846153846,
						0,
						0
					],
					[
						124384.615384615,
						2,
						0
					],
					[
						124500,
						3,
						0
					],
					[
						124615.384615385,
						1,
						0,
						"No Animation"
					],
					[
						124846.153846154,
						0,
						0,
						"No Animation"
					],
					[
						124961.538461538,
						1,
						0,
						"No Animation"
					],
					[
						125076.923076923,
						2,
						0,
						"No Animation"
					],
					[
						125307.692307692,
						2,
						115.384615384615,
						"No Animation"
					]
				],
				"typeOfSection": 0,
				"lengthInSteps": 16,
				"gfSection": false,
				"altAnim": false,
				"mustHitSection": false,
				"changeBPM": false,
				"bpm": 150
			},
			{
				"sectionNotes": [
					[
						125538.461538462,
						3,
						0
					],
					[
						125769.230769231,
						2,
						0
					],
					[
						126000,
						1,
						0
					],
					[
						126230.769230769,
						0,
						0
					],
					[
						126461.538461538,
						2,
						0
					],
					[
						126692.307692308,
						3,
						0
					],
					[
						126807.692307692,
						3,
						0
					],
					[
						126923.076923077,
						2,
						0
					],
					[
						127153.846153846,
						0,
						0
					],
					[
						127208.653846154,
						1,
						0
					],
					[
						126461.538461538,
						6,
						0
					],
					[
						126692.307692308,
						5,
						0
					],
					[
						126923.076923077,
						7,
						0
					],
					[
						126000,
						4,
						346.153846153846
					],
					[
						127153.846153846,
						6,
						0
					],
					[
						125538.461538461,
						7,
						346.153846153846
					]
				],
				"typeOfSection": 0,
				"lengthInSteps": 16,
				"gfSection": false,
				"altAnim": false,
				"mustHitSection": false,
				"changeBPM": false,
				"bpm": 150
			},
			{
				"sectionNotes": [
					[
						127384.615384615,
						3,
						346.153846153846
					],
					[
						128307.692307692,
						6,
						115.384615384615
					],
					[
						127384.615384615,
						4,
						346.153846153846
					],
					[
						127846.153846154,
						5,
						0
					],
					[
						128076.923076923,
						6,
						0
					],
					[
						128769.230769231,
						7,
						346.153846153846
					],
					[
						129000,
						5,
						115.384615384615
					],
					[
						128538.461538461,
						4,
						115.384615384615
					],
					[
						127846.153846154,
						2,
						0,
						"No Animation"
					],
					[
						128076.923076923,
						0,
						0,
						"No Animation"
					],
					[
						128307.692307692,
						1,
						0,
						"No Animation"
					],
					[
						128538.461538461,
						3,
						0,
						"No Animation"
					],
					[
						128769.230769231,
						1,
						0,
						"No Animation"
					],
					[
						128884.615384615,
						2,
						0,
						"No Animation"
					],
					[
						129000,
						0,
						0,
						"No Animation"
					]
				],
				"typeOfSection": 0,
				"lengthInSteps": 16,
				"gfSection": false,
				"altAnim": false,
				"mustHitSection": false,
				"changeBPM": false,
				"bpm": 150
			},
			{
				"sectionNotes": [
					[
						130153.846153846,
						4,
						346.153846153846
					],
					[
						130615.384615385,
						7,
						0
					],
					[
						130846.153846154,
						6,
						0
					],
					[
						129230.769230769,
						0,
						0
					],
					[
						129692.307692308,
						3,
						0
					],
					[
						129923.076923077,
						3,
						0
					],
					[
						130269.230769231,
						0,
						0
					],
					[
						130500,
						0,
						0
					],
					[
						130153.846153846,
						1,
						0
					],
					[
						130384.615384615,
						3,
						0
					],
					[
						130846.153846154,
						2,
						0
					],
					[
						130615.384615385,
						3,
						0
					],
					[
						129461.538461538,
						0,
						0
					],
					[
						129576.923076923,
						2,
						0
					],
					[
						129230.769230769,
						5,
						346.153846153846,
						"No Animation"
					]
				],
				"typeOfSection": 0,
				"lengthInSteps": 16,
				"gfSection": false,
				"altAnim": false,
				"mustHitSection": true,
				"changeBPM": false,
				"bpm": 150
			},
			{
				"sectionNotes": [
					[
						131884.615384615,
						0,
						0
					],
					[
						132000,
						3,
						115.384615384615
					],
					[
						132692.307692308,
						2,
						0
					],
					[
						131307.692307692,
						1,
						0
					],
					[
						131538.461538461,
						1,
						0
					],
					[
						131076.923076923,
						2,
						115.384615384615
					],
					[
						131423.076923077,
						3,
						0
					],
					[
						131769.230769231,
						2,
						0
					],
					[
						132230.769230769,
						2,
						0
					],
					[
						132461.538461538,
						0,
						115.384615384615
					],
					[
						132346.153846154,
						1,
						0
					],
					[
						131076.923076923,
						4,
						0,
						"No Animation"
					],
					[
						131307.692307692,
						5,
						0,
						"No Animation"
					],
					[
						131538.461538461,
						7,
						0,
						"No Animation"
					],
					[
						131769.230769231,
						7,
						0,
						"No Animation"
					],
					[
						131884.615384615,
						6,
						0,
						"No Animation"
					],
					[
						132000,
						5,
						115.384615384615,
						"No Animation"
					],
					[
						132230.769230769,
						4,
						0,
						"No Animation"
					],
					[
						132346.153846154,
						4,
						0,
						"No Animation"
					],
					[
						131423.076923077,
						6,
						0,
						"No Animation"
					],
					[
						131653.846153846,
						6,
						0,
						"No Animation"
					],
					[
						132461.538461538,
						6,
						115.384615384615,
						"No Animation"
					],
					[
						132692.307692308,
						7,
						0,
						"No Animation"
					],
					[
						132692.307692308,
						5,
						0,
						"No Animation"
					]
				],
				"typeOfSection": 0,
				"lengthInSteps": 16,
				"gfSection": false,
				"altAnim": false,
				"mustHitSection": true,
				"changeBPM": false,
				"bpm": 150
			},
			{
				"sectionNotes": [
					[
						133615.384615385,
						1,
						0
					],
					[
						133846.153846154,
						3,
						0
					],
					[
						134076.923076923,
						2,
						0
					],
					[
						134307.692307692,
						0,
						0
					],
					[
						132923.076923077,
						4,
						115.384615384615
					],
					[
						133153.846153846,
						5,
						0
					],
					[
						133384.615384615,
						7,
						0
					],
					[
						133615.384615385,
						6,
						0
					],
					[
						133846.153846154,
						4,
						0
					],
					[
						134076.923076923,
						5,
						0
					],
					[
						134192.307692308,
						5,
						0
					],
					[
						134307.692307692,
						7,
						0
					],
					[
						134538.461538461,
						6,
						0
					],
					[
						133153.846153846,
						1,
						0
					],
					[
						132923.076923077,
						3,
						115.384615384615
					],
					[
						133384.615384615,
						0,
						0
					],
					[
						134192.307692308,
						2,
						0
					],
					[
						134538.461538461,
						1,
						0
					]
				],
				"typeOfSection": 0,
				"lengthInSteps": 16,
				"gfSection": false,
				"altAnim": false,
				"mustHitSection": false,
				"changeBPM": false,
				"bpm": 150
			},
			{
				"sectionNotes": [
					[
						134769.230769231,
						5,
						230.769230769231
					],
					[
						135230.769230769,
						4,
						0
					],
					[
						135461.538461538,
						6,
						0
					],
					[
						135692.307692308,
						7,
						115.384615384615
					],
					[
						136153.846153846,
						4,
						0
					],
					[
						135923.076923077,
						6,
						0
					],
					[
						136038.461538461,
						5,
						0
					],
					[
						136269.230769231,
						6,
						0
					],
					[
						136384.615384615,
						7,
						0
					],
					[
						134769.230769231,
						2,
						230.769230769231
					],
					[
						136384.615384615,
						3,
						0,
						"GF Sing"
					],
					[
						135230.769230769,
						3,
						0,
						"No Animation"
					],
					[
						135461.538461538,
						0,
						0,
						"No Animation"
					],
					[
						135692.307692308,
						1,
						0,
						"No Animation"
					],
					[
						135923.076923077,
						2,
						0,
						"No Animation"
					],
					[
						136038.461538461,
						3,
						0,
						"No Animation"
					],
					[
						136153.846153846,
						0,
						0,
						"No Animation"
					],
					[
						136269.230769231,
						1,
						0,
						"No Animation"
					]
				],
				"typeOfSection": 0,
				"lengthInSteps": 16,
				"gfSection": false,
				"altAnim": false,
				"mustHitSection": false,
				"changeBPM": false,
				"bpm": 150
			},
			{
				"sectionNotes": [
					[
						136846.153846154,
						2,
						346.153846153846
					],
					[
						137307.692307692,
						3,
						0
					],
					[
						136615.384615385,
						5,
						0
					],
					[
						136615.384615385,
						4,
						115.384615384615
					],
					[
						136615.384615385,
						1,
						346.153846153846,
						"No Animation"
					],
					[
						137538.461538461,
						2,
						0,
						"No Animation"
					],
					[
						137653.846153846,
						2,
						0,
						"No Animation"
					],
					[
						137769.230769231,
						0,
						0,
						"No Animation"
					],
					[
						138000,
						1,
						0,
						"No Animation"
					],
					[
						138230.769230769,
						2,
						0,
						"No Animation"
					],
					[
						137076.923076923,
						6,
						230.769230769231,
						"GF Sing"
					],
					[
						137423.076923077,
						4,
						0,
						"GF Sing"
					],
					[
						137653.846153846,
						5,
						0,
						"GF Sing"
					],
					[
						137769.230769231,
						7,
						0,
						"GF Sing"
					],
					[
						138000,
						6,
						0,
						"GF Sing"
					],
					[
						138230.769230769,
						4,
						0,
						"GF Sing"
					]
				],
				"typeOfSection": 0,
				"lengthInSteps": 16,
				"gfSection": false,
				"altAnim": false,
				"mustHitSection": false,
				"changeBPM": false,
				"bpm": 150
			},
			{
				"sectionNotes": [
					[
						138692.307692308,
						1,
						346.153846153846
					],
					[
						139153.846153846,
						0,
						0
					],
					[
						139384.615384615,
						2,
						0
					],
					[
						138461.538461538,
						0,
						346.153846153846,
						"No Animation"
					],
					[
						139615.384615385,
						3,
						0,
						"No Animation"
					],
					[
						139846.153846154,
						2,
						0,
						"No Animation"
					],
					[
						140076.923076923,
						0,
						0,
						"No Animation"
					],
					[
						138923.076923077,
						6,
						230.769230769231,
						"GF Sing"
					],
					[
						139500,
						5,
						0,
						"GF Sing"
					],
					[
						139615.384615385,
						6,
						0,
						"GF Sing"
					],
					[
						139846.153846154,
						7,
						0,
						"GF Sing"
					],
					[
						140076.923076923,
						5,
						0,
						"GF Sing"
					]
				],
				"typeOfSection": 0,
				"lengthInSteps": 16,
				"gfSection": false,
				"altAnim": false,
				"mustHitSection": false,
				"changeBPM": false,
				"bpm": 150
			},
			{
				"sectionNotes": [
					[
						140538.461538462,
						2,
						346.153846153846
					],
					[
						141000,
						0,
						0
					],
					[
						141230.769230769,
						3,
						0
					],
					[
						141461.538461538,
						1,
						0
					],
					[
						141692.307692308,
						2,
						0
					],
					[
						141923.076923077,
						0,
						0
					],
					[
						140307.692307692,
						1,
						115.384615384615,
						"No Animation"
					],
					[
						140423.076923077,
						5,
						0,
						"GF Sing"
					],
					[
						140538.461538461,
						7,
						0,
						"GF Sing"
					],
					[
						140769.230769231,
						4,
						0,
						"GF Sing"
					],
					[
						141000,
						5,
						0,
						"GF Sing"
					],
					[
						141115.384615385,
						6,
						0,
						"GF Sing"
					],
					[
						141346.153846154,
						7,
						0,
						"GF Sing"
					],
					[
						141461.538461538,
						4,
						0,
						"GF Sing"
					],
					[
						141692.307692308,
						6,
						0,
						"GF Sing"
					],
					[
						141923.076923077,
						5,
						0,
						"GF Sing"
					]
				],
				"typeOfSection": 0,
				"lengthInSteps": 16,
				"gfSection": false,
				"altAnim": false,
				"mustHitSection": false,
				"changeBPM": false,
				"bpm": 150
			},
			{
				"sectionNotes": [
					[
						142153.846153846,
						1,
						115.384615384615,
						"No Animation"
					],
					[
						142384.615384615,
						2,
						0,
						"No Animation"
					],
					[
						142500,
						3,
						0,
						"No Animation"
					],
					[
						142615.384615385,
						2,
						0,
						"No Animation"
					],
					[
						142846.153846154,
						1,
						0,
						"No Animation"
					],
					[
						142961.538461538,
						1,
						0,
						"No Animation"
					],
					[
						143076.923076923,
						2,
						346.153846153846,
						"No Animation"
					],
					[
						143307.692307692,
						3,
						115.384615384615,
						"No Animation"
					],
					[
						143538.461538461,
						0,
						0,
						"No Animation"
					],
					[
						143769.230769231,
						1,
						0,
						"No Animation"
					],
					[
						142153.846153846,
						6,
						115.384615384615,
						"GF Sing"
					],
					[
						142384.615384615,
						7,
						0,
						"GF Sing"
					],
					[
						142500,
						5,
						0,
						"GF Sing"
					],
					[
						142615.384615385,
						4,
						0,
						"GF Sing"
					],
					[
						142846.153846154,
						5,
						0,
						"GF Sing"
					],
					[
						142961.538461538,
						7,
						0,
						"GF Sing"
					],
					[
						143192.307692308,
						5,
						0,
						"GF Sing"
					],
					[
						143307.692307692,
						7,
						0,
						"GF Sing"
					],
					[
						143538.461538461,
						6,
						0,
						"GF Sing"
					],
					[
						143769.230769231,
						4,
						0,
						"GF Sing"
					],
					[
						143653.846153846,
						2,
						0,
						"No Animation"
					]
				],
				"typeOfSection": 0,
				"lengthInSteps": 16,
				"gfSection": false,
				"altAnim": false,
				"mustHitSection": false,
				"changeBPM": false,
				"bpm": 150
			},
			{
				"sectionNotes": [
					[
						144923.076923077,
						7,
						115.384615384615
					],
					[
						144923.076923077,
						6,
						346.153846153846
					],
					[
						145384.615384615,
						4,
						346.153846153846
					],
					[
						145615.384615385,
						5,
						115.384615384616
					],
					[
						144230.769230769,
						1,
						346.153846153846
					],
					[
						144692.307692308,
						0,
						0
					],
					[
						145615.384615385,
						0,
						0
					],
					[
						144923.076923077,
						1,
						0
					],
					[
						145153.846153846,
						2,
						0
					],
					[
						145384.615384615,
						3,
						0
					],
					[
						144000,
						6,
						461.538461538462,
						"No Animation"
					]
				],
				"typeOfSection": 0,
				"lengthInSteps": 16,
				"gfSection": true,
				"altAnim": false,
				"mustHitSection": true,
				"changeBPM": false,
				"bpm": 150
			},
			{
				"sectionNotes": [
					[
						145846.153846154,
						7,
						230.769230769231
					],
					[
						147576.923076923,
						3,
						0
					],
					[
						147461.538461538,
						2,
						0
					],
					[
						147230.769230769,
						0,
						115.384615384615
					],
					[
						146307.692307692,
						0,
						346.153846153846
					],
					[
						145846.153846154,
						3,
						346.153846153846
					],
					[
						146076.923076923,
						1,
						115.384615384615
					],
					[
						146538.461538461,
						2,
						115.384615384615
					],
					[
						146769.230769231,
						3,
						346.153846153846
					],
					[
						147000,
						2,
						115.384615384615
					],
					[
						146423.076923077,
						6,
						0,
						"No Animation"
					],
					[
						146307.692307692,
						6,
						0,
						"No Animation"
					],
					[
						146538.461538461,
						7,
						0,
						"No Animation"
					],
					[
						146769.230769231,
						6,
						0,
						"No Animation"
					],
					[
						146884.615384615,
						5,
						0,
						"No Animation"
					],
					[
						147000,
						4,
						0,
						"No Animation"
					],
					[
						147230.769230769,
						5,
						0,
						"No Animation"
					],
					[
						147346.153846154,
						6,
						0,
						"No Animation"
					],
					[
						147461.538461538,
						7,
						0,
						"No Animation"
					],
					[
						147576.923076923,
						6,
						0,
						"No Animation"
					]
				],
				"typeOfSection": 0,
				"lengthInSteps": 16,
				"gfSection": true,
				"altAnim": false,
				"mustHitSection": true,
				"changeBPM": false,
				"bpm": 130
			},
			{
				"sectionNotes": [
					[
						148153.846153846,
						5,
						0
					],
					[
						148384.615384615,
						6,
						0
					],
					[
						149307.692307692,
						1,
						0
					],
					[
						149076.923076923,
						0,
						0
					],
					[
						147692.307692308,
						0,
						346.153846153846
					],
					[
						148153.846153846,
						2,
						0
					],
					[
						148269.230769231,
						1,
						0
					],
					[
						148384.615384615,
						3,
						0
					],
					[
						148615.384615385,
						2,
						0
					],
					[
						148846.153846154,
						1,
						0
					],
					[
						147692.307692308,
						1,
						346.153846153846
					],
					[
						148500,
						7,
						0
					],
					[
						149076.923076923,
						4,
						0
					],
					[
						148961.538461538,
						5,
						0
					],
					[
						148615.384615385,
						4,
						0
					],
					[
						149307.692307692,
						5,
						0
					],
					[
						147692.307692308,
						4,
						346.153846153846,
						"No Animation"
					],
					[
						149076.923076923,
						6,
						0,
						"No Animation"
					],
					[
						149307.692307692,
						7,
						0,
						"No Animation"
					]
				],
				"typeOfSection": 0,
				"lengthInSteps": 16,
				"gfSection": true,
				"altAnim": false,
				"mustHitSection": true,
				"changeBPM": false,
				"bpm": 130
			},
			{
				"lengthInSteps": 16,
				"typeOfSection": 0,
				"sectionNotes": [
					[
						149538.461538462,
						5,
						346.153846153846
					],
					[
						150923.076923077,
						6,
						346.153846153846
					],
					[
						149769.230769231,
						3,
						0
					],
					[
						149538.461538461,
						2,
						0
					],
					[
						150000,
						1,
						0
					],
					[
						150230.769230769,
						0,
						0
					],
					[
						150461.538461538,
						3,
						346.153846153846
					],
					[
						150692.307692308,
						1,
						115.384615384615
					],
					[
						150000,
						4,
						346.153846153846
					],
					[
						150461.538461538,
						7,
						346.153846153846
					],
					[
						149538.461538461,
						6,
						346.153846153846,
						"No Animation"
					],
					[
						150000,
						7,
						346.153846153846,
						"No Animation"
					],
					[
						150461.538461538,
						5,
						346.153846153846,
						"No Animation"
					],
					[
						150923.076923077,
						4,
						346.153846153846,
						"No Animation"
					],
					[
						150923.076923077,
						0,
						0
					],
					[
						151038.461538461,
						1,
						0
					],
					[
						151153.846153846,
						3,
						0
					]
				],
				"altAnim": false,
				"gfSection": true,
				"bpm": 130,
				"changeBPM": false,
				"mustHitSection": true
			},
			{
				"lengthInSteps": 16,
				"typeOfSection": 0,
				"sectionNotes": [],
				"altAnim": false,
				"gfSection": false,
				"bpm": 130,
				"changeBPM": false,
				"mustHitSection": false
			},
			{
				"lengthInSteps": 16,
				"typeOfSection": 0,
				"sectionNotes": [],
				"altAnim": false,
				"gfSection": false,
				"bpm": 130,
				"changeBPM": false,
				"mustHitSection": false
			},
			{
				"lengthInSteps": 16,
				"typeOfSection": 0,
				"sectionNotes": [],
				"altAnim": false,
				"gfSection": false,
				"bpm": 130,
				"changeBPM": false,
				"mustHitSection": false
			},
			{
				"lengthInSteps": 16,
				"typeOfSection": 0,
				"sectionNotes": [],
				"altAnim": false,
				"gfSection": false,
				"bpm": 130,
				"changeBPM": false,
				"mustHitSection": false
			},
			{
				"lengthInSteps": 16,
				"typeOfSection": 0,
				"sectionNotes": [],
				"altAnim": false,
				"gfSection": false,
				"bpm": 130,
				"changeBPM": false,
				"mustHitSection": false
			},
			{
				"sectionNotes": [],
				"typeOfSection": 0,
				"lengthInSteps": 16,
				"gfSection": false,
				"altAnim": false,
				"mustHitSection": false,
				"changeBPM": false,
				"bpm": 130
			},
			{
				"sectionNotes": [],
				"typeOfSection": 0,
				"lengthInSteps": 16,
				"gfSection": false,
				"altAnim": false,
				"mustHitSection": false,
				"changeBPM": false,
				"bpm": 130
			},
			{
				"sectionNotes": [],
				"typeOfSection": 0,
				"lengthInSteps": 16,
				"gfSection": false,
				"altAnim": false,
				"mustHitSection": false,
				"changeBPM": false,
				"bpm": 130
			},
			{
				"sectionNotes": [],
				"typeOfSection": 0,
				"lengthInSteps": 16,
				"gfSection": false,
				"altAnim": false,
				"mustHitSection": false,
				"changeBPM": false,
				"bpm": 130
			},
			{
				"sectionNotes": [],
				"typeOfSection": 0,
				"lengthInSteps": 16,
				"gfSection": false,
				"altAnim": false,
				"mustHitSection": false,
				"changeBPM": false,
				"bpm": 130
			},
			{
				"sectionNotes": [],
				"typeOfSection": 0,
				"lengthInSteps": 16,
				"gfSection": false,
				"altAnim": false,
				"mustHitSection": false,
				"changeBPM": false,
				"bpm": 130
			},
			{
				"lengthInSteps": 16,
				"typeOfSection": 0,
				"sectionNotes": [],
				"altAnim": false,
				"gfSection": false,
				"bpm": 130,
				"changeBPM": false,
				"mustHitSection": false
			},
			{
				"lengthInSteps": 16,
				"typeOfSection": 0,
				"sectionNotes": [],
				"altAnim": false,
				"gfSection": false,
				"bpm": 130,
				"changeBPM": false,
				"mustHitSection": true
			},
			{
				"lengthInSteps": 16,
				"typeOfSection": 0,
				"sectionNotes": [],
				"altAnim": false,
				"gfSection": false,
				"bpm": 130,
				"changeBPM": false,
				"mustHitSection": true
			},
			{
				"sectionNotes": [],
				"typeOfSection": 0,
				"lengthInSteps": 16,
				"gfSection": false,
				"altAnim": false,
				"mustHitSection": true,
				"changeBPM": false,
				"bpm": 130
			},
			{
				"sectionNotes": [],
				"typeOfSection": 0,
				"lengthInSteps": 16,
				"gfSection": false,
				"altAnim": false,
				"mustHitSection": true,
				"changeBPM": false,
				"bpm": 130
			},
			{
				"lengthInSteps": 16,
				"typeOfSection": 0,
				"sectionNotes": [],
				"altAnim": false,
				"gfSection": false,
				"bpm": 130,
				"changeBPM": false,
				"mustHitSection": true
			},
			{
				"lengthInSteps": 16,
				"typeOfSection": 0,
				"sectionNotes": [],
				"altAnim": false,
				"gfSection": false,
				"bpm": 130,
				"changeBPM": false,
				"mustHitSection": true
			},
			{
				"lengthInSteps": 16,
				"typeOfSection": 0,
				"sectionNotes": [],
				"altAnim": false,
				"gfSection": false,
				"bpm": 130,
				"changeBPM": false,
				"mustHitSection": true
			},
			{
				"sectionBeats": 4,
				"sectionNotes": [],
				"typeOfSection": 0,
				"gfSection": false,
				"altAnim": false,
				"mustHitSection": true,
				"changeBPM": false,
				"bpm": 130
			},
			{
				"sectionBeats": 4,
				"sectionNotes": [],
				"typeOfSection": 0,
				"gfSection": false,
				"altAnim": false,
				"mustHitSection": true,
				"changeBPM": false,
				"bpm": 130
			},
			{
				"sectionBeats": 4,
				"sectionNotes": [],
				"typeOfSection": 0,
				"gfSection": false,
				"altAnim": false,
				"mustHitSection": true,
				"changeBPM": false,
				"bpm": 130
			},
			{
				"sectionBeats": 4,
				"sectionNotes": [],
				"typeOfSection": 0,
				"gfSection": false,
				"altAnim": false,
				"mustHitSection": true,
				"changeBPM": false,
				"bpm": 130
			},
			{
				"typeOfSection": 0,
				"sectionNotes": [],
				"sectionBeats": 4,
				"altAnim": false,
				"gfSection": false,
				"bpm": 130,
				"changeBPM": false,
				"mustHitSection": true
			},
			{
				"typeOfSection": 0,
				"sectionNotes": [],
				"sectionBeats": 4,
				"altAnim": false,
				"gfSection": false,
				"bpm": 130,
				"changeBPM": false,
				"mustHitSection": true
			},
			{
				"typeOfSection": 0,
				"sectionNotes": [],
				"sectionBeats": 4,
				"altAnim": false,
				"gfSection": false,
				"bpm": 130,
				"changeBPM": false,
				"mustHitSection": true
			},
			{
				"typeOfSection": 0,
				"sectionNotes": [],
				"sectionBeats": 4,
				"altAnim": false,
				"gfSection": false,
				"bpm": 130,
				"changeBPM": false,
				"mustHitSection": true
			},
			{
				"typeOfSection": 0,
				"sectionNotes": [],
				"sectionBeats": 4,
				"altAnim": false,
				"gfSection": false,
				"bpm": 130,
				"changeBPM": false,
				"mustHitSection": true
			},
			{
				"sectionBeats": 4,
				"sectionNotes": [],
				"typeOfSection": 0,
				"gfSection": false,
				"altAnim": false,
				"mustHitSection": true,
				"changeBPM": false,
				"bpm": 130
			},
			{
				"sectionBeats": 4,
				"sectionNotes": [],
				"typeOfSection": 0,
				"gfSection": false,
				"altAnim": false,
				"mustHitSection": true,
				"changeBPM": false,
				"bpm": 130
			},
			{
				"sectionBeats": 4,
				"sectionNotes": [],
				"typeOfSection": 0,
				"gfSection": false,
				"altAnim": false,
				"mustHitSection": true,
				"changeBPM": false,
				"bpm": 130
			},
			{
				"sectionBeats": 4,
				"sectionNotes": [],
				"typeOfSection": 0,
				"gfSection": false,
				"altAnim": false,
				"mustHitSection": true,
				"changeBPM": false,
				"bpm": 130
			},
			{
				"typeOfSection": 0,
				"sectionNotes": [],
				"sectionBeats": 4,
				"altAnim": false,
				"gfSection": false,
				"bpm": 130,
				"changeBPM": false,
				"mustHitSection": true
			},
			{
				"typeOfSection": 0,
				"sectionNotes": [],
				"sectionBeats": 4,
				"altAnim": false,
				"gfSection": false,
				"bpm": 130,
				"changeBPM": false,
				"mustHitSection": true
			},
			{
				"typeOfSection": 0,
				"sectionNotes": [],
				"sectionBeats": 4,
				"altAnim": false,
				"gfSection": false,
				"bpm": 130,
				"changeBPM": false,
				"mustHitSection": true
			},
			{
				"typeOfSection": 0,
				"sectionNotes": [],
				"sectionBeats": 4,
				"altAnim": false,
				"gfSection": false,
				"bpm": 130,
				"changeBPM": false,
				"mustHitSection": true
			},
			{
				"typeOfSection": 0,
				"sectionNotes": [],
				"sectionBeats": 4,
				"altAnim": false,
				"gfSection": false,
				"bpm": 130,
				"changeBPM": false,
				"mustHitSection": true
			},
			{
				"typeOfSection": 0,
				"sectionNotes": [],
				"sectionBeats": 4,
				"altAnim": false,
				"gfSection": false,
				"bpm": 130,
				"changeBPM": false,
				"mustHitSection": true
			},
			{
				"typeOfSection": 0,
				"sectionNotes": [],
				"sectionBeats": 4,
				"altAnim": false,
				"gfSection": false,
				"bpm": 130,
				"changeBPM": false,
				"mustHitSection": true
			},
			{
				"typeOfSection": 0,
				"sectionNotes": [],
				"sectionBeats": 4,
				"altAnim": false,
				"gfSection": false,
				"bpm": 130,
				"changeBPM": false,
				"mustHitSection": true
			},
			{
				"typeOfSection": 0,
				"sectionNotes": [],
				"sectionBeats": 4,
				"altAnim": false,
				"gfSection": false,
				"bpm": 130,
				"changeBPM": false,
				"mustHitSection": true
			},
			{
				"typeOfSection": 0,
				"sectionNotes": [],
				"sectionBeats": 4,
				"altAnim": false,
				"gfSection": false,
				"bpm": 130,
				"changeBPM": false,
				"mustHitSection": true
			},
			{
				"typeOfSection": 0,
				"sectionNotes": [],
				"sectionBeats": 4,
				"altAnim": false,
				"gfSection": false,
				"bpm": 130,
				"changeBPM": false,
				"mustHitSection": true
			},
			{
				"typeOfSection": 0,
				"sectionNotes": [],
				"sectionBeats": 4,
				"altAnim": false,
				"gfSection": false,
				"bpm": 130,
				"changeBPM": false,
				"mustHitSection": true
			},
			{
				"typeOfSection": 0,
				"sectionNotes": [],
				"sectionBeats": 4,
				"altAnim": false,
				"gfSection": false,
				"bpm": 130,
				"changeBPM": false,
				"mustHitSection": true
			},
			{
				"typeOfSection": 0,
				"sectionNotes": [],
				"sectionBeats": 4,
				"altAnim": false,
				"gfSection": false,
				"bpm": 130,
				"changeBPM": false,
				"mustHitSection": true
			},
			{
				"typeOfSection": 0,
				"sectionNotes": [],
				"sectionBeats": 4,
				"altAnim": false,
				"gfSection": false,
				"bpm": 130,
				"changeBPM": false,
				"mustHitSection": true
			},
			{
				"sectionBeats": 4,
				"sectionNotes": [],
				"typeOfSection": 0,
				"gfSection": false,
				"altAnim": false,
				"mustHitSection": true,
				"changeBPM": false,
				"bpm": 130
			},
			{
				"sectionBeats": 4,
				"sectionNotes": [],
				"typeOfSection": 0,
				"gfSection": false,
				"altAnim": false,
				"mustHitSection": true,
				"changeBPM": false,
				"bpm": 130
			},
			{
				"sectionBeats": 4,
				"sectionNotes": [],
				"typeOfSection": 0,
				"gfSection": false,
				"altAnim": false,
				"mustHitSection": true,
				"changeBPM": false,
				"bpm": 130
			},
			{
				"sectionBeats": 4,
				"sectionNotes": [],
				"typeOfSection": 0,
				"gfSection": false,
				"altAnim": false,
				"mustHitSection": true,
				"changeBPM": false,
				"bpm": 130
			},
			{
				"sectionBeats": 4,
				"sectionNotes": [],
				"typeOfSection": 0,
				"gfSection": false,
				"altAnim": false,
				"mustHitSection": true,
				"changeBPM": false,
				"bpm": 130
			},
			{
				"typeOfSection": 0,
				"sectionNotes": [],
				"sectionBeats": 4,
				"altAnim": false,
				"gfSection": false,
				"bpm": 130,
				"changeBPM": false,
				"mustHitSection": true
			},
			{
				"typeOfSection": 0,
				"sectionNotes": [],
				"sectionBeats": 4,
				"altAnim": false,
				"gfSection": false,
				"bpm": 130,
				"changeBPM": false,
				"mustHitSection": true
			},
			{
				"typeOfSection": 0,
				"sectionNotes": [],
				"sectionBeats": 4,
				"altAnim": false,
				"gfSection": false,
				"bpm": 130,
				"changeBPM": false,
				"mustHitSection": true
			},
			{
				"typeOfSection": 0,
				"sectionNotes": [],
				"sectionBeats": 4,
				"altAnim": false,
				"gfSection": false,
				"bpm": 130,
				"changeBPM": false,
				"mustHitSection": true
			},
			{
				"typeOfSection": 0,
				"sectionNotes": [],
				"sectionBeats": 4,
				"altAnim": false,
				"gfSection": false,
				"bpm": 130,
				"changeBPM": false,
				"mustHitSection": true
			},
			{
				"typeOfSection": 0,
				"sectionNotes": [],
				"sectionBeats": 4,
				"altAnim": false,
				"gfSection": false,
				"bpm": 130,
				"changeBPM": false,
				"mustHitSection": true
			},
			{
				"typeOfSection": 0,
				"sectionNotes": [],
				"sectionBeats": 4,
				"altAnim": false,
				"gfSection": false,
				"bpm": 130,
				"changeBPM": false,
				"mustHitSection": true
			},
			{
				"typeOfSection": 0,
				"sectionNotes": [],
				"sectionBeats": 4,
				"altAnim": false,
				"gfSection": false,
				"bpm": 130,
				"changeBPM": false,
				"mustHitSection": true
			},
			{
				"sectionBeats": 4,
				"sectionNotes": [],
				"typeOfSection": 0,
				"gfSection": false,
				"altAnim": false,
				"mustHitSection": true,
				"changeBPM": false,
				"bpm": 130
			},
			{
				"sectionBeats": 4,
				"sectionNotes": [],
				"typeOfSection": 0,
				"gfSection": false,
				"altAnim": false,
				"mustHitSection": true,
				"changeBPM": false,
				"bpm": 130
			},
			{
				"sectionBeats": 4,
				"sectionNotes": [],
				"typeOfSection": 0,
				"gfSection": false,
				"altAnim": false,
				"mustHitSection": true,
				"changeBPM": false,
				"bpm": 130
			},
			{
				"sectionBeats": 4,
				"sectionNotes": [],
				"typeOfSection": 0,
				"gfSection": false,
				"altAnim": false,
				"mustHitSection": true,
				"changeBPM": false,
				"bpm": 130
			},
			{
				"sectionBeats": 4,
				"sectionNotes": [],
				"typeOfSection": 0,
				"gfSection": false,
				"altAnim": false,
				"mustHitSection": true,
				"changeBPM": false,
				"bpm": 130
			},
			{
				"typeOfSection": 0,
				"sectionNotes": [],
				"sectionBeats": 4,
				"altAnim": false,
				"gfSection": false,
				"bpm": 130,
				"changeBPM": false,
				"mustHitSection": true
			},
			{
				"sectionBeats": 4,
				"sectionNotes": [],
				"typeOfSection": 0,
				"gfSection": false,
				"altAnim": false,
				"mustHitSection": true,
				"changeBPM": false,
				"bpm": 130
			},
			{
				"sectionBeats": 4,
				"sectionNotes": [],
				"typeOfSection": 0,
				"gfSection": false,
				"altAnim": false,
				"mustHitSection": true,
				"changeBPM": false,
				"bpm": 130
			},
			{
				"typeOfSection": 0,
				"sectionNotes": [],
				"sectionBeats": 4,
				"altAnim": false,
				"gfSection": false,
				"bpm": 130,
				"changeBPM": false,
				"mustHitSection": true
			},
			{
				"sectionBeats": 4,
				"sectionNotes": [],
				"typeOfSection": 0,
				"gfSection": false,
				"altAnim": false,
				"mustHitSection": true,
				"changeBPM": false,
				"bpm": 130
			},
			{
				"sectionBeats": 4,
				"sectionNotes": [],
				"typeOfSection": 0,
				"gfSection": false,
				"altAnim": false,
				"mustHitSection": true,
				"changeBPM": false,
				"bpm": 130
			},
			{
				"sectionBeats": 4,
				"sectionNotes": [],
				"typeOfSection": 0,
				"gfSection": false,
				"altAnim": false,
				"mustHitSection": true,
				"changeBPM": false,
				"bpm": 130
			},
			{
				"typeOfSection": 0,
				"sectionNotes": [],
				"sectionBeats": 4,
				"altAnim": false,
				"gfSection": false,
				"bpm": 130,
				"changeBPM": false,
				"mustHitSection": true
			},
			{
				"sectionBeats": 4,
				"sectionNotes": [],
				"typeOfSection": 0,
				"gfSection": false,
				"altAnim": false,
				"mustHitSection": true,
				"changeBPM": false,
				"bpm": 130
			},
			{
				"sectionBeats": 4,
				"sectionNotes": [],
				"typeOfSection": 0,
				"gfSection": false,
				"altAnim": false,
				"mustHitSection": true,
				"changeBPM": false,
				"bpm": 130
			},
			{
				"sectionBeats": 4,
				"sectionNotes": [],
				"typeOfSection": 0,
				"gfSection": false,
				"altAnim": false,
				"mustHitSection": true,
				"changeBPM": false,
				"bpm": 130
			},
			{
				"sectionBeats": 4,
				"sectionNotes": [],
				"typeOfSection": 0,
				"gfSection": false,
				"altAnim": false,
				"mustHitSection": true,
				"changeBPM": false,
				"bpm": 130
			},
			{
				"sectionBeats": 4,
				"sectionNotes": [],
				"typeOfSection": 0,
				"gfSection": false,
				"altAnim": false,
				"mustHitSection": true,
				"changeBPM": false,
				"bpm": 130
			},
			{
				"typeOfSection": 0,
				"sectionNotes": [],
				"sectionBeats": 4,
				"altAnim": false,
				"gfSection": false,
				"bpm": 130,
				"changeBPM": false,
				"mustHitSection": true
			},
			{
				"typeOfSection": 0,
				"sectionNotes": [],
				"sectionBeats": 4,
				"altAnim": false,
				"gfSection": false,
				"bpm": 130,
				"changeBPM": false,
				"mustHitSection": true
			},
			{
				"typeOfSection": 0,
				"sectionNotes": [],
				"sectionBeats": 4,
				"altAnim": false,
				"gfSection": false,
				"bpm": 130,
				"changeBPM": false,
				"mustHitSection": true
			},
			{
				"sectionBeats": 4,
				"sectionNotes": [],
				"typeOfSection": 0,
				"gfSection": false,
				"altAnim": false,
				"mustHitSection": true,
				"changeBPM": false,
				"bpm": 130
			},
			{
				"sectionBeats": 4,
				"sectionNotes": [],
				"typeOfSection": 0,
				"gfSection": false,
				"altAnim": false,
				"mustHitSection": true,
				"changeBPM": false,
				"bpm": 130
			},
			{
				"sectionBeats": 4,
				"sectionNotes": [],
				"typeOfSection": 0,
				"gfSection": false,
				"altAnim": false,
				"mustHitSection": true,
				"changeBPM": false,
				"bpm": 130
			},
			{
				"sectionBeats": 4,
				"sectionNotes": [],
				"typeOfSection": 0,
				"gfSection": false,
				"altAnim": false,
				"mustHitSection": true,
				"changeBPM": false,
				"bpm": 130
			},
			{
				"sectionBeats": 4,
				"sectionNotes": [],
				"typeOfSection": 0,
				"gfSection": false,
				"altAnim": false,
				"mustHitSection": true,
				"changeBPM": false,
				"bpm": 130
			},
			{
				"sectionBeats": 4,
				"sectionNotes": [],
				"typeOfSection": 0,
				"gfSection": false,
				"altAnim": false,
				"mustHitSection": true,
				"changeBPM": false,
				"bpm": 130
			},
			{
				"sectionBeats": 4,
				"sectionNotes": [],
				"typeOfSection": 0,
				"gfSection": false,
				"altAnim": false,
				"mustHitSection": true,
				"changeBPM": false,
				"bpm": 130
			},
			{
				"sectionBeats": 4,
				"sectionNotes": [],
				"typeOfSection": 0,
				"gfSection": false,
				"altAnim": false,
				"mustHitSection": true,
				"changeBPM": false,
				"bpm": 130
			},
			{
				"sectionBeats": 4,
				"sectionNotes": [],
				"typeOfSection": 0,
				"gfSection": false,
				"altAnim": false,
				"mustHitSection": true,
				"changeBPM": false,
				"bpm": 130
			},
			{
				"sectionBeats": 4,
				"sectionNotes": [],
				"typeOfSection": 0,
				"gfSection": false,
				"altAnim": false,
				"mustHitSection": true,
				"changeBPM": false,
				"bpm": 130
			},
			{
				"sectionBeats": 4,
				"sectionNotes": [],
				"typeOfSection": 0,
				"gfSection": false,
				"altAnim": false,
				"mustHitSection": true,
				"changeBPM": false,
				"bpm": 130
			},
			{
				"typeOfSection": 0,
				"sectionNotes": [],
				"sectionBeats": 4,
				"altAnim": false,
				"gfSection": false,
				"bpm": 130,
				"changeBPM": false,
				"mustHitSection": true
			},
			{
				"sectionBeats": 4,
				"sectionNotes": [],
				"typeOfSection": 0,
				"gfSection": false,
				"altAnim": false,
				"mustHitSection": true,
				"changeBPM": false,
				"bpm": 130
			},
			{
				"sectionBeats": 4,
				"sectionNotes": [],
				"typeOfSection": 0,
				"gfSection": false,
				"altAnim": false,
				"mustHitSection": true,
				"changeBPM": false,
				"bpm": 130
			},
			{
				"sectionBeats": 4,
				"sectionNotes": [],
				"typeOfSection": 0,
				"gfSection": false,
				"altAnim": false,
				"mustHitSection": true,
				"changeBPM": false,
				"bpm": 130
			},
			{
				"sectionBeats": 4,
				"sectionNotes": [],
				"typeOfSection": 0,
				"gfSection": false,
				"altAnim": false,
				"mustHitSection": true,
				"changeBPM": false,
				"bpm": 130
			},
			{
				"sectionBeats": 4,
				"sectionNotes": [],
				"typeOfSection": 0,
				"gfSection": false,
				"altAnim": false,
				"mustHitSection": true,
				"changeBPM": false,
				"bpm": 130
			},
			{
				"gfSection": false,
				"altAnim": false,
				"typeOfSection": 0,
				"sectionNotes": [],
				"bpm": 130,
				"sectionBeats": 4,
				"changeBPM": false,
				"mustHitSection": true
			},
			{
				"gfSection": false,
				"altAnim": false,
				"typeOfSection": 0,
				"sectionNotes": [],
				"bpm": 130,
				"sectionBeats": 4,
				"changeBPM": false,
				"mustHitSection": true
			}
		],
		"gfVersion": "botan-new-flipped",
		"splashSkin": "noteSplashesHololive",
		"song": "Our-frontiers",
		"validScore": true,
		"needsVoices": true,
		"stage": "requital-mako",
		"arrowSkin": "new",
		"speed": 3,
		"bpm": 130
	}
}