{
	"dialogue": [
		{
			"sound": "TsubaText",
			"speed": 0.05,
			"portrait": "yotsuba",
			"boxState": "normal",
			"expression": "talk",
			"text": "Viejo choto"
		},
		{
			"sound": "",
			"speed": 0.05,
			"portrait": "bf",
			"boxState": "normal",
			"expression": "talk",
			"text": "pito corto"
		},
		{
			"sound": "",
			"speed": 0.05,
			"portrait": "yotsuba",
			"boxState": "normal",
			"expression": "talk",
			"text": "Pelotudo"
		},
		{
			"sound": "",
			"speed": 0.05,
			"portrait": "bf",
			"boxState": "normal",
			"expression": "talk",
			"text": "Pito corto"
		},
		{
			"sound": "",
			"speed": 0.05,
			"portrait": "yotsuba",
			"boxState": "normal",
			"expression": "talk",
			"text": "La concha de tu madre"
		},
		{
			"sound": "",
			"speed": 0.05,
			"portrait": "bf",
			"boxState": "normal",
			"expression": "talk",
			"text": "Pito corto"
		},
		{
			"sound": "",
			"speed": 0.05,
			"portrait": "yotsuba",
			"boxState": "normal",
			"expression": "talk",
			"text": "Que no tienes otro insulto que no sea\\n'pito corto'???"
		},
		{
			"sound": "",
			"speed": 0.05,
			"portrait": "bf",
			"boxState": "normal",
			"expression": "talk",
			"text": "pito corto"
		},
		{
			"sound": "",
			"speed": 0.05,
			"portrait": "yotsuba",
			"boxState": "normal",
			"expression": "talk",
			"text": "Dale dejate de joder!"
		},
		{
			"sound": "",
			"speed": 0.05,
			"portrait": "bf",
			"boxState": "normal",
			"expression": "talk",
			"text": "pito corto"
		},
		{
			"sound": "",
			"speed": 0.1,
			"portrait": "yotsuba",
			"boxState": "normal",
			"expression": "excited",
			"text": ". . ."
		},
		{
			"sound": "",
			"speed": 0.05,
			"portrait": "bf",
			"boxState": "normal",
			"expression": "excited",
			"text": "pito corto"
		}
	]
}