{
	"song": {
		"player1": "pico-player",
		"sectionLengths": [],
		"notes": [
			{
				"lengthInSteps": 16,
				"sectionNotes": [],
				"typeOfSection": 0,
				"mustHitSection": true,
				"changeBPM": false,
				"bpm": 95
			},
			{
				"lengthInSteps": 16,
				"sectionNotes": [],
				"typeOfSection": 0,
				"mustHitSection": true,
				"changeBPM": false,
				"bpm": 175
			},
			{
				"lengthInSteps": 16,
				"sectionNotes": [
					[
						2914.28571428571,
						2,
						0
					],
					[
						3085.71428571429,
						0,
						0
					],
					[
						3428.57142857143,
						1,
						236.842105263158
					],
					[
						3771.42857142857,
						3,
						157.894736842105
					],
					[
						3771.42857142857,
						6,
						0,
						"Botan alert"
					]
				],
				"typeOfSection": 0,
				"mustHitSection": false,
				"changeBPM": false,
				"bpm": 175
			},
			{
				"lengthInSteps": 16,
				"sectionNotes": [
					[
						4285.71428571428,
						2,
						0
					],
					[
						4457.14285714286,
						0,
						0
					],
					[
						4800,
						1,
						236.842105263158
					],
					[
						5142.85714285714,
						3,
						157.894736842105
					],
					[
						5142.85714285714,
						7,
						0,
						"Botan alert"
					]
				],
				"typeOfSection": 0,
				"mustHitSection": false,
				"changeBPM": false,
				"bpm": 175
			},
			{
				"lengthInSteps": 16,
				"sectionNotes": [
					[
						5657.14285714285,
						2,
						0
					],
					[
						5828.57142857143,
						0,
						0
					],
					[
						6171.42857142857,
						1,
						236.842105263158
					],
					[
						6514.28571428571,
						3,
						157.894736842105
					],
					[
						6771.42857142857,
						1,
						0
					]
				],
				"typeOfSection": 0,
				"mustHitSection": false,
				"changeBPM": false,
				"bpm": 175
			},
			{
				"lengthInSteps": 16,
				"sectionNotes": [
					[
						6865.71428571429,
						0,
						0
					],
					[
						7028.57142857143,
						3,
						0
					],
					[
						7200,
						2,
						0
					],
					[
						7628.57142857143,
						2,
						0
					],
					[
						7885.71428571428,
						0,
						0
					],
					[
						8057.14285714286,
						0,
						0
					],
					[
						7885.71428571429,
						7,
						0,
						"Botan alert"
					],
					[
						8057.14285714286,
						7,
						0,
						"Botan alert"
					]
				],
				"typeOfSection": 0,
				"mustHitSection": false,
				"changeBPM": false,
				"bpm": 175
			},
			{
				"lengthInSteps": 16,
				"sectionNotes": [
					[
						8400,
						2,
						0
					],
					[
						8571.42857142857,
						0,
						0
					],
					[
						8914.28571428571,
						1,
						236.842105263158
					],
					[
						9257.14285714286,
						3,
						157.894736842105
					]
				],
				"typeOfSection": 0,
				"mustHitSection": true,
				"changeBPM": false,
				"bpm": 175
			},
			{
				"lengthInSteps": 16,
				"sectionNotes": [
					[
						9771.42857142857,
						2,
						0
					],
					[
						9942.85714285714,
						0,
						0
					],
					[
						10285.7142857143,
						1,
						236.842105263158
					],
					[
						10628.5714285714,
						3,
						157.894736842105
					]
				],
				"typeOfSection": 0,
				"mustHitSection": true,
				"changeBPM": false,
				"bpm": 175
			},
			{
				"lengthInSteps": 16,
				"sectionNotes": [
					[
						11142.8571428571,
						2,
						0
					],
					[
						11314.2857142857,
						0,
						0
					],
					[
						11657.1428571429,
						1,
						236.842105263158
					],
					[
						12000,
						3,
						157.894736842105
					]
				],
				"typeOfSection": 0,
				"mustHitSection": true,
				"changeBPM": false,
				"bpm": 175
			},
			{
				"lengthInSteps": 16,
				"sectionNotes": [
					[
						12514.2857142857,
						3,
						0
					],
					[
						12685.7142857143,
						2,
						0
					],
					[
						13114.2857142857,
						2,
						0
					],
					[
						12342.8571428571,
						0,
						0
					],
					[
						13371.4285714286,
						0,
						0
					],
					[
						13542.8571428571,
						0,
						0
					]
				],
				"typeOfSection": 0,
				"mustHitSection": true,
				"changeBPM": false,
				"bpm": 175
			},
			{
				"lengthInSteps": 16,
				"sectionNotes": [
					[
						13885.7142857143,
						2,
						0
					],
					[
						14057.1428571429,
						0,
						0
					],
					[
						14400,
						0,
						0
					],
					[
						14742.8571428571,
						3,
						0
					],
					[
						14914.2857142857,
						1,
						0
					]
				],
				"typeOfSection": 0,
				"mustHitSection": false,
				"changeBPM": false,
				"bpm": 175
			},
			{
				"lengthInSteps": 16,
				"sectionNotes": [
					[
						15257.1428571429,
						3,
						0
					],
					[
						15428.5714285714,
						0,
						0
					],
					[
						15857.1428571429,
						2,
						0
					],
					[
						16114.2857142857,
						0,
						0
					],
					[
						16285.7142857143,
						1,
						0
					]
				],
				"typeOfSection": 0,
				"mustHitSection": false,
				"changeBPM": false,
				"bpm": 175
			},
			{
				"lengthInSteps": 16,
				"sectionNotes": [
					[
						16628.5714285714,
						0,
						0
					],
					[
						17657.1428571429,
						3,
						0
					],
					[
						16800,
						1,
						0
					],
					[
						16971.4285714286,
						3,
						0
					],
					[
						17142.8571428571,
						1,
						0
					],
					[
						17314.2857142857,
						0,
						0
					],
					[
						17485.7142857143,
						1,
						0
					],
					[
						17742.8571428571,
						0,
						0
					]
				],
				"typeOfSection": 0,
				"mustHitSection": false,
				"changeBPM": false,
				"bpm": 175
			},
			{
				"lengthInSteps": 16,
				"sectionNotes": [
					[
						17828.5714285714,
						3,
						0
					],
					[
						18000,
						3,
						0
					],
					[
						18171.4285714286,
						1,
						0
					],
					[
						18600,
						2,
						0
					],
					[
						18857.1428571429,
						2,
						0
					],
					[
						19028.5714285714,
						3,
						0
					]
				],
				"typeOfSection": 0,
				"mustHitSection": false,
				"changeBPM": false,
				"bpm": 175
			},
			{
				"lengthInSteps": 16,
				"sectionNotes": [
					[
						19371.4285714286,
						2,
						0
					],
					[
						19542.8571428571,
						0,
						0
					],
					[
						19885.7142857143,
						0,
						0
					],
					[
						20228.5714285714,
						3,
						0
					],
					[
						20400,
						1,
						0
					]
				],
				"typeOfSection": 0,
				"mustHitSection": true,
				"changeBPM": false,
				"bpm": 175
			},
			{
				"lengthInSteps": 16,
				"sectionNotes": [
					[
						20742.8571428571,
						3,
						0
					],
					[
						20914.2857142857,
						0,
						0
					],
					[
						21342.8571428571,
						2,
						0
					],
					[
						21771.4285714286,
						1,
						0
					],
					[
						21600,
						0,
						0
					]
				],
				"typeOfSection": 0,
				"mustHitSection": true,
				"changeBPM": false,
				"bpm": 175
			},
			{
				"lengthInSteps": 16,
				"sectionNotes": [
					[
						21942.8571428571,
						1,
						0
					],
					[
						22114.2857142857,
						0,
						0
					],
					[
						23142.8571428571,
						3,
						0
					],
					[
						22285.7142857143,
						1,
						0
					],
					[
						22457.1428571429,
						3,
						0
					],
					[
						22628.5714285714,
						1,
						0
					],
					[
						22800,
						0,
						0
					],
					[
						22971.4285714286,
						1,
						0
					],
					[
						23228.5714285714,
						0,
						0
					]
				],
				"typeOfSection": 0,
				"mustHitSection": true,
				"changeBPM": false,
				"bpm": 175
			},
			{
				"lengthInSteps": 16,
				"sectionNotes": [
					[
						23314.2857142857,
						3,
						0
					],
					[
						23485.7142857143,
						3,
						0
					],
					[
						23657.1428571429,
						1,
						0
					],
					[
						24085.7142857143,
						2,
						0
					],
					[
						24342.8571428571,
						2,
						0
					],
					[
						24514.2857142857,
						3,
						0
					],
					[
						24085.7142857143,
						-1,
						"Add Camera Zoom",
						"",
						""
					]
				],
				"typeOfSection": 0,
				"mustHitSection": true,
				"changeBPM": false,
				"bpm": 175
			},
			{
				"lengthInSteps": 16,
				"sectionNotes": [
					[
						24857.1428571429,
						2,
						0
					],
					[
						25028.5714285714,
						0,
						0
					],
					[
						25371.4285714286,
						0,
						0
					],
					[
						25714.2857142857,
						3,
						0
					],
					[
						25885.7142857143,
						1,
						0
					],
					[
						24687.8571428571,
						2,
						0
					]
				],
				"typeOfSection": 0,
				"mustHitSection": false,
				"changeBPM": false,
				"bpm": 175
			},
			{
				"lengthInSteps": 16,
				"sectionNotes": [
					[
						26228.5714285714,
						3,
						0
					],
					[
						26400,
						0,
						0
					],
					[
						27257.1428571429,
						1,
						0
					],
					[
						26742.8571428571,
						2,
						0
					],
					[
						27085.7142857143,
						0,
						0
					]
				],
				"typeOfSection": 0,
				"mustHitSection": false,
				"changeBPM": false,
				"bpm": 175
			},
			{
				"lengthInSteps": 16,
				"sectionNotes": [
					[
						27600,
						0,
						0
					],
					[
						28628.5714285714,
						3,
						0
					],
					[
						27771.4285714286,
						1,
						0
					],
					[
						27942.8571428571,
						3,
						0
					],
					[
						28114.2857142857,
						1,
						0
					],
					[
						28285.7142857143,
						0,
						0
					],
					[
						28457.1428571429,
						1,
						0
					],
					[
						28714.2857142857,
						0,
						0
					]
				],
				"typeOfSection": 0,
				"mustHitSection": false,
				"changeBPM": false,
				"bpm": 175
			},
			{
				"lengthInSteps": 16,
				"sectionNotes": [
					[
						28971.4285714286,
						3,
						0
					],
					[
						29142.8571428571,
						1,
						0
					],
					[
						29571.4285714286,
						2,
						0
					],
					[
						29828.5714285714,
						2,
						0
					],
					[
						30000,
						3,
						0
					],
					[
						28810.7142857143,
						3,
						0
					]
				],
				"typeOfSection": 0,
				"mustHitSection": false,
				"changeBPM": false,
				"bpm": 175
			},
			{
				"lengthInSteps": 16,
				"sectionNotes": [
					[
						30342.8571428571,
						2,
						0
					],
					[
						30514.2857142857,
						0,
						0
					],
					[
						30857.1428571429,
						0,
						0
					],
					[
						31200,
						3,
						0
					],
					[
						31371.4285714286,
						1,
						0
					]
				],
				"typeOfSection": 0,
				"mustHitSection": true,
				"changeBPM": false,
				"bpm": 175
			},
			{
				"lengthInSteps": 16,
				"sectionNotes": [
					[
						31714.2857142857,
						3,
						0
					],
					[
						31885.7142857143,
						0,
						0
					],
					[
						32314.2857142857,
						2,
						0
					],
					[
						32742.8571428571,
						1,
						0
					],
					[
						32571.4285714286,
						0,
						0
					]
				],
				"typeOfSection": 0,
				"mustHitSection": true,
				"changeBPM": false,
				"bpm": 175
			},
			{
				"lengthInSteps": 16,
				"sectionNotes": [
					[
						33085.7142857143,
						0,
						0
					],
					[
						34114.2857142857,
						3,
						0
					],
					[
						33257.1428571429,
						1,
						0
					],
					[
						33428.5714285714,
						3,
						0
					],
					[
						33600,
						1,
						0
					],
					[
						33771.4285714286,
						0,
						0
					],
					[
						33942.8571428571,
						1,
						0
					],
					[
						34200,
						0,
						0
					],
					[
						32920.7142857143,
						1,
						0
					]
				],
				"typeOfSection": 0,
				"mustHitSection": true,
				"changeBPM": true,
				"bpm": 175
			},
			{
				"lengthInSteps": 16,
				"sectionNotes": [
					[
						34457.1428571429,
						3,
						0
					],
					[
						34628.5714285714,
						1,
						0
					],
					[
						35057.1428571429,
						2,
						0
					],
					[
						35314.2857142857,
						2,
						0
					],
					[
						35485.7142857143,
						3,
						0
					],
					[
						34296.4285714286,
						3,
						0
					]
				],
				"typeOfSection": 0,
				"mustHitSection": true,
				"changeBPM": false,
				"bpm": 175
			},
			{
				"lengthInSteps": 16,
				"sectionNotes": [
					[
						35828.5714285714,
						3,
						0
					],
					[
						36342.8571428571,
						2,
						0
					],
					[
						36514.2857142857,
						3,
						0
					],
					[
						36000,
						1,
						0
					],
					[
						36171.4285714286,
						0,
						0
					],
					[
						36685.7142857143,
						0,
						0
					],
					[
						36857.1428571429,
						3,
						0
					],
					[
						35657.1428571429,
						2,
						0
					],
					[
						35657.1428571429,
						-1,
						"Blammed Lights",
						"2",
						""
					]
				],
				"typeOfSection": 0,
				"mustHitSection": false,
				"changeBPM": false,
				"bpm": 175
			},
			{
				"lengthInSteps": 16,
				"sectionNotes": [
					[
						37037.1428571429,
						2,
						0
					],
					[
						37200,
						3,
						0
					],
					[
						37714.2857142857,
						2,
						0
					],
					[
						37885.7142857143,
						3,
						0
					],
					[
						37542.8571428571,
						0,
						0
					],
					[
						38057.1428571429,
						0,
						0
					],
					[
						38228.5714285714,
						1,
						0
					],
					[
						37371.4285714286,
						2,
						0
					]
				],
				"typeOfSection": 0,
				"mustHitSection": false,
				"changeBPM": false,
				"bpm": 175
			},
			{
				"lengthInSteps": 16,
				"sectionNotes": [
					[
						38408.5714285714,
						2,
						0
					],
					[
						38571.4285714286,
						3,
						0
					],
					[
						39085.7142857143,
						2,
						0
					],
					[
						39257.1428571429,
						3,
						0
					],
					[
						38742.8571428571,
						1,
						0
					],
					[
						39428.5714285714,
						0,
						0
					],
					[
						39600,
						3,
						0
					],
					[
						38914.2857142857,
						1,
						0
					]
				],
				"typeOfSection": 0,
				"mustHitSection": false,
				"changeBPM": false,
				"bpm": 175
			},
			{
				"lengthInSteps": 16,
				"sectionNotes": [
					[
						40457.1428571429,
						2,
						0
					],
					[
						40628.5714285714,
						3,
						0
					],
					[
						40285.7142857143,
						0,
						0
					],
					[
						40800,
						0,
						0
					],
					[
						40114.2857142857,
						2,
						0
					],
					[
						40971.4285714286,
						0,
						0
					],
					[
						39942.8571428571,
						3,
						0
					],
					[
						40200,
						3,
						0
					],
					[
						39771.4285714286,
						3,
						0
					]
				],
				"typeOfSection": 0,
				"mustHitSection": false,
				"changeBPM": false,
				"bpm": 175
			},
			{
				"lengthInSteps": 16,
				"sectionNotes": [
					[
						41151.4285714286,
						2,
						0
					],
					[
						41314.2857142857,
						3,
						0
					],
					[
						41828.5714285714,
						2,
						0
					],
					[
						42000,
						3,
						0
					],
					[
						41485.7142857143,
						1,
						0
					],
					[
						41657.1428571429,
						0,
						0
					],
					[
						42171.4285714286,
						0,
						0
					],
					[
						42342.8571428571,
						3,
						0
					],
					[
						41142.8571428572,
						-1,
						"Blammed Lights",
						"1",
						""
					],
					[
						41485.7142857143,
						-1,
						"Add Camera Zoom",
						"",
						""
					],
					[
						41828.5714285714,
						-1,
						"Add Camera Zoom",
						"",
						""
					],
					[
						42171.4285714286,
						-1,
						"Add Camera Zoom",
						"",
						""
					]
				],
				"typeOfSection": 0,
				"mustHitSection": true,
				"changeBPM": false,
				"bpm": 175
			},
			{
				"lengthInSteps": 16,
				"sectionNotes": [
					[
						42522.8571428571,
						2,
						0
					],
					[
						42685.7142857143,
						3,
						0
					],
					[
						43200,
						2,
						0
					],
					[
						43371.4285714286,
						3,
						0
					],
					[
						43028.5714285714,
						0,
						0
					],
					[
						43542.8571428571,
						0,
						0
					],
					[
						43714.2857142857,
						1,
						0
					],
					[
						42857.1428571429,
						2,
						0
					],
					[
						42514.2857142857,
						-1,
						"Add Camera Zoom",
						"",
						""
					],
					[
						42857.1428571429,
						-1,
						"Add Camera Zoom",
						"",
						""
					],
					[
						43200,
						-1,
						"Add Camera Zoom",
						"",
						""
					],
					[
						43542.8571428572,
						-1,
						"Add Camera Zoom",
						"",
						""
					]
				],
				"typeOfSection": 0,
				"mustHitSection": true,
				"changeBPM": false,
				"bpm": 175
			},
			{
				"lengthInSteps": 16,
				"sectionNotes": [
					[
						43894.2857142857,
						2,
						0
					],
					[
						44057.1428571429,
						3,
						0
					],
					[
						44571.4285714286,
						2,
						0
					],
					[
						44742.8571428571,
						3,
						0
					],
					[
						44228.5714285714,
						1,
						0
					],
					[
						44400,
						0,
						0
					],
					[
						44914.2857142857,
						0,
						0
					],
					[
						45085.7142857143,
						3,
						0
					],
					[
						43885.7142857143,
						-1,
						"Add Camera Zoom",
						"",
						""
					],
					[
						44228.5714285714,
						-1,
						"Add Camera Zoom",
						"",
						""
					],
					[
						44571.4285714286,
						-1,
						"Add Camera Zoom",
						"",
						""
					],
					[
						44914.2857142857,
						-1,
						"Add Camera Zoom",
						"",
						""
					]
				],
				"typeOfSection": 0,
				"mustHitSection": true,
				"changeBPM": false,
				"bpm": 175
			},
			{
				"lengthInSteps": 16,
				"sectionNotes": [
					[
						45265.7142857143,
						2,
						0
					],
					[
						45428.5714285714,
						3,
						0
					],
					[
						45942.8571428571,
						2,
						0
					],
					[
						46114.2857142857,
						3,
						0
					],
					[
						45771.4285714286,
						0,
						0
					],
					[
						46285.7142857143,
						0,
						0
					],
					[
						45600,
						2,
						0
					],
					[
						46457.1428571429,
						0,
						0
					],
					[
						45257.1428571429,
						-1,
						"Add Camera Zoom",
						"",
						""
					],
					[
						45600,
						-1,
						"Add Camera Zoom",
						"",
						""
					],
					[
						45942.8571428572,
						-1,
						"Add Camera Zoom",
						"",
						""
					],
					[
						46285.7142857143,
						-1,
						"Add Camera Zoom",
						"",
						""
					]
				],
				"typeOfSection": 0,
				"mustHitSection": true,
				"changeBPM": false,
				"bpm": 175
			},
			{
				"lengthInSteps": 16,
				"sectionNotes": [
					[
						46637.1428571429,
						2,
						0
					],
					[
						46800,
						3,
						0
					],
					[
						47314.2857142857,
						2,
						0
					],
					[
						47485.7142857143,
						3,
						0
					],
					[
						46971.4285714286,
						1,
						0
					],
					[
						47142.8571428571,
						0,
						0
					],
					[
						47657.1428571429,
						0,
						0
					],
					[
						47828.5714285714,
						3,
						0
					],
					[
						46971.4285714286,
						-1,
						"Add Camera Zoom",
						"",
						""
					],
					[
						47314.2857142857,
						-1,
						"Add Camera Zoom",
						"",
						""
					],
					[
						47657.1428571429,
						-1,
						"Add Camera Zoom",
						"",
						""
					],
					[
						46628.5714285714,
						-1,
						"Blammed Lights",
						"2",
						""
					]
				],
				"typeOfSection": 0,
				"mustHitSection": false,
				"changeBPM": false,
				"bpm": 175
			},
			{
				"lengthInSteps": 16,
				"sectionNotes": [
					[
						48008.5714285714,
						2,
						0
					],
					[
						48171.4285714286,
						3,
						0
					],
					[
						48685.7142857143,
						2,
						0
					],
					[
						48857.1428571429,
						3,
						0
					],
					[
						48514.2857142857,
						0,
						0
					],
					[
						49028.5714285714,
						0,
						0
					],
					[
						49200,
						1,
						0
					],
					[
						48342.8571428571,
						2,
						0
					],
					[
						48000,
						-1,
						"Add Camera Zoom",
						"",
						""
					],
					[
						48342.8571428572,
						-1,
						"Add Camera Zoom",
						"",
						""
					],
					[
						48685.7142857143,
						-1,
						"Add Camera Zoom",
						"",
						""
					],
					[
						49028.5714285714,
						-1,
						"Add Camera Zoom",
						"",
						""
					]
				],
				"typeOfSection": 0,
				"mustHitSection": false,
				"changeBPM": false,
				"bpm": 175
			},
			{
				"lengthInSteps": 16,
				"sectionNotes": [
					[
						49380,
						2,
						0
					],
					[
						49542.8571428571,
						3,
						0
					],
					[
						50057.1428571429,
						2,
						0
					],
					[
						50228.5714285714,
						3,
						0
					],
					[
						49714.2857142857,
						1,
						0
					],
					[
						50400,
						0,
						0
					],
					[
						50571.4285714286,
						3,
						0
					],
					[
						49885.7142857143,
						1,
						0
					],
					[
						49371.4285714286,
						-1,
						"Add Camera Zoom",
						"",
						""
					],
					[
						49714.2857142857,
						-1,
						"Add Camera Zoom",
						"",
						""
					],
					[
						50057.1428571429,
						-1,
						"Add Camera Zoom",
						"",
						""
					],
					[
						50400,
						-1,
						"Add Camera Zoom",
						"",
						""
					]
				],
				"typeOfSection": 0,
				"mustHitSection": false,
				"changeBPM": false,
				"bpm": 175
			},
			{
				"lengthInSteps": 16,
				"sectionNotes": [
					[
						51428.5714285714,
						2,
						0
					],
					[
						51600,
						3,
						0
					],
					[
						51257.1428571429,
						0,
						0
					],
					[
						51771.4285714286,
						0,
						0
					],
					[
						51085.7142857143,
						2,
						0
					],
					[
						51942.8571428571,
						0,
						0
					],
					[
						50914.2857142857,
						3,
						0
					],
					[
						50757.8571428571,
						3,
						0
					],
					[
						51171.4285714286,
						3,
						0
					],
					[
						50742.8571428572,
						-1,
						"Add Camera Zoom",
						"",
						""
					],
					[
						51085.7142857143,
						-1,
						"Add Camera Zoom",
						"",
						""
					],
					[
						51428.5714285714,
						-1,
						"Add Camera Zoom",
						"",
						""
					],
					[
						51771.4285714286,
						-1,
						"Add Camera Zoom",
						"",
						""
					]
				],
				"typeOfSection": 0,
				"mustHitSection": false,
				"changeBPM": false,
				"bpm": 175
			},
			{
				"lengthInSteps": 16,
				"sectionNotes": [
					[
						52122.8571428571,
						2,
						0
					],
					[
						52285.7142857143,
						3,
						0
					],
					[
						52800,
						2,
						0
					],
					[
						52971.4285714286,
						3,
						0
					],
					[
						52457.1428571429,
						1,
						0
					],
					[
						52628.5714285714,
						0,
						0
					],
					[
						53142.8571428571,
						0,
						0
					],
					[
						53314.2857142857,
						3,
						0
					],
					[
						52285.7142857143,
						-1,
						"Add Camera Zoom",
						"",
						""
					],
					[
						52457.1428571429,
						-1,
						"Add Camera Zoom",
						"",
						""
					],
					[
						52628.5714285714,
						-1,
						"Add Camera Zoom",
						"",
						""
					],
					[
						52800,
						-1,
						"Add Camera Zoom",
						"",
						""
					],
					[
						52971.4285714286,
						-1,
						"Add Camera Zoom",
						"",
						""
					],
					[
						53142.8571428572,
						-1,
						"Add Camera Zoom",
						"",
						""
					],
					[
						53314.2857142857,
						-1,
						"Add Camera Zoom",
						"",
						""
					],
					[
						52114.2857142857,
						-1,
						"Blammed Lights",
						"1",
						""
					]
				],
				"typeOfSection": 0,
				"mustHitSection": true,
				"changeBPM": false,
				"bpm": 175
			},
			{
				"lengthInSteps": 16,
				"sectionNotes": [
					[
						53494.2857142857,
						2,
						0
					],
					[
						53657.1428571429,
						3,
						0
					],
					[
						54171.4285714286,
						2,
						0
					],
					[
						54342.8571428571,
						3,
						0
					],
					[
						54000,
						0,
						0
					],
					[
						54514.2857142857,
						0,
						0
					],
					[
						53828.5714285714,
						2,
						0
					],
					[
						54685.7142857143,
						0,
						0
					],
					[
						53485.7142857143,
						-1,
						"Add Camera Zoom",
						"",
						""
					],
					[
						53657.1428571429,
						-1,
						"Add Camera Zoom",
						"",
						""
					],
					[
						53828.5714285714,
						-1,
						"Add Camera Zoom",
						"",
						""
					],
					[
						54000,
						-1,
						"Add Camera Zoom",
						"",
						""
					],
					[
						54171.4285714286,
						-1,
						"Add Camera Zoom",
						"",
						""
					],
					[
						54342.8571428572,
						-1,
						"Add Camera Zoom",
						"",
						""
					],
					[
						54514.2857142857,
						-1,
						"Add Camera Zoom",
						"",
						""
					],
					[
						54685.7142857143,
						-1,
						"Add Camera Zoom",
						"",
						""
					]
				],
				"typeOfSection": 0,
				"mustHitSection": true,
				"changeBPM": false,
				"bpm": 175
			},
			{
				"lengthInSteps": 16,
				"sectionNotes": [
					[
						54865.7142857143,
						2,
						0
					],
					[
						55028.5714285714,
						3,
						0
					],
					[
						55542.8571428571,
						2,
						0
					],
					[
						55714.2857142857,
						3,
						0
					],
					[
						55200,
						1,
						0
					],
					[
						55371.4285714286,
						0,
						0
					],
					[
						55885.7142857143,
						0,
						0
					],
					[
						56057.1428571429,
						3,
						0
					],
					[
						54857.1428571429,
						-1,
						"Add Camera Zoom",
						"",
						""
					],
					[
						54942.8571428572,
						-1,
						"Add Camera Zoom",
						"",
						""
					],
					[
						55028.5714285714,
						-1,
						"Add Camera Zoom",
						"",
						""
					],
					[
						55114.2857142857,
						-1,
						"Add Camera Zoom",
						"",
						""
					],
					[
						55200,
						-1,
						"Add Camera Zoom",
						"",
						""
					],
					[
						55371.4285714286,
						-1,
						"Add Camera Zoom",
						"",
						""
					],
					[
						55285.7142857143,
						-1,
						"Add Camera Zoom",
						"",
						""
					],
					[
						55457.1428571429,
						-1,
						"Add Camera Zoom",
						"",
						""
					],
					[
						55542.8571428572,
						-1,
						"Add Camera Zoom",
						"",
						""
					],
					[
						55628.5714285714,
						-1,
						"Add Camera Zoom",
						"",
						""
					],
					[
						55714.2857142857,
						-1,
						"Add Camera Zoom",
						"",
						""
					],
					[
						55800,
						-1,
						"Add Camera Zoom",
						"",
						""
					],
					[
						55885.7142857143,
						-1,
						"Add Camera Zoom",
						"",
						""
					],
					[
						55971.4285714286,
						-1,
						"Add Camera Zoom",
						"",
						""
					],
					[
						56057.1428571429,
						-1,
						"Add Camera Zoom",
						"",
						""
					],
					[
						56142.8571428572,
						-1,
						"Add Camera Zoom",
						"",
						""
					]
				],
				"typeOfSection": 0,
				"mustHitSection": true,
				"changeBPM": false,
				"bpm": 175
			},
			{
				"lengthInSteps": 16,
				"sectionNotes": [
					[
						56237.1428571429,
						2,
						0
					],
					[
						56400,
						3,
						0
					],
					[
						56914.2857142857,
						2,
						0
					],
					[
						57085.7142857143,
						3,
						0
					],
					[
						56742.8571428571,
						0,
						0
					],
					[
						57257.1428571429,
						0,
						0
					],
					[
						56571.4285714286,
						2,
						0
					],
					[
						57428.5714285714,
						0,
						0
					],
					[
						56228.5714285714,
						-1,
						"Add Camera Zoom",
						"0.030",
						""
					],
					[
						56400,
						-1,
						"Blammed Lights",
						"0",
						""
					]
				],
				"typeOfSection": 0,
				"mustHitSection": true,
				"changeBPM": false,
				"bpm": 175
			},
			{
				"lengthInSteps": 16,
				"sectionNotes": [
					[
						57600,
						3,
						0
					],
					[
						57771.4285714286,
						3,
						0
					],
					[
						57942.8571428571,
						1,
						0
					],
					[
						58114.2857142857,
						1,
						0
					],
					[
						58285.7142857143,
						2,
						0
					],
					[
						58457.1428571429,
						2,
						0
					],
					[
						58800,
						0,
						0
					],
					[
						58542.8571428572,
						0,
						0
					],
					[
						58628.5714285714,
						3,
						0
					],
					[
						57600,
						-1,
						"Zoom",
						"1.4",
						""
					]
				],
				"typeOfSection": 0,
				"mustHitSection": false,
				"changeBPM": false,
				"bpm": 175
			},
			{
				"lengthInSteps": 16,
				"sectionNotes": [
					[
						59142.8571428571,
						3,
						0
					],
					[
						59742.8571428571,
						2,
						0
					],
					[
						59914.2857142857,
						0,
						0
					],
					[
						60171.4285714286,
						1,
						0
					],
					[
						58971.4285714286,
						2,
						0
					],
					[
						59228.5714285714,
						0,
						0
					],
					[
						59400,
						0,
						0
					],
					[
						59571.4285714286,
						3,
						0
					]
				],
				"typeOfSection": 0,
				"mustHitSection": false,
				"changeBPM": false,
				"bpm": 175
			},
			{
				"lengthInSteps": 16,
				"sectionNotes": [
					[
						60514.2857142857,
						3,
						0
					],
					[
						60857.1428571429,
						1,
						0
					],
					[
						61028.5714285714,
						2,
						0
					],
					[
						60347.1428571428,
						3,
						0
					],
					[
						60600,
						0,
						0
					],
					[
						60685.7142857143,
						3,
						0
					],
					[
						61285.7142857143,
						3,
						0
					],
					[
						61371.4285714286,
						0,
						0
					],
					[
						61542.8571428572,
						3,
						0
					]
				],
				"typeOfSection": 0,
				"mustHitSection": false,
				"changeBPM": false,
				"bpm": 175
			},
			{
				"lengthInSteps": 16,
				"sectionNotes": [
					[
						61885.7142857143,
						3,
						0
					],
					[
						61714.2857142857,
						2,
						0
					],
					[
						62228.5714285714,
						3,
						0
					],
					[
						62057.1428571429,
						0,
						0
					],
					[
						62742.8571428572,
						1,
						0
					],
					[
						62914.2857142857,
						3,
						0
					],
					[
						62485.7142857143,
						2,
						0
					]
				],
				"typeOfSection": 0,
				"mustHitSection": false,
				"changeBPM": false,
				"bpm": 175
			},
			{
				"lengthInSteps": 16,
				"sectionNotes": [
					[
						63085.7142857143,
						3,
						0
					],
					[
						63257.1428571429,
						3,
						0
					],
					[
						63428.5714285714,
						1,
						0
					],
					[
						63600,
						1,
						0
					],
					[
						63771.4285714286,
						2,
						0
					],
					[
						63942.8571428571,
						2,
						0
					],
					[
						64285.7142857143,
						0,
						0
					]
				],
				"typeOfSection": 0,
				"mustHitSection": true,
				"changeBPM": false,
				"bpm": 175
			},
			{
				"lengthInSteps": 16,
				"sectionNotes": [
					[
						64628.5714285714,
						3,
						0
					],
					[
						65228.5714285714,
						2,
						0
					],
					[
						65400,
						0,
						0
					],
					[
						65657.1428571428,
						1,
						0
					],
					[
						64457.1428571429,
						2,
						0
					],
					[
						64714.2857142857,
						0,
						0
					],
					[
						64800,
						3,
						0
					],
					[
						64971.4285714286,
						3,
						0
					]
				],
				"typeOfSection": 0,
				"mustHitSection": true,
				"changeBPM": false,
				"bpm": 175
			},
			{
				"lengthInSteps": 16,
				"sectionNotes": [
					[
						66000,
						3,
						0
					],
					[
						66342.8571428571,
						1,
						0
					],
					[
						66514.2857142857,
						2,
						0
					],
					[
						66685.7142857143,
						2,
						0
					],
					[
						67028.5714285714,
						0,
						0
					],
					[
						65832.8571428571,
						3,
						0
					],
					[
						66085.7142857143,
						0,
						0
					],
					[
						66171.4285714286,
						3,
						0
					]
				],
				"typeOfSection": 0,
				"mustHitSection": true,
				"changeBPM": false,
				"bpm": 175
			},
			{
				"lengthInSteps": 16,
				"sectionNotes": [
					[
						67371.4285714286,
						3,
						0
					],
					[
						67971.4285714286,
						2,
						0
					],
					[
						67200,
						2,
						0
					],
					[
						67714.2857142857,
						3,
						0
					],
					[
						67542.8571428571,
						0,
						0
					],
					[
						68228.5714285714,
						1,
						0
					],
					[
						68400,
						3,
						0
					]
				],
				"typeOfSection": 0,
				"mustHitSection": true,
				"changeBPM": false,
				"bpm": 175
			},
			{
				"lengthInSteps": 16,
				"sectionNotes": [
					[
						68914.2857142857,
						1,
						0
					],
					[
						69085.7142857143,
						3,
						0
					],
					[
						69257.1428571429,
						2,
						0
					],
					[
						69600,
						1,
						0
					],
					[
						69771.4285714286,
						3,
						0
					],
					[
						68577.8571428571,
						2,
						0
					],
					[
						68571.4285714286,
						-1,
						"Zoom",
						"1",
						""
					]
				],
				"typeOfSection": 0,
				"mustHitSection": false,
				"changeBPM": false,
				"bpm": 175
			},
			{
				"lengthInSteps": 16,
				"sectionNotes": [
					[
						69951.4285714286,
						0,
						0
					],
					[
						70114.2857142857,
						3,
						0
					],
					[
						70285.7142857143,
						1,
						0
					],
					[
						70971.4285714286,
						2,
						0
					],
					[
						71142.8571428571,
						2,
						0
					],
					[
						70457.1428571429,
						0,
						0
					],
					[
						70628.5714285714,
						3,
						0
					],
					[
						70628.5714285714,
						5,
						0,
						"Botan alert"
					]
				],
				"typeOfSection": 0,
				"mustHitSection": false,
				"changeBPM": false,
				"bpm": 175
			},
			{
				"lengthInSteps": 16,
				"sectionNotes": [
					[
						71314.2857142857,
						3,
						0
					],
					[
						71485.7142857143,
						1,
						0
					],
					[
						71657.1428571429,
						0,
						0
					],
					[
						72085.7142857143,
						2,
						0
					],
					[
						72342.8571428571,
						0,
						0
					],
					[
						72514.2857142857,
						2,
						0
					],
					[
						71828.5714285714,
						3,
						0,
						"Botan alert"
					],
					[
						72085.7142857143,
						5,
						0,
						"Botan alert"
					]
				],
				"typeOfSection": 0,
				"mustHitSection": false,
				"changeBPM": false,
				"bpm": 175
			},
			{
				"lengthInSteps": 16,
				"sectionNotes": [
					[
						72692.1428571428,
						3,
						0
					],
					[
						72857.1428571428,
						3,
						0
					],
					[
						73028.5714285714,
						2,
						0
					],
					[
						73200,
						0,
						0
					],
					[
						73371.4285714286,
						2,
						0
					],
					[
						73800,
						1,
						0
					],
					[
						73971.4285714286,
						3,
						0
					],
					[
						73371.4285714286,
						7,
						0,
						"Botan alert"
					]
				],
				"typeOfSection": 0,
				"mustHitSection": false,
				"changeBPM": false,
				"bpm": 175
			},
			{
				"lengthInSteps": 16,
				"sectionNotes": [
					[
						74057.1428571429,
						2,
						0
					],
					[
						74400,
						1,
						0
					],
					[
						74571.4285714286,
						3,
						0
					],
					[
						74742.8571428571,
						2,
						0
					],
					[
						75085.7142857143,
						1,
						0
					],
					[
						75257.1428571429,
						3,
						0
					]
				],
				"typeOfSection": 0,
				"mustHitSection": true,
				"changeBPM": false,
				"bpm": 175
			},
			{
				"lengthInSteps": 16,
				"sectionNotes": [
					[
						75437.1428571429,
						0,
						0
					],
					[
						75600,
						3,
						0
					],
					[
						75771.4285714286,
						1,
						0
					],
					[
						76457.1428571429,
						2,
						0
					],
					[
						76628.5714285714,
						2,
						0
					],
					[
						75942.8571428571,
						2,
						0,
						"Botan alert"
					],
					[
						76114.2857142857,
						0,
						0,
						"Botan alert"
					]
				],
				"typeOfSection": 0,
				"mustHitSection": true,
				"changeBPM": false,
				"bpm": 175
			},
			{
				"lengthInSteps": 16,
				"sectionNotes": [
					[
						76800,
						3,
						0
					],
					[
						76971.4285714286,
						1,
						0
					],
					[
						77142.8571428571,
						0,
						0
					],
					[
						77828.5714285714,
						0,
						0
					],
					[
						78000,
						0,
						0
					],
					[
						77314.2857142857,
						3,
						0,
						"Botan alert"
					],
					[
						77485.7142857143,
						2,
						0,
						"Botan alert"
					]
				],
				"typeOfSection": 0,
				"mustHitSection": true,
				"changeBPM": false,
				"bpm": 175
			},
			{
				"lengthInSteps": 16,
				"sectionNotes": [
					[
						78177.8571428571,
						3,
						0
					],
					[
						78342.8571428571,
						3,
						0
					],
					[
						78514.2857142857,
						2,
						0
					],
					[
						78685.7142857143,
						0,
						0
					],
					[
						78857.1428571429,
						2,
						0
					],
					[
						79028.5714285714,
						3,
						0
					],
					[
						79114.2857142857,
						0,
						0
					],
					[
						79285.7142857143,
						1,
						0
					]
				],
				"typeOfSection": 0,
				"mustHitSection": true,
				"changeBPM": false,
				"bpm": 175
			},
			{
				"lengthInSteps": 16,
				"sectionNotes": [
					[
						79551.4285714286,
						2,
						0
					],
					[
						79714.2857142857,
						3,
						0
					],
					[
						80228.5714285714,
						2,
						0
					],
					[
						80400,
						3,
						0
					],
					[
						79885.7142857143,
						1,
						0
					],
					[
						80057.1428571429,
						0,
						0
					],
					[
						80571.4285714286,
						0,
						0
					],
					[
						80742.8571428571,
						3,
						0
					],
					[
						79542.8571428571,
						-1,
						"Zoom",
						"1.1",
						""
					]
				],
				"typeOfSection": 0,
				"mustHitSection": false,
				"changeBPM": false,
				"bpm": 175
			},
			{
				"lengthInSteps": 16,
				"sectionNotes": [
					[
						80922.8571428571,
						2,
						0
					],
					[
						81085.7142857143,
						3,
						0
					],
					[
						81600,
						2,
						0
					],
					[
						81771.4285714286,
						3,
						0
					],
					[
						81428.5714285714,
						0,
						0
					],
					[
						81942.8571428571,
						0,
						0
					],
					[
						82114.2857142857,
						1,
						0
					],
					[
						81257.1428571429,
						2,
						0
					]
				],
				"typeOfSection": 0,
				"mustHitSection": false,
				"changeBPM": false,
				"bpm": 175
			},
			{
				"lengthInSteps": 16,
				"sectionNotes": [
					[
						82294.2857142857,
						2,
						0
					],
					[
						82457.1428571429,
						3,
						0
					],
					[
						82971.4285714286,
						2,
						0
					],
					[
						83142.8571428571,
						3,
						0
					],
					[
						82628.5714285714,
						1,
						0
					],
					[
						83314.2857142857,
						0,
						0
					],
					[
						83485.7142857143,
						3,
						0
					],
					[
						82800,
						1,
						0
					]
				],
				"typeOfSection": 0,
				"mustHitSection": false,
				"changeBPM": false,
				"bpm": 175
			},
			{
				"lengthInSteps": 16,
				"sectionNotes": [
					[
						84342.8571428571,
						2,
						0
					],
					[
						84514.2857142857,
						3,
						0
					],
					[
						84171.4285714286,
						0,
						0
					],
					[
						84685.7142857143,
						0,
						0
					],
					[
						84000,
						2,
						0
					],
					[
						84857.1428571429,
						0,
						0
					],
					[
						83828.5714285714,
						3,
						0
					],
					[
						83672.1428571428,
						3,
						0
					],
					[
						84085.7142857143,
						3,
						0
					]
				],
				"typeOfSection": 0,
				"mustHitSection": false,
				"changeBPM": false,
				"bpm": 175
			},
			{
				"lengthInSteps": 16,
				"sectionNotes": [
					[
						85037.1428571428,
						2,
						0
					],
					[
						85200,
						3,
						0
					],
					[
						85714.2857142857,
						2,
						0
					],
					[
						85885.7142857143,
						3,
						0
					],
					[
						85371.4285714286,
						1,
						0
					],
					[
						85542.8571428571,
						0,
						0
					],
					[
						86057.1428571428,
						0,
						0
					],
					[
						86228.5714285714,
						3,
						0
					]
				],
				"typeOfSection": 0,
				"mustHitSection": true,
				"changeBPM": false,
				"bpm": 175
			},
			{
				"lengthInSteps": 16,
				"sectionNotes": [
					[
						86408.5714285714,
						2,
						0
					],
					[
						86571.4285714286,
						3,
						0
					],
					[
						87085.7142857143,
						2,
						0
					],
					[
						87257.1428571428,
						3,
						0
					],
					[
						86914.2857142857,
						0,
						0
					],
					[
						87428.5714285714,
						0,
						0
					],
					[
						86742.8571428571,
						2,
						0
					],
					[
						87600,
						0,
						0
					]
				],
				"typeOfSection": 0,
				"mustHitSection": true,
				"changeBPM": false,
				"bpm": 175
			},
			{
				"lengthInSteps": 16,
				"sectionNotes": [
					[
						87780,
						2,
						0
					],
					[
						87942.8571428571,
						3,
						0
					],
					[
						88457.1428571428,
						2,
						0
					],
					[
						88628.5714285714,
						3,
						0
					],
					[
						88114.2857142857,
						1,
						0
					],
					[
						88285.7142857143,
						0,
						0
					],
					[
						88800,
						0,
						0
					],
					[
						88971.4285714286,
						3,
						0
					]
				],
				"typeOfSection": 0,
				"mustHitSection": true,
				"changeBPM": false,
				"bpm": 175
			},
			{
				"lengthInSteps": 16,
				"sectionNotes": [
					[
						89151.4285714286,
						2,
						0
					],
					[
						89314.2857142857,
						3,
						0
					],
					[
						89828.5714285714,
						2,
						0
					],
					[
						90000,
						3,
						0
					],
					[
						89657.1428571429,
						0,
						0
					],
					[
						90171.4285714286,
						0,
						0
					],
					[
						89485.7142857143,
						2,
						0
					],
					[
						90342.8571428571,
						0,
						0
					]
				],
				"typeOfSection": 0,
				"mustHitSection": true,
				"changeBPM": false,
				"bpm": 175
			},
			{
				"lengthInSteps": 16,
				"sectionNotes": [],
				"typeOfSection": 0,
				"mustHitSection": true,
				"changeBPM": false,
				"bpm": 175
			},
			{
				"lengthInSteps": 16,
				"sectionNotes": [],
				"typeOfSection": 0,
				"mustHitSection": true,
				"changeBPM": false,
				"bpm": 175
			},
			{
				"lengthInSteps": 16,
				"sectionNotes": [],
				"typeOfSection": 0,
				"mustHitSection": true,
				"changeBPM": false,
				"bpm": 175
			},
			{
				"lengthInSteps": 16,
				"sectionNotes": [],
				"typeOfSection": 0,
				"mustHitSection": true,
				"changeBPM": false,
				"bpm": 175
			},
			{
				"lengthInSteps": 16,
				"sectionNotes": [],
				"typeOfSection": 0,
				"mustHitSection": true,
				"changeBPM": false,
				"bpm": 175
			},
			{
				"lengthInSteps": 16,
				"sectionNotes": [],
				"typeOfSection": 0,
				"mustHitSection": true,
				"changeBPM": false,
				"bpm": 175
			},
			{
				"lengthInSteps": 16,
				"sectionNotes": [],
				"typeOfSection": 0,
				"mustHitSection": true,
				"changeBPM": false,
				"bpm": 175
			},
			{
				"lengthInSteps": 16,
				"sectionNotes": [],
				"typeOfSection": 0,
				"mustHitSection": true,
				"changeBPM": false,
				"bpm": 175
			},
			{
				"sectionNotes": [],
				"typeOfSection": 0,
				"lengthInSteps": 16,
				"altAnim": false,
				"mustHitSection": true,
				"changeBPM": false,
				"bpm": 175
			},
			{
				"lengthInSteps": 16,
				"typeOfSection": 0,
				"sectionNotes": [],
				"altAnim": false,
				"bpm": 175,
				"changeBPM": false,
				"mustHitSection": true
			},
			{
				"sectionNotes": [],
				"typeOfSection": 0,
				"lengthInSteps": 16,
				"altAnim": false,
				"mustHitSection": true,
				"changeBPM": false,
				"bpm": 175
			},
			{
				"sectionNotes": [],
				"typeOfSection": 0,
				"lengthInSteps": 16,
				"altAnim": false,
				"mustHitSection": true,
				"changeBPM": false,
				"bpm": 175
			},
			{
				"sectionNotes": [],
				"typeOfSection": 0,
				"lengthInSteps": 16,
				"altAnim": false,
				"mustHitSection": true,
				"changeBPM": false,
				"bpm": 175
			},
			{
				"lengthInSteps": 16,
				"altAnim": false,
				"typeOfSection": 0,
				"sectionNotes": [],
				"bpm": 175,
				"changeBPM": false,
				"mustHitSection": true
			},
			{
				"lengthInSteps": 16,
				"altAnim": false,
				"typeOfSection": 0,
				"sectionNotes": [],
				"bpm": 175,
				"changeBPM": false,
				"mustHitSection": true
			}
		],
		"player2": "botan-new",
		"player3": "speakers",
		"song": "Lion-With-A-Gun",
		"validScore": true,
		"stage": "philly",
		"needsVoices": true,
		"arrowSkin": "new",
		"sections": 0,
		"bpm": 175,
		"speed": 2
	}
}