{
	"song": {
		"player1": "aloo-christmas",
		"sectionLengths": [],
		"notes": [
			{
				"lengthInSteps": 16,
				"sectionNotes": [
					[
						171.428571428571,
						2,
						0
					],
					[
						342.857142857143,
						1,
						0
					],
					[
						685.714285714286,
						3,
						0
					],
					[
						1028.57142857143,
						0,
						0
					]
				],
				"typeOfSection": 0,
				"mustHitSection": false,
				"changeBPM": false,
				"bpm": 95
			},
			{
				"lengthInSteps": 16,
				"sectionNotes": [
					[
						1542.85714285714,
						2,
						0
					],
					[
						1714.28571428571,
						1,
						0
					],
					[
						2057.14285714286,
						3,
						0
					],
					[
						2400,
						0,
						0
					]
				],
				"typeOfSection": 0,
				"mustHitSection": false,
				"changeBPM": false,
				"bpm": 100
			},
			{
				"CPUPrimaryAltAnim": true,
				"typeOfSection": 0,
				"sectionNotes": [
					[
						2914.28571428571,
						2,
						0
					],
					[
						3085.71428571429,
						0,
						0
					],
					[
						3428.57142857143,
						1,
						0
					],
					[
						3771.42857142857,
						2,
						0
					],
					[
						3942.85714285714,
						3,
						0
					]
				],
				"lengthInSteps": 16,
				"mustHitSection": false,
				"bpm": 100,
				"changeBPM": false
			},
			{
				"CPUPrimaryAltAnim": true,
				"typeOfSection": 0,
				"sectionNotes": [
					[
						4114.28571428571,
						2,
						0
					],
					[
						4285.71428571429,
						1,
						0
					],
					[
						4457.14285714286,
						0,
						171.428571428571
					],
					[
						4800,
						2,
						0
					],
					[
						5142.85714285714,
						3,
						0
					],
					[
						5314.28571428571,
						3,
						0
					]
				],
				"lengthInSteps": 16,
				"mustHitSection": false,
				"bpm": 100,
				"changeBPM": false
			},
			{
				"lengthInSteps": 16,
				"sectionNotes": [
					[
						5657.14285714286,
						2,
						0
					],
					[
						6171.42857142857,
						2,
						0
					],
					[
						6514.28571428571,
						3,
						0
					],
					[
						5828.57142857143,
						0,
						0
					]
				],
				"typeOfSection": 0,
				"mustHitSection": true,
				"changeBPM": false,
				"bpm": 100
			},
			{
				"lengthInSteps": 16,
				"sectionNotes": [
					[
						7028.57142857143,
						0,
						0
					],
					[
						7200,
						3,
						0
					],
					[
						7542.85714285714,
						0,
						0
					],
					[
						7885.71428571429,
						2,
						0
					]
				],
				"typeOfSection": 0,
				"mustHitSection": true,
				"changeBPM": false,
				"bpm": 100
			},
			{
				"lengthInSteps": 16,
				"sectionNotes": [
					[
						8400,
						3,
						0
					],
					[
						8571.42857142857,
						0,
						0
					],
					[
						8914.28571428571,
						1,
						0
					],
					[
						9257.14285714286,
						1,
						0
					]
				],
				"typeOfSection": 0,
				"mustHitSection": true,
				"changeBPM": false,
				"bpm": 100
			},
			{
				"lengthInSteps": 16,
				"sectionNotes": [
					[
						9600,
						2,
						0
					],
					[
						9771.42857142857,
						2,
						0
					],
					[
						9942.85714285714,
						2,
						0
					],
					[
						10285.7142857143,
						3,
						0
					],
					[
						10628.5714285714,
						2,
						257.142857142857
					]
				],
				"typeOfSection": 0,
				"mustHitSection": true,
				"changeBPM": false,
				"bpm": 100
			},
			{
				"CPUPrimaryAltAnim": true,
				"typeOfSection": 0,
				"sectionNotes": [
					[
						11142.8571428571,
						2,
						0
					],
					[
						11314.2857142857,
						1,
						0
					],
					[
						11657.1428571429,
						1,
						0
					],
					[
						12000,
						0,
						0
					],
					[
						12171.4285714286,
						3,
						0
					]
				],
				"lengthInSteps": 16,
				"mustHitSection": false,
				"bpm": 100,
				"changeBPM": false
			},
			{
				"CPUPrimaryAltAnim": true,
				"typeOfSection": 0,
				"sectionNotes": [
					[
						12514.2857142857,
						2,
						0
					],
					[
						12685.7142857143,
						2,
						0
					],
					[
						13028.5714285714,
						3,
						0
					],
					[
						13371.4285714286,
						1,
						0
					],
					[
						13542.8571428571,
						0,
						0
					]
				],
				"lengthInSteps": 16,
				"mustHitSection": false,
				"bpm": 100,
				"changeBPM": false
			},
			{
				"CPUPrimaryAltAnim": false,
				"typeOfSection": 0,
				"sectionNotes": [
					[
						13885.7142857143,
						1,
						0
					],
					[
						14057.1428571429,
						3,
						0
					],
					[
						14228.5714285714,
						0,
						0
					],
					[
						14400,
						2,
						0
					],
					[
						14571.4285714286,
						3,
						0
					],
					[
						14742.8571428571,
						1,
						0
					],
					[
						14914.2857142857,
						2,
						0
					],
					[
						15000,
						1,
						0
					]
				],
				"lengthInSteps": 16,
				"mustHitSection": false,
				"bpm": 100,
				"changeBPM": false
			},
			{
				"lengthInSteps": 16,
				"sectionNotes": [
					[
						15085.7142857143,
						0,
						0
					],
					[
						15257.1428571429,
						3,
						0
					],
					[
						15428.5714285714,
						1,
						0
					],
					[
						15771.4285714286,
						3,
						0
					],
					[
						16114.2857142857,
						0,
						0
					],
					[
						16285.7142857143,
						0,
						0
					]
				],
				"typeOfSection": 0,
				"mustHitSection": false,
				"changeBPM": false,
				"bpm": 100
			},
			{
				"lengthInSteps": 16,
				"sectionNotes": [
					[
						16628.5714285714,
						6,
						0
					],
					[
						16800,
						5,
						0
					],
					[
						17142.8571428571,
						7,
						0
					],
					[
						17485.7142857143,
						4,
						0
					],
					[
						17657.1428571429,
						5,
						0
					]
				],
				"typeOfSection": 0,
				"mustHitSection": false,
				"changeBPM": false,
				"bpm": 100
			},
			{
				"lengthInSteps": 16,
				"sectionNotes": [
					[
						18000,
						2,
						0
					],
					[
						18171.4285714286,
						1,
						0
					],
					[
						18514.2857142857,
						2,
						0
					],
					[
						18857.1428571429,
						2,
						0
					],
					[
						19028.5714285714,
						3,
						0
					]
				],
				"typeOfSection": 0,
				"mustHitSection": true,
				"changeBPM": false,
				"bpm": 100
			},
			{
				"CPUPrimaryAltAnim": true,
				"typeOfSection": 0,
				"sectionNotes": [
					[
						19371.4285714286,
						2,
						0
					],
					[
						19542.8571428571,
						0,
						0
					],
					[
						19714.2857142857,
						1,
						0
					],
					[
						19885.7142857143,
						3,
						0
					],
					[
						20057.1428571429,
						0,
						0
					],
					[
						20228.5714285714,
						2,
						0
					],
					[
						20400,
						3,
						0
					],
					[
						20485.7142857143,
						2,
						0
					]
				],
				"lengthInSteps": 16,
				"mustHitSection": true,
				"bpm": 100,
				"changeBPM": false
			},
			{
				"CPUPrimaryAltAnim": true,
				"typeOfSection": 0,
				"sectionNotes": [
					[
						20571.4285714286,
						0,
						0
					],
					[
						20742.8571428571,
						1,
						0
					],
					[
						20914.2857142857,
						1,
						0
					],
					[
						21257.1428571429,
						3,
						0
					],
					[
						21600,
						2,
						0
					],
					[
						21771.4285714286,
						0,
						0
					]
				],
				"lengthInSteps": 16,
				"mustHitSection": true,
				"bpm": 100,
				"changeBPM": false
			},
			{
				"CPUPrimaryAltAnim": true,
				"typeOfSection": 0,
				"sectionNotes": [
					[
						21942.8571428571,
						2,
						0
					],
					[
						22114.2857142857,
						1,
						0
					],
					[
						22285.7142857143,
						0,
						0
					],
					[
						22628.5714285714,
						3,
						0
					],
					[
						22971.4285714286,
						3,
						0
					],
					[
						23142.8571428571,
						1,
						0
					]
				],
				"lengthInSteps": 16,
				"mustHitSection": false,
				"bpm": 100,
				"changeBPM": false
			},
			{
				"CPUPrimaryAltAnim": true,
				"typeOfSection": 0,
				"sectionNotes": [
					[
						23485.7142857143,
						2,
						0
					],
					[
						23657.1428571429,
						2,
						0
					],
					[
						24000,
						3,
						0
					],
					[
						24342.8571428571,
						0,
						0
					],
					[
						24514.2857142857,
						3,
						0
					]
				],
				"lengthInSteps": 16,
				"mustHitSection": false,
				"bpm": 100,
				"changeBPM": false
			},
			{
				"CPUPrimaryAltAnim": false,
				"typeOfSection": 0,
				"sectionNotes": [
					[
						24857.1428571429,
						1,
						0
					],
					[
						25028.5714285714,
						3,
						0
					],
					[
						25114.2857142857,
						0,
						0
					],
					[
						25200,
						1,
						0
					],
					[
						25371.4285714286,
						3,
						0
					],
					[
						25542.8571428571,
						1,
						0
					],
					[
						25714.2857142857,
						2,
						0
					],
					[
						25885.7142857143,
						2,
						0
					],
					[
						25971.4285714286,
						3,
						0
					]
				],
				"lengthInSteps": 16,
				"mustHitSection": false,
				"bpm": 100,
				"changeBPM": false
			},
			{
				"lengthInSteps": 16,
				"sectionNotes": [
					[
						26057.1428571429,
						1,
						0
					],
					[
						26228.5714285714,
						0,
						0
					],
					[
						26400,
						0,
						0
					],
					[
						27085.7142857143,
						0,
						0
					],
					[
						27257.1428571429,
						3,
						0
					],
					[
						26742.8571428571,
						2,
						257.142857142857
					]
				],
				"typeOfSection": 0,
				"mustHitSection": false,
				"changeBPM": false,
				"bpm": 100
			},
			{
				"CPUPrimaryAltAnim": true,
				"lengthInSteps": 16,
				"sectionNotes": [
					[
						27428.5714285714,
						1,
						0
					],
					[
						27600,
						1,
						0
					],
					[
						27771.4285714286,
						3,
						0
					],
					[
						28114.2857142857,
						2,
						0
					],
					[
						28457.1428571429,
						2,
						0
					],
					[
						28628.5714285714,
						0,
						0
					]
				],
				"typeOfSection": 0,
				"mustHitSection": true,
				"changeBPM": false,
				"bpm": 100
			},
			{
				"CPUPrimaryAltAnim": true,
				"lengthInSteps": 16,
				"sectionNotes": [
					[
						28971.4285714286,
						2,
						0
					],
					[
						29142.8571428571,
						3,
						0
					],
					[
						29485.7142857143,
						0,
						0
					],
					[
						29828.5714285714,
						0,
						0
					],
					[
						30000,
						1,
						0
					]
				],
				"typeOfSection": 0,
				"mustHitSection": true,
				"changeBPM": false,
				"bpm": 100
			},
			{
				"CPUPrimaryAltAnim": true,
				"lengthInSteps": 16,
				"sectionNotes": [
					[
						30342.8571428571,
						2,
						0
					],
					[
						30514.2857142857,
						1,
						0
					],
					[
						30685.7142857143,
						3,
						0
					],
					[
						30857.1428571429,
						0,
						0
					],
					[
						31028.5714285714,
						2,
						0
					],
					[
						31200,
						0,
						0
					],
					[
						31371.4285714286,
						3,
						0
					],
					[
						31457.1428571429,
						1,
						0
					]
				],
				"typeOfSection": 0,
				"mustHitSection": true,
				"changeBPM": false,
				"bpm": 100
			},
			{
				"lengthInSteps": 16,
				"sectionNotes": [
					[
						31542.8571428571,
						2,
						0
					],
					[
						31714.2857142857,
						2,
						0
					],
					[
						31885.7142857143,
						0,
						0
					],
					[
						32228.5714285714,
						3,
						0
					],
					[
						32571.4285714286,
						3,
						0
					],
					[
						32742.8571428571,
						1,
						0
					],
					[
						32657.1428571429,
						-1,
						"Blammed Lights",
						"4",
						""
					]
				],
				"typeOfSection": 0,
				"mustHitSection": true,
				"changeBPM": false,
				"bpm": 100
			},
			{
				"CPUPrimaryAltAnim": true,
				"typeOfSection": 0,
				"sectionNotes": [
					[
						32914.2857142857,
						2,
						0
					],
					[
						33085.7142857143,
						3,
						0
					],
					[
						33257.1428571429,
						1,
						0
					],
					[
						33428.5714285714,
						0,
						0
					],
					[
						33600,
						2,
						0
					],
					[
						33771.4285714286,
						3,
						0
					],
					[
						33942.8571428571,
						1,
						0
					],
					[
						34114.2857142857,
						0,
						0
					]
				],
				"lengthInSteps": 16,
				"mustHitSection": false,
				"bpm": 100,
				"changeBPM": false
			},
			{
				"CPUPrimaryAltAnim": true,
				"typeOfSection": 0,
				"sectionNotes": [
					[
						34285.7142857143,
						3,
						0
					],
					[
						34457.1428571429,
						3,
						0
					],
					[
						34628.5714285714,
						3,
						0
					],
					[
						34800,
						3,
						0
					],
					[
						34971.4285714286,
						2,
						0
					],
					[
						35142.8571428571,
						0,
						0
					],
					[
						35314.2857142857,
						2,
						0
					],
					[
						35485.7142857143,
						1,
						0
					]
				],
				"lengthInSteps": 16,
				"mustHitSection": false,
				"bpm": 100,
				"changeBPM": false
			},
			{
				"lengthInSteps": 16,
				"sectionNotes": [
					[
						35657.1428571429,
						0,
						0
					],
					[
						35828.5714285714,
						1,
						0
					],
					[
						36000,
						2,
						0
					],
					[
						36171.4285714286,
						3,
						0
					],
					[
						36342.8571428571,
						0,
						0
					],
					[
						36514.2857142857,
						1,
						0
					],
					[
						36685.7142857143,
						2,
						0
					],
					[
						36857.1428571429,
						3,
						0
					]
				],
				"typeOfSection": 0,
				"mustHitSection": false,
				"changeBPM": false,
				"bpm": 100
			},
			{
				"lengthInSteps": 16,
				"sectionNotes": [
					[
						37028.5714285714,
						0,
						0
					],
					[
						37200,
						1,
						0
					],
					[
						37542.8571428572,
						3,
						0
					],
					[
						37371.4285714286,
						0,
						0
					],
					[
						37714.2857142857,
						2,
						0
					],
					[
						37885.7142857143,
						3,
						0
					],
					[
						38057.1428571429,
						0,
						0
					],
					[
						38228.5714285714,
						1,
						0
					]
				],
				"typeOfSection": 0,
				"mustHitSection": false,
				"changeBPM": false,
				"bpm": 100
			},
			{
				"lengthInSteps": 16,
				"sectionNotes": [
					[
						38400,
						2,
						0
					],
					[
						38571.4285714286,
						3,
						0
					],
					[
						38742.8571428572,
						1,
						0
					],
					[
						38914.2857142857,
						0,
						0
					],
					[
						39085.7142857143,
						2,
						0
					],
					[
						39257.1428571429,
						3,
						0
					],
					[
						39428.5714285714,
						1,
						0
					],
					[
						39600,
						0,
						0
					]
				],
				"typeOfSection": 0,
				"mustHitSection": true,
				"changeBPM": false,
				"bpm": 100
			},
			{
				"CPUPrimaryAltAnim": false,
				"typeOfSection": 0,
				"sectionNotes": [
					[
						39771.4285714286,
						2,
						0
					],
					[
						39942.8571428572,
						3,
						0
					],
					[
						40114.2857142857,
						1,
						0
					],
					[
						40285.7142857143,
						0,
						0
					],
					[
						40457.1428571429,
						2,
						0
					],
					[
						40628.5714285714,
						3,
						0
					],
					[
						40971.4285714286,
						0,
						0
					],
					[
						40800,
						1,
						0
					]
				],
				"lengthInSteps": 16,
				"mustHitSection": true,
				"bpm": 100,
				"changeBPM": false
			},
			{
				"CPUPrimaryAltAnim": true,
				"typeOfSection": 0,
				"sectionNotes": [
					[
						41142.8571428572,
						3,
						0
					],
					[
						41314.2857142857,
						3,
						0
					],
					[
						41485.7142857143,
						3,
						0
					],
					[
						41828.5714285714,
						0,
						0
					],
					[
						42000,
						0,
						0
					],
					[
						41657.1428571429,
						1,
						0
					],
					[
						42171.4285714286,
						0,
						0
					],
					[
						42342.8571428572,
						2,
						0
					]
				],
				"lengthInSteps": 16,
				"mustHitSection": true,
				"bpm": 100,
				"changeBPM": false
			},
			{
				"CPUPrimaryAltAnim": true,
				"typeOfSection": 0,
				"sectionNotes": [
					[
						42514.2857142857,
						0,
						0
					],
					[
						42685.7142857143,
						3,
						0
					],
					[
						42857.1428571429,
						1,
						0
					],
					[
						43028.5714285714,
						2,
						0
					],
					[
						43200,
						0,
						0
					],
					[
						43371.4285714286,
						1,
						0
					],
					[
						43542.8571428572,
						3,
						0
					],
					[
						43714.2857142857,
						2,
						0
					]
				],
				"lengthInSteps": 16,
				"mustHitSection": true,
				"bpm": 100,
				"changeBPM": false
			},
			{
				"CPUPrimaryAltAnim": true,
				"typeOfSection": 0,
				"sectionNotes": [
					[
						43885.7142857143,
						2,
						0
					],
					[
						44057.1428571429,
						3,
						0
					],
					[
						44228.5714285714,
						2,
						0
					],
					[
						44400,
						1,
						0
					],
					[
						44571.4285714286,
						2,
						0
					],
					[
						44742.8571428572,
						3,
						0
					],
					[
						44914.2857142857,
						2,
						0
					],
					[
						45085.7142857143,
						1,
						0
					]
				],
				"lengthInSteps": 16,
				"mustHitSection": false,
				"bpm": 100,
				"changeBPM": false
			},
			{
				"CPUPrimaryAltAnim": true,
				"typeOfSection": 0,
				"sectionNotes": [
					[
						45257.1428571429,
						0,
						0
					],
					[
						45428.5714285714,
						0,
						0
					],
					[
						45600,
						0,
						0
					],
					[
						45771.4285714286,
						0,
						0
					],
					[
						45942.8571428572,
						2,
						0
					],
					[
						46114.2857142857,
						2,
						0
					],
					[
						46285.7142857143,
						3,
						0
					],
					[
						46457.1428571429,
						0,
						0
					],
					[
						46621.4285714286,
						-1,
						"Zoom",
						"1.5",
						""
					]
				],
				"lengthInSteps": 16,
				"mustHitSection": false,
				"bpm": 100,
				"changeBPM": false
			},
			{
				"CPUPrimaryAltAnim": true,
				"typeOfSection": 0,
				"sectionNotes": [
					[
						46628.5714285714,
						2,
						0
					],
					[
						46800,
						2,
						0
					],
					[
						46971.4285714286,
						3,
						0
					],
					[
						47142.8571428572,
						0,
						0
					],
					[
						47314.2857142857,
						3,
						0
					],
					[
						47485.7142857143,
						1,
						0
					],
					[
						47657.1428571429,
						2,
						0
					],
					[
						47828.5714285714,
						3,
						0
					],
					[
						46628.5714285714,
						-1,
						"Blammed Lights",
						"1",
						""
					],
					[
						46635.7142857143,
						-1,
						"HealthFade",
						"1",
						"0"
					]
				],
				"lengthInSteps": 16,
				"mustHitSection": false,
				"bpm": 100,
				"changeBPM": false
			},
			{
				"CPUPrimaryAltAnim": true,
				"typeOfSection": 0,
				"sectionNotes": [
					[
						48000,
						0,
						0
					],
					[
						48171.4285714286,
						0,
						0
					],
					[
						48342.8571428572,
						3,
						0
					],
					[
						48514.2857142857,
						1,
						0
					],
					[
						48685.7142857143,
						2,
						0
					],
					[
						48857.1428571429,
						3,
						0
					],
					[
						49028.5714285714,
						0,
						0
					],
					[
						49200,
						1,
						0
					]
				],
				"lengthInSteps": 16,
				"mustHitSection": false,
				"bpm": 100,
				"changeBPM": false
			},
			{
				"lengthInSteps": 16,
				"sectionNotes": [
					[
						49371.4285714286,
						2,
						0
					],
					[
						49542.8571428572,
						3,
						0
					],
					[
						49714.2857142857,
						1,
						0
					],
					[
						49885.7142857143,
						0,
						0
					],
					[
						50057.1428571429,
						2,
						0
					],
					[
						50228.5714285714,
						3,
						0
					],
					[
						50400,
						1,
						0
					],
					[
						50571.4285714286,
						0,
						0
					],
					[
						49371.4285714286,
						-1,
						"ScreenRotCam",
						"1.5",
						"180"
					]
				],
				"typeOfSection": 0,
				"mustHitSection": true,
				"changeBPM": false,
				"bpm": 100
			},
			{
				"lengthInSteps": 16,
				"sectionNotes": [
					[
						50742.8571428572,
						2,
						0
					],
					[
						50914.2857142857,
						3,
						0
					],
					[
						51085.7142857143,
						1,
						0
					],
					[
						51257.1428571429,
						0,
						0
					],
					[
						51428.5714285714,
						2,
						0
					],
					[
						51600,
						3,
						0
					],
					[
						51771.4285714286,
						0,
						0
					],
					[
						51942.8571428572,
						0,
						0
					]
				],
				"typeOfSection": 0,
				"mustHitSection": true,
				"changeBPM": false,
				"bpm": 100
			},
			{
				"lengthInSteps": 16,
				"sectionNotes": [
					[
						52114.2857142857,
						2,
						0
					],
					[
						52285.7142857143,
						3,
						0
					],
					[
						52457.1428571429,
						1,
						0
					],
					[
						52628.5714285714,
						0,
						0
					],
					[
						52800,
						2,
						0
					],
					[
						52971.4285714286,
						3,
						0
					],
					[
						53142.8571428572,
						1,
						0
					],
					[
						53314.2857142857,
						0,
						0
					]
				],
				"typeOfSection": 0,
				"mustHitSection": true,
				"changeBPM": false,
				"bpm": 100
			},
			{
				"lengthInSteps": 16,
				"sectionNotes": [
					[
						53485.7142857143,
						2,
						0
					],
					[
						53657.1428571429,
						3,
						0
					],
					[
						53828.5714285714,
						1,
						0
					],
					[
						54000,
						0,
						0
					],
					[
						54171.4285714286,
						2,
						0
					],
					[
						54342.8571428572,
						3,
						0
					],
					[
						54514.2857142857,
						0,
						0
					],
					[
						54685.7142857143,
						0,
						0
					]
				],
				"typeOfSection": 0,
				"mustHitSection": true,
				"changeBPM": false,
				"bpm": 100
			},
			{
				"lengthInSteps": 16,
				"sectionNotes": [
					[
						54857.1428571429,
						0,
						0
					],
					[
						55028.5714285714,
						3,
						0
					],
					[
						55200,
						2,
						0
					],
					[
						55371.4285714286,
						3,
						0
					],
					[
						55542.8571428572,
						1,
						0
					],
					[
						55800,
						3,
						0
					],
					[
						55714.2857142857,
						2,
						0
					],
					[
						55885.7142857143,
						0,
						0
					],
					[
						56057.1428571429,
						2,
						0
					],
					[
						54857.1428571429,
						-1,
						"ScreenRotCam",
						"1.5",
						"360"
					]
				],
				"typeOfSection": 0,
				"mustHitSection": false,
				"changeBPM": false,
				"bpm": 100
			},
			{
				"lengthInSteps": 16,
				"sectionNotes": [
					[
						56228.5714285714,
						3,
						0
					],
					[
						56400,
						0,
						0
					],
					[
						56571.4285714286,
						1,
						0
					],
					[
						56742.8571428572,
						2,
						0
					],
					[
						56914.2857142857,
						3,
						0
					],
					[
						57085.7142857143,
						3,
						0
					],
					[
						57257.1428571429,
						0,
						0
					],
					[
						57428.5714285714,
						0,
						0
					]
				],
				"typeOfSection": 0,
				"mustHitSection": false,
				"changeBPM": false,
				"bpm": 100
			},
			{
				"CPUPrimaryAltAnim": true,
				"typeOfSection": 0,
				"sectionNotes": [
					[
						57600,
						2,
						0
					],
					[
						57771.4285714286,
						3,
						0
					],
					[
						57857.1428571429,
						1,
						0
					],
					[
						57942.8571428572,
						0,
						0
					],
					[
						58114.2857142857,
						1,
						0
					],
					[
						58285.7142857143,
						2,
						0
					],
					[
						58457.1428571429,
						3,
						0
					],
					[
						58628.5714285714,
						0,
						0
					],
					[
						58800,
						1,
						0
					]
				],
				"lengthInSteps": 16,
				"mustHitSection": false,
				"bpm": 100,
				"changeBPM": false
			},
			{
				"CPUPrimaryAltAnim": true,
				"typeOfSection": 0,
				"sectionNotes": [
					[
						58971.4285714286,
						3,
						0
					],
					[
						59142.8571428572,
						3,
						0
					],
					[
						59314.2857142857,
						0,
						0
					],
					[
						59657.1428571429,
						1,
						171.428571428571
					],
					[
						60000,
						2,
						0
					],
					[
						60171.4285714286,
						3,
						0
					]
				],
				"lengthInSteps": 16,
				"mustHitSection": false,
				"bpm": 100,
				"changeBPM": false
			},
			{
				"CPUPrimaryAltAnim": false,
				"typeOfSection": 0,
				"sectionNotes": [
					[
						60342.8571428572,
						2,
						0
					],
					[
						60514.2857142857,
						2,
						0
					],
					[
						60685.7142857143,
						3,
						0
					],
					[
						60857.1428571429,
						3,
						0
					],
					[
						61028.5714285714,
						0,
						0
					],
					[
						61200,
						0,
						0
					],
					[
						61542.8571428572,
						2,
						0
					]
				],
				"lengthInSteps": 16,
				"mustHitSection": true,
				"bpm": 100,
				"changeBPM": false
			},
			{
				"CPUPrimaryAltAnim": false,
				"typeOfSection": 0,
				"sectionNotes": [
					[
						61714.2857142857,
						3,
						0
					],
					[
						61885.7142857143,
						1,
						0
					],
					[
						62057.1428571429,
						1,
						0
					],
					[
						61971.4285714286,
						0,
						0
					],
					[
						62400,
						2,
						0
					],
					[
						62571.4285714286,
						2,
						0
					],
					[
						62914.2857142857,
						3,
						0
					],
					[
						62228.5714285715,
						0,
						0
					]
				],
				"lengthInSteps": 16,
				"mustHitSection": true,
				"bpm": 100,
				"changeBPM": false
			},
			{
				"CPUPrimaryAltAnim": true,
				"typeOfSection": 0,
				"sectionNotes": [
					[
						63085.7142857143,
						1,
						0
					],
					[
						63257.1428571429,
						3,
						0
					],
					[
						63342.8571428572,
						0,
						0
					],
					[
						63428.5714285715,
						1,
						0
					],
					[
						63600,
						1,
						0
					],
					[
						63771.4285714286,
						2,
						0
					],
					[
						63942.8571428572,
						2,
						0
					],
					[
						64285.7142857143,
						0,
						0
					]
				],
				"lengthInSteps": 16,
				"mustHitSection": true,
				"bpm": 100,
				"changeBPM": false
			},
			{
				"CPUPrimaryAltAnim": true,
				"typeOfSection": 0,
				"sectionNotes": [
					[
						64457.1428571429,
						1,
						0
					],
					[
						64628.5714285715,
						3,
						0
					],
					[
						64800,
						1,
						0
					],
					[
						64971.4285714286,
						1,
						0
					],
					[
						65142.8571428572,
						2,
						0
					],
					[
						65485.7142857143,
						0,
						0
					],
					[
						65657.1428571429,
						2,
						0
					],
					[
						65142.8571428572,
						-1,
						"Note_Spin",
						"0.15",
						"360"
					],
					[
						65657.1428571429,
						-1,
						"Note_Spin",
						"0.15",
						"360"
					]
				],
				"lengthInSteps": 16,
				"mustHitSection": true,
				"bpm": 100,
				"changeBPM": false
			},
			{
				"CPUPrimaryAltAnim": true,
				"typeOfSection": 0,
				"sectionNotes": [
					[
						65828.5714285714,
						2,
						0
					],
					[
						66171.4285714286,
						0,
						0
					],
					[
						66342.8571428572,
						3,
						0
					],
					[
						66514.2857142857,
						1,
						85.7142857142857
					],
					[
						66857.1428571429,
						2,
						0
					],
					[
						67028.5714285714,
						3,
						0
					]
				],
				"lengthInSteps": 16,
				"mustHitSection": false,
				"bpm": 100,
				"changeBPM": false
			},
			{
				"CPUPrimaryAltAnim": true,
				"typeOfSection": 0,
				"sectionNotes": [
					[
						67200,
						0,
						0
					],
					[
						67371.4285714286,
						0,
						0
					],
					[
						67542.8571428572,
						0,
						0
					],
					[
						67714.2857142857,
						0,
						0
					],
					[
						67885.7142857143,
						2,
						85.7142857142857
					],
					[
						68228.5714285714,
						1,
						0
					],
					[
						68400,
						0,
						0
					]
				],
				"lengthInSteps": 16,
				"mustHitSection": false,
				"bpm": 100,
				"changeBPM": false
			},
			{
				"CPUPrimaryAltAnim": true,
				"typeOfSection": 0,
				"sectionNotes": [
					[
						68571.4285714286,
						3,
						0
					],
					[
						68742.8571428571,
						3,
						0
					],
					[
						68914.2857142857,
						3,
						0
					],
					[
						69085.7142857143,
						3,
						0
					],
					[
						69257.1428571429,
						1,
						0
					],
					[
						69600,
						2,
						0
					],
					[
						69771.4285714286,
						0,
						0
					],
					[
						68571.4285714286,
						-1,
						"Blammed Lights",
						"2",
						""
					]
				],
				"lengthInSteps": 16,
				"mustHitSection": false,
				"bpm": 100,
				"changeBPM": false
			},
			{
				"CPUPrimaryAltAnim": true,
				"typeOfSection": 0,
				"sectionNotes": [
					[
						69942.8571428571,
						1,
						0
					],
					[
						70114.2857142857,
						3,
						0
					],
					[
						70285.7142857143,
						1,
						0
					],
					[
						70457.1428571429,
						0,
						0
					],
					[
						70628.5714285714,
						2,
						0
					],
					[
						70971.4285714286,
						1,
						0
					],
					[
						71142.8571428571,
						3,
						0
					]
				],
				"lengthInSteps": 16,
				"mustHitSection": false,
				"bpm": 100,
				"changeBPM": false
			},
			{
				"lengthInSteps": 16,
				"sectionNotes": [
					[
						71314.2857142857,
						2,
						171.428571428571
					],
					[
						71657.1428571429,
						3,
						0
					],
					[
						71828.5714285714,
						1,
						0
					],
					[
						72000,
						0,
						0
					],
					[
						72342.8571428571,
						2,
						0
					],
					[
						72514.2857142857,
						3,
						0
					]
				],
				"typeOfSection": 0,
				"mustHitSection": true,
				"changeBPM": false,
				"bpm": 100
			},
			{
				"sectionNotes": [
					[
						72685.7142857143,
						1,
						0
					],
					[
						72857.1428571428,
						0,
						0
					],
					[
						73028.5714285714,
						1,
						0
					],
					[
						73200,
						2,
						0
					],
					[
						73371.4285714286,
						3,
						0
					],
					[
						73714.2857142857,
						0,
						0
					],
					[
						73885.7142857143,
						0,
						0
					]
				],
				"typeOfSection": 0,
				"lengthInSteps": 16,
				"mustHitSection": true,
				"changeBPM": false,
				"bpm": 100
			},
			{
				"sectionNotes": [
					[
						74057.1428571428,
						2,
						0
					],
					[
						74228.5714285714,
						2,
						0
					],
					[
						74400,
						3,
						0
					],
					[
						74571.4285714286,
						3,
						0
					],
					[
						74742.8571428571,
						1,
						257.142857142857
					],
					[
						75085.7142857143,
						3,
						0
					],
					[
						75257.1428571428,
						0,
						0
					]
				],
				"typeOfSection": 0,
				"lengthInSteps": 16,
				"mustHitSection": true,
				"changeBPM": false,
				"bpm": 175
			},
			{
				"sectionNotes": [
					[
						75428.5714285714,
						1,
						0
					],
					[
						75600,
						1,
						0
					],
					[
						75771.4285714286,
						1,
						0
					],
					[
						75942.8571428571,
						1,
						0
					],
					[
						76114.2857142857,
						0,
						0
					],
					[
						76285.7142857143,
						2,
						0
					],
					[
						76457.1428571428,
						3,
						0
					],
					[
						76628.5714285714,
						1,
						0,
						"Botan alert"
					]
				],
				"typeOfSection": 0,
				"lengthInSteps": 16,
				"mustHitSection": true,
				"changeBPM": false,
				"bpm": 175
			},
			{
				"CPUPrimaryAltAnim": true,
				"lengthInSteps": 16,
				"typeOfSection": 0,
				"sectionNotes": [
					[
						76800,
						2,
						0
					],
					[
						76971.4285714285,
						0,
						0
					],
					[
						77142.8571428571,
						1,
						0
					],
					[
						77314.2857142857,
						3,
						0
					],
					[
						77485.7142857143,
						1,
						0
					],
					[
						77657.1428571428,
						0,
						0
					],
					[
						77828.5714285714,
						0,
						0
					],
					[
						78000,
						0,
						0
					]
				],
				"mustHitSection": false,
				"bpm": 175,
				"changeBPM": false
			},
			{
				"CPUPrimaryAltAnim": true,
				"lengthInSteps": 16,
				"typeOfSection": 0,
				"sectionNotes": [
					[
						78171.4285714285,
						3,
						0
					],
					[
						78342.8571428571,
						1,
						0
					],
					[
						78514.2857142857,
						3,
						0
					],
					[
						78685.7142857142,
						3,
						0
					],
					[
						78857.1428571428,
						2,
						0
					],
					[
						79028.5714285714,
						0,
						0
					],
					[
						79200,
						0,
						0
					],
					[
						79371.4285714285,
						1,
						0
					]
				],
				"mustHitSection": false,
				"bpm": 175,
				"changeBPM": false
			},
			{
				"CPUPrimaryAltAnim": true,
				"lengthInSteps": 16,
				"typeOfSection": 0,
				"sectionNotes": [
					[
						79542.8571428571,
						3,
						0
					],
					[
						79714.2857142857,
						2,
						0
					],
					[
						79885.7142857142,
						1,
						0
					],
					[
						80057.1428571428,
						0,
						0
					],
					[
						80228.5714285714,
						3,
						0
					],
					[
						80571.4285714285,
						1,
						0
					],
					[
						80400,
						2,
						0
					],
					[
						80742.8571428571,
						0,
						0
					]
				],
				"mustHitSection": false,
				"bpm": 175,
				"changeBPM": false
			},
			{
				"CPUPrimaryAltAnim": true,
				"lengthInSteps": 16,
				"typeOfSection": 0,
				"sectionNotes": [
					[
						80914.2857142857,
						3,
						0
					],
					[
						81085.7142857142,
						0,
						0
					],
					[
						81257.1428571428,
						3,
						0
					],
					[
						81428.5714285714,
						1,
						0
					],
					[
						81600,
						2,
						0
					],
					[
						81942.8571428571,
						2,
						0
					],
					[
						81771.4285714285,
						0,
						0
					],
					[
						82114.2857142857,
						3,
						0
					]
				],
				"mustHitSection": false,
				"bpm": 175,
				"changeBPM": false
			},
			{
				"CPUPrimaryAltAnim": true,
				"lengthInSteps": 16,
				"typeOfSection": 0,
				"sectionNotes": [
					[
						82285.7142857142,
						2,
						0
					],
					[
						82457.1428571428,
						3,
						0
					],
					[
						82628.5714285714,
						1,
						0
					],
					[
						82799.9999999999,
						0,
						0
					],
					[
						82971.4285714285,
						2,
						0
					],
					[
						83142.8571428571,
						3,
						0
					],
					[
						83314.2857142857,
						1,
						0
					],
					[
						83485.7142857142,
						0,
						0
					]
				],
				"mustHitSection": true,
				"bpm": 175,
				"changeBPM": false
			},
			{
				"CPUPrimaryAltAnim": true,
				"lengthInSteps": 16,
				"typeOfSection": 0,
				"sectionNotes": [
					[
						83657.1428571428,
						2,
						0
					],
					[
						83828.5714285714,
						3,
						0
					],
					[
						83999.9999999999,
						1,
						0
					],
					[
						84171.4285714285,
						0,
						0
					],
					[
						84342.8571428571,
						2,
						0
					],
					[
						84514.2857142857,
						3,
						0
					],
					[
						84857.1428571428,
						0,
						0,
						"Botan alert"
					],
					[
						84685.7142857142,
						0,
						0,
						"Botan alert"
					]
				],
				"mustHitSection": true,
				"bpm": 175,
				"changeBPM": false
			},
			{
				"CPUPrimaryAltAnim": true,
				"lengthInSteps": 16,
				"typeOfSection": 0,
				"sectionNotes": [
					[
						85028.5714285714,
						2,
						0
					],
					[
						85199.9999999999,
						3,
						0
					],
					[
						85371.4285714285,
						1,
						0
					],
					[
						85542.8571428571,
						0,
						0
					],
					[
						85714.2857142857,
						2,
						0
					],
					[
						85885.7142857142,
						3,
						0
					],
					[
						86057.1428571428,
						1,
						0
					],
					[
						86228.5714285714,
						0,
						0
					]
				],
				"mustHitSection": true,
				"bpm": 175,
				"changeBPM": false
			},
			{
				"CPUPrimaryAltAnim": true,
				"lengthInSteps": 16,
				"typeOfSection": 0,
				"sectionNotes": [
					[
						86399.9999999999,
						2,
						0
					],
					[
						86571.4285714285,
						3,
						0
					],
					[
						86742.8571428571,
						1,
						0
					],
					[
						86914.2857142856,
						0,
						0
					],
					[
						87085.7142857142,
						2,
						0
					],
					[
						87257.1428571428,
						3,
						0
					],
					[
						87428.5714285714,
						0,
						0
					],
					[
						87599.9999999999,
						0,
						0
					]
				],
				"mustHitSection": true,
				"bpm": 175,
				"changeBPM": false
			},
			{
				"CPUPrimaryAltAnim": true,
				"lengthInSteps": 16,
				"typeOfSection": 0,
				"sectionNotes": [
					[
						87771.4285714285,
						2,
						0
					],
					[
						87942.8571428571,
						3,
						0
					],
					[
						88114.2857142856,
						1,
						0
					],
					[
						88285.7142857142,
						0,
						0
					],
					[
						88457.1428571428,
						2,
						0
					],
					[
						88628.5714285713,
						3,
						0
					],
					[
						88799.9999999999,
						1,
						0
					],
					[
						88971.4285714285,
						0,
						0
					]
				],
				"mustHitSection": true,
				"bpm": 175,
				"changeBPM": false
			},
			{
				"CPUPrimaryAltAnim": true,
				"lengthInSteps": 16,
				"typeOfSection": 0,
				"sectionNotes": [
					[
						89142.8571428571,
						2,
						0
					],
					[
						89314.2857142856,
						3,
						0
					],
					[
						89485.7142857142,
						1,
						0
					],
					[
						89657.1428571428,
						0,
						0
					],
					[
						89828.5714285713,
						2,
						0
					],
					[
						89999.9999999999,
						3,
						0
					],
					[
						90171.4285714285,
						0,
						0
					],
					[
						90342.8571428571,
						0,
						0
					]
				],
				"mustHitSection": true,
				"bpm": 175,
				"changeBPM": false
			},
			{
				"sectionNotes": [
					[
						90514.2857142856,
						2,
						0
					],
					[
						90685.7142857142,
						3,
						0
					],
					[
						90857.1428571428,
						1,
						0
					],
					[
						91028.5714285713,
						0,
						0
					],
					[
						91199.9999999999,
						2,
						0
					],
					[
						91371.4285714285,
						3,
						0
					],
					[
						91542.8571428571,
						1,
						0
					],
					[
						91714.2857142856,
						0,
						0
					]
				],
				"typeOfSection": 0,
				"lengthInSteps": 16,
				"mustHitSection": true,
				"changeBPM": false,
				"bpm": 175
			},
			{
				"sectionNotes": [
					[
						91885.7142857142,
						2,
						0
					],
					[
						92057.1428571428,
						3,
						0
					],
					[
						92228.5714285713,
						1,
						0
					],
					[
						92399.9999999999,
						0,
						0
					],
					[
						92571.4285714285,
						2,
						0
					],
					[
						92742.857142857,
						3,
						0
					],
					[
						92914.2857142856,
						1,
						0
					],
					[
						93085.7142857142,
						0,
						0
					]
				],
				"typeOfSection": 0,
				"lengthInSteps": 16,
				"mustHitSection": true,
				"changeBPM": false,
				"bpm": 175
			},
			{
				"sectionNotes": [
					[
						93257.1428571428,
						1,
						0,
						"Botan alert"
					],
					[
						93257.1428571428,
						-1,
						"Blammed Lights",
						"0",
						""
					]
				],
				"typeOfSection": 0,
				"lengthInSteps": 16,
				"mustHitSection": true,
				"changeBPM": false,
				"bpm": 175
			},
			{
				"sectionNotes": [],
				"typeOfSection": 0,
				"lengthInSteps": 16,
				"mustHitSection": true,
				"changeBPM": false,
				"bpm": 175
			},
			{
				"sectionNotes": [
					[
						95999.9999999999,
						5,
						685.714285714286
					],
					[
						96942.857142857,
						6,
						0
					],
					[
						96771.4285714284,
						4,
						0
					],
					[
						96857.1428571427,
						5,
						0
					],
					[
						97028.5714285713,
						7,
						257.142857142857
					],
					[
						95999.9999999999,
						2,
						0
					],
					[
						96171.4285714284,
						3,
						0
					],
					[
						96342.857142857,
						1,
						0
					],
					[
						96685.7142857142,
						1,
						0
					],
					[
						97028.5714285713,
						0,
						0
					],
					[
						97199.9999999999,
						0,
						0
					],
					[
						95999.9999999999,
						-1,
						"Zoom",
						"1",
						""
					]
				],
				"typeOfSection": 0,
				"lengthInSteps": 16,
				"mustHitSection": false,
				"changeBPM": false,
				"bpm": 175
			},
			{
				"sectionNotes": [
					[
						97371.4285714284,
						5,
						428.571428571429
					],
					[
						97885.7142857142,
						6,
						428.571428571429
					],
					[
						98399.9999999999,
						4,
						257.142857142857
					],
					[
						97542.857142857,
						2,
						0
					],
					[
						97714.2857142856,
						3,
						0
					],
					[
						98057.1428571427,
						0,
						0
					],
					[
						98399.9999999999,
						1,
						0
					],
					[
						98571.4285714284,
						3,
						0
					]
				],
				"typeOfSection": 0,
				"lengthInSteps": 16,
				"mustHitSection": false,
				"changeBPM": false,
				"bpm": 175
			},
			{
				"CPUPrimaryAltAnim": true,
				"lengthInSteps": 16,
				"typeOfSection": 0,
				"sectionNotes": [
					[
						98742.857142857,
						7,
						428.571428571429
					],
					[
						99257.1428571427,
						6,
						428.571428571429
					],
					[
						99942.857142857,
						5,
						1028.57142857143
					],
					[
						99771.4285714284,
						4,
						0
					],
					[
						99085.7142857142,
						1,
						0
					],
					[
						99257.1428571427,
						3,
						0
					],
					[
						98914.2857142856,
						2,
						0
					],
					[
						99428.5714285713,
						2,
						0
					],
					[
						99599.9999999999,
						1,
						0
					],
					[
						99771.4285714284,
						0,
						0
					],
					[
						99942.857142857,
						1,
						0
					],
					[
						100028.571428571,
						2,
						0
					]
				],
				"mustHitSection": false,
				"bpm": 175,
				"changeBPM": false
			},
			{
				"CPUPrimaryAltAnim": true,
				"lengthInSteps": 16,
				"typeOfSection": 0,
				"sectionNotes": [
					[
						100114.285714286,
						3,
						0
					],
					[
						100285.714285714,
						1,
						0
					],
					[
						100457.142857143,
						0,
						0
					],
					[
						100800,
						1,
						0
					],
					[
						101142.857142857,
						0,
						0
					],
					[
						101314.285714286,
						3,
						0
					]
				],
				"mustHitSection": false,
				"bpm": 175,
				"changeBPM": false
			},
			{
				"sectionNotes": [
					[
						101657.142857143,
						2,
						0
					],
					[
						101828.571428571,
						3,
						0
					],
					[
						102171.428571428,
						2,
						0
					],
					[
						102685.714285714,
						0,
						0
					],
					[
						102514.285714286,
						2,
						0
					]
				],
				"typeOfSection": 0,
				"lengthInSteps": 16,
				"mustHitSection": true,
				"changeBPM": false,
				"bpm": 175
			},
			{
				"sectionNotes": [
					[
						103028.571428571,
						2,
						0
					],
					[
						103200,
						3,
						0
					],
					[
						103542.857142857,
						2,
						0
					],
					[
						103885.714285714,
						2,
						0
					],
					[
						104057.142857143,
						0,
						0
					]
				],
				"typeOfSection": 0,
				"lengthInSteps": 16,
				"mustHitSection": true,
				"changeBPM": false,
				"bpm": 175
			},
			{
				"sectionNotes": [
					[
						104400,
						3,
						0
					],
					[
						104571.428571428,
						0,
						0
					],
					[
						104742.857142857,
						1,
						0
					],
					[
						104914.285714286,
						2,
						0
					],
					[
						105085.714285714,
						0,
						0
					],
					[
						105257.142857143,
						2,
						0
					],
					[
						105428.571428571,
						1,
						0
					],
					[
						105514.285714286,
						3,
						0
					]
				],
				"typeOfSection": 0,
				"lengthInSteps": 16,
				"mustHitSection": true,
				"changeBPM": false,
				"bpm": 175
			},
			{
				"sectionNotes": [
					[
						105600,
						2,
						0
					],
					[
						105771.428571428,
						1,
						0
					],
					[
						105942.857142857,
						1,
						0
					],
					[
						106285.714285714,
						2,
						0
					],
					[
						106628.571428571,
						2,
						0
					],
					[
						106800,
						3,
						0
					],
					[
						106285.714285714,
						-1,
						"Add Camera Zoom",
						"0.050",
						""
					],
					[
						106628.571428571,
						-1,
						"Add Camera Zoom",
						"0.050",
						""
					],
					[
						106800,
						-1,
						"Add Camera Zoom",
						"0.050",
						""
					]
				],
				"typeOfSection": 0,
				"lengthInSteps": 16,
				"mustHitSection": true,
				"changeBPM": false,
				"bpm": 175
			},
			{
				"sectionNotes": [],
				"typeOfSection": 0,
				"lengthInSteps": 16,
				"mustHitSection": false,
				"changeBPM": false,
				"bpm": 175
			},
			{
				"sectionNotes": [],
				"typeOfSection": 0,
				"lengthInSteps": 16,
				"mustHitSection": true,
				"changeBPM": false,
				"bpm": 175
			},
			{
				"sectionNotes": [],
				"typeOfSection": 0,
				"lengthInSteps": 16,
				"mustHitSection": false,
				"changeBPM": false,
				"bpm": 175
			},
			{
				"lengthInSteps": 16,
				"typeOfSection": 0,
				"sectionNotes": [],
				"bpm": 175,
				"changeBPM": false,
				"mustHitSection": true
			},
			{
				"lengthInSteps": 16,
				"typeOfSection": 0,
				"sectionNotes": [],
				"bpm": 175,
				"changeBPM": false,
				"mustHitSection": false
			},
			{
				"sectionNotes": [],
				"typeOfSection": 0,
				"lengthInSteps": 16,
				"mustHitSection": true,
				"changeBPM": false,
				"bpm": 175
			},
			{
				"sectionNotes": [],
				"typeOfSection": 0,
				"lengthInSteps": 16,
				"mustHitSection": true,
				"changeBPM": false,
				"bpm": 175
			},
			{
				"sectionNotes": [],
				"typeOfSection": 0,
				"lengthInSteps": 16,
				"mustHitSection": true,
				"changeBPM": false,
				"bpm": 175
			},
			{
				"lengthInSteps": 16,
				"typeOfSection": 0,
				"sectionNotes": [],
				"bpm": 175,
				"changeBPM": false,
				"mustHitSection": true
			},
			{
				"lengthInSteps": 16,
				"typeOfSection": 0,
				"sectionNotes": [],
				"mustHitSection": true,
				"bpm": 175,
				"changeBPM": false
			},
			{
				"CPUPrimaryAltAnim": false,
				"playerPrimaryAltAnim": false,
				"mustHitSection": true,
				"lengthInSteps": 16,
				"typeOfSection": 0,
				"sectionNotes": [],
				"CPUSecondaryAltAnim": false,
				"changeBPM": false,
				"bpm": 175,
				"playerSecondaryAltAnim": false
			},
			{
				"sectionNotes": [],
				"typeOfSection": 0,
				"lengthInSteps": 16,
				"altAnim": false,
				"mustHitSection": true,
				"changeBPM": false,
				"bpm": 175
			},
			{
				"lengthInSteps": 16,
				"altAnim": false,
				"typeOfSection": 0,
				"sectionNotes": [],
				"bpm": 175,
				"changeBPM": false,
				"mustHitSection": true
			},
			{
				"lengthInSteps": 16,
				"altAnim": false,
				"typeOfSection": 0,
				"sectionNotes": [],
				"bpm": 175,
				"changeBPM": false,
				"mustHitSection": true
			}
		],
		"player2": "botan-new",
		"opponentHealth": 2,
		"player3": "gf",
		"splashSkin": "noteSplashesHololive",
		"startingHealth": 1,
		"song": "Lalion-Hinotori",
		"arrowSkin": "new",
		"sections": 0,
		"validScore": true,
		"stage": "philly",
		"needsVoices": true,
		"bpm": 175,
		"speed": 2.6
	}
}