﻿<?xml version="1.0" encoding="utf-8"?>
<TextureAtlas imagePath="Girlfriend_Notes.png">
	<!-- Created with Adobe Animate version 22.0.4.185 -->
	<!-- http://www.adobe.com/products/animate.html -->
	<SubTexture name="arrowDOWN0000" x="0" y="0" width="157" height="154"/>
	<SubTexture name="arrowDOWN0001" x="167" y="0" width="157" height="154"/>
	<SubTexture name="arrowDOWN0002" x="334" y="0" width="157" height="154"/>
	<SubTexture name="arrowDOWN0003" x="501" y="0" width="157" height="154"/>
	<SubTexture name="arrowDOWN0004" x="668" y="0" width="157" height="154"/>
	<SubTexture name="arrowDOWN0005" x="835" y="0" width="157" height="154"/>
	<SubTexture name="arrowDOWN0006" x="1002" y="0" width="157" height="154"/>
	<SubTexture name="arrowDOWN0007" x="0" y="0" width="157" height="154"/>
	<SubTexture name="arrowDOWN0008" x="0" y="0" width="157" height="154"/>
	<SubTexture name="arrowDOWN0009" x="0" y="0" width="157" height="154"/>
	<SubTexture name="arrowDOWN0010" x="0" y="0" width="157" height="154"/>
	<SubTexture name="arrowDOWN0011" x="0" y="0" width="157" height="154"/>
	<SubTexture name="arrowDOWN0012" x="0" y="0" width="157" height="154"/>
	<SubTexture name="arrowDOWN0013" x="0" y="0" width="157" height="154"/>
	<SubTexture name="arrowDOWN0014" x="0" y="0" width="157" height="154"/>
	<SubTexture name="arrowDOWN0015" x="0" y="0" width="157" height="154"/>
	<SubTexture name="arrowDOWN0016" x="0" y="0" width="157" height="154"/>
	<SubTexture name="arrowDOWN0017" x="0" y="0" width="157" height="154"/>
	<SubTexture name="arrowDOWN0018" x="0" y="0" width="157" height="154"/>
	<SubTexture name="arrowDOWN0019" x="0" y="0" width="157" height="154"/>
	<SubTexture name="arrowLEFT0000" x="0" y="164" width="154" height="157"/>
	<SubTexture name="arrowLEFT0001" x="164" y="164" width="154" height="157"/>
	<SubTexture name="arrowLEFT0002" x="328" y="164" width="154" height="157"/>
	<SubTexture name="arrowLEFT0003" x="492" y="164" width="154" height="157"/>
	<SubTexture name="arrowLEFT0004" x="656" y="164" width="154" height="157"/>
	<SubTexture name="arrowLEFT0005" x="820" y="164" width="154" height="157"/>
	<SubTexture name="arrowLEFT0006" x="984" y="164" width="154" height="157"/>
	<SubTexture name="arrowLEFT0007" x="0" y="164" width="154" height="157"/>
	<SubTexture name="arrowLEFT0008" x="0" y="164" width="154" height="157"/>
	<SubTexture name="arrowLEFT0009" x="0" y="164" width="154" height="157"/>
	<SubTexture name="arrowLEFT0010" x="0" y="164" width="154" height="157"/>
	<SubTexture name="arrowLEFT0011" x="0" y="164" width="154" height="157"/>
	<SubTexture name="arrowLEFT0012" x="0" y="164" width="154" height="157"/>
	<SubTexture name="arrowLEFT0013" x="0" y="164" width="154" height="157"/>
	<SubTexture name="arrowLEFT0014" x="0" y="164" width="154" height="157"/>
	<SubTexture name="arrowLEFT0015" x="0" y="164" width="154" height="157"/>
	<SubTexture name="arrowLEFT0016" x="0" y="164" width="154" height="157"/>
	<SubTexture name="arrowLEFT0017" x="0" y="164" width="154" height="157"/>
	<SubTexture name="arrowLEFT0018" x="0" y="164" width="154" height="157"/>
	<SubTexture name="arrowLEFT0019" x="0" y="164" width="154" height="157"/>
	<SubTexture name="arrowRIGHT0000" x="0" y="331" width="154" height="157"/>
	<SubTexture name="arrowRIGHT0001" x="164" y="331" width="154" height="157"/>
	<SubTexture name="arrowRIGHT0002" x="328" y="331" width="154" height="157"/>
	<SubTexture name="arrowRIGHT0003" x="492" y="331" width="154" height="157"/>
	<SubTexture name="arrowRIGHT0004" x="656" y="331" width="154" height="157"/>
	<SubTexture name="arrowRIGHT0005" x="820" y="331" width="154" height="157"/>
	<SubTexture name="arrowRIGHT0006" x="984" y="331" width="154" height="157"/>
	<SubTexture name="arrowRIGHT0007" x="0" y="331" width="154" height="157"/>
	<SubTexture name="arrowRIGHT0008" x="0" y="331" width="154" height="157"/>
	<SubTexture name="arrowRIGHT0009" x="0" y="331" width="154" height="157"/>
	<SubTexture name="arrowRIGHT0010" x="0" y="331" width="154" height="157"/>
	<SubTexture name="arrowRIGHT0011" x="0" y="331" width="154" height="157"/>
	<SubTexture name="arrowRIGHT0012" x="0" y="331" width="154" height="157"/>
	<SubTexture name="arrowRIGHT0013" x="0" y="331" width="154" height="157"/>
	<SubTexture name="arrowRIGHT0014" x="0" y="331" width="154" height="157"/>
	<SubTexture name="arrowRIGHT0015" x="0" y="331" width="154" height="157"/>
	<SubTexture name="arrowRIGHT0016" x="0" y="331" width="154" height="157"/>
	<SubTexture name="arrowRIGHT0017" x="0" y="331" width="154" height="157"/>
	<SubTexture name="arrowRIGHT0018" x="0" y="331" width="154" height="157"/>
	<SubTexture name="arrowRIGHT0019" x="0" y="331" width="154" height="157"/>
	<SubTexture name="arrowUP0000" x="0" y="498" width="157" height="154"/>
	<SubTexture name="arrowUP0001" x="167" y="498" width="157" height="154"/>
	<SubTexture name="arrowUP0002" x="334" y="498" width="157" height="154"/>
	<SubTexture name="arrowUP0003" x="501" y="498" width="157" height="154"/>
	<SubTexture name="arrowUP0004" x="668" y="498" width="157" height="154"/>
	<SubTexture name="arrowUP0005" x="835" y="498" width="157" height="154"/>
	<SubTexture name="arrowUP0006" x="1002" y="498" width="157" height="154"/>
	<SubTexture name="arrowUP0007" x="0" y="498" width="157" height="154"/>
	<SubTexture name="arrowUP0008" x="0" y="498" width="157" height="154"/>
	<SubTexture name="arrowUP0009" x="0" y="498" width="157" height="154"/>
	<SubTexture name="arrowUP0010" x="0" y="498" width="157" height="154"/>
	<SubTexture name="arrowUP0011" x="0" y="498" width="157" height="154"/>
	<SubTexture name="arrowUP0012" x="0" y="498" width="157" height="154"/>
	<SubTexture name="arrowUP0013" x="0" y="498" width="157" height="154"/>
	<SubTexture name="arrowUP0014" x="0" y="498" width="157" height="154"/>
	<SubTexture name="arrowUP0015" x="0" y="498" width="157" height="154"/>
	<SubTexture name="arrowUP0016" x="0" y="498" width="157" height="154"/>
	<SubTexture name="arrowUP0017" x="0" y="498" width="157" height="154"/>
	<SubTexture name="arrowUP0018" x="0" y="498" width="157" height="154"/>
	<SubTexture name="arrowUP0019" x="0" y="498" width="157" height="154"/>
	<SubTexture name="blue0000" x="0" y="662" width="156" height="154"/>
	<SubTexture name="blue hold end0000" x="166" y="662" width="50" height="64"/>
	<SubTexture name="blue hold piece0000" x="226" y="662" width="50" height="44"/>
	<SubTexture name="down confirm0000" x="286" y="662" width="237" height="234"/>
	<SubTexture name="down confirm0001" x="533" y="662" width="237" height="234"/>
	<SubTexture name="down confirm0002" x="780" y="662" width="219" height="216" frameX="-9" frameY="-12" frameWidth="237" frameHeight="234"/>
	<SubTexture name="down confirm0003" x="0" y="906" width="219" height="216" frameX="-9" frameY="-12" frameWidth="237" frameHeight="234"/>
	<SubTexture name="down confirm0004" x="229" y="906" width="217" height="214" frameX="-10" frameY="-13" frameWidth="237" frameHeight="234"/>
	<SubTexture name="down confirm0005" x="456" y="906" width="217" height="214" frameX="-10" frameY="-13" frameWidth="237" frameHeight="234"/>
	<SubTexture name="down confirm0006" x="683" y="906" width="217" height="214" frameX="-10" frameY="-13" frameWidth="237" frameHeight="234"/>
	<SubTexture name="down confirm0007" x="910" y="906" width="217" height="214" frameX="-10" frameY="-13" frameWidth="237" frameHeight="234"/>
	<SubTexture name="down confirm0008" x="910" y="906" width="217" height="214" frameX="-10" frameY="-13" frameWidth="237" frameHeight="234"/>
	<SubTexture name="down confirm0009" x="910" y="906" width="217" height="214" frameX="-10" frameY="-13" frameWidth="237" frameHeight="234"/>
	<SubTexture name="down confirm0010" x="910" y="906" width="217" height="214" frameX="-10" frameY="-13" frameWidth="237" frameHeight="234"/>
	<SubTexture name="down confirm0011" x="910" y="906" width="217" height="214" frameX="-10" frameY="-13" frameWidth="237" frameHeight="234"/>
	<SubTexture name="down confirm0012" x="910" y="906" width="217" height="214" frameX="-10" frameY="-13" frameWidth="237" frameHeight="234"/>
	<SubTexture name="down confirm0013" x="910" y="906" width="217" height="214" frameX="-10" frameY="-13" frameWidth="237" frameHeight="234"/>
	<SubTexture name="down confirm0014" x="910" y="906" width="217" height="214" frameX="-10" frameY="-13" frameWidth="237" frameHeight="234"/>
	<SubTexture name="down confirm0015" x="910" y="906" width="217" height="214" frameX="-10" frameY="-13" frameWidth="237" frameHeight="234"/>
	<SubTexture name="down confirm0016" x="910" y="906" width="217" height="214" frameX="-10" frameY="-13" frameWidth="237" frameHeight="234"/>
	<SubTexture name="down confirm0017" x="910" y="906" width="217" height="214" frameX="-10" frameY="-13" frameWidth="237" frameHeight="234"/>
	<SubTexture name="down confirm0018" x="910" y="906" width="217" height="214" frameX="-10" frameY="-13" frameWidth="237" frameHeight="234"/>
	<SubTexture name="down confirm0019" x="910" y="906" width="217" height="214" frameX="-10" frameY="-13" frameWidth="237" frameHeight="234"/>
	<SubTexture name="down press0000" x="0" y="1132" width="142" height="140" frameX="-4" frameY="-2" frameWidth="149" frameHeight="146"/>
	<SubTexture name="down press0001" x="0" y="1132" width="142" height="140" frameX="-4" frameY="-2" frameWidth="149" frameHeight="146"/>
	<SubTexture name="down press0002" x="152" y="1132" width="149" height="146"/>
	<SubTexture name="down press0003" x="152" y="1132" width="149" height="146"/>
	<SubTexture name="green0000" x="311" y="1132" width="157" height="154"/>
	<SubTexture name="green hold end0000" x="478" y="1132" width="50" height="64"/>
	<SubTexture name="green hold piece0000" x="538" y="1132" width="50" height="44"/>
	<SubTexture name="left confirm0000" x="598" y="1132" width="227" height="230"/>
	<SubTexture name="left confirm0001" x="835" y="1132" width="227" height="230"/>
	<SubTexture name="left confirm0002" x="0" y="1372" width="224" height="227" frameX="-2" frameY="-1" frameWidth="227" frameHeight="230"/>
	<SubTexture name="left confirm0003" x="234" y="1372" width="224" height="227" frameX="-2" frameY="-1" frameWidth="227" frameHeight="230"/>
	<SubTexture name="left confirm0004" x="468" y="1372" width="224" height="227" frameX="-2" frameY="-1" frameWidth="227" frameHeight="230"/>
	<SubTexture name="left confirm0005" x="702" y="1372" width="224" height="227" frameX="-2" frameY="-1" frameWidth="227" frameHeight="230"/>
	<SubTexture name="left confirm0006" x="936" y="1372" width="224" height="227" frameX="-2" frameY="-1" frameWidth="227" frameHeight="230"/>
	<SubTexture name="left confirm0007" x="0" y="1609" width="224" height="227" frameX="-2" frameY="-1" frameWidth="227" frameHeight="230"/>
	<SubTexture name="left confirm0008" x="0" y="1609" width="224" height="227" frameX="-2" frameY="-1" frameWidth="227" frameHeight="230"/>
	<SubTexture name="left confirm0009" x="0" y="1609" width="224" height="227" frameX="-2" frameY="-1" frameWidth="227" frameHeight="230"/>
	<SubTexture name="left confirm0010" x="0" y="1609" width="224" height="227" frameX="-2" frameY="-1" frameWidth="227" frameHeight="230"/>
	<SubTexture name="left confirm0011" x="0" y="1609" width="224" height="227" frameX="-2" frameY="-1" frameWidth="227" frameHeight="230"/>
	<SubTexture name="left confirm0012" x="0" y="1609" width="224" height="227" frameX="-2" frameY="-1" frameWidth="227" frameHeight="230"/>
	<SubTexture name="left confirm0013" x="0" y="1609" width="224" height="227" frameX="-2" frameY="-1" frameWidth="227" frameHeight="230"/>
	<SubTexture name="left confirm0014" x="0" y="1609" width="224" height="227" frameX="-2" frameY="-1" frameWidth="227" frameHeight="230"/>
	<SubTexture name="left confirm0015" x="0" y="1609" width="224" height="227" frameX="-2" frameY="-1" frameWidth="227" frameHeight="230"/>
	<SubTexture name="left confirm0016" x="0" y="1609" width="224" height="227" frameX="-2" frameY="-1" frameWidth="227" frameHeight="230"/>
	<SubTexture name="left confirm0017" x="0" y="1609" width="224" height="227" frameX="-2" frameY="-1" frameWidth="227" frameHeight="230"/>
	<SubTexture name="left confirm0018" x="0" y="1609" width="224" height="227" frameX="-2" frameY="-1" frameWidth="227" frameHeight="230"/>
	<SubTexture name="left confirm0019" x="0" y="1609" width="224" height="227" frameX="-2" frameY="-1" frameWidth="227" frameHeight="230"/>
	<SubTexture name="left press0000" x="234" y="1609" width="140" height="142" frameX="-3" frameY="-3" frameWidth="146" frameHeight="149"/>
	<SubTexture name="left press0001" x="234" y="1609" width="140" height="142" frameX="-3" frameY="-3" frameWidth="146" frameHeight="149"/>
	<SubTexture name="left press0002" x="384" y="1609" width="146" height="149"/>
	<SubTexture name="left press0003" x="384" y="1609" width="146" height="149"/>
	<SubTexture name="pruple end hold0000" x="540" y="1609" width="50" height="64"/>
	<SubTexture name="purple0000" x="600" y="1609" width="154" height="157"/>
	<SubTexture name="purple hold piece0000" x="538" y="1132" width="50" height="44"/>
	<SubTexture name="red0000" x="764" y="1609" width="154" height="157"/>
	<SubTexture name="red hold end0000" x="166" y="662" width="50" height="64"/>
	<SubTexture name="red hold piece0000" x="226" y="662" width="50" height="44"/>
	<SubTexture name="right confirm0000" x="928" y="1609" width="223" height="225" frameX="-1" frameY="-2" frameWidth="226" frameHeight="229"/>
	<SubTexture name="right confirm0001" x="0" y="1846" width="223" height="225" frameX="-1" frameY="-2" frameWidth="226" frameHeight="229"/>
	<SubTexture name="right confirm0002" x="233" y="1846" width="226" height="229"/>
	<SubTexture name="right confirm0003" x="469" y="1846" width="226" height="229"/>
	<SubTexture name="right confirm0004" x="705" y="1846" width="226" height="229"/>
	<SubTexture name="right confirm0005" x="941" y="1846" width="226" height="229"/>
	<SubTexture name="right confirm0006" x="0" y="2085" width="226" height="229"/>
	<SubTexture name="right confirm0007" x="236" y="2085" width="226" height="229"/>
	<SubTexture name="right confirm0008" x="236" y="2085" width="226" height="229"/>
	<SubTexture name="right confirm0009" x="236" y="2085" width="226" height="229"/>
	<SubTexture name="right confirm0010" x="236" y="2085" width="226" height="229"/>
	<SubTexture name="right confirm0011" x="236" y="2085" width="226" height="229"/>
	<SubTexture name="right confirm0012" x="236" y="2085" width="226" height="229"/>
	<SubTexture name="right confirm0013" x="236" y="2085" width="226" height="229"/>
	<SubTexture name="right confirm0014" x="236" y="2085" width="226" height="229"/>
	<SubTexture name="right confirm0015" x="236" y="2085" width="226" height="229"/>
	<SubTexture name="right confirm0016" x="236" y="2085" width="226" height="229"/>
	<SubTexture name="right confirm0017" x="236" y="2085" width="226" height="229"/>
	<SubTexture name="right confirm0018" x="236" y="2085" width="226" height="229"/>
	<SubTexture name="right confirm0019" x="236" y="2085" width="226" height="229"/>
	<SubTexture name="right press0000" x="472" y="2085" width="138" height="141" frameX="-3" frameY="-7" frameWidth="148" frameHeight="151"/>
	<SubTexture name="right press0001" x="472" y="2085" width="138" height="141" frameX="-3" frameY="-7" frameWidth="148" frameHeight="151"/>
	<SubTexture name="right press0002" x="620" y="2085" width="148" height="151"/>
	<SubTexture name="right press0003" x="620" y="2085" width="148" height="151"/>
	<SubTexture name="up confirm0000" x="778" y="2085" width="235" height="232"/>
	<SubTexture name="up confirm0001" x="0" y="2327" width="235" height="232"/>
	<SubTexture name="up confirm0002" x="245" y="2327" width="213" height="210" frameX="-11" frameY="-11" frameWidth="235" frameHeight="232"/>
	<SubTexture name="up confirm0003" x="468" y="2327" width="213" height="210" frameX="-11" frameY="-11" frameWidth="235" frameHeight="232"/>
	<SubTexture name="up confirm0004" x="691" y="2327" width="213" height="210" frameX="-11" frameY="-11" frameWidth="235" frameHeight="232"/>
	<SubTexture name="up confirm0005" x="914" y="2327" width="213" height="210" frameX="-11" frameY="-11" frameWidth="235" frameHeight="232"/>
	<SubTexture name="up confirm0006" x="0" y="2569" width="213" height="210" frameX="-11" frameY="-11" frameWidth="235" frameHeight="232"/>
	<SubTexture name="up confirm0007" x="223" y="2569" width="213" height="210" frameX="-11" frameY="-11" frameWidth="235" frameHeight="232"/>
	<SubTexture name="up confirm0008" x="223" y="2569" width="213" height="210" frameX="-11" frameY="-11" frameWidth="235" frameHeight="232"/>
	<SubTexture name="up confirm0009" x="223" y="2569" width="213" height="210" frameX="-11" frameY="-11" frameWidth="235" frameHeight="232"/>
	<SubTexture name="up confirm0010" x="223" y="2569" width="213" height="210" frameX="-11" frameY="-11" frameWidth="235" frameHeight="232"/>
	<SubTexture name="up confirm0011" x="223" y="2569" width="213" height="210" frameX="-11" frameY="-11" frameWidth="235" frameHeight="232"/>
	<SubTexture name="up confirm0012" x="223" y="2569" width="213" height="210" frameX="-11" frameY="-11" frameWidth="235" frameHeight="232"/>
	<SubTexture name="up confirm0013" x="223" y="2569" width="213" height="210" frameX="-11" frameY="-11" frameWidth="235" frameHeight="232"/>
	<SubTexture name="up confirm0014" x="223" y="2569" width="213" height="210" frameX="-11" frameY="-11" frameWidth="235" frameHeight="232"/>
	<SubTexture name="up confirm0015" x="223" y="2569" width="213" height="210" frameX="-11" frameY="-11" frameWidth="235" frameHeight="232"/>
	<SubTexture name="up confirm0016" x="223" y="2569" width="213" height="210" frameX="-11" frameY="-11" frameWidth="235" frameHeight="232"/>
	<SubTexture name="up confirm0017" x="223" y="2569" width="213" height="210" frameX="-11" frameY="-11" frameWidth="235" frameHeight="232"/>
	<SubTexture name="up confirm0018" x="223" y="2569" width="213" height="210" frameX="-11" frameY="-11" frameWidth="235" frameHeight="232"/>
	<SubTexture name="up confirm0019" x="223" y="2569" width="213" height="210" frameX="-11" frameY="-11" frameWidth="235" frameHeight="232"/>
	<SubTexture name="up press0000" x="446" y="2569" width="144" height="141" frameX="-5" frameY="-4" frameWidth="153" frameHeight="150"/>
	<SubTexture name="up press0001" x="446" y="2569" width="144" height="141" frameX="-5" frameY="-4" frameWidth="153" frameHeight="150"/>
	<SubTexture name="up press0002" x="600" y="2569" width="153" height="150"/>
	<SubTexture name="up press0003" x="600" y="2569" width="153" height="150"/>
</TextureAtlas>
