﻿<?xml version="1.0" encoding="utf-8"?>
<TextureAtlas imagePath="Girlfriend_Splashes.png">
	<!-- Created with Adobe Animate version 22.0.4.185 -->
	<!-- http://www.adobe.com/products/animate.html -->
	<SubTexture name="note splash blue 10000" x="0" y="0" width="204" height="196" frameX="-90" frameY="-71" frameWidth="382" frameHeight="304"/>
	<SubTexture name="note splash blue 10001" x="214" y="0" width="299" height="254" frameX="-42" frameY="-32" frameWidth="382" frameHeight="304"/>
	<SubTexture name="note splash blue 10002" x="523" y="0" width="371" height="295" frameX="-3" frameY="-8" frameWidth="382" frameHeight="304"/>
	<SubTexture name="note splash blue 10003" x="904" y="0" width="382" height="304"/>
	<SubTexture name="note splash blue 20000" x="1296" y="0" width="205" height="196" frameX="-86" frameY="-37" frameWidth="382" frameHeight="305"/>
	<SubTexture name="note splash blue 20001" x="1511" y="0" width="299" height="254" frameX="-41" frameY="-19" frameWidth="382" frameHeight="305"/>
	<SubTexture name="note splash blue 20002" x="0" y="314" width="371" height="294" frameX="-8" frameY="-2" frameWidth="382" frameHeight="305"/>
	<SubTexture name="note splash blue 20003" x="381" y="314" width="382" height="305"/>
	<SubTexture name="note splash green 10000" x="773" y="314" width="204" height="196" frameX="-90" frameY="-71" frameWidth="382" frameHeight="304"/>
	<SubTexture name="note splash green 10001" x="987" y="314" width="299" height="254" frameX="-42" frameY="-32" frameWidth="382" frameHeight="304"/>
	<SubTexture name="note splash green 10002" x="1296" y="314" width="371" height="295" frameX="-3" frameY="-8" frameWidth="382" frameHeight="304"/>
	<SubTexture name="note splash green 10003" x="0" y="629" width="382" height="304"/>
	<SubTexture name="note splash green 20000" x="392" y="629" width="205" height="195" frameX="-86" frameY="-37" frameWidth="382" frameHeight="304"/>
	<SubTexture name="note splash green 20001" x="607" y="629" width="298" height="254" frameX="-41" frameY="-18" frameWidth="382" frameHeight="304"/>
	<SubTexture name="note splash green 20002" x="915" y="629" width="372" height="294" frameX="-7" frameY="-2" frameWidth="382" frameHeight="304"/>
	<SubTexture name="note splash green 20003" x="1297" y="629" width="382" height="304"/>
	<SubTexture name="note splash purple 10000" x="773" y="314" width="204" height="196" frameX="-90" frameY="-71" frameWidth="382" frameHeight="304"/>
	<SubTexture name="note splash purple 10001" x="987" y="314" width="299" height="254" frameX="-42" frameY="-32" frameWidth="382" frameHeight="304"/>
	<SubTexture name="note splash purple 10002" x="1296" y="314" width="371" height="295" frameX="-3" frameY="-8" frameWidth="382" frameHeight="304"/>
	<SubTexture name="note splash purple 10003" x="0" y="629" width="382" height="304"/>
	<SubTexture name="note splash purple 20000" x="1689" y="629" width="205" height="196" frameX="-86" frameY="-36" frameWidth="382" frameHeight="304"/>
	<SubTexture name="note splash purple 20001" x="0" y="943" width="299" height="254" frameX="-41" frameY="-18" frameWidth="382" frameHeight="304"/>
	<SubTexture name="note splash purple 20002" x="309" y="943" width="371" height="295" frameX="-8" frameY="-1" frameWidth="382" frameHeight="304"/>
	<SubTexture name="note splash purple 20003" x="690" y="943" width="382" height="304"/>
	<SubTexture name="note splash red 10000" x="0" y="0" width="204" height="196" frameX="-90" frameY="-71" frameWidth="382" frameHeight="304"/>
	<SubTexture name="note splash red 10001" x="214" y="0" width="299" height="254" frameX="-42" frameY="-32" frameWidth="382" frameHeight="304"/>
	<SubTexture name="note splash red 10002" x="523" y="0" width="371" height="295" frameX="-3" frameY="-8" frameWidth="382" frameHeight="304"/>
	<SubTexture name="note splash red 10003" x="904" y="0" width="382" height="304"/>
	<SubTexture name="note splash red 20000" x="1082" y="943" width="205" height="195" frameX="-86" frameY="-37" frameWidth="382" frameHeight="304"/>
	<SubTexture name="note splash red 20001" x="1297" y="943" width="298" height="254" frameX="-41" frameY="-18" frameWidth="382" frameHeight="304"/>
	<SubTexture name="note splash red 20002" x="1605" y="943" width="372" height="294" frameX="-7" frameY="-2" frameWidth="382" frameHeight="304"/>
	<SubTexture name="note splash red 20003" x="0" y="1257" width="382" height="304"/>
</TextureAtlas>
