{"song":{"player1":"bf-car","notes":[{"sectionNotes":[],"lengthInSteps":16,"mustHitSection":false},{"sectionNotes":[],"lengthInSteps":16,"mustHitSection":true},{"sectionNotes":[],"lengthInSteps":16,"mustHitSection":false},{"sectionNotes":[],"lengthInSteps":16,"mustHitSection":false},{"sectionNotes":[],"lengthInSteps":16,"mustHitSection":true},{"sectionNotes":[],"lengthInSteps":16,"mustHitSection":true},{"sectionNotes":[],"lengthInSteps":16,"mustHitSection":false},{"sectionNotes":[],"lengthInSteps":16,"mustHitSection":false},{"sectionNotes":[],"lengthInSteps":16,"mustHitSection":true},{"sectionNotes":[],"lengthInSteps":16,"mustHitSection":true},{"sectionNotes":[[21818.1818181818,-1,"Kill Henchmen","",""]],"lengthInSteps":16,"mustHitSection":false},{"sectionNotes":[],"lengthInSteps":16,"mustHitSection":false},{"sectionNotes":[],"lengthInSteps":16,"mustHitSection":true},{"sectionNotes":[],"lengthInSteps":16,"mustHitSection":true},{"sectionNotes":[],"lengthInSteps":16,"mustHitSection":false},{"sectionNotes":[],"lengthInSteps":16,"mustHitSection":false},{"sectionNotes":[],"lengthInSteps":16,"mustHitSection":true},{"sectionNotes":[],"lengthInSteps":16,"mustHitSection":true},{"sectionNotes":[],"lengthInSteps":16,"mustHitSection":false},{"sectionNotes":[],"lengthInSteps":16,"mustHitSection":false},{"sectionNotes":[],"lengthInSteps":16,"mustHitSection":true},{"sectionNotes":[],"lengthInSteps":16,"mustHitSection":true},{"sectionNotes":[],"lengthInSteps":16,"mustHitSection":false},{"sectionNotes":[],"lengthInSteps":16,"mustHitSection":false},{"sectionNotes":[],"lengthInSteps":16,"mustHitSection":true},{"sectionNotes":[],"lengthInSteps":16,"mustHitSection":true},{"sectionNotes":[[56727.2727272728,-1,"Kill Henchmen","",""]],"lengthInSteps":16,"mustHitSection":false},{"sectionNotes":[],"lengthInSteps":16,"mustHitSection":false},{"sectionNotes":[],"lengthInSteps":16,"mustHitSection":true},{"sectionNotes":[],"lengthInSteps":16,"mustHitSection":true},{"sectionNotes":[],"lengthInSteps":16,"mustHitSection":false},{"sectionNotes":[],"lengthInSteps":16,"mustHitSection":false},{"sectionNotes":[],"lengthInSteps":16,"mustHitSection":true},{"sectionNotes":[],"lengthInSteps":16,"mustHitSection":true},{"sectionNotes":[],"lengthInSteps":16,"mustHitSection":false},{"sectionNotes":[],"lengthInSteps":16,"mustHitSection":false},{"sectionNotes":[],"lengthInSteps":16,"mustHitSection":true},{"sectionNotes":[],"lengthInSteps":16,"mustHitSection":true},{"sectionNotes":[],"lengthInSteps":16,"mustHitSection":false},{"sectionNotes":[],"lengthInSteps":16,"mustHitSection":true},{"sectionNotes":[],"lengthInSteps":16,"mustHitSection":true},{"sectionNotes":[],"lengthInSteps":16,"mustHitSection":true},{"sectionNotes":[],"lengthInSteps":16,"mustHitSection":true},{"sectionNotes":[],"lengthInSteps":16,"mustHitSection":true},{"lengthInSteps":16,"altAnim":false,"typeOfSection":0,"sectionNotes":[],"bpm":110,"changeBPM":false,"mustHitSection":true},{"lengthInSteps":16,"altAnim":false,"typeOfSection":0,"sectionNotes":[],"bpm":110,"changeBPM":false,"mustHitSection":true}],"player2":"mom-car","song":"Satin Panties","validScore":true,"needsVoices":true,"speed":1.8,"bpm":110}}