{
	"song": {
		"player1": "bf-pixel",
		"notes": [
			{
				"sectionNotes": [],
				"lengthInSteps": 16,
				"mustHitSection": false
			},
			{
				"gfSection": false,
				"sectionNotes": [],
				"lengthInSteps": 16,
				"mustHitSection": false
			},
			{
				"sectionNotes": [],
				"lengthInSteps": 16,
				"gfSection": false,
				"mustHitSection": false
			},
			{
				"gfSection": false,
				"sectionNotes": [],
				"lengthInSteps": 16,
				"mustHitSection": false
			},
			{
				"sectionNotes": [],
				"lengthInSteps": 16,
				"mustHitSection": false
			},
			{
				"gfSection": false,
				"sectionNotes": [
					[
						9333.333,
						2,
						0
					],
					[
						9555.556,
						2,
						0
					],
					[
						10000,
						3,
						0
					],
					[
						10222.2227,
						1,
						0
					],
					[
						10444.4443,
						3,
						0
					],
					[
						10555.5557,
						1,
						0
					],
					[
						9777.77777777778,
						2,
						0
					]
				],
				"lengthInSteps": 16,
				"mustHitSection": false
			},
			{
				"sectionNotes": [
					[
						10666.667,
						2,
						0
					],
					[
						10888.8887,
						2,
						0
					],
					[
						11111.1113,
						1,
						0
					],
					[
						11222.2227,
						2,
						0
					],
					[
						11333.333,
						0,
						0
					],
					[
						11555.5557,
						3,
						222.222229
					],
					[
						12000,
						3,
						0
					],
					[
						12222.2227,
						2,
						0
					]
				],
				"lengthInSteps": 16,
				"gfSection": true,
				"mustHitSection": false
			},
			{
				"sectionNotes": [
					[
						12444.4443,
						4,
						0,
						"GF Sing"
					],
					[
						12666.667,
						1,
						0
					],
					[
						12777.7773,
						2,
						0
					],
					[
						12888.8887,
						3,
						0
					],
					[
						13111.1113,
						3,
						0
					],
					[
						13222.2227,
						2,
						0
					],
					[
						13333.333,
						1,
						0
					],
					[
						13555.5557,
						1,
						0
					],
					[
						13666.667,
						0,
						0
					],
					[
						13777.7773,
						3,
						0
					],
					[
						14000,
						3,
						0
					],
					[
						14111.1113,
						0,
						0
					],
					[
						12666.6666666667,
						6,
						0,
						"GF Sing"
					],
					[
						12888.8888888889,
						5,
						333.333333333333,
						"GF Sing"
					]
				],
				"lengthInSteps": 16,
				"mustHitSection": true
			},
			{
				"sectionNotes": [
					[
						14222.2227,
						1,
						0
					],
					[
						14444.4443,
						1,
						0
					],
					[
						14555.5557,
						3,
						0
					],
					[
						14666.667,
						2,
						0
					],
					[
						14888.8887,
						1,
						0
					],
					[
						15111.1113,
						3,
						0
					],
					[
						15333.333,
						0,
						0
					],
					[
						15555.5557,
						2,
						0
					],
					[
						15777.7773,
						1,
						0
					]
				],
				"lengthInSteps": 16,
				"mustHitSection": true
			},
			{
				"altAnim": false,
				"sectionNotes": [
					[
						16000,
						1,
						0
					],
					[
						16444.4453,
						1,
						0
					],
					[
						16666.666,
						0,
						0
					],
					[
						16888.8887,
						2,
						0
					],
					[
						17333.334,
						0,
						0
					],
					[
						17555.5547,
						2,
						0
					],
					[
						16000,
						5,
						0
					],
					[
						16111.1111111111,
						4,
						0
					],
					[
						16222.2222222222,
						7,
						0
					],
					[
						16333.3333333333,
						6,
						0
					],
					[
						16444.4444444444,
						7,
						0
					],
					[
						16666.6666666667,
						5,
						0
					],
					[
						16777.7777777778,
						7,
						0
					],
					[
						17333.3333333333,
						7,
						0
					],
					[
						17222.2222222222,
						4,
						0
					],
					[
						17333.3333333333,
						6,
						0
					],
					[
						17111.1111111111,
						5,
						0
					],
					[
						16888.8888888889,
						6,
						0
					],
					[
						17555.5555555556,
						5,
						0
					]
				],
				"lengthInSteps": 16,
				"mustHitSection": false
			},
			{
				"altAnim": false,
				"sectionNotes": [
					[
						17777.7773,
						1,
						0
					],
					[
						18000,
						2,
						0
					],
					[
						18222.2227,
						1,
						0
					],
					[
						18444.4453,
						3,
						0
					],
					[
						18666.666,
						2,
						0
					],
					[
						18888.8887,
						0,
						0
					],
					[
						19111.1113,
						1,
						0
					],
					[
						19333.334,
						3,
						0
					],
					[
						17777.7777777778,
						7,
						0
					],
					[
						17888.8888888889,
						5,
						0
					],
					[
						18000,
						4,
						0
					],
					[
						18222.2222222222,
						4,
						0
					],
					[
						18111.1111111111,
						7,
						0
					],
					[
						18444.4444444444,
						6,
						0
					],
					[
						18666.6666666667,
						7,
						0
					],
					[
						18777.7777777778,
						4,
						0
					],
					[
						18888.8888888889,
						7,
						0
					],
					[
						19111.1111111111,
						6,
						0
					],
					[
						19333.3333333333,
						5,
						0
					]
				],
				"lengthInSteps": 16,
				"mustHitSection": false
			},
			{
				"altAnim": false,
				"sectionNotes": [
					[
						19555.5547,
						4,
						773.148132
					],
					[
						20000,
						2,
						0
					],
					[
						20222.2227,
						1,
						0
					],
					[
						20444.4453,
						2,
						0
					],
					[
						20666.666,
						3,
						0
					],
					[
						20888.8887,
						0,
						0
					],
					[
						21111.1113,
						1,
						0
					]
				],
				"lengthInSteps": 16,
				"mustHitSection": true
			},
			{
				"sectionNotes": [
					[
						21333.334,
						2,
						0
					],
					[
						21555.5547,
						3,
						0
					],
					[
						21777.7773,
						2,
						0
					],
					[
						22000,
						3,
						0
					],
					[
						22222.2227,
						2,
						0
					],
					[
						22444.4453,
						1,
						0
					],
					[
						22666.666,
						3,
						0
					],
					[
						22888.8887,
						1,
						0
					]
				],
				"lengthInSteps": 16,
				"mustHitSection": true
			},
			{
				"gfSection": false,
				"sectionNotes": [
					[
						23555.5547,
						2,
						0
					],
					[
						23777.7773,
						2,
						0
					],
					[
						24000,
						2,
						0
					],
					[
						24666.666,
						2,
						0
					],
					[
						24777.7773,
						1,
						0
					]
				],
				"lengthInSteps": 16,
				"mustHitSection": false
			},
			{
				"gfSection": false,
				"sectionNotes": [
					[
						24888.8887,
						3,
						0
					],
					[
						25111.1113,
						0,
						0
					],
					[
						25222.2227,
						1,
						0
					],
					[
						25333.334,
						2,
						0
					],
					[
						25555.5547,
						0,
						0
					],
					[
						25777.7773,
						3,
						222.222229
					],
					[
						26222.2227,
						1,
						0
					],
					[
						26444.4453,
						3,
						0
					]
				],
				"lengthInSteps": 16,
				"mustHitSection": false
			},
			{
				"gfSection": false,
				"sectionNotes": [
					[
						26666.666,
						0,
						0
					],
					[
						26888.8887,
						2,
						0
					],
					[
						27000,
						1,
						0
					],
					[
						27111.1113,
						0,
						0
					],
					[
						27333.334,
						0,
						0
					],
					[
						27444.4453,
						1,
						0
					],
					[
						27555.5547,
						2,
						0
					],
					[
						27777.7773,
						2,
						0
					],
					[
						27888.8887,
						3,
						0
					],
					[
						28000,
						0,
						0
					],
					[
						28222.2227,
						0,
						0
					],
					[
						28333.334,
						3,
						0
					]
				],
				"lengthInSteps": 16,
				"mustHitSection": false
			},
			{
				"gfSection": false,
				"sectionNotes": [
					[
						28444.4453,
						2,
						0
					],
					[
						28666.666,
						2,
						0
					],
					[
						28777.7773,
						1,
						0
					],
					[
						28888.8887,
						3,
						0
					],
					[
						29111.1113,
						3,
						0
					],
					[
						29222.2227,
						1,
						0
					],
					[
						29333.334,
						2,
						0
					],
					[
						29555.5547,
						1,
						0
					],
					[
						29777.7773,
						3,
						0
					],
					[
						30000,
						2,
						0
					]
				],
				"lengthInSteps": 16,
				"mustHitSection": false
			},
			{
				"altAnim": false,
				"sectionNotes": [
					[
						30666.666,
						2,
						0
					],
					[
						30888.8887,
						2,
						0
					],
					[
						31111.1113,
						2,
						0
					],
					[
						31555.5547,
						3,
						0
					],
					[
						31777.7773,
						2,
						0
					],
					[
						30222.2222222222,
						5,
						0,
						"GF Sing"
					],
					[
						30444.4444444444,
						7,
						0,
						"GF Sing"
					],
					[
						31333.3333333333,
						7,
						0,
						"GF Sing"
					],
					[
						31555.5555555556,
						6,
						0,
						"GF Sing"
					],
					[
						31777.7777777778,
						4,
						0,
						"GF Sing"
					]
				],
				"lengthInSteps": 16,
				"mustHitSection": true
			},
			{
				"sectionNotes": [
					[
						32000,
						3,
						0
					],
					[
						32222.2227,
						0,
						0
					],
					[
						32333.334,
						1,
						0
					],
					[
						32444.4434,
						2,
						0
					],
					[
						32666.666,
						0,
						0
					],
					[
						32888.89,
						3,
						222.222229
					],
					[
						33333.332,
						1,
						0
					],
					[
						33555.5547,
						3,
						0
					],
					[
						32222.2222222222,
						7,
						0
					],
					[
						32666.6666666667,
						7,
						0
					],
					[
						33111.1111111111,
						7,
						0
					],
					[
						33555.5555555556,
						6,
						0
					]
				],
				"lengthInSteps": 16,
				"mustHitSection": true
			},
			{
				"altAnim": false,
				"sectionNotes": [
					[
						34000,
						2,
						0
					],
					[
						34111.11,
						1,
						0
					],
					[
						34222.2227,
						0,
						0
					],
					[
						34444.4453,
						0,
						0
					],
					[
						34555.5547,
						1,
						0
					],
					[
						34666.668,
						2,
						0
					],
					[
						34888.89,
						2,
						0
					],
					[
						35000,
						3,
						0
					],
					[
						35111.11,
						0,
						0
					],
					[
						35333.332,
						0,
						0
					],
					[
						35444.4453,
						3,
						0
					],
					[
						33777.7777777778,
						7,
						0,
						"GF Sing"
					],
					[
						34000,
						6,
						0,
						"GF Sing"
					],
					[
						34888.8888888889,
						6,
						0,
						"GF Sing"
					],
					[
						35111.1111111111,
						7,
						0,
						"GF Sing"
					],
					[
						35333.3333333333,
						4,
						0,
						"GF Sing"
					]
				],
				"lengthInSteps": 16,
				"mustHitSection": true
			},
			{
				"sectionNotes": [
					[
						35777.7773,
						2,
						0
					],
					[
						35888.89,
						1,
						0
					],
					[
						36000,
						3,
						0
					],
					[
						36222.2227,
						3,
						0
					],
					[
						36333.332,
						1,
						0
					],
					[
						36444.4453,
						2,
						0
					],
					[
						36666.668,
						1,
						0
					],
					[
						36888.89,
						3,
						0
					],
					[
						37111.11,
						2,
						0
					],
					[
						35555.5555555556,
						6,
						0,
						"GF Sing"
					],
					[
						35777.7777777778,
						7,
						0
					],
					[
						35888.8888888889,
						6,
						0
					],
					[
						36000,
						7,
						0
					],
					[
						36222.2222222222,
						6,
						0
					],
					[
						36333.3333333333,
						4,
						0
					],
					[
						36444.4444444444,
						5,
						0
					],
					[
						36666.6666666667,
						4,
						0
					],
					[
						37111.1111111111,
						5,
						0
					]
				],
				"lengthInSteps": 16,
				"mustHitSection": true
			},
			{
				"altAnim": false,
				"sectionNotes": [
					[
						37333.332,
						2,
						0
					],
					[
						37777.7773,
						2,
						0
					],
					[
						38000,
						0,
						0
					],
					[
						38222.2227,
						2,
						333.333344
					],
					[
						38666.668,
						1,
						0
					]
				],
				"lengthInSteps": 16,
				"mustHitSection": false
			},
			{
				"altAnim": false,
				"sectionNotes": [
					[
						39111.11,
						2,
						273.148132
					],
					[
						39555.5547,
						3,
						0
					],
					[
						39777.7773,
						2,
						0
					],
					[
						40222.2227,
						0,
						0
					],
					[
						40444.4453,
						3,
						0
					],
					[
						40666.668,
						1,
						0
					]
				],
				"lengthInSteps": 16,
				"mustHitSection": false
			},
			{
				"gfSection": true,
				"sectionNotes": [
					[
						40888.89,
						0,
						0
					],
					[
						41111.11,
						0,
						0
					],
					[
						41333.332,
						0,
						0
					],
					[
						41555.5547,
						3,
						0
					],
					[
						41777.7773,
						2,
						0
					],
					[
						42000,
						3,
						0
					],
					[
						42222.2227,
						1,
						0
					],
					[
						42444.4453,
						3,
						0
					]
				],
				"lengthInSteps": 16,
				"mustHitSection": false
			},
			{
				"gfSection": true,
				"sectionNotes": [
					[
						42666.668,
						3,
						0
					],
					[
						43111.11,
						3,
						0
					],
					[
						44000,
						2,
						0
					],
					[
						43333.3333333333,
						0,
						444.444444444444
					]
				],
				"lengthInSteps": 16,
				"mustHitSection": false
			},
			{
				"altAnim": false,
				"sectionNotes": [
					[
						44444.4453,
						4,
						0
					],
					[
						44444.4453,
						0,
						0
					],
					[
						44555.5547,
						7,
						384.259247
					],
					[
						44888.89,
						0,
						0
					],
					[
						45111.11,
						2,
						0
					],
					[
						45111.11,
						5,
						773.148132
					],
					[
						45333.332,
						2,
						333.333344
					],
					[
						45777.7773,
						1,
						0
					]
				],
				"lengthInSteps": 16,
				"mustHitSection": true
			},
			{
				"altAnim": false,
				"sectionNotes": [
					[
						46222.2227,
						2,
						273.148132
					],
					[
						46222.2227,
						4,
						500
					],
					[
						46666.668,
						3,
						0
					],
					[
						46888.89,
						2,
						0
					],
					[
						46888.89,
						5,
						722.2222
					],
					[
						47333.332,
						0,
						0
					],
					[
						47555.5547,
						3,
						0
					],
					[
						47777.7773,
						1,
						0
					]
				],
				"lengthInSteps": 16,
				"mustHitSection": true
			},
			{
				"altAnim": false,
				"sectionNotes": [
					[
						48000,
						0,
						0
					],
					[
						48000,
						7,
						550.9259
					],
					[
						48222.2227,
						0,
						0
					],
					[
						48444.4453,
						0,
						0
					],
					[
						48666.668,
						3,
						0
					],
					[
						48666.668,
						5,
						722.2222
					],
					[
						48888.89,
						2,
						0
					],
					[
						49333.332,
						1,
						0
					],
					[
						49555.5547,
						3,
						0
					],
					[
						49111.1111111111,
						3,
						0
					]
				],
				"lengthInSteps": 16,
				"mustHitSection": true
			},
			{
				"altAnim": false,
				"sectionNotes": [
					[
						49777.7773,
						4,
						773.148132
					],
					[
						49777.7773,
						3,
						0
					],
					[
						50444.4453,
						1,
						0
					],
					[
						50666.668,
						2,
						0
					],
					[
						51111.11,
						1,
						0
					]
				],
				"lengthInSteps": 16,
				"mustHitSection": true
			},
			{
				"gfSection": true,
				"sectionNotes": [
					[
						51555.5547,
						1,
						0
					],
					[
						51777.7773,
						2,
						0
					],
					[
						52000,
						3,
						0
					],
					[
						52111.11,
						2,
						0
					],
					[
						52222.2227,
						1,
						0
					],
					[
						52333.332,
						0,
						166.666672
					],
					[
						52666.668,
						3,
						0
					],
					[
						52888.89,
						2,
						0
					],
					[
						53111.11,
						3,
						0
					],
					[
						53222.2227,
						1,
						166.666672
					]
				],
				"lengthInSteps": 16,
				"mustHitSection": false
			},
			{
				"gfSection": true,
				"sectionNotes": [
					[
						53555.5547,
						0,
						0
					],
					[
						53777.7773,
						1,
						0
					],
					[
						54000,
						2,
						111.111115
					],
					[
						54222.2227,
						3,
						0
					],
					[
						54444.4453,
						2,
						0
					],
					[
						54666.668,
						0,
						0
					],
					[
						54888.89,
						1,
						0
					]
				],
				"lengthInSteps": 16,
				"mustHitSection": false
			},
			{
				"sectionNotes": [
					[
						55111.11,
						1,
						0
					],
					[
						55333.332,
						2,
						0
					],
					[
						55555.5547,
						0,
						0
					],
					[
						55666.668,
						1,
						0
					],
					[
						55777.7773,
						2,
						0
					],
					[
						55888.89,
						3,
						111.111115
					],
					[
						56222.2227,
						0,
						0
					],
					[
						56444.4453,
						2,
						0
					],
					[
						56666.668,
						3,
						0
					],
					[
						56777.7773,
						2,
						111.111115
					]
				],
				"lengthInSteps": 16,
				"gfSection": false,
				"altAnim": false,
				"mustHitSection": false
			},
			{
				"altAnim": false,
				"sectionNotes": [
					[
						57111.11,
						0,
						0
					],
					[
						57333.332,
						2,
						0
					],
					[
						57555.5547,
						1,
						0
					],
					[
						57666.668,
						3,
						0
					],
					[
						58000,
						3,
						0
					],
					[
						58222.2227,
						3,
						0
					],
					[
						58333.332,
						1,
						0
					],
					[
						58444.4453,
						2,
						0
					],
					[
						58555.5547,
						0,
						0
					]
				],
				"lengthInSteps": 16,
				"mustHitSection": false
			},
			{
				"altAnim": false,
				"sectionNotes": [
					[
						58666.668,
						6,
						1217.59253
					],
					[
						58666.668,
						2,
						0
					],
					[
						58888.8867,
						3,
						0
					],
					[
						59111.11,
						0,
						0
					],
					[
						59222.2227,
						1,
						0
					],
					[
						59333.332,
						2,
						0
					],
					[
						59444.4453,
						3,
						111.111115
					],
					[
						59777.7773,
						3,
						0
					],
					[
						60000,
						2,
						0
					],
					[
						60222.2227,
						3,
						0
					],
					[
						60333.332,
						1,
						0
					]
				],
				"lengthInSteps": 16,
				"mustHitSection": true
			},
			{
				"altAnim": false,
				"sectionNotes": [
					[
						60666.668,
						2,
						0
					],
					[
						60888.8867,
						3,
						0
					],
					[
						61111.11,
						0,
						0
					],
					[
						61222.2227,
						1,
						0
					],
					[
						61555.5547,
						3,
						0
					],
					[
						61777.7773,
						0,
						0
					],
					[
						62000,
						3,
						0
					],
					[
						60444.4444444445,
						5,
						1222.22222222222
					]
				],
				"lengthInSteps": 16,
				"mustHitSection": true
			},
			{
				"altAnim": false,
				"sectionNotes": [
					[
						62222.2227,
						1,
						0
					],
					[
						62222.2227,
						4,
						1217.59253
					],
					[
						62444.4453,
						3,
						0
					],
					[
						62666.668,
						1,
						0
					],
					[
						62888.8867,
						3,
						0
					],
					[
						63111.11,
						2,
						0
					],
					[
						63333.332,
						0,
						0
					],
					[
						63555.5547,
						1,
						0
					],
					[
						63777.7773,
						0,
						0
					]
				],
				"lengthInSteps": 16,
				"mustHitSection": true
			},
			{
				"altAnim": false,
				"sectionNotes": [
					[
						64000,
						7,
						722.2222
					],
					[
						64000,
						1,
						0
					],
					[
						64222.2227,
						3,
						0
					],
					[
						64444.4453,
						1,
						0
					],
					[
						64666.668,
						3,
						0
					],
					[
						64888.8867,
						1,
						0
					],
					[
						65111.11,
						0,
						0
					],
					[
						65333.332,
						2,
						0
					],
					[
						65555.5547,
						0,
						0
					]
				],
				"lengthInSteps": 16,
				"mustHitSection": true
			},
			{
				"gfSection": true,
				"sectionNotes": [
					[
						65777.78,
						2,
						0
					],
					[
						65777.78,
						6,
						1550.9259
					],
					[
						66000,
						1,
						0
					],
					[
						66222.22,
						0,
						0
					],
					[
						66444.4453,
						2,
						0
					],
					[
						66666.6641,
						3,
						0
					],
					[
						66888.89,
						2,
						0
					],
					[
						67111.11,
						1,
						0
					],
					[
						67333.3359,
						2,
						0
					]
				],
				"lengthInSteps": 16,
				"mustHitSection": false
			},
			{
				"gfSection": true,
				"sectionNotes": [
					[
						67555.5547,
						0,
						0
					],
					[
						67777.78,
						2,
						0
					],
					[
						68000,
						1,
						0
					],
					[
						68222.22,
						0,
						166.666672
					],
					[
						68666.6641,
						2,
						0
					],
					[
						68777.78,
						1,
						0
					],
					[
						68888.89,
						0,
						111.111115
					],
					[
						69111.11,
						3,
						0
					],
					[
						68888.8888888889,
						7,
						0
					],
					[
						68777.7777777778,
						6,
						0
					],
					[
						68666.6666666667,
						5,
						0
					],
					[
						69111.1111111112,
						4,
						0
					]
				],
				"lengthInSteps": 16,
				"mustHitSection": false
			},
			{
				"gfSection": true,
				"sectionNotes": [
					[
						69333.3359,
						2,
						0
					],
					[
						69555.5547,
						1,
						0
					],
					[
						69777.78,
						1,
						0
					],
					[
						70000,
						2,
						0
					],
					[
						70444.4453,
						1,
						0
					],
					[
						70555.5547,
						2,
						0
					],
					[
						70666.6641,
						3,
						333.333344
					]
				],
				"lengthInSteps": 16,
				"mustHitSection": false
			},
			{
				"gfSection": false,
				"sectionNotes": [
					[
						71333.3359,
						0,
						0,
						"GF Sing"
					],
					[
						72000,
						1,
						0
					],
					[
						72111.11,
						2,
						0
					],
					[
						72222.22,
						3,
						0
					],
					[
						72444.4453,
						2,
						0
					],
					[
						72666.6641,
						0,
						111.111115
					],
					[
						71555.5555555556,
						1,
						0,
						"GF Sing"
					],
					[
						71777.7777777778,
						3,
						0,
						"GF Sing"
					]
				],
				"lengthInSteps": 16,
				"mustHitSection": false
			},
			{
				"altAnim": false,
				"sectionNotes": [
					[
						72888.89,
						2,
						0
					],
					[
						73333.3359,
						1,
						0
					],
					[
						73555.5547,
						3,
						0
					],
					[
						74000,
						1,
						0
					],
					[
						74222.22,
						2,
						0
					],
					[
						74444.4453,
						0,
						0
					]
				],
				"lengthInSteps": 16,
				"mustHitSection": false
			},
			{
				"altAnim": false,
				"sectionNotes": [
					[
						74666.6641,
						2,
						0
					],
					[
						74888.89,
						0,
						0
					],
					[
						75111.11,
						1,
						0
					],
					[
						75333.3359,
						3,
						0
					],
					[
						75555.5547,
						3,
						222.222229
					],
					[
						76000,
						2,
						0
					]
				],
				"lengthInSteps": 16,
				"mustHitSection": false
			},
			{
				"altAnim": false,
				"sectionNotes": [
					[
						76444.4453,
						3,
						0
					],
					[
						76666.6641,
						0,
						0
					],
					[
						77111.11,
						1,
						384.259247
					],
					[
						77777.78,
						3,
						0
					],
					[
						77111.1111111112,
						6,
						666.666666666667
					]
				],
				"lengthInSteps": 16,
				"mustHitSection": false
			},
			{
				"altAnim": false,
				"sectionNotes": [
					[
						78222.22,
						1,
						0
					],
					[
						78444.4453,
						3,
						0
					],
					[
						78888.89,
						3,
						0
					],
					[
						79111.11,
						2,
						0
					],
					[
						79222.22,
						1,
						0
					],
					[
						79333.3359,
						0,
						0
					],
					[
						79555.5547,
						2,
						0
					],
					[
						79777.78,
						3,
						0
					]
				],
				"lengthInSteps": 16,
				"mustHitSection": false
			},
			{
				"sectionNotes": [
					[
						80000,
						2,
						0
					],
					[
						80444.4453,
						2,
						0
					],
					[
						80666.6641,
						3,
						0
					],
					[
						80888.89,
						0,
						0
					],
					[
						81333.3359,
						3,
						0
					]
				],
				"lengthInSteps": 16,
				"gfSection": true,
				"mustHitSection": false
			},
			{
				"altAnim": false,
				"sectionNotes": [
					[
						81777.78,
						1,
						0
					],
					[
						82222.22,
						1,
						0
					],
					[
						82444.4453,
						3,
						0
					],
					[
						82666.6641,
						2,
						0
					],
					[
						82888.89,
						0,
						0
					],
					[
						83111.11,
						3,
						0
					],
					[
						83333.3359,
						0,
						0
					]
				],
				"lengthInSteps": 16,
				"mustHitSection": false
			},
			{
				"sectionNotes": [
					[
						83555.5547,
						3,
						0
					],
					[
						84000,
						3,
						0
					],
					[
						84222.22,
						1,
						0
					],
					[
						84444.4453,
						2,
						0
					],
					[
						84888.89,
						1,
						0
					]
				],
				"lengthInSteps": 16,
				"mustHitSection": true
			},
			{
				"sectionNotes": [
					[
						85333.3359,
						3,
						500
					],
					[
						86444.4453,
						0,
						0
					],
					[
						86666.6641,
						3,
						0
					],
					[
						86888.89,
						1,
						0
					],
					[
						86000.0000000001,
						0,
						0
					],
					[
						86222.2222222223,
						2,
						0
					]
				],
				"lengthInSteps": 16,
				"mustHitSection": true
			},
			{
				"sectionNotes": [
					[
						87111.11,
						2,
						0
					],
					[
						87555.5547,
						1,
						0
					],
					[
						87777.78,
						2,
						0
					],
					[
						88222.22,
						0,
						0
					],
					[
						88444.4453,
						3,
						0
					],
					[
						88666.6641,
						1,
						0
					]
				],
				"lengthInSteps": 16,
				"mustHitSection": true
			},
			{
				"sectionNotes": [
					[
						88888.89,
						2,
						0
					],
					[
						89111.11,
						3,
						0
					],
					[
						89333.3359,
						2,
						0
					],
					[
						89555.5547,
						0,
						0
					],
					[
						89777.78,
						1,
						0
					],
					[
						90222.22,
						1,
						0
					]
				],
				"lengthInSteps": 16,
				"mustHitSection": true
			},
			{
				"sectionNotes": [
					[
						90666.6641,
						3,
						0
					],
					[
						90888.89,
						1,
						0
					],
					[
						91333.3359,
						0,
						550.9259
					],
					[
						92000,
						1,
						0
					]
				],
				"lengthInSteps": 16,
				"mustHitSection": true
			},
			{
				"sectionNotes": [
					[
						92444.4453,
						3,
						0
					],
					[
						92666.6641,
						1,
						0
					],
					[
						93111.11,
						0,
						0
					],
					[
						93333.3359,
						3,
						0
					],
					[
						93555.5547,
						2,
						0
					],
					[
						93777.78,
						2,
						0
					],
					[
						94000,
						1,
						0
					],
					[
						94000,
						1,
						0
					]
				],
				"lengthInSteps": 16,
				"mustHitSection": true
			},
			{
				"gfSection": true,
				"sectionNotes": [
					[
						94222.22,
						4,
						0
					],
					[
						94222.22,
						4,
						0
					],
					[
						94666.6641,
						2,
						0
					],
					[
						94888.89,
						2,
						0
					],
					[
						95111.11,
						2,
						0
					],
					[
						95777.78,
						2,
						0
					],
					[
						95888.89,
						1,
						0
					]
				],
				"lengthInSteps": 16,
				"mustHitSection": false
			},
			{
				"gfSection": true,
				"sectionNotes": [
					[
						96000,
						3,
						0
					],
					[
						96222.22,
						0,
						0
					],
					[
						96333.3359,
						1,
						0
					],
					[
						96444.4453,
						2,
						0
					],
					[
						96666.6641,
						0,
						0
					],
					[
						96888.89,
						3,
						222.222229
					],
					[
						97333.3359,
						1,
						0
					],
					[
						97555.5547,
						3,
						0
					]
				],
				"lengthInSteps": 16,
				"mustHitSection": false
			},
			{
				"gfSection": true,
				"sectionNotes": [
					[
						97777.78,
						0,
						0
					],
					[
						98000,
						2,
						0
					],
					[
						98111.11,
						1,
						0
					],
					[
						98222.22,
						0,
						0
					],
					[
						98444.4453,
						0,
						0
					],
					[
						98555.5547,
						1,
						0
					],
					[
						98666.6641,
						2,
						0
					],
					[
						98888.89,
						2,
						0
					],
					[
						99000,
						3,
						0
					],
					[
						99111.11,
						0,
						0
					],
					[
						99333.3359,
						0,
						0
					],
					[
						99444.4453,
						3,
						0
					],
					[
						97777.7777777779,
						6,
						0
					],
					[
						98000.0000000001,
						7,
						0
					],
					[
						98222.2222222223,
						4,
						0
					],
					[
						98333.3333333334,
						5,
						0
					],
					[
						98444.4444444446,
						6,
						0
					],
					[
						98555.5555555557,
						7,
						0
					],
					[
						98666.6666666668,
						5,
						0
					],
					[
						98888.888888889,
						6,
						0
					],
					[
						99111.1111111112,
						4,
						0
					],
					[
						99333.3333333334,
						7,
						0
					]
				],
				"lengthInSteps": 16,
				"mustHitSection": false
			},
			{
				"gfSection": true,
				"sectionNotes": [
					[
						99555.5547,
						2,
						0
					],
					[
						99777.78,
						2,
						0
					],
					[
						99888.89,
						1,
						0
					],
					[
						100000,
						3,
						0
					],
					[
						100222.219,
						3,
						0
					],
					[
						100333.336,
						1,
						0
					],
					[
						100444.445,
						2,
						0
					],
					[
						100666.664,
						1,
						0
					],
					[
						100888.891,
						3,
						0
					],
					[
						101111.109,
						2,
						0
					]
				],
				"lengthInSteps": 16,
				"mustHitSection": false
			},
			{
				"sectionNotes": [
					[
						101333.336,
						5,
						0
					],
					[
						101555.555,
						7,
						0
					],
					[
						101777.781,
						2,
						0
					],
					[
						102000,
						2,
						0
					],
					[
						102222.219,
						2,
						0
					],
					[
						102666.664,
						3,
						0
					],
					[
						102888.891,
						2,
						0
					],
					[
						102444.444444445,
						7,
						0
					],
					[
						102666.666666667,
						6,
						0
					],
					[
						102888.888888889,
						4,
						0
					]
				],
				"lengthInSteps": 16,
				"gfSection": false,
				"altAnim": false,
				"mustHitSection": true
			},
			{
				"sectionNotes": [
					[
						103111.109,
						1,
						0
					],
					[
						103333.336,
						0,
						0
					],
					[
						103444.445,
						1,
						0
					],
					[
						103555.555,
						2,
						0
					],
					[
						103777.781,
						0,
						0
					],
					[
						104000,
						3,
						222.222229
					],
					[
						104444.445,
						1,
						0
					],
					[
						104666.664,
						3,
						0
					],
					[
						103333.333333333,
						7,
						0,
						"GF Sing"
					],
					[
						103777.777777778,
						7,
						0,
						"GF Sing"
					],
					[
						104222.222222222,
						7,
						0,
						"GF Sing"
					],
					[
						104666.666666667,
						6,
						0,
						"GF Sing"
					]
				],
				"lengthInSteps": 16,
				"mustHitSection": true
			},
			{
				"altAnim": false,
				"sectionNotes": [
					[
						105111.109,
						6,
						0
					],
					[
						105111.109,
						2,
						0
					],
					[
						105222.219,
						1,
						0
					],
					[
						105333.336,
						0,
						0
					],
					[
						105555.555,
						0,
						0
					],
					[
						105666.664,
						1,
						0
					],
					[
						105777.781,
						2,
						0
					],
					[
						106000,
						2,
						0
					],
					[
						106000,
						6,
						0
					],
					[
						106111.109,
						3,
						0
					],
					[
						106222.219,
						7,
						0
					],
					[
						106222.219,
						0,
						0
					],
					[
						106444.445,
						0,
						0
					],
					[
						106444.445,
						4,
						0
					],
					[
						106555.555,
						3,
						0
					],
					[
						104888.888888889,
						7,
						0
					]
				],
				"lengthInSteps": 16,
				"mustHitSection": true
			},
			{
				"sectionNotes": [
					[
						106666.664,
						6,
						0
					],
					[
						106888.891,
						2,
						0
					],
					[
						107000,
						1,
						0
					],
					[
						107111.109,
						3,
						0
					],
					[
						107333.336,
						3,
						0
					],
					[
						107444.445,
						1,
						0
					],
					[
						107555.555,
						2,
						0
					],
					[
						107777.781,
						1,
						0
					],
					[
						108000,
						3,
						0
					],
					[
						108222.219,
						2,
						0
					],
					[
						107000,
						7,
						0,
						"GF Sing"
					],
					[
						107111.111111111,
						6,
						0,
						"GF Sing"
					],
					[
						106888.888888889,
						6,
						0,
						"GF Sing"
					],
					[
						107333.333333333,
						5,
						0,
						"GF Sing"
					],
					[
						107444.444444445,
						7,
						0,
						"GF Sing"
					],
					[
						107555.555555556,
						5,
						0,
						"GF Sing"
					],
					[
						107777.777777778,
						4,
						0,
						"GF Sing"
					],
					[
						108222.222222222,
						5,
						0,
						"GF Sing"
					]
				],
				"lengthInSteps": 16,
				"mustHitSection": true
			},
			{
				"altAnim": false,
				"sectionNotes": [
					[
						108444.445,
						2,
						0
					],
					[
						108888.891,
						2,
						0
					],
					[
						109111.109,
						0,
						0
					],
					[
						109333.336,
						2,
						333.333344
					],
					[
						109777.781,
						1,
						0
					]
				],
				"lengthInSteps": 16,
				"mustHitSection": false
			},
			{
				"altAnim": false,
				"sectionNotes": [
					[
						110222.219,
						2,
						273.148132
					],
					[
						110666.664,
						3,
						0
					],
					[
						110888.891,
						2,
						0
					],
					[
						111333.336,
						0,
						0
					],
					[
						111555.555,
						3,
						0
					],
					[
						111777.781,
						1,
						0
					]
				],
				"lengthInSteps": 16,
				"mustHitSection": false
			},
			{
				"sectionNotes": [
					[
						112000,
						0,
						0
					],
					[
						112222.219,
						0,
						0
					],
					[
						112444.445,
						0,
						0
					],
					[
						112666.664,
						3,
						0
					],
					[
						112888.891,
						2,
						0
					],
					[
						113111.109,
						3,
						0
					],
					[
						113333.336,
						1,
						0
					],
					[
						113555.555,
						3,
						0
					]
				],
				"lengthInSteps": 16,
				"gfSection": true,
				"mustHitSection": false
			},
			{
				"sectionNotes": [
					[
						113777.781,
						3,
						0
					],
					[
						114222.219,
						3,
						0
					],
					[
						114444.445,
						1,
						444.444444444444
					],
					[
						115111.109,
						2,
						0
					]
				],
				"lengthInSteps": 16,
				"gfSection": true,
				"mustHitSection": false
			},
			{
				"altAnim": false,
				"sectionNotes": [
					[
						115555.555,
						0,
						0
					],
					[
						115555.555,
						4,
						0
					],
					[
						115666.664,
						7,
						384.259247
					],
					[
						116000,
						0,
						0
					],
					[
						116222.219,
						5,
						773.148132
					],
					[
						116222.219,
						2,
						0
					],
					[
						116444.445,
						2,
						333.333344
					],
					[
						116888.891,
						1,
						0
					]
				],
				"lengthInSteps": 16,
				"mustHitSection": true
			},
			{
				"altAnim": false,
				"sectionNotes": [
					[
						117333.336,
						2,
						273.148132
					],
					[
						117333.336,
						4,
						500
					],
					[
						117777.773,
						3,
						0
					],
					[
						118000,
						2,
						0
					],
					[
						118000,
						5,
						722.2222
					],
					[
						118444.445,
						0,
						0
					],
					[
						118666.664,
						3,
						0
					],
					[
						118888.891,
						1,
						0
					]
				],
				"lengthInSteps": 16,
				"mustHitSection": true
			},
			{
				"altAnim": false,
				"sectionNotes": [
					[
						119111.109,
						0,
						0
					],
					[
						119111.109,
						7,
						550.9259
					],
					[
						119333.336,
						0,
						0
					],
					[
						119555.555,
						0,
						0
					],
					[
						119777.773,
						3,
						0
					],
					[
						119777.773,
						5,
						722.2222
					],
					[
						120000,
						2,
						0
					],
					[
						120444.445,
						1,
						0
					],
					[
						120666.664,
						3,
						0
					],
					[
						120222.222222222,
						0,
						0
					]
				],
				"lengthInSteps": 16,
				"mustHitSection": true
			},
			{
				"altAnim": false,
				"sectionNotes": [
					[
						120888.891,
						4,
						773.148132
					],
					[
						120888.891,
						3,
						0
					],
					[
						121555.555,
						1,
						0
					],
					[
						121777.773,
						2,
						0
					],
					[
						122222.219,
						1,
						0
					]
				],
				"lengthInSteps": 16,
				"mustHitSection": true
			},
			{
				"gfSection": true,
				"sectionNotes": [
					[
						122666.664,
						0,
						0
					],
					[
						122777.773,
						1,
						0
					],
					[
						122888.891,
						2,
						0
					],
					[
						123000,
						3,
						0
					],
					[
						123111.109,
						1,
						0
					],
					[
						123222.219,
						2,
						0
					],
					[
						123333.336,
						0,
						0
					],
					[
						123444.445,
						3,
						0
					],
					[
						123555.555,
						4,
						0
					],
					[
						123666.664,
						5,
						0
					],
					[
						123777.773,
						6,
						0
					],
					[
						123888.891,
						7,
						0
					],
					[
						124000,
						4,
						0
					],
					[
						124111.109,
						6,
						0
					],
					[
						124222.219,
						5,
						0
					],
					[
						124333.336,
						7,
						0
					]
				],
				"lengthInSteps": 16,
				"mustHitSection": false
			},
			{
				"altAnim": false,
				"sectionNotes": [
					[
						124444.445,
						7,
						0
					],
					[
						124888.891,
						7,
						0
					],
					[
						125333.336,
						3,
						0
					],
					[
						125555.555,
						1,
						0
					],
					[
						125777.773,
						3,
						0
					],
					[
						124666.666666667,
						4,
						0
					],
					[
						125111.111111111,
						4,
						0
					],
					[
						126000,
						1,
						0
					]
				],
				"lengthInSteps": 16,
				"mustHitSection": true
			},
			{
				"gfSection": true,
				"sectionNotes": [
					[
						126222.219,
						2,
						0
					],
					[
						126333.336,
						0,
						0
					],
					[
						126444.445,
						3,
						0
					],
					[
						126555.555,
						1,
						0
					],
					[
						126666.664,
						3,
						0
					],
					[
						126777.773,
						2,
						0
					],
					[
						126888.891,
						1,
						0
					],
					[
						127000,
						0,
						0
					],
					[
						127111.109,
						6,
						0
					],
					[
						127222.219,
						4,
						0
					],
					[
						127333.336,
						7,
						0
					],
					[
						127444.445,
						5,
						0
					],
					[
						127555.555,
						7,
						0
					],
					[
						127666.664,
						6,
						0
					],
					[
						127777.773,
						5,
						0
					],
					[
						127888.891,
						4,
						0
					]
				],
				"lengthInSteps": 16,
				"mustHitSection": false
			},
			{
				"altAnim": false,
				"sectionNotes": [
					[
						128000,
						5,
						0
					],
					[
						128111.109,
						7,
						0
					],
					[
						128222.219,
						4,
						0
					],
					[
						128444.445,
						4,
						0
					],
					[
						128555.555,
						5,
						0
					],
					[
						128666.664,
						6,
						0
					],
					[
						128888.891,
						1,
						0
					],
					[
						129000,
						3,
						0
					],
					[
						129111.109,
						0,
						0
					],
					[
						129333.336,
						0,
						0
					],
					[
						129444.445,
						1,
						0
					],
					[
						129555.555,
						2,
						0
					]
				],
				"lengthInSteps": 16,
				"mustHitSection": true
			},
			{
				"gfSection": true,
				"sectionNotes": [
					[
						129777.773,
						0,
						0
					],
					[
						129888.891,
						1,
						0
					],
					[
						130000,
						2,
						0
					],
					[
						130111.109,
						3,
						0
					],
					[
						130222.219,
						1,
						0
					],
					[
						130333.336,
						2,
						0
					],
					[
						130444.445,
						0,
						0
					],
					[
						130555.555,
						3,
						0
					],
					[
						130666.664,
						4,
						0
					],
					[
						130777.773,
						5,
						0
					],
					[
						130888.891,
						6,
						0
					],
					[
						131000,
						7,
						0
					],
					[
						131111.109,
						4,
						0
					],
					[
						131222.219,
						6,
						0
					],
					[
						131333.328,
						5,
						0
					],
					[
						131444.438,
						7,
						0
					]
				],
				"lengthInSteps": 16,
				"mustHitSection": false
			},
			{
				"altAnim": false,
				"sectionNotes": [
					[
						131555.563,
						7,
						0
					],
					[
						131666.672,
						6,
						0
					],
					[
						131777.781,
						5,
						0
					],
					[
						131888.891,
						4,
						0
					],
					[
						132000,
						7,
						0
					],
					[
						132111.109,
						5,
						0
					],
					[
						132222.219,
						6,
						0
					],
					[
						132333.328,
						4,
						0
					],
					[
						132444.438,
						3,
						0
					],
					[
						132555.563,
						2,
						0
					],
					[
						132666.672,
						1,
						0
					],
					[
						132777.781,
						0,
						0
					],
					[
						132888.891,
						3,
						0
					],
					[
						133000,
						1,
						0
					],
					[
						133111.109,
						2,
						0
					],
					[
						133222.219,
						0,
						0
					]
				],
				"lengthInSteps": 16,
				"mustHitSection": true
			},
			{
				"gfSection": true,
				"sectionNotes": [
					[
						133333.328,
						2,
						0
					],
					[
						133444.438,
						0,
						0
					],
					[
						133555.563,
						3,
						0
					],
					[
						133666.672,
						1,
						0
					],
					[
						133777.781,
						3,
						0
					],
					[
						133888.891,
						2,
						0
					],
					[
						134000,
						1,
						0
					],
					[
						134111.109,
						2,
						0
					],
					[
						134222.219,
						6,
						0
					],
					[
						134333.328,
						5,
						0
					],
					[
						134444.438,
						4,
						0
					],
					[
						134555.563,
						6,
						0
					],
					[
						134666.672,
						7,
						0
					],
					[
						134666.672,
						7,
						0
					],
					[
						134777.781,
						5,
						0
					],
					[
						134777.781,
						5,
						0
					],
					[
						134888.891,
						6,
						0
					],
					[
						134888.891,
						6,
						0
					],
					[
						135000,
						4,
						0
					],
					[
						135000,
						4,
						0
					]
				],
				"lengthInSteps": 16,
				"mustHitSection": false
			},
			{
				"altAnim": false,
				"sectionNotes": [
					[
						135111.109,
						6,
						0
					],
					[
						135222.219,
						4,
						0
					],
					[
						135333.328,
						7,
						0
					],
					[
						135444.438,
						5,
						0
					],
					[
						135555.563,
						7,
						0
					],
					[
						135666.672,
						5,
						0
					],
					[
						135777.781,
						6,
						0
					],
					[
						135888.891,
						4,
						0
					],
					[
						136000,
						0,
						0
					],
					[
						136111.109,
						1,
						0
					],
					[
						136222.219,
						2,
						0
					],
					[
						136333.328,
						3,
						0
					],
					[
						136555.563,
						2,
						0
					],
					[
						136666.672,
						1,
						0
					],
					[
						136777.781,
						0,
						0
					],
					[
						136444.444444445,
						1,
						0
					]
				],
				"lengthInSteps": 16,
				"mustHitSection": true
			},
			{
				"sectionNotes": [
					[
						136888.891,
						6,
						550.9259
					],
					[
						136888.891,
						2,
						550.9259
					]
				],
				"lengthInSteps": 16,
				"mustHitSection": true
			},
			{
				"lengthInSteps": 16,
				"typeOfSection": 0,
				"sectionNotes": [],
				"altAnim": false,
				"bpm": 135,
				"changeBPM": false,
				"mustHitSection": true
			},
			{
				"sectionBeats": 4,
				"sectionNotes": [],
				"typeOfSection": 0,
				"gfSection": false,
				"altAnim": false,
				"mustHitSection": true,
				"changeBPM": false,
				"bpm": 135
			},
			{
				"typeOfSection": 0,
				"sectionNotes": [],
				"sectionBeats": 4,
				"altAnim": false,
				"gfSection": false,
				"bpm": 135,
				"changeBPM": false,
				"mustHitSection": true
			},
			{
				"sectionBeats": 4,
				"sectionNotes": [],
				"typeOfSection": 0,
				"gfSection": false,
				"altAnim": false,
				"mustHitSection": true,
				"changeBPM": false,
				"bpm": 135
			},
			{
				"sectionBeats": 4,
				"sectionNotes": [],
				"typeOfSection": 0,
				"gfSection": false,
				"altAnim": false,
				"mustHitSection": true,
				"changeBPM": false,
				"bpm": 135
			},
			{
				"typeOfSection": 0,
				"sectionNotes": [],
				"sectionBeats": 4,
				"altAnim": false,
				"gfSection": false,
				"bpm": 135,
				"changeBPM": false,
				"mustHitSection": true
			},
			{
				"sectionBeats": 4,
				"sectionNotes": [],
				"typeOfSection": 0,
				"gfSection": false,
				"altAnim": false,
				"mustHitSection": true,
				"changeBPM": false,
				"bpm": 135
			},
			{
				"typeOfSection": 0,
				"sectionNotes": [],
				"sectionBeats": 4,
				"altAnim": false,
				"gfSection": false,
				"bpm": 135,
				"changeBPM": false,
				"mustHitSection": true
			},
			{
				"typeOfSection": 0,
				"sectionNotes": [],
				"sectionBeats": 4,
				"altAnim": false,
				"gfSection": false,
				"bpm": 135,
				"changeBPM": false,
				"mustHitSection": true
			},
			{
				"typeOfSection": 0,
				"sectionNotes": [],
				"sectionBeats": 4,
				"altAnim": false,
				"gfSection": false,
				"bpm": 135,
				"changeBPM": false,
				"mustHitSection": true
			},
			{
				"typeOfSection": 0,
				"sectionNotes": [],
				"sectionBeats": 4,
				"altAnim": false,
				"gfSection": false,
				"bpm": 135,
				"changeBPM": false,
				"mustHitSection": true
			},
			{
				"typeOfSection": 0,
				"sectionNotes": [],
				"sectionBeats": 4,
				"altAnim": false,
				"gfSection": false,
				"bpm": 135,
				"changeBPM": false,
				"mustHitSection": true
			},
			{
				"typeOfSection": 0,
				"sectionNotes": [],
				"sectionBeats": 4,
				"altAnim": false,
				"gfSection": false,
				"bpm": 135,
				"changeBPM": false,
				"mustHitSection": true
			},
			{
				"typeOfSection": 0,
				"sectionNotes": [],
				"sectionBeats": 4,
				"altAnim": false,
				"gfSection": false,
				"bpm": 135,
				"changeBPM": false,
				"mustHitSection": true
			},
			{
				"typeOfSection": 0,
				"sectionNotes": [],
				"sectionBeats": 4,
				"altAnim": false,
				"gfSection": false,
				"bpm": 135,
				"changeBPM": false,
				"mustHitSection": true
			},
			{
				"typeOfSection": 0,
				"sectionNotes": [],
				"sectionBeats": 4,
				"altAnim": false,
				"gfSection": false,
				"bpm": 135,
				"changeBPM": false,
				"mustHitSection": true
			},
			{
				"typeOfSection": 0,
				"sectionNotes": [],
				"sectionBeats": 4,
				"altAnim": false,
				"gfSection": false,
				"bpm": 135,
				"changeBPM": false,
				"mustHitSection": true
			},
			{
				"typeOfSection": 0,
				"sectionNotes": [],
				"sectionBeats": 4,
				"altAnim": false,
				"gfSection": false,
				"bpm": 135,
				"changeBPM": false,
				"mustHitSection": true
			},
			{
				"typeOfSection": 0,
				"sectionNotes": [],
				"sectionBeats": 4,
				"altAnim": false,
				"gfSection": false,
				"bpm": 135,
				"changeBPM": false,
				"mustHitSection": true
			},
			{
				"sectionBeats": 4,
				"sectionNotes": [],
				"typeOfSection": 0,
				"gfSection": false,
				"altAnim": false,
				"mustHitSection": true,
				"changeBPM": false,
				"bpm": 135
			},
			{
				"sectionBeats": 4,
				"sectionNotes": [],
				"typeOfSection": 0,
				"gfSection": false,
				"altAnim": false,
				"mustHitSection": true,
				"changeBPM": false,
				"bpm": 135
			},
			{
				"gfSection": false,
				"altAnim": false,
				"typeOfSection": 0,
				"sectionNotes": [],
				"bpm": 135,
				"sectionBeats": 4,
				"changeBPM": false,
				"mustHitSection": true
			},
			{
				"gfSection": false,
				"altAnim": false,
				"typeOfSection": 0,
				"sectionNotes": [],
				"bpm": 135,
				"sectionBeats": 4,
				"changeBPM": false,
				"mustHitSection": true
			},
			{
				"gfSection": false,
				"altAnim": false,
				"typeOfSection": 0,
				"sectionNotes": [],
				"bpm": 135,
				"sectionBeats": 4,
				"changeBPM": false,
				"mustHitSection": true
			},
			{
				"gfSection": false,
				"altAnim": false,
				"typeOfSection": 0,
				"sectionNotes": [],
				"bpm": 135,
				"sectionBeats": 4,
				"changeBPM": false,
				"mustHitSection": true
			},
			{
				"gfSection": false,
				"altAnim": false,
				"typeOfSection": 0,
				"sectionNotes": [],
				"bpm": 135,
				"sectionBeats": 4,
				"changeBPM": false,
				"mustHitSection": true
			},
			{
				"gfSection": false,
				"altAnim": false,
				"typeOfSection": 0,
				"sectionNotes": [],
				"bpm": 135,
				"sectionBeats": 4,
				"changeBPM": false,
				"mustHitSection": true
			}
		],
		"gfVersion": "monika-mad-alt",
		"player2": "monika-mad-alt",
		"events": [
			[
				8888.88888888889,
				[
					[
						"Flash Camera Red",
						"0.75",
						""
					]
				]
			],
			[
				22222.2222222222,
				[
					[
						"noteskinchange",
						"NOTE_assets_ddlc",
						""
					]
				]
			],
			[
				23111.1111111111,
				[
					[
						"Change Character",
						"dad",
						"natsuki"
					],
					[
						"Change Character",
						"bf",
						"yuri-player"
					],
					[
						"Change Character",
						"gf",
						"monika"
					]
				]
			],
			[
				37333.3333333333,
				[
					[
						"Change Character",
						"dad",
						"nanda-closeup"
					]
				]
			],
			[
				65777.7777777778,
				[
					[
						"MoveArrow",
						"6",
						"0, -20, 0, 1, 0.5"
					]
				]
			],
			[
				67444.4444444445,
				[
					[
						"MoveArrow",
						"6",
						"0, 20, 360, 1, 1"
					]
				]
			],
			[
				120888.888888889,
				[
					[
						"Zoom",
						"1.15",
						""
					]
				]
			],
			[
				121555.555555556,
				[
					[
						"Zoom",
						"1",
						""
					]
				]
			],
			[
				121777.777777778,
				[
					[
						"Zoom",
						"1.70",
						""
					]
				]
			],
			[
				122222.222222222,
				[
					[
						"Zoom",
						"1.30",
						""
					]
				]
			],
			[
				122555.555555556,
				[
					[
						"Toggle Trail",
						"",
						"2"
					]
				]
			],
			[
				122666.666666667,
				[
					[
						"CameraControl",
						"450,450",
						"1.60"
					]
				]
			],
			[
				123555.555555556,
				[
					[
						"CameraControl",
						"990,400",
						"1.55"
					]
				]
			],
			[
				124444.444444445,
				[
					[
						"CameraControl",
						"480,650",
						"1.55"
					]
				]
			],
			[
				125333.333333333,
				[
					[
						"CameraControl",
						"990,400",
						"1.55"
					]
				]
			],
			[
				126222.222222222,
				[
					[
						"CameraControl",
						"450,450",
						"1.60"
					]
				]
			],
			[
				127111.111111111,
				[
					[
						"CameraControl",
						"990,400",
						"1.55"
					]
				]
			],
			[
				128000,
				[
					[
						"CameraControl",
						"480,650",
						"1.55"
					]
				]
			],
			[
				128888.888888889,
				[
					[
						"CameraControl",
						"990,400",
						"1.55"
					]
				]
			],
			[
				129777.777777778,
				[
					[
						"CameraControl",
						"450,450",
						"1.60"
					]
				]
			],
			[
				130666.666666667,
				[
					[
						"CameraControl",
						"990,400",
						"1.55"
					]
				]
			],
			[
				131555.555555556,
				[
					[
						"CameraControl",
						"480,650",
						"1.55"
					]
				]
			],
			[
				132444.444444445,
				[
					[
						"CameraControl",
						"990,400",
						"1.55"
					]
				]
			],
			[
				133333.333333333,
				[
					[
						"CameraControl",
						"450,450",
						"1.60"
					]
				]
			],
			[
				134222.222222222,
				[
					[
						"CameraControl",
						"990,400",
						"1.55"
					]
				]
			],
			[
				135111.111111111,
				[
					[
						"CameraControl",
						"480,650",
						"1.55"
					]
				]
			],
			[
				136000,
				[
					[
						"CameraControl",
						"990,400",
						"1.55"
					]
				]
			],
			[
				136888.888888889,
				[
					[
						"CameraControl",
						"700,500",
						"1.05"
					]
				]
			]
		],
		"song": "Poems-n-thorns",
		"arrowSkin": "PIXELNOTE_assets",
		"needsVoices": true,
		"validScore": true,
		"stage": "poems-thorns-everyone",
		"speed": 2.4,
		"bpm": 135,
		"noteStyle": "pixel"
	}
}