{
	"song": {
		"sectionLengths": [],
		"player1": "bf-christmas",
		"opponentHealth": 2,
		"player2": "haachama-christmas",
		"notes": [
			{
				"typeOfSection": 0,
				"sectionNotes": [],
				"lengthInSteps": 16,
				"altAnim": false,
				"bpm": 95,
				"changeBPM": false,
				"mustHitSection": true
			},
			{
				"typeOfSection": 0,
				"sectionNotes": [],
				"lengthInSteps": 16,
				"altAnim": false,
				"bpm": 95,
				"changeBPM": false,
				"mustHitSection": false
			},
			{
				"typeOfSection": 0,
				"sectionNotes": [],
				"lengthInSteps": 16,
				"altAnim": false,
				"bpm": 159,
				"changeBPM": false,
				"mustHitSection": true
			},
			{
				"typeOfSection": 0,
				"sectionNotes": [],
				"lengthInSteps": 16,
				"altAnim": false,
				"bpm": 159,
				"changeBPM": false,
				"mustHitSection": false
			},
			{
				"typeOfSection": 0,
				"sectionNotes": [
					[
						9679.48717948718,
						3,
						0
					],
					[
						9871.79487179487,
						1,
						0
					],
					[
						10000,
						2,
						0
					],
					[
						10128.2051282051,
						3,
						0
					],
					[
						8397.4358974359,
						2,
						0
					],
					[
						9230.76923076923,
						2,
						0
					],
					[
						8717.94871794872,
						2,
						0
					],
					[
						9487.17948717949,
						1,
						0
					]
				],
				"lengthInSteps": 16,
				"altAnim": false,
				"bpm": 159,
				"changeBPM": false,
				"mustHitSection": false
			},
			{
				"typeOfSection": 0,
				"sectionNotes": [
					[
						10448.7179487179,
						2,
						0
					],
					[
						11282.0512820513,
						2,
						0
					],
					[
						10769.2307692308,
						2,
						0
					],
					[
						11730.7692307692,
						1,
						0
					],
					[
						11923.0769230769,
						2,
						0
					],
					[
						12051.2820512821,
						3,
						0
					],
					[
						11538.4615384615,
						3,
						0
					],
					[
						12179.4871794872,
						1,
						0
					],
					[
						10769.2307692308,
						3,
						0,
						"haachama"
					],
					[
						12051.2820512821,
						0,
						0,
						"haachama"
					]
				],
				"lengthInSteps": 16,
				"altAnim": false,
				"bpm": 159,
				"changeBPM": false,
				"mustHitSection": true
			},
			{
				"typeOfSection": 0,
				"sectionNotes": [
					[
						12500,
						2,
						0
					],
					[
						13333.3333333333,
						2,
						0
					],
					[
						12820.5128205128,
						2,
						0
					],
					[
						13782.0512820513,
						1,
						0
					],
					[
						13974.358974359,
						2,
						0
					],
					[
						14102.5641025641,
						3,
						0
					],
					[
						13589.7435897436,
						3,
						0
					],
					[
						14230.7692307692,
						1,
						0
					]
				],
				"lengthInSteps": 16,
				"altAnim": false,
				"bpm": 159,
				"changeBPM": false,
				"mustHitSection": false
			},
			{
				"typeOfSection": 0,
				"sectionNotes": [
					[
						14358.9743589744,
						2,
						0
					],
					[
						14615.3846153846,
						1,
						0
					],
					[
						14871.7948717949,
						2,
						0
					],
					[
						15064.1025641026,
						1,
						0
					],
					[
						15320.5128205128,
						3,
						330.188679245283
					],
					[
						15833.3333333333,
						3,
						0
					],
					[
						16089.7435897436,
						0,
						0
					],
					[
						16153.8461538462,
						1,
						0
					],
					[
						16282.0512820513,
						-1,
						"Change Character",
						"dad",
						"monika"
					],
					[
						16282.0512820513,
						2,
						0
					]
				],
				"lengthInSteps": 16,
				"altAnim": false,
				"bpm": 159,
				"changeBPM": false,
				"mustHitSection": true
			},
			{
				"typeOfSection": 0,
				"sectionNotes": [
					[
						17179.4871794872,
						3,
						0
					],
					[
						16858.9743589744,
						1,
						209.240445089502
					],
					[
						17564.1025641026,
						1,
						0
					],
					[
						17692.3076923077,
						2,
						0
					],
					[
						17820.5128205128,
						3,
						256.410256410256
					],
					[
						18205.1282051282,
						2,
						0
					],
					[
						16410.2564102564,
						0,
						256.410256410256
					],
					[
						17435.8974358974,
						0,
						0
					]
				],
				"lengthInSteps": 16,
				"altAnim": false,
				"bpm": 159,
				"changeBPM": false,
				"mustHitSection": false
			},
			{
				"typeOfSection": 0,
				"sectionNotes": [
					[
						18717.9487179487,
						1,
						0
					],
					[
						18974.358974359,
						1,
						0
					],
					[
						19743.5897435897,
						3,
						0
					],
					[
						20000,
						0,
						0
					],
					[
						20432.6923076923,
						-1,
						"Change Character",
						"bf",
						"natsuki-player"
					],
					[
						19102.5641025641,
						1,
						0
					],
					[
						19358.9743589744,
						2,
						256.410256410256
					],
					[
						20256.4102564103,
						2,
						0
					]
				],
				"lengthInSteps": 16,
				"altAnim": false,
				"bpm": 159,
				"changeBPM": false,
				"mustHitSection": false
			},
			{
				"typeOfSection": 0,
				"sectionNotes": [
					[
						20512.8205128205,
						2,
						256.410256410256
					],
					[
						21282.0512820513,
						3,
						0
					],
					[
						21538.4615384615,
						2,
						0
					],
					[
						21666.6666666667,
						1,
						0
					],
					[
						21794.8717948718,
						2,
						0
					],
					[
						20897.4358974359,
						1,
						256.410256410256
					],
					[
						22307.6923076923,
						0,
						0
					],
					[
						21923.0769230769,
						3,
						256.410256410256
					]
				],
				"lengthInSteps": 16,
				"altAnim": false,
				"bpm": 159,
				"changeBPM": false,
				"mustHitSection": true
			},
			{
				"typeOfSection": 0,
				"sectionNotes": [
					[
						24102.5641025641,
						0,
						0
					],
					[
						22820.5128205128,
						2,
						0
					],
					[
						23846.1538461538,
						1,
						0
					],
					[
						24358.9743589744,
						1,
						128.205128205128
					],
					[
						23461.5384615385,
						2,
						256.410256410256
					],
					[
						23076.9230769231,
						2,
						0
					],
					[
						23205.1282051282,
						0,
						0
					],
					[
						22564.1025641026,
						-1,
						"Change Character",
						"dad",
						"sarvente"
					]
				],
				"lengthInSteps": 16,
				"altAnim": false,
				"bpm": 159,
				"changeBPM": false,
				"mustHitSection": true
			},
			{
				"typeOfSection": 0,
				"sectionNotes": [
					[
						25384.6153846154,
						3,
						0
					],
					[
						25641.0256410256,
						2,
						0
					],
					[
						25769.2307692308,
						1,
						0
					],
					[
						25000,
						1,
						256.410256410256
					],
					[
						26025.641025641,
						3,
						256.410256410256
					],
					[
						26410.2564102564,
						2,
						0
					],
					[
						25897.4358974359,
						0,
						0
					],
					[
						24615.3846153846,
						2,
						256.410256410256
					],
					[
						24615.3846153846,
						5,
						128.205128205128
					]
				],
				"lengthInSteps": 16,
				"altAnim": false,
				"bpm": 159,
				"changeBPM": false,
				"mustHitSection": false
			},
			{
				"typeOfSection": 0,
				"sectionNotes": [
					[
						28205.1282051282,
						0,
						0
					],
					[
						27948.7179487179,
						1,
						0
					],
					[
						26923.0769230769,
						1,
						0
					],
					[
						28461.5384615385,
						3,
						128.205128205128
					],
					[
						27307.6923076923,
						1,
						0
					],
					[
						27564.1025641026,
						2,
						256.410256410256
					],
					[
						27179.4871794872,
						3,
						0
					],
					[
						28333.3333333333,
						-1,
						"Change Character",
						"bf",
						"ruv-player"
					]
				],
				"lengthInSteps": 16,
				"altAnim": false,
				"bpm": 159,
				"changeBPM": false,
				"mustHitSection": false
			},
			{
				"typeOfSection": 0,
				"sectionNotes": [
					[
						28717.9487179487,
						2,
						0
					],
					[
						29358.9743589744,
						3,
						0
					],
					[
						29871.7948717949,
						3,
						0
					],
					[
						30000,
						1,
						128.205128205128
					],
					[
						30256.4102564103,
						2,
						128.205128205128
					],
					[
						30512.8205128205,
						2,
						128.205128205128
					],
					[
						28846.1538461538,
						3,
						0
					],
					[
						28974.358974359,
						2,
						0
					],
					[
						29102.5641025641,
						1,
						0
					],
					[
						29487.1794871795,
						0,
						0
					]
				],
				"lengthInSteps": 16,
				"altAnim": false,
				"bpm": 159,
				"changeBPM": false,
				"mustHitSection": true
			},
			{
				"typeOfSection": 0,
				"sectionNotes": [
					[
						30769.2307692308,
						1,
						0
					],
					[
						31025.641025641,
						2,
						0
					],
					[
						31410.2564102564,
						2,
						0
					],
					[
						31282.0512820513,
						3,
						0
					],
					[
						32746.7948717949,
						-1,
						"Change Character",
						"dad",
						"soft-gf"
					],
					[
						31666.6666666667,
						3,
						128.205128205128
					]
				],
				"lengthInSteps": 16,
				"altAnim": false,
				"bpm": 159,
				"changeBPM": false,
				"mustHitSection": true
			},
			{
				"typeOfSection": 0,
				"sectionNotes": [
					[
						32820.5128205128,
						3,
						0
					],
					[
						33012.8205128205,
						2,
						0
					],
					[
						33269.2307692308,
						2,
						0
					],
					[
						33525.641025641,
						2,
						0
					],
					[
						33782.0512820513,
						2,
						0
					],
					[
						34038.4615384615,
						2,
						0
					],
					[
						34294.8717948718,
						2,
						0
					],
					[
						34551.2820512821,
						2,
						0
					],
					[
						34807.6923076923,
						2,
						0
					],
					[
						33076.9230769231,
						1,
						0
					],
					[
						33589.7435897436,
						1,
						0
					],
					[
						34102.5641025641,
						1,
						0
					],
					[
						34615.3846153846,
						1,
						0
					],
					[
						33333.3333333333,
						1,
						0
					],
					[
						33846.1538461538,
						1,
						0
					],
					[
						34358.9743589744,
						1,
						0
					],
					[
						34743.5897435897,
						-1,
						"Change Character",
						"bf",
						"softie"
					]
				],
				"lengthInSteps": 16,
				"altAnim": false,
				"bpm": 159,
				"changeBPM": false,
				"mustHitSection": false
			},
			{
				"typeOfSection": 0,
				"sectionNotes": [
					[
						34871.7948717949,
						0,
						0
					],
					[
						35641.0256410256,
						2,
						0
					],
					[
						35897.4358974359,
						2,
						0
					],
					[
						35128.2051282051,
						1,
						0
					],
					[
						36666.6666666667,
						3,
						0
					],
					[
						36153.8461538462,
						1,
						0
					],
					[
						35000,
						2,
						0
					],
					[
						35256.4102564103,
						0,
						0
					],
					[
						35512.8205128205,
						1,
						0
					],
					[
						35769.2307692308,
						3,
						0
					],
					[
						36025.641025641,
						0,
						0
					],
					[
						36538.4615384615,
						1,
						0
					],
					[
						36794.8717948718,
						0,
						0
					],
					[
						36282.0512820513,
						2,
						128.205128205128
					]
				],
				"lengthInSteps": 16,
				"altAnim": false,
				"bpm": 159,
				"changeBPM": false,
				"mustHitSection": true
			},
			{
				"typeOfSection": 0,
				"sectionNotes": [
					[
						37115.3846153846,
						3,
						0
					],
					[
						36923.0769230769,
						2,
						0
					],
					[
						37371.7948717949,
						3,
						0
					],
					[
						37628.2051282051,
						3,
						0
					],
					[
						37884.6153846154,
						3,
						0
					],
					[
						38141.0256410256,
						3,
						0
					],
					[
						38397.4358974359,
						3,
						0
					],
					[
						38653.8461538462,
						3,
						0
					],
					[
						38910.2564102564,
						3,
						0
					],
					[
						37179.4871794872,
						0,
						0
					],
					[
						37692.3076923077,
						0,
						0
					],
					[
						38205.1282051282,
						0,
						0
					],
					[
						38717.9487179487,
						0,
						0
					],
					[
						37435.8974358974,
						0,
						0
					],
					[
						37948.717948718,
						0,
						0
					],
					[
						38461.5384615385,
						0,
						0
					]
				],
				"lengthInSteps": 16,
				"altAnim": false,
				"bpm": 159,
				"changeBPM": false,
				"mustHitSection": false
			},
			{
				"typeOfSection": 0,
				"sectionNotes": [
					[
						38974.358974359,
						3,
						0
					],
					[
						39743.5897435897,
						1,
						0
					],
					[
						40000,
						1,
						0
					],
					[
						39230.7692307692,
						2,
						0
					],
					[
						40256.4102564103,
						2,
						0
					],
					[
						40769.2307692308,
						1,
						0
					],
					[
						39102.5641025641,
						1,
						0
					],
					[
						39358.9743589744,
						3,
						0
					],
					[
						39615.3846153846,
						2,
						0
					],
					[
						39871.7948717949,
						0,
						0
					],
					[
						40128.2051282051,
						3,
						0
					],
					[
						40897.4358974359,
						2,
						0
					],
					[
						40384.6153846154,
						2,
						0
					],
					[
						39487.1794871795,
						1,
						0
					],
					[
						40641.0256410256,
						0,
						0
					]
				],
				"lengthInSteps": 16,
				"altAnim": false,
				"bpm": 159,
				"changeBPM": false,
				"mustHitSection": true
			},
			{
				"typeOfSection": 0,
				"sectionNotes": [
					[
						41025.641025641,
						2,
						0
					],
					[
						41282.0512820513,
						1,
						0
					],
					[
						41538.4615384616,
						3,
						0
					],
					[
						41794.8717948718,
						0,
						0
					],
					[
						42051.2820512821,
						2,
						0
					],
					[
						42307.6923076923,
						1,
						0
					],
					[
						42820.5128205128,
						3,
						0
					],
					[
						42692.3076923077,
						1,
						0
					],
					[
						41025.641025641,
						-1,
						"Change Character",
						"dad",
						"henry-mad"
					],
					[
						42435.8974358975,
						2,
						128.205128205128
					],
					[
						42179.4871794872,
						-1,
						"Change Character",
						"bf",
						"charles-player"
					]
				],
				"lengthInSteps": 16,
				"altAnim": false,
				"bpm": 159,
				"changeBPM": false,
				"mustHitSection": false
			},
			{
				"typeOfSection": 0,
				"sectionNotes": [
					[
						43076.9230769231,
						3,
						0
					],
					[
						43846.1538461539,
						2,
						0
					],
					[
						44358.9743589744,
						3,
						0
					],
					[
						44487.1794871795,
						2,
						128.205128205128
					],
					[
						44743.5897435898,
						1,
						0
					],
					[
						43333.3333333334,
						2,
						0
					],
					[
						43589.7435897436,
						3,
						0
					],
					[
						44102.5641025641,
						3,
						0
					],
					[
						44871.7948717949,
						0,
						0
					]
				],
				"lengthInSteps": 16,
				"altAnim": false,
				"bpm": 159,
				"changeBPM": false,
				"mustHitSection": true
			},
			{
				"typeOfSection": 0,
				"sectionNotes": [
					[
						45128.2051282051,
						2,
						0
					],
					[
						45641.0256410257,
						3,
						0
					],
					[
						45897.4358974359,
						0,
						0
					],
					[
						46153.8461538462,
						2,
						0
					],
					[
						46410.2564102564,
						1,
						0
					],
					[
						46923.0769230769,
						3,
						0
					],
					[
						45256.4102564103,
						0,
						0
					],
					[
						45384.6153846154,
						1,
						0
					],
					[
						45512.8205128205,
						2,
						0
					],
					[
						45769.2307692308,
						1,
						0
					],
					[
						46025.641025641,
						3,
						0
					],
					[
						46538.4615384616,
						2,
						128.205128205128
					],
					[
						46794.8717948718,
						1,
						0
					]
				],
				"lengthInSteps": 16,
				"altAnim": false,
				"bpm": 159,
				"changeBPM": false,
				"mustHitSection": false
			},
			{
				"typeOfSection": 0,
				"sectionNotes": [
					[
						47179.4871794872,
						2,
						0
					],
					[
						47435.8974358975,
						1,
						0
					],
					[
						47692.3076923077,
						3,
						0
					],
					[
						47948.717948718,
						0,
						0
					],
					[
						48205.1282051282,
						2,
						0
					],
					[
						48461.5384615385,
						1,
						0
					],
					[
						48974.358974359,
						3,
						0
					],
					[
						47307.6923076923,
						0,
						0
					],
					[
						48589.7435897436,
						2,
						128.205128205128
					],
					[
						48846.1538461539,
						1,
						0
					],
					[
						49102.5641025641,
						0,
						0
					]
				],
				"lengthInSteps": 16,
				"altAnim": false,
				"bpm": 159,
				"changeBPM": false,
				"mustHitSection": true
			},
			{
				"typeOfSection": 0,
				"sectionNotes": [
					[
						49230.7692307693,
						2,
						256.410256410256
					],
					[
						50000,
						2,
						0
					],
					[
						50256.4102564103,
						0,
						256.410256410256
					],
					[
						51025.6410256411,
						1,
						0
					],
					[
						49230.7692307693,
						-1,
						"Change Character",
						"dad",
						"beepie"
					],
					[
						49615.3846153846,
						3,
						0
					],
					[
						50641.0256410257,
						2,
						0
					]
				],
				"lengthInSteps": 16,
				"altAnim": false,
				"bpm": 159,
				"changeBPM": false,
				"mustHitSection": false
			},
			{
				"typeOfSection": 0,
				"sectionNotes": [
					[
						51282.0512820513,
						2,
						256.410256410256
					],
					[
						52051.2820512821,
						1,
						0
					],
					[
						52307.6923076923,
						2,
						256.410256410256
					],
					[
						52820.5128205128,
						0,
						256.410256410256
					],
					[
						51666.6666666667,
						3,
						0
					]
				],
				"lengthInSteps": 16,
				"altAnim": false,
				"bpm": 159,
				"changeBPM": false,
				"mustHitSection": false
			},
			{
				"typeOfSection": 0,
				"sectionNotes": [
					[
						54102.5641025641,
						1,
						0
					],
					[
						54358.9743589744,
						2,
						128.205128205128
					],
					[
						54615.3846153846,
						1,
						0
					],
					[
						54871.7948717949,
						0,
						0
					],
					[
						53333.3333333334,
						-1,
						"Change Character",
						"bf",
						"normal-ces"
					],
					[
						53717.9487179487,
						3,
						0
					],
					[
						55256.4102564103,
						3,
						128.205128205128
					],
					[
						53333.3333333334,
						2,
						128.205128205128
					],
					[
						55000,
						2,
						0
					]
				],
				"lengthInSteps": 16,
				"altAnim": false,
				"bpm": 159,
				"changeBPM": false,
				"mustHitSection": true
			},
			{
				"typeOfSection": 0,
				"sectionNotes": [
					[
						55641.0256410257,
						2,
						0
					],
					[
						55897.4358974359,
						1,
						0
					],
					[
						56666.6666666667,
						1,
						0
					],
					[
						57179.4871794872,
						2,
						0
					],
					[
						56025.6410256411,
						3,
						0
					],
					[
						56282.0512820513,
						2,
						128.205128205128
					]
				],
				"lengthInSteps": 16,
				"altAnim": false,
				"bpm": 159,
				"changeBPM": false,
				"mustHitSection": true
			},
			{
				"typeOfSection": 0,
				"sectionNotes": [
					[
						57692.3076923077,
						3,
						0
					],
					[
						57948.717948718,
						3,
						0
					],
					[
						58717.9487179488,
						3,
						0
					],
					[
						58974.358974359,
						1,
						0
					],
					[
						57564.1025641026,
						-1,
						"Change Character",
						"dad",
						"hatsune-miku"
					],
					[
						58333.3333333334,
						2,
						256.410256410256
					],
					[
						59102.5641025641,
						0,
						0
					],
					[
						59358.9743589744,
						2,
						256.410256410256
					],
					[
						58076.9230769231,
						1,
						128.205128205128
					]
				],
				"lengthInSteps": 16,
				"altAnim": false,
				"bpm": 159,
				"changeBPM": false,
				"mustHitSection": false
			},
			{
				"typeOfSection": 0,
				"sectionNotes": [
					[
						59743.5897435898,
						1,
						0
					],
					[
						60000,
						2,
						0
					],
					[
						60128.2051282052,
						3,
						641.025641025641
					],
					[
						60897.4358974359,
						1,
						256.410256410256
					],
					[
						59487.1794871795,
						-1,
						"Change Character",
						"bf",
						"tabi-player"
					]
				],
				"lengthInSteps": 16,
				"altAnim": false,
				"bpm": 159,
				"changeBPM": false,
				"mustHitSection": false
			},
			{
				"typeOfSection": 0,
				"sectionNotes": [
					[
						61538.4615384616,
						1,
						0
					],
					[
						62051.2820512821,
						3,
						0
					],
					[
						62820.5128205129,
						1,
						0
					],
					[
						62435.8974358975,
						2,
						256.410256410256
					],
					[
						61794.8717948718,
						2,
						0
					],
					[
						62179.4871794872,
						2,
						0
					],
					[
						63076.9230769231,
						0,
						256.410256410256
					]
				],
				"lengthInSteps": 16,
				"altAnim": false,
				"bpm": 159,
				"changeBPM": false,
				"mustHitSection": true
			},
			{
				"typeOfSection": 0,
				"sectionNotes": [
					[
						63589.7435897436,
						2,
						0
					],
					[
						63589.7435897436,
						6,
						0
					],
					[
						64615.3846153847,
						6,
						320.512820512821
					],
					[
						64615.3846153847,
						2,
						320.51282051282
					],
					[
						65128.2051282052,
						5,
						0
					],
					[
						65128.2051282052,
						1,
						0
					],
					[
						65384.6153846154,
						4,
						0
					],
					[
						65384.6153846154,
						3,
						0
					],
					[
						63974.358974359,
						1,
						0
					],
					[
						63974.358974359,
						5,
						0
					],
					[
						64358.9743589744,
						1,
						0
					],
					[
						64358.9743589744,
						5,
						0
					]
				],
				"lengthInSteps": 16,
				"altAnim": false,
				"bpm": 159,
				"changeBPM": false,
				"mustHitSection": true
			},
			{
				"typeOfSection": 0,
				"sectionNotes": [
					[
						65641.0256410257,
						6,
						256.410256410256
					],
					[
						65641.0256410257,
						2,
						256.410256410256
					]
				],
				"lengthInSteps": 16,
				"altAnim": false,
				"bpm": 159,
				"changeBPM": false,
				"mustHitSection": false
			},
			{
				"typeOfSection": 0,
				"sectionNotes": [],
				"lengthInSteps": 16,
				"altAnim": false,
				"bpm": 159,
				"changeBPM": false,
				"mustHitSection": true
			},
			{
				"typeOfSection": 0,
				"sectionNotes": [],
				"lengthInSteps": 16,
				"altAnim": false,
				"bpm": 159,
				"changeBPM": false,
				"mustHitSection": true
			},
			{
				"typeOfSection": 0,
				"sectionNotes": [],
				"lengthInSteps": 16,
				"altAnim": false,
				"bpm": 159,
				"changeBPM": false,
				"mustHitSection": true
			},
			{
				"typeOfSection": 0,
				"sectionNotes": [
					[
						75512.8205128205,
						1,
						0
					],
					[
						75641.0256410256,
						2,
						0
					],
					[
						75769.2307692307,
						3,
						0
					],
					[
						74871.7948717949,
						2,
						0
					],
					[
						75128.2051282051,
						1,
						0
					],
					[
						73974.358974359,
						-1,
						"Change Character",
						"dad",
						"sonic-exe"
					],
					[
						73974.358974359,
						2,
						0
					],
					[
						75256.4102564103,
						3,
						0
					],
					[
						74358.9743589744,
						3,
						0
					]
				],
				"lengthInSteps": 16,
				"altAnim": false,
				"bpm": 159,
				"changeBPM": false,
				"mustHitSection": false
			},
			{
				"typeOfSection": 0,
				"sectionNotes": [
					[
						76923,
						2,
						0
					],
					[
						76410,
						2,
						0
					],
					[
						77564,
						2,
						0
					],
					[
						77692,
						3,
						0
					],
					[
						77179,
						3,
						0
					],
					[
						77820,
						1,
						0
					],
					[
						76025.641025641,
						-1,
						"Change Character",
						"bf",
						"bf-corrupted"
					],
					[
						76025.641025641,
						2,
						0
					],
					[
						77307.6923076923,
						1,
						0
					]
				],
				"lengthInSteps": 16,
				"altAnim": false,
				"bpm": 159,
				"changeBPM": false,
				"mustHitSection": true
			},
			{
				"typeOfSection": 0,
				"sectionNotes": [
					[
						78974.3589743589,
						2,
						0
					],
					[
						79615.3846153846,
						2,
						0
					],
					[
						79743.5897435897,
						3,
						0
					],
					[
						79230.7692307692,
						3,
						0
					],
					[
						79871.7948717948,
						1,
						0
					],
					[
						78076.9230769231,
						2,
						0
					],
					[
						79358.9743589744,
						1,
						0
					],
					[
						78461.5384615385,
						0,
						0
					]
				],
				"lengthInSteps": 16,
				"altAnim": false,
				"bpm": 159,
				"changeBPM": false,
				"mustHitSection": false
			},
			{
				"typeOfSection": 0,
				"sectionNotes": [
					[
						80000,
						2,
						0
					],
					[
						80256.4102564102,
						1,
						0
					],
					[
						80512.8205128205,
						2,
						0
					],
					[
						80641.0256410257,
						1,
						0
					],
					[
						80897.4358974359,
						3,
						384.615384615385
					],
					[
						81410.2564102564,
						3,
						0
					],
					[
						81666.6666666667,
						0,
						0
					],
					[
						81794.8717948718,
						1,
						0
					],
					[
						81923.0769230769,
						2,
						0
					]
				],
				"lengthInSteps": 16,
				"altAnim": false,
				"bpm": 159,
				"changeBPM": false,
				"mustHitSection": true
			},
			{
				"typeOfSection": 0,
				"sectionNotes": [
					[
						82051.282051282,
						3,
						0
					],
					[
						82243.5897435897,
						2,
						0
					],
					[
						82500,
						2,
						0
					],
					[
						82756.4102564102,
						2,
						0
					],
					[
						83012.8205128205,
						2,
						0
					],
					[
						83269.2307692307,
						2,
						0
					],
					[
						83525.641025641,
						2,
						0
					],
					[
						83782.0512820513,
						2,
						0
					],
					[
						84038.4615384615,
						2,
						0
					],
					[
						82051.2820512821,
						4,
						384.615384615385
					],
					[
						82051.2820512821,
						-1,
						"Change Character",
						"dad",
						"belle"
					],
					[
						82307.6923076923,
						0,
						0
					],
					[
						82820.5128205128,
						0,
						0
					],
					[
						83333.3333333333,
						0,
						0
					],
					[
						83846.1538461539,
						0,
						0
					],
					[
						82564.1025641026,
						0,
						0
					],
					[
						83076.9230769231,
						0,
						0
					],
					[
						83589.7435897436,
						0,
						0
					],
					[
						83076.9230769231,
						-1,
						"Change Character",
						"bf",
						"tari"
					]
				],
				"lengthInSteps": 16,
				"altAnim": false,
				"bpm": 159,
				"changeBPM": false,
				"mustHitSection": false
			},
			{
				"typeOfSection": 0,
				"sectionNotes": [
					[
						84102.5641025641,
						0,
						0
					],
					[
						84871.7948717948,
						2,
						0
					],
					[
						85128.2051282051,
						2,
						0
					],
					[
						84358.9743589743,
						1,
						0
					],
					[
						84615.3846153846,
						1,
						0
					],
					[
						84230.7692307692,
						2,
						0
					],
					[
						84487.1794871795,
						0,
						0
					],
					[
						84743.5897435897,
						1,
						0
					],
					[
						85000,
						3,
						0
					],
					[
						85512.8205128205,
						2,
						128.205128205128
					],
					[
						85256.4102564103,
						1,
						128.205128205128
					],
					[
						85769.2307692308,
						3,
						0
					],
					[
						85897.4358974359,
						1,
						0
					],
					[
						86025.641025641,
						3,
						0
					]
				],
				"lengthInSteps": 16,
				"altAnim": false,
				"bpm": 159,
				"changeBPM": false,
				"mustHitSection": true
			},
			{
				"typeOfSection": 0,
				"sectionNotes": [
					[
						86346.1538461538,
						3,
						0
					],
					[
						86153.8461538461,
						2,
						0
					],
					[
						86602.5641025641,
						3,
						0
					],
					[
						86858.9743589743,
						3,
						0
					],
					[
						87115.3846153846,
						3,
						0
					],
					[
						87371.7948717948,
						3,
						0
					],
					[
						87628.2051282051,
						3,
						0
					],
					[
						87884.6153846154,
						3,
						0
					],
					[
						88141.0256410256,
						3,
						0
					],
					[
						86410.2564102564,
						1,
						0
					],
					[
						86923.0769230769,
						1,
						0
					],
					[
						87435.8974358974,
						1,
						0
					],
					[
						87948.717948718,
						1,
						0
					],
					[
						86666.6666666667,
						1,
						0
					],
					[
						87179.4871794872,
						1,
						0
					],
					[
						87692.3076923077,
						1,
						0
					]
				],
				"lengthInSteps": 16,
				"altAnim": false,
				"bpm": 159,
				"changeBPM": false,
				"mustHitSection": false
			},
			{
				"typeOfSection": 0,
				"sectionNotes": [
					[
						88205.1282051282,
						3,
						0
					],
					[
						88974.3589743589,
						1,
						0
					],
					[
						89230.7692307692,
						1,
						0
					],
					[
						88461.5384615384,
						2,
						0
					],
					[
						88717.9487179487,
						2,
						0
					],
					[
						89487.1794871795,
						2,
						0
					],
					[
						88333.3333333333,
						1,
						0
					],
					[
						88589.7435897436,
						3,
						0
					],
					[
						88846.1538461538,
						2,
						0
					],
					[
						89102.5641025641,
						0,
						0
					],
					[
						89358.9743589744,
						3,
						0
					],
					[
						89871.7948717949,
						1,
						0
					],
					[
						90000,
						3,
						0
					],
					[
						90128.2051282051,
						2,
						0
					],
					[
						89743.5897435897,
						-1,
						"Change Character",
						"dad",
						"carol"
					],
					[
						89615.3846153846,
						3,
						0
					]
				],
				"lengthInSteps": 16,
				"altAnim": false,
				"bpm": 159,
				"changeBPM": false,
				"mustHitSection": true
			},
			{
				"typeOfSection": 0,
				"sectionNotes": [
					[
						90769.2307692308,
						3,
						0
					],
					[
						90256.4102564103,
						2,
						384.615384615385
					],
					[
						91025.641025641,
						2,
						0
					],
					[
						91538.4615384615,
						1,
						128.205128205128
					],
					[
						91794.8717948718,
						2,
						128.205128205128
					],
					[
						92051.282051282,
						1,
						128.205128205128
					],
					[
						91538.4615384615,
						5,
						128.205128205128
					],
					[
						91794.8717948718,
						6,
						128.205128205128
					],
					[
						92051.282051282,
						5,
						128.205128205128
					],
					[
						90769.2307692308,
						4,
						0
					],
					[
						91025.641025641,
						5,
						0
					],
					[
						90256.4102564103,
						5,
						384.615384615385
					],
					[
						91153.8461538461,
						3,
						256.410256410256
					],
					[
						91153.8461538461,
						4,
						256.410256410256
					],
					[
						90256.4102564103,
						-1,
						"Change Character",
						"bf",
						"whitty-player"
					]
				],
				"lengthInSteps": 16,
				"altAnim": false,
				"bpm": 159,
				"changeBPM": false,
				"mustHitSection": false
			},
			{
				"typeOfSection": 0,
				"sectionNotes": [
					[
						92307.6923076923,
						3,
						320.512820512821
					],
					[
						92307.6923076923,
						4,
						320.512820512821
					],
					[
						93333.3333333333,
						2,
						384.615384615385
					],
					[
						93333.3333333333,
						6,
						384.615384615385
					],
					[
						94102.5641025641,
						3,
						0
					],
					[
						94102.5641025641,
						4,
						0
					],
					[
						92692.3076923077,
						1,
						256.410256410256
					],
					[
						92692.3076923077,
						5,
						256.410256410256
					],
					[
						93076.9230769231,
						2,
						0
					],
					[
						93076.9230769231,
						6,
						0
					]
				],
				"lengthInSteps": 16,
				"altAnim": false,
				"bpm": 159,
				"changeBPM": false,
				"mustHitSection": false
			},
			{
				"typeOfSection": 0,
				"sectionNotes": [
					[
						94358.9743589743,
						2,
						0
					],
					[
						95128.2051282051,
						0,
						0
					],
					[
						95128.2051282051,
						7,
						0
					],
					[
						94358.9743589743,
						6,
						0
					],
					[
						94615.3846153846,
						0,
						0
					],
					[
						94871.7948717949,
						3,
						0
					],
					[
						95256.4102564102,
						2,
						128.205128205128
					],
					[
						95256.4102564102,
						6,
						128.205128205128
					],
					[
						95512.8205128205,
						5,
						0
					],
					[
						95512.8205128205,
						1,
						0
					],
					[
						95769.2307692308,
						3,
						0
					],
					[
						95769.2307692308,
						4,
						0
					],
					[
						96025.641025641,
						5,
						256.410256410256
					],
					[
						96025.641025641,
						1,
						256.410256410256
					],
					[
						94615.3846153846,
						4,
						0
					],
					[
						94871.7948717949,
						7,
						0
					]
				],
				"lengthInSteps": 16,
				"altAnim": false,
				"bpm": 159,
				"changeBPM": false,
				"mustHitSection": true
			},
			{
				"typeOfSection": 0,
				"sectionNotes": [
					[
						96410.2564102564,
						6,
						128.205128205128
					],
					[
						96410.2564102564,
						1,
						128.205128205128
					],
					[
						97435.8974358974,
						1,
						0
					],
					[
						97179.4871794872,
						2,
						128.205128205128
					],
					[
						97179.4871794872,
						6,
						128.205128205128
					],
					[
						97435.8974358974,
						5,
						0
					],
					[
						97692.3076923077,
						4,
						0
					],
					[
						97948.7179487179,
						7,
						0
					],
					[
						97692.3076923077,
						3,
						0
					],
					[
						97948.7179487179,
						0,
						0
					],
					[
						96666.6666666666,
						2,
						0
					],
					[
						98205.1282051282,
						2,
						0
					],
					[
						98205.1282051282,
						6,
						0
					],
					[
						96794.8717948718,
						3,
						256.410256410256
					],
					[
						96794.8717948718,
						4,
						256.410256410256
					]
				],
				"lengthInSteps": 16,
				"altAnim": false,
				"bpm": 159,
				"changeBPM": false,
				"mustHitSection": true
			},
			{
				"typeOfSection": 0,
				"sectionNotes": [
					[
						98974.358974359,
						5,
						128.205128205128
					],
					[
						98974.358974359,
						1,
						128.205128205128
					],
					[
						99743.5897435897,
						0,
						0
					],
					[
						100000,
						2,
						128.205128205128
					],
					[
						100256.41025641,
						3,
						0
					],
					[
						99743.5897435897,
						7,
						0
					],
					[
						100000,
						6,
						128.205128205128
					],
					[
						100256.41025641,
						4,
						0
					],
					[
						98717.9487179487,
						7,
						0
					],
					[
						99230.7692307692,
						4,
						0
					],
					[
						98461.5384615384,
						5,
						0
					],
					[
						99358.9743589743,
						2,
						256.410256410256
					],
					[
						99358.9743589743,
						6,
						256.410256410256
					],
					[
						98717.9487179487,
						3,
						0
					],
					[
						99230.7692307692,
						3,
						0
					]
				],
				"lengthInSteps": 16,
				"altAnim": false,
				"bpm": 159,
				"changeBPM": false,
				"mustHitSection": false
			},
			{
				"typeOfSection": 0,
				"sectionNotes": [
					[
						100512.82051282,
						0,
						256.410256410256
					],
					[
						100512.82051282,
						7,
						256.410256410256
					],
					[
						101282.051282051,
						2,
						0
					],
					[
						101538.461538462,
						0,
						256.410256410256
					],
					[
						101538.461538462,
						7,
						256.410256410256
					],
					[
						101282.051282051,
						6,
						0
					],
					[
						102307.692307692,
						1,
						0
					],
					[
						102307.692307692,
						6,
						0
					],
					[
						100897.435897436,
						1,
						256.410256410256
					],
					[
						100897.435897436,
						5,
						256.410256410256
					],
					[
						101923.076923077,
						4,
						128.205128205128
					],
					[
						101923.076923077,
						3,
						128.205128205128
					],
					[
						102179.487179487,
						0,
						0
					],
					[
						102179.487179487,
						7,
						0
					]
				],
				"lengthInSteps": 16,
				"altAnim": false,
				"bpm": 159,
				"changeBPM": false,
				"mustHitSection": false
			},
			{
				"typeOfSection": 0,
				"sectionNotes": [
					[
						102564.102564103,
						6,
						256.410256410256
					],
					[
						103333.333333333,
						6,
						0
					],
					[
						104102.564102564,
						6,
						0
					],
					[
						104358.974358974,
						5,
						0
					],
					[
						102564.102564103,
						1,
						256.410256410256
					],
					[
						103333.333333333,
						1,
						0
					],
					[
						104102.564102564,
						1,
						0
					],
					[
						104358.974358974,
						2,
						0
					],
					[
						104230.769230769,
						7,
						0
					],
					[
						104487.179487179,
						3,
						0
					],
					[
						104487.179487179,
						4,
						0
					],
					[
						102948.717948718,
						2,
						0
					],
					[
						102948.717948718,
						5,
						0
					],
					[
						103589.743589744,
						5,
						0
					],
					[
						103717.948717949,
						7,
						0
					],
					[
						103589.743589744,
						2,
						0
					],
					[
						103717.948717949,
						0,
						0
					],
					[
						103846.153846154,
						3,
						128.205128205128
					],
					[
						103846.153846154,
						4,
						128.205128205128
					]
				],
				"lengthInSteps": 16,
				"altAnim": false,
				"bpm": 159,
				"changeBPM": false,
				"mustHitSection": true
			},
			{
				"typeOfSection": 0,
				"sectionNotes": [
					[
						104615.384615385,
						2,
						128.205128205128
					],
					[
						104871.794871795,
						1,
						128.205128205128
					],
					[
						105128.205128205,
						0,
						128.205128205128
					],
					[
						105384.615384615,
						3,
						128.205128205128
					],
					[
						105641.025641026,
						2,
						128.205128205128
					],
					[
						106410.256410256,
						2,
						0
					],
					[
						104615.384615385,
						6,
						128.205128205128
					],
					[
						104871.794871795,
						5,
						128.205128205128
					],
					[
						105641.025641026,
						6,
						128.205128205128
					],
					[
						106410.256410256,
						5,
						0
					],
					[
						106025.641025641,
						4,
						256.410256410256
					],
					[
						106025.641025641,
						3,
						256.410256410256
					],
					[
						105128.205128205,
						4,
						128.205128205128
					],
					[
						105384.615384615,
						7,
						128.205128205128
					]
				],
				"lengthInSteps": 16,
				"altAnim": false,
				"bpm": 159,
				"changeBPM": false,
				"mustHitSection": true
			},
			{
				"typeOfSection": 0,
				"sectionNotes": [
					[
						106666.666666667,
						6,
						0
					],
					[
						106923.076923077,
						5,
						641.025641025641
					],
					[
						106666.666666667,
						1,
						0
					],
					[
						106923.076923077,
						0,
						256.410256410256
					],
					[
						107435.897435897,
						2,
						0
					],
					[
						107692.307692308,
						2,
						256.410256410256
					],
					[
						108461.538461538,
						2,
						0
					],
					[
						107435.897435897,
						-1,
						"Change Character",
						"dad",
						"uruha-rushia"
					],
					[
						108076.923076923,
						3,
						256.410256410256
					]
				],
				"lengthInSteps": 16,
				"altAnim": false,
				"bpm": 159,
				"changeBPM": false,
				"mustHitSection": false
			},
			{
				"typeOfSection": 0,
				"sectionNotes": [
					[
						108717.948717949,
						1,
						0
					],
					[
						108974.358974359,
						2,
						0
					],
					[
						109102.564102564,
						3,
						512.820512820513
					]
				],
				"lengthInSteps": 16,
				"altAnim": false,
				"bpm": 159,
				"changeBPM": false,
				"mustHitSection": false
			},
			{
				"typeOfSection": 0,
				"sectionNotes": [
					[
						111538.461538462,
						2,
						0,
						"Alt Animation"
					],
					[
						111794.871794872,
						2,
						256.410256410256,
						"Alt Animation"
					],
					[
						112564.102564103,
						2,
						0,
						"Alt Animation"
					],
					[
						112179.487179487,
						3,
						256.410256410256,
						"Alt Animation"
					],
					[
						110769.230769231,
						-1,
						"Change Character",
						"bf",
						"ame-same-player"
					]
				],
				"lengthInSteps": 16,
				"altAnim": false,
				"bpm": 159,
				"changeBPM": false,
				"mustHitSection": true
			},
			{
				"typeOfSection": 0,
				"sectionNotes": [
					[
						112820.512820513,
						1,
						0
					],
					[
						113076.923076923,
						0,
						0
					],
					[
						113589.743589744,
						2,
						128.205128205128
					],
					[
						114358.974358974,
						3,
						128.205128205128
					],
					[
						114615.384615385,
						3,
						128.205128205128
					],
					[
						113846.153846154,
						1,
						128.205128205128,
						"Alt Animation"
					],
					[
						114102.564102564,
						0,
						0,
						"Alt Animation"
					],
					[
						113205.128205128,
						0,
						256.410256410256
					]
				],
				"lengthInSteps": 16,
				"altAnim": false,
				"bpm": 159,
				"changeBPM": false,
				"mustHitSection": true
			},
			{
				"typeOfSection": 0,
				"sectionNotes": [
					[
						114871.794871795,
						7,
						128.205128205128
					],
					[
						115128.205128205,
						1,
						0
					],
					[
						115384.615384615,
						2,
						0
					],
					[
						116153.846153846,
						1,
						0
					],
					[
						116410.256410256,
						3,
						0
					],
					[
						115128.205128205,
						4,
						641.025641025641,
						"Alt Animation"
					],
					[
						115512.82051282,
						0,
						0
					],
					[
						115769.230769231,
						2,
						0
					],
					[
						116538.461538461,
						2,
						0
					],
					[
						114871.794871795,
						-1,
						"Change Character",
						"dad",
						"hex"
					]
				],
				"lengthInSteps": 16,
				"altAnim": false,
				"bpm": 159,
				"changeBPM": false,
				"mustHitSection": false
			},
			{
				"typeOfSection": 0,
				"sectionNotes": [
					[
						117435.897435897,
						2,
						0
					],
					[
						117179.487179487,
						2,
						0
					],
					[
						116923.076923077,
						2,
						0
					],
					[
						118205.128205128,
						1,
						0
					],
					[
						118461.538461538,
						0,
						128.205128205128
					],
					[
						118717.948717949,
						1,
						128.205128205128
					],
					[
						117564.102564103,
						1,
						0
					],
					[
						117820.512820513,
						3,
						0
					]
				],
				"lengthInSteps": 16,
				"altAnim": false,
				"bpm": 159,
				"changeBPM": false,
				"mustHitSection": false
			},
			{
				"typeOfSection": 0,
				"sectionNotes": [
					[
						120512.82051282,
						1,
						0
					],
					[
						120000,
						3,
						0
					],
					[
						118974.358974359,
						-1,
						"Change Character",
						"bf",
						"kapi-player"
					],
					[
						118974.358974359,
						0,
						0
					],
					[
						119743.58974359,
						2,
						0
					]
				],
				"lengthInSteps": 16,
				"altAnim": false,
				"bpm": 159,
				"changeBPM": false,
				"mustHitSection": true
			},
			{
				"typeOfSection": 0,
				"sectionNotes": [
					[
						121538.461538461,
						1,
						0
					],
					[
						122051.282051282,
						0,
						0
					],
					[
						122564.102564102,
						3,
						0
					],
					[
						121794.871794872,
						6,
						384.615384615385
					],
					[
						122307.692307692,
						7,
						0
					],
					[
						122564.102564102,
						4,
						0
					],
					[
						122820.512820513,
						7,
						0
					],
					[
						121025.641025641,
						0,
						0
					],
					[
						121410.256410256,
						4,
						256.410256410256
					],
					[
						121025.641025641,
						7,
						0
					]
				],
				"lengthInSteps": 16,
				"altAnim": false,
				"bpm": 159,
				"changeBPM": false,
				"mustHitSection": true
			},
			{
				"typeOfSection": 0,
				"sectionNotes": [
					[
						123076.923076923,
						6,
						0
					],
					[
						123076.923076923,
						2,
						0
					],
					[
						123333.333333333,
						1,
						0
					],
					[
						123589.743589744,
						2,
						0
					],
					[
						124358.974358974,
						1,
						0
					],
					[
						124743.58974359,
						2,
						0
					],
					[
						123076.923076923,
						-1,
						"Change Character",
						"dad",
						"gf-nimu2"
					],
					[
						124487.179487179,
						0,
						0
					],
					[
						124871.794871795,
						3,
						0
					],
					[
						123846.153846154,
						3,
						0
					],
					[
						124102.564102564,
						0,
						0
					]
				],
				"lengthInSteps": 16,
				"altAnim": false,
				"bpm": 159,
				"changeBPM": false,
				"mustHitSection": false
			},
			{
				"typeOfSection": 0,
				"sectionNotes": [
					[
						126153.846153846,
						2,
						0
					],
					[
						126410.256410256,
						1,
						0
					],
					[
						126794.871794872,
						2,
						0
					],
					[
						125128.205128205,
						2,
						0
					],
					[
						125384.615384615,
						0,
						0
					],
					[
						125641.025641026,
						1,
						0
					],
					[
						125897.435897436,
						3,
						0
					],
					[
						125128.205128205,
						-1,
						"Change Character",
						"bf",
						"aquino-christmas"
					],
					[
						126538.461538461,
						0,
						0
					],
					[
						126923.076923077,
						3,
						128.205128205128
					]
				],
				"lengthInSteps": 16,
				"altAnim": false,
				"bpm": 159,
				"changeBPM": false,
				"mustHitSection": true
			},
			{
				"typeOfSection": 0,
				"sectionNotes": [
					[
						127179.487179487,
						2,
						0
					],
					[
						127435.897435897,
						1,
						0
					],
					[
						127692.307692308,
						3,
						0
					],
					[
						128461.538461538,
						1,
						0
					],
					[
						128974.358974359,
						3,
						0
					],
					[
						127307.692307692,
						0,
						0
					],
					[
						127564.102564102,
						2,
						0
					],
					[
						127820.512820513,
						1,
						0
					],
					[
						128076.923076923,
						3,
						0
					],
					[
						128589.743589744,
						2,
						128.205128205128
					],
					[
						128846.153846154,
						1,
						0
					],
					[
						128205.128205128,
						2,
						128.205128205128
					]
				],
				"lengthInSteps": 16,
				"altAnim": false,
				"bpm": 159,
				"changeBPM": false,
				"mustHitSection": false
			},
			{
				"typeOfSection": 0,
				"sectionNotes": [
					[
						130256.41025641,
						1,
						0
					],
					[
						130512.82051282,
						2,
						0
					],
					[
						130897.435897436,
						1,
						0
					],
					[
						129230.769230769,
						1,
						0
					],
					[
						129487.179487179,
						3,
						0
					],
					[
						129743.58974359,
						2,
						0
					],
					[
						130000,
						0,
						0
					],
					[
						129230.769230769,
						-1,
						"Change Character",
						"bf",
						"duxo"
					],
					[
						130641.025641026,
						3,
						0
					],
					[
						131025.641025641,
						0,
						128.205128205128
					]
				],
				"lengthInSteps": 16,
				"altAnim": false,
				"bpm": 159,
				"changeBPM": false,
				"mustHitSection": true
			},
			{
				"typeOfSection": 0,
				"sectionNotes": [
					[
						131282.051282051,
						2,
						256.410256410256
					],
					[
						131794.871794872,
						1,
						128.205128205128
					],
					[
						132307.692307692,
						0,
						128.205128205128
					],
					[
						132820.512820513,
						3,
						128.205128205128
					],
					[
						131282.051282051,
						-1,
						"Change Character",
						"dad",
						"gf-mako"
					]
				],
				"lengthInSteps": 16,
				"altAnim": false,
				"bpm": 159,
				"changeBPM": false,
				"mustHitSection": false
			},
			{
				"typeOfSection": 0,
				"sectionNotes": [
					[
						133333.333333333,
						2,
						128.205128205128
					],
					[
						134871.794871795,
						2,
						0
					],
					[
						133846.153846154,
						0,
						641.025641025641
					]
				],
				"lengthInSteps": 16,
				"altAnim": false,
				"bpm": 159,
				"changeBPM": false,
				"mustHitSection": false
			},
			{
				"typeOfSection": 0,
				"sectionNotes": [
					[
						135384.615384615,
						2,
						0
					],
					[
						135641.025641026,
						1,
						0
					],
					[
						135897.435897436,
						0,
						128.205128205128
					],
					[
						136410.256410256,
						2,
						0
					],
					[
						136923.076923077,
						1,
						0
					]
				],
				"lengthInSteps": 16,
				"altAnim": false,
				"bpm": 159,
				"changeBPM": false,
				"mustHitSection": false
			},
			{
				"typeOfSection": 0,
				"sectionNotes": [
					[
						137435.897435897,
						6,
						0
					],
					[
						137435.897435897,
						2,
						384.615384615385
					],
					[
						137948.717948718,
						1,
						384.615384615385
					],
					[
						137948.717948718,
						5,
						0
					],
					[
						138461.538461538,
						7,
						0
					],
					[
						138461.538461538,
						0,
						384.615384615385
					],
					[
						138974.358974359,
						1,
						384.615384615385
					],
					[
						138974.358974359,
						5,
						0
					],
					[
						137435.897435897,
						-1,
						"Change Character",
						"bf",
						"fubuki-christmas"
					],
					[
						139182.692307692,
						-1,
						"Change Character",
						"dad",
						"cj"
					]
				],
				"lengthInSteps": 16,
				"altAnim": false,
				"bpm": 159,
				"changeBPM": false,
				"mustHitSection": true
			},
			{
				"typeOfSection": 0,
				"sectionNotes": [
					[
						139487.179487179,
						6,
						1923.07692307692
					],
					[
						139487.179487179,
						3,
						0
					],
					[
						139743.58974359,
						1,
						0
					],
					[
						140512.82051282,
						2,
						0
					],
					[
						140769.230769231,
						0,
						0
					],
					[
						141025.641025641,
						2,
						0
					],
					[
						141282.051282051,
						0,
						0
					],
					[
						140000,
						3,
						0
					],
					[
						140256.41025641,
						1,
						0
					],
					[
						139487.179487179,
						-1,
						"Change Character",
						"bf",
						"aloe-christmas"
					]
				],
				"lengthInSteps": 16,
				"altAnim": false,
				"bpm": 159,
				"changeBPM": false,
				"mustHitSection": true
			},
			{
				"typeOfSection": 0,
				"sectionNotes": [
					[
						141538,
						6,
						0
					],
					[
						141794,
						4,
						0
					],
					[
						142051,
						6,
						0
					],
					[
						142307,
						4,
						0
					],
					[
						142564,
						7,
						0
					],
					[
						143076,
						7,
						0
					],
					[
						142820.512820513,
						4,
						0
					],
					[
						143333.333333333,
						4,
						0
					],
					[
						141538.461538462,
						3,
						897.435897435897
					],
					[
						142564.102564103,
						0,
						897.435897435897
					]
				],
				"lengthInSteps": 16,
				"altAnim": false,
				"bpm": 159,
				"changeBPM": false,
				"mustHitSection": false
			},
			{
				"typeOfSection": 0,
				"sectionNotes": [
					[
						143589.743589744,
						2,
						0
					],
					[
						143846.153846154,
						0,
						0
					],
					[
						144102.564102564,
						2,
						0
					],
					[
						144358.974358974,
						0,
						0
					],
					[
						144615.384615385,
						2,
						0
					],
					[
						144871.794871795,
						0,
						0
					],
					[
						145128.205128205,
						2,
						0
					],
					[
						145384.615384615,
						0,
						0
					],
					[
						143589.743589744,
						5,
						1153.84615384615
					]
				],
				"lengthInSteps": 16,
				"altAnim": false,
				"bpm": 159,
				"changeBPM": false,
				"mustHitSection": true
			},
			{
				"typeOfSection": 0,
				"sectionNotes": [
					[
						145641.025641026,
						2,
						0
					],
					[
						145897.435897436,
						1,
						0
					],
					[
						146153.846153846,
						0,
						0
					],
					[
						146410.256410256,
						3,
						0
					],
					[
						146666.666666667,
						1,
						256.410256410256
					],
					[
						147051.282051282,
						2,
						256.410256410256
					],
					[
						145641.025641026,
						-1,
						"Change Character",
						"bf",
						"momosuzu-nene"
					],
					[
						147435.897435897,
						1,
						128.205128205128
					],
					[
						147679.487179487,
						-1,
						"Change Character",
						"gf",
						"gf-mako"
					]
				],
				"lengthInSteps": 16,
				"altAnim": false,
				"bpm": 159,
				"changeBPM": false,
				"mustHitSection": true
			},
			{
				"typeOfSection": 0,
				"sectionNotes": [
					[
						147692.307692308,
						3,
						0
					],
					[
						147820.512820513,
						2,
						0
					],
					[
						147948.717948718,
						1,
						0
					],
					[
						148717.948717949,
						2,
						0
					],
					[
						148974.358974359,
						1,
						0
					],
					[
						149230.769230769,
						3,
						0
					],
					[
						149487.179487179,
						1,
						0
					],
					[
						147692.307692308,
						6,
						0
					],
					[
						147948.717948718,
						7,
						769.230769230769
					],
					[
						147692.307692308,
						-1,
						"Change Character",
						"dad",
						"selever"
					],
					[
						148076.923076923,
						0,
						0
					],
					[
						148205.128205128,
						3,
						0
					],
					[
						148333.333333333,
						2,
						0
					],
					[
						148589.743589744,
						0,
						0
					],
					[
						148461.538461538,
						1,
						0
					]
				],
				"lengthInSteps": 16,
				"altAnim": false,
				"bpm": 159,
				"changeBPM": false,
				"mustHitSection": false
			},
			{
				"typeOfSection": 0,
				"sectionNotes": [
					[
						149743.58974359,
						2,
						0
					],
					[
						150000,
						1,
						0
					],
					[
						150256.41025641,
						0,
						0
					],
					[
						151025.641025641,
						1,
						0
					],
					[
						151666.666666667,
						-1,
						"Change Character",
						"bf",
						"sunday-player"
					],
					[
						149743.58974359,
						-1,
						"Alt Idle Animation",
						"bf",
						"-alt"
					],
					[
						150000,
						-1,
						"Camera Follow Pos",
						"900",
						"500"
					],
					[
						150512.820512821,
						3,
						128.205128205128
					],
					[
						151282.051282051,
						2,
						128.205128205128
					]
				],
				"lengthInSteps": 16,
				"altAnim": false,
				"bpm": 159,
				"changeBPM": false,
				"mustHitSection": false
			},
			{
				"typeOfSection": 0,
				"sectionNotes": [
					[
						151794.871794872,
						3,
						0
					],
					[
						151923.076923077,
						2,
						0
					],
					[
						152051.282051282,
						1,
						0
					],
					[
						152820.512820513,
						2,
						0
					],
					[
						153333.333333333,
						3,
						0
					],
					[
						153076.923076923,
						2,
						0
					],
					[
						153589.743589744,
						0,
						0
					],
					[
						152179.487179487,
						0,
						0
					],
					[
						152307.692307692,
						3,
						0
					],
					[
						152435.897435897,
						2,
						0
					],
					[
						152564.102564103,
						1,
						0
					],
					[
						152692.307692308,
						0,
						0
					],
					[
						152307.692307692,
						-1,
						"Camera Follow Pos",
						"",
						""
					]
				],
				"lengthInSteps": 16,
				"altAnim": false,
				"bpm": 159,
				"changeBPM": false,
				"mustHitSection": true
			},
			{
				"typeOfSection": 0,
				"sectionNotes": [
					[
						153846.153846154,
						2,
						0
					],
					[
						154102.564102564,
						3,
						0
					],
					[
						154358.974358974,
						2,
						0
					],
					[
						154615.384615385,
						0,
						384.615384615385
					],
					[
						155128.205128205,
						2,
						0
					],
					[
						155384.615384615,
						3,
						0
					],
					[
						155641.025641026,
						2,
						128.205128205128
					]
				],
				"lengthInSteps": 16,
				"altAnim": false,
				"bpm": 159,
				"changeBPM": false,
				"mustHitSection": true
			},
			{
				"typeOfSection": 0,
				"sectionNotes": [
					[
						155897.435897436,
						3,
						0
					],
					[
						156025.641025641,
						2,
						0
					],
					[
						156153.846153846,
						1,
						0
					],
					[
						156923.076923077,
						2,
						0
					],
					[
						157179.487179487,
						2,
						0
					],
					[
						157692.307692308,
						0,
						0
					],
					[
						155897.435897436,
						-1,
						"Change Character",
						"dad",
						"shaggy"
					],
					[
						156282.051282051,
						0,
						0
					],
					[
						156410.256410256,
						3,
						0
					],
					[
						156538.461538462,
						2,
						0
					],
					[
						156666.666666667,
						1,
						0
					],
					[
						156794.871794872,
						0,
						0
					],
					[
						157435.897435897,
						1,
						0
					]
				],
				"lengthInSteps": 16,
				"altAnim": false,
				"bpm": 159,
				"changeBPM": false,
				"mustHitSection": false
			},
			{
				"typeOfSection": 0,
				"sectionNotes": [
					[
						157948.717948718,
						2,
						0
					],
					[
						158205.128205128,
						3,
						0
					],
					[
						158461.538461538,
						2,
						0
					],
					[
						158717.948717949,
						0,
						384.615384615385
					],
					[
						159230.769230769,
						2,
						0
					],
					[
						159487.17948718,
						3,
						384.615384615385
					]
				],
				"lengthInSteps": 16,
				"altAnim": false,
				"bpm": 159,
				"changeBPM": false,
				"mustHitSection": false
			},
			{
				"typeOfSection": 0,
				"sectionNotes": [
					[
						160000,
						0,
						0
					],
					[
						160128.205128205,
						1,
						0
					],
					[
						160256.41025641,
						2,
						0
					],
					[
						161538.461538461,
						0,
						0
					],
					[
						161794.871794872,
						3,
						0
					],
					[
						161025.641025641,
						2,
						0
					],
					[
						161282.051282051,
						2,
						0
					],
					[
						160000,
						-1,
						"Change Character",
						"bf",
						"botan-player"
					],
					[
						160384.615384615,
						3,
						0
					],
					[
						160512.820512821,
						0,
						0
					],
					[
						160641.025641026,
						1,
						0
					],
					[
						160769.230769231,
						2,
						0
					],
					[
						160897.435897436,
						3,
						0
					]
				],
				"lengthInSteps": 16,
				"altAnim": false,
				"bpm": 159,
				"changeBPM": false,
				"mustHitSection": true
			},
			{
				"typeOfSection": 0,
				"sectionNotes": [
					[
						162307.692307692,
						0,
						0
					],
					[
						162820.512820513,
						3,
						384.615384615385
					],
					[
						162051.282051282,
						2,
						0
					],
					[
						162564.102564103,
						2,
						0
					],
					[
						163333.333333333,
						2,
						0
					],
					[
						163589.743589744,
						0,
						128.205128205128
					],
					[
						163846.153846154,
						3,
						128.205128205128
					]
				],
				"lengthInSteps": 16,
				"altAnim": false,
				"bpm": 159,
				"changeBPM": false,
				"mustHitSection": true
			},
			{
				"typeOfSection": 0,
				"sectionNotes": [
					[
						165128.205128205,
						7,
						641.025641025641,
						"Alt Animation"
					],
					[
						165128.205128205,
						-1,
						"Change Character",
						"dad",
						"takamori-christmas"
					],
					[
						164102.564102564,
						2,
						128.205128205128
					]
				],
				"lengthInSteps": 16,
				"altAnim": false,
				"bpm": 159,
				"changeBPM": false,
				"mustHitSection": true
			},
			{
				"typeOfSection": 0,
				"sectionNotes": [
					[
						166153,
						4,
						384
					],
					[
						167179,
						2,
						256,
						"Alt Animation"
					],
					[
						166153.846153846,
						-1,
						"Change Character",
						"bf",
						"tankman-player"
					],
					[
						167564.102564103,
						1,
						256.410256410256,
						"Alt Animation"
					],
					[
						167948.717948718,
						3,
						0,
						"Alt Animation"
					]
				],
				"lengthInSteps": 16,
				"altAnim": false,
				"bpm": 159,
				"changeBPM": false,
				"mustHitSection": false
			},
			{
				"typeOfSection": 0,
				"sectionNotes": [
					[
						168205.128205128,
						1,
						0
					],
					[
						169230.769230769,
						2,
						0
					],
					[
						169230.769230769,
						6,
						128.205128205128,
						"Alt Animation"
					]
				],
				"lengthInSteps": 16,
				"altAnim": false,
				"bpm": 159,
				"changeBPM": false,
				"mustHitSection": true
			},
			{
				"typeOfSection": 0,
				"sectionNotes": [
					[
						170256.41025641,
						7,
						0
					],
					[
						171358.974358974,
						-1,
						"Play Animation",
						"yabe",
						"dad"
					]
				],
				"lengthInSteps": 16,
				"altAnim": false,
				"bpm": 159,
				"changeBPM": false,
				"mustHitSection": false
			},
			{
				"typeOfSection": 0,
				"sectionNotes": [],
				"lengthInSteps": 16,
				"altAnim": false,
				"bpm": 159,
				"changeBPM": false,
				"mustHitSection": false
			},
			{
				"typeOfSection": 0,
				"sectionNotes": [],
				"lengthInSteps": 16,
				"altAnim": false,
				"bpm": 159,
				"changeBPM": false,
				"mustHitSection": false
			},
			{
				"typeOfSection": 0,
				"sectionNotes": [],
				"lengthInSteps": 16,
				"altAnim": false,
				"bpm": 159,
				"changeBPM": false,
				"mustHitSection": true
			},
			{
				"typeOfSection": 0,
				"sectionNotes": [],
				"lengthInSteps": 16,
				"altAnim": false,
				"bpm": 159,
				"changeBPM": false,
				"mustHitSection": true
			},
			{
				"typeOfSection": 0,
				"sectionNotes": [],
				"lengthInSteps": 16,
				"altAnim": false,
				"bpm": 159,
				"changeBPM": false,
				"mustHitSection": true
			},
			{
				"typeOfSection": 0,
				"sectionNotes": [],
				"lengthInSteps": 16,
				"altAnim": false,
				"bpm": 159,
				"changeBPM": false,
				"mustHitSection": true
			},
			{
				"lengthInSteps": 16,
				"typeOfSection": 0,
				"sectionNotes": [],
				"altAnim": false,
				"bpm": 159,
				"changeBPM": false,
				"mustHitSection": true
			},
			{
				"lengthInSteps": 16,
				"typeOfSection": 0,
				"sectionNotes": [],
				"altAnim": false,
				"bpm": 117,
				"changeBPM": false,
				"mustHitSection": true
			},
			{
				"lengthInSteps": 16,
				"typeOfSection": 0,
				"sectionNotes": [],
				"altAnim": false,
				"bpm": 117,
				"changeBPM": false,
				"mustHitSection": true
			},
			{
				"lengthInSteps": 16,
				"typeOfSection": 0,
				"sectionNotes": [],
				"altAnim": false,
				"bpm": 117,
				"changeBPM": false,
				"mustHitSection": true
			},
			{
				"sectionNotes": [],
				"typeOfSection": 0,
				"lengthInSteps": 16,
				"altAnim": false,
				"mustHitSection": true,
				"changeBPM": false,
				"bpm": 117
			},
			{
				"lengthInSteps": 16,
				"typeOfSection": 0,
				"sectionNotes": [],
				"altAnim": false,
				"bpm": 117,
				"changeBPM": false,
				"mustHitSection": true
			},
			{
				"sectionNotes": [],
				"typeOfSection": 0,
				"lengthInSteps": 16,
				"altAnim": false,
				"mustHitSection": true,
				"changeBPM": false,
				"bpm": 117
			},
			{
				"lengthInSteps": 16,
				"typeOfSection": 0,
				"sectionNotes": [],
				"altAnim": false,
				"bpm": 117,
				"changeBPM": false,
				"mustHitSection": true
			},
			{
				"lengthInSteps": 16,
				"typeOfSection": 0,
				"sectionNotes": [],
				"altAnim": false,
				"bpm": 117,
				"changeBPM": false,
				"mustHitSection": true
			},
			{
				"lengthInSteps": 16,
				"typeOfSection": 0,
				"sectionNotes": [],
				"altAnim": false,
				"bpm": 117,
				"changeBPM": false,
				"mustHitSection": true
			},
			{
				"sectionNotes": [],
				"typeOfSection": 0,
				"lengthInSteps": 16,
				"altAnim": false,
				"mustHitSection": true,
				"changeBPM": false,
				"bpm": 117
			},
			{
				"lengthInSteps": 16,
				"typeOfSection": 0,
				"sectionNotes": [],
				"altAnim": false,
				"bpm": 117,
				"changeBPM": false,
				"mustHitSection": true
			},
			{
				"lengthInSteps": 16,
				"typeOfSection": 0,
				"sectionNotes": [],
				"altAnim": false,
				"bpm": 117,
				"changeBPM": false,
				"mustHitSection": true
			},
			{
				"lengthInSteps": 16,
				"typeOfSection": 0,
				"sectionNotes": [],
				"altAnim": false,
				"bpm": 117,
				"changeBPM": false,
				"mustHitSection": true
			},
			{
				"lengthInSteps": 16,
				"typeOfSection": 0,
				"sectionNotes": [],
				"altAnim": false,
				"bpm": 117,
				"changeBPM": false,
				"mustHitSection": true
			},
			{
				"lengthInSteps": 16,
				"typeOfSection": 0,
				"sectionNotes": [],
				"altAnim": false,
				"bpm": 117,
				"changeBPM": false,
				"mustHitSection": true
			},
			{
				"lengthInSteps": 16,
				"typeOfSection": 0,
				"sectionNotes": [],
				"altAnim": false,
				"bpm": 117,
				"changeBPM": false,
				"mustHitSection": true
			},
			{
				"lengthInSteps": 16,
				"typeOfSection": 0,
				"sectionNotes": [],
				"altAnim": false,
				"bpm": 117,
				"changeBPM": false,
				"mustHitSection": true
			},
			{
				"sectionNotes": [],
				"typeOfSection": 0,
				"lengthInSteps": 16,
				"altAnim": false,
				"mustHitSection": true,
				"changeBPM": false,
				"bpm": 117
			},
			{
				"sectionNotes": [],
				"typeOfSection": 0,
				"lengthInSteps": 16,
				"altAnim": false,
				"mustHitSection": true,
				"changeBPM": false,
				"bpm": 117
			},
			{
				"lengthInSteps": 16,
				"typeOfSection": 0,
				"sectionNotes": [],
				"altAnim": false,
				"bpm": 117,
				"changeBPM": false,
				"mustHitSection": true
			},
			{
				"sectionNotes": [],
				"typeOfSection": 0,
				"lengthInSteps": 16,
				"altAnim": false,
				"mustHitSection": true,
				"changeBPM": false,
				"bpm": 117
			},
			{
				"sectionNotes": [],
				"typeOfSection": 0,
				"lengthInSteps": 16,
				"altAnim": false,
				"mustHitSection": true,
				"changeBPM": false,
				"bpm": 117
			},
			{
				"lengthInSteps": 16,
				"typeOfSection": 0,
				"sectionNotes": [],
				"altAnim": false,
				"bpm": 117,
				"changeBPM": false,
				"mustHitSection": true
			},
			{
				"lengthInSteps": 16,
				"typeOfSection": 0,
				"sectionNotes": [],
				"altAnim": false,
				"bpm": 117,
				"changeBPM": false,
				"mustHitSection": true
			},
			{
				"sectionNotes": [],
				"typeOfSection": 0,
				"lengthInSteps": 16,
				"altAnim": false,
				"mustHitSection": true,
				"changeBPM": false,
				"bpm": 117
			},
			{
				"lengthInSteps": 16,
				"typeOfSection": 0,
				"sectionNotes": [],
				"altAnim": false,
				"bpm": 117,
				"changeBPM": false,
				"mustHitSection": true
			},
			{
				"sectionNotes": [],
				"typeOfSection": 0,
				"lengthInSteps": 16,
				"altAnim": false,
				"mustHitSection": true,
				"changeBPM": false,
				"bpm": 117
			},
			{
				"sectionNotes": [],
				"typeOfSection": 0,
				"lengthInSteps": 16,
				"altAnim": false,
				"mustHitSection": true,
				"changeBPM": false,
				"bpm": 117
			},
			{
				"sectionNotes": [],
				"typeOfSection": 0,
				"lengthInSteps": 16,
				"altAnim": false,
				"mustHitSection": true,
				"changeBPM": false,
				"bpm": 117
			},
			{
				"lengthInSteps": 16,
				"typeOfSection": 0,
				"sectionNotes": [],
				"altAnim": false,
				"bpm": 117,
				"changeBPM": false,
				"mustHitSection": true
			},
			{
				"playerAltAnim": false,
				"altAnim": false,
				"CPUAltAnim": false,
				"mustHitSection": true,
				"lengthInSteps": 16,
				"typeOfSection": 0,
				"sectionNotes": [],
				"bpm": 117,
				"changeBPM": false
			},
			{
				"playerAltAnim": false,
				"altAnim": false,
				"CPUAltAnim": false,
				"mustHitSection": true,
				"lengthInSteps": 16,
				"typeOfSection": 0,
				"sectionNotes": [],
				"changeBPM": false,
				"bpm": 117
			},
			{
				"playerAltAnim": false,
				"altAnim": false,
				"CPUAltAnim": false,
				"mustHitSection": true,
				"lengthInSteps": 16,
				"typeOfSection": 0,
				"sectionNotes": [],
				"bpm": 117,
				"changeBPM": false
			},
			{
				"playerAltAnim": false,
				"altAnim": false,
				"CPUAltAnim": false,
				"mustHitSection": true,
				"lengthInSteps": 16,
				"typeOfSection": 0,
				"sectionNotes": [],
				"changeBPM": false,
				"bpm": 117
			},
			{
				"sectionNotes": [],
				"typeOfSection": 0,
				"lengthInSteps": 16,
				"altAnim": false,
				"mustHitSection": true,
				"changeBPM": false,
				"bpm": 117
			},
			{
				"sectionNotes": [],
				"typeOfSection": 0,
				"lengthInSteps": 16,
				"altAnim": false,
				"mustHitSection": true,
				"changeBPM": false,
				"bpm": 117
			},
			{
				"lengthInSteps": 16,
				"typeOfSection": 0,
				"sectionNotes": [],
				"altAnim": false,
				"bpm": 117,
				"changeBPM": false,
				"mustHitSection": true
			},
			{
				"sectionNotes": [],
				"typeOfSection": 0,
				"lengthInSteps": 16,
				"altAnim": false,
				"mustHitSection": true,
				"changeBPM": false,
				"bpm": 117
			},
			{
				"lengthInSteps": 16,
				"typeOfSection": 0,
				"sectionNotes": [],
				"altAnim": false,
				"bpm": 117,
				"changeBPM": false,
				"mustHitSection": true
			},
			{
				"sectionNotes": [],
				"typeOfSection": 0,
				"lengthInSteps": 16,
				"altAnim": false,
				"mustHitSection": true,
				"changeBPM": false,
				"bpm": 117
			},
			{
				"lengthInSteps": 16,
				"typeOfSection": 0,
				"sectionNotes": [],
				"altAnim": false,
				"bpm": 117,
				"changeBPM": false,
				"mustHitSection": true
			},
			{
				"lengthInSteps": 16,
				"typeOfSection": 0,
				"sectionNotes": [],
				"altAnim": false,
				"bpm": 117,
				"changeBPM": false,
				"mustHitSection": true
			},
			{
				"sectionNotes": [],
				"typeOfSection": 0,
				"lengthInSteps": 16,
				"altAnim": false,
				"mustHitSection": true,
				"changeBPM": false,
				"bpm": 117
			},
			{
				"sectionNotes": [],
				"typeOfSection": 0,
				"lengthInSteps": 16,
				"altAnim": false,
				"mustHitSection": true,
				"changeBPM": false,
				"bpm": 117
			},
			{
				"sectionNotes": [],
				"typeOfSection": 0,
				"lengthInSteps": 16,
				"altAnim": false,
				"mustHitSection": true,
				"changeBPM": false,
				"bpm": 117
			},
			{
				"sectionNotes": [],
				"typeOfSection": 0,
				"lengthInSteps": 16,
				"altAnim": false,
				"mustHitSection": true,
				"changeBPM": false,
				"bpm": 117
			},
			{
				"sectionNotes": [],
				"typeOfSection": 0,
				"lengthInSteps": 16,
				"altAnim": false,
				"mustHitSection": true,
				"changeBPM": false,
				"bpm": 117
			},
			{
				"sectionNotes": [],
				"typeOfSection": 0,
				"lengthInSteps": 16,
				"altAnim": false,
				"mustHitSection": true,
				"changeBPM": false,
				"bpm": 117
			},
			{
				"sectionNotes": [],
				"typeOfSection": 0,
				"lengthInSteps": 16,
				"altAnim": false,
				"mustHitSection": true,
				"changeBPM": false,
				"bpm": 117
			},
			{
				"sectionNotes": [],
				"typeOfSection": 0,
				"lengthInSteps": 16,
				"altAnim": false,
				"mustHitSection": true,
				"changeBPM": false,
				"bpm": 117
			},
			{
				"sectionNotes": [],
				"typeOfSection": 0,
				"lengthInSteps": 16,
				"altAnim": false,
				"mustHitSection": true,
				"changeBPM": false,
				"bpm": 117
			},
			{
				"sectionNotes": [],
				"typeOfSection": 0,
				"lengthInSteps": 16,
				"altAnim": false,
				"mustHitSection": true,
				"changeBPM": false,
				"bpm": 117
			},
			{
				"sectionNotes": [],
				"typeOfSection": 0,
				"lengthInSteps": 16,
				"altAnim": false,
				"mustHitSection": true,
				"changeBPM": false,
				"bpm": 117
			},
			{
				"sectionNotes": [],
				"typeOfSection": 0,
				"lengthInSteps": 16,
				"altAnim": false,
				"mustHitSection": true,
				"changeBPM": false,
				"bpm": 117
			},
			{
				"sectionNotes": [],
				"typeOfSection": 0,
				"lengthInSteps": 16,
				"altAnim": false,
				"mustHitSection": true,
				"changeBPM": false,
				"bpm": 117
			},
			{
				"sectionNotes": [],
				"typeOfSection": 0,
				"lengthInSteps": 16,
				"altAnim": false,
				"mustHitSection": true,
				"changeBPM": false,
				"bpm": 117
			},
			{
				"sectionNotes": [],
				"typeOfSection": 0,
				"lengthInSteps": 16,
				"altAnim": false,
				"mustHitSection": true,
				"changeBPM": false,
				"bpm": 117
			},
			{
				"sectionNotes": [],
				"typeOfSection": 0,
				"lengthInSteps": 16,
				"altAnim": false,
				"mustHitSection": true,
				"changeBPM": false,
				"bpm": 117
			},
			{
				"lengthInSteps": 16,
				"typeOfSection": 0,
				"sectionNotes": [],
				"altAnim": false,
				"bpm": 117,
				"changeBPM": false,
				"mustHitSection": true
			},
			{
				"lengthInSteps": 16,
				"typeOfSection": 0,
				"sectionNotes": [],
				"altAnim": false,
				"bpm": 117,
				"changeBPM": false,
				"mustHitSection": true
			},
			{
				"sectionNotes": [],
				"typeOfSection": 0,
				"lengthInSteps": 16,
				"altAnim": false,
				"mustHitSection": true,
				"changeBPM": false,
				"bpm": 117
			},
			{
				"lengthInSteps": 16,
				"typeOfSection": 0,
				"sectionNotes": [],
				"altAnim": false,
				"bpm": 117,
				"changeBPM": false,
				"mustHitSection": true
			},
			{
				"sectionNotes": [],
				"typeOfSection": 0,
				"lengthInSteps": 16,
				"altAnim": false,
				"mustHitSection": true,
				"changeBPM": false,
				"bpm": 117
			},
			{
				"lengthInSteps": 16,
				"typeOfSection": 0,
				"sectionNotes": [],
				"altAnim": false,
				"bpm": 117,
				"changeBPM": false,
				"mustHitSection": true
			},
			{
				"sectionNotes": [],
				"typeOfSection": 0,
				"lengthInSteps": 16,
				"altAnim": false,
				"mustHitSection": true,
				"changeBPM": false,
				"bpm": 117
			},
			{
				"lengthInSteps": 16,
				"typeOfSection": 0,
				"sectionNotes": [],
				"altAnim": false,
				"bpm": 117,
				"changeBPM": false,
				"mustHitSection": true
			},
			{
				"sectionNotes": [],
				"typeOfSection": 0,
				"lengthInSteps": 16,
				"altAnim": false,
				"mustHitSection": true,
				"changeBPM": false,
				"bpm": 117
			},
			{
				"lengthInSteps": 16,
				"typeOfSection": 0,
				"sectionNotes": [],
				"altAnim": false,
				"bpm": 117,
				"changeBPM": false,
				"mustHitSection": true
			},
			{
				"sectionNotes": [],
				"typeOfSection": 0,
				"lengthInSteps": 16,
				"altAnim": false,
				"mustHitSection": true,
				"changeBPM": false,
				"bpm": 117
			},
			{
				"lengthInSteps": 16,
				"typeOfSection": 0,
				"sectionNotes": [],
				"altAnim": false,
				"bpm": 117,
				"changeBPM": false,
				"mustHitSection": true
			},
			{
				"sectionNotes": [],
				"typeOfSection": 0,
				"lengthInSteps": 16,
				"altAnim": false,
				"mustHitSection": true,
				"changeBPM": false,
				"bpm": 117
			},
			{
				"lengthInSteps": 16,
				"typeOfSection": 0,
				"sectionNotes": [],
				"altAnim": false,
				"bpm": 117,
				"changeBPM": false,
				"mustHitSection": true
			},
			{
				"sectionNotes": [],
				"typeOfSection": 0,
				"lengthInSteps": 16,
				"altAnim": false,
				"mustHitSection": true,
				"changeBPM": false,
				"bpm": 117
			},
			{
				"lengthInSteps": 16,
				"altAnim": false,
				"typeOfSection": 0,
				"sectionNotes": [],
				"bpm": 117,
				"changeBPM": false,
				"mustHitSection": true
			},
			{
				"lengthInSteps": 16,
				"altAnim": false,
				"typeOfSection": 0,
				"sectionNotes": [],
				"bpm": 117,
				"changeBPM": false,
				"mustHitSection": true
			}
		],
		"player3": "gf-christmas",
		"splashSkin": "noteSplashesHololive",
		"startingHealth": 1,
		"song": "Red-And-Black",
		"stage": "hellKitchen",
		"validScore": true,
		"sections": 0,
		"needsVoices": true,
		"arrowSkin": "new",
		"speed": 3,
		"bpm": 117
	}
}