{
	"song": {
		"player1": "ram",
		"events": [
			[
				29538.4615384615,
				[
					[
						"Change Character",
						"dad",
						"okayu"
					]
				]
			],
			[
				44307.6923076923,
				[
					[
						"Change Character",
						"bf",
						"korone-fw"
					]
				]
			],
			[
				59076.9230769231,
				[
					[
						"Change Character",
						"dad",
						"miku-nak"
					]
				]
			],
			[
				73846.1538461538,
				[
					[
						"Change Character",
						"bf",
						"mutsumi-player"
					]
				]
			],
			[
				96923.0769230769,
				[
					[
						"Change Character",
						"dad",
						"nino-guitar-alt"
					]
				]
			],
			[
				102230.769230769,
				[
					[
						"HideUI",
						"0",
						""
					]
				]
			],
			[
				103384.615384615,
				[
					[
						"Change Scroll Speed",
						"1.5",
						"0.5"
					],
					[
						"Zoom",
						"1.2",
						""
					]
				]
			],
			[
				103459.615384615,
				[
					[
						"HideUI",
						"1",
						""
					]
				]
			],
			[
				103684.615384615,
				[
					[
						"Change Character",
						"dad",
						"nino-guitar"
					],
					[
						"Flash",
						"FFFFFF",
						""
					]
				]
			],
			[
				113284.615384615,
				[
					[
						"Change Character",
						"bf",
						"itsuki-player"
					]
				]
			],
			[
				122884.615384615,
				[
					[
						"Change Character",
						"dad",
						"mako7w7"
					]
				]
			],
			[
				127684.615384615,
				[
					[
						"Change Character",
						"bf",
						"nimu-whats"
					]
				]
			],
			[
				132184.615384615,
				[
					[
						"Set Property",
						"boyfriend.visible",
						"false"
					],
					[
						"Flash",
						"FFFFFF",
						""
					],
					[
						"Set Property",
						"gf.visible",
						"false"
					]
				]
			],
			[
				132484.615384615,
				[
					[
						"Change Character",
						"dad",
						"chikitazuri"
					]
				]
			],
			[
				137284.615384615,
				[
					[
						"Change Character",
						"bf",
						"betazuri-flashback-player"
					]
				]
			],
			[
				137287.740384615,
				[
					[
						"Set Property",
						"boyfriend.visible",
						"false"
					]
				]
			],
			[
				142084.615384615,
				[
					[
						"Change Character",
						"dad",
						"azuri-closeup"
					]
				]
			],
			[
				146884.615384615,
				[
					[
						"Change Character",
						"bf",
						"ces4r01-icon"
					]
				]
			],
			[
				151384.615384615,
				[
					[
						"MoveArrowsToMiddle",
						"1",
						"1"
					],
					[
						"Flash",
						"FFFFFF",
						""
					]
				]
			],
			[
				151384.615384615,
				[
					[
						"Change Character",
						"dad",
						"big-monika"
					],
					[
						"Change Character",
						"bf",
						"monikali-icon"
					]
				]
			],
			[
				160984.615384615,
				[
					[
						"Flash",
						"FFFFFF",
						""
					],
					[
						"MoveArrowsToMiddle",
						"0",
						"0"
					],
					[
						"Zoom",
						"0.8",
						""
					]
				]
			],
			[
				162184.615384615,
				[
					[
						"HideUI",
						"0",
						""
					]
				]
			]
		],
		"notes": [
			{
				"sectionNotes": [
					[
						0,
						2,
						807.692307692308
					],
					[
						1384.61538461538,
						0,
						346.153846153846
					]
				],
				"lengthInSteps": 16,
				"mustHitSection": false
			},
			{
				"sectionNotes": [
					[
						1846.15384615385,
						2,
						807.692307692308
					],
					[
						3230.76923076923,
						0,
						0
					],
					[
						3461.53846153846,
						3,
						0
					]
				],
				"lengthInSteps": 16,
				"mustHitSection": false
			},
			{
				"sectionNotes": [
					[
						3692.30769230769,
						1,
						807.692307692308
					],
					[
						5076.92307692308,
						2,
						346.153846153846
					]
				],
				"lengthInSteps": 16,
				"mustHitSection": false
			},
			{
				"sectionNotes": [
					[
						5538.46153846154,
						0,
						807.692307692308
					],
					[
						6923.07692307692,
						3,
						0
					],
					[
						7153.84615384615,
						0,
						0
					]
				],
				"lengthInSteps": 16,
				"mustHitSection": false
			},
			{
				"sectionNotes": [
					[
						7384.61538461538,
						0,
						1730.76923076923
					]
				],
				"lengthInSteps": 16,
				"mustHitSection": false
			},
			{
				"sectionNotes": [
					[
						9230.76923076923,
						2,
						1038.46153846154
					]
				],
				"lengthInSteps": 16,
				"mustHitSection": false
			},
			{
				"sectionNotes": [
					[
						11076.9230769231,
						3,
						807.692307692308
					],
					[
						12461.5384615385,
						2,
						346.153846153846
					]
				],
				"lengthInSteps": 16,
				"mustHitSection": false
			},
			{
				"sectionNotes": [
					[
						12923.0769230769,
						0,
						807.692307692308
					]
				],
				"lengthInSteps": 16,
				"mustHitSection": false
			},
			{
				"sectionNotes": [
					[
						14769.2307692308,
						3,
						807.692307692308
					],
					[
						16153.8461538462,
						2,
						346.153846153846
					]
				],
				"lengthInSteps": 16,
				"mustHitSection": true
			},
			{
				"sectionNotes": [
					[
						16615.3846153846,
						0,
						807.692307692308
					],
					[
						18000,
						1,
						0
					],
					[
						18230.7692307692,
						3,
						0
					]
				],
				"lengthInSteps": 16,
				"mustHitSection": true
			},
			{
				"sectionNotes": [
					[
						18461.5384615385,
						1,
						807.692307692308
					],
					[
						19846.1538461538,
						0,
						346.153846153846
					]
				],
				"lengthInSteps": 16,
				"mustHitSection": true
			},
			{
				"sectionNotes": [
					[
						20307.6923076923,
						3,
						807.692307692308
					],
					[
						21692.3076923077,
						0,
						0
					],
					[
						21923.0769230769,
						1,
						0
					]
				],
				"lengthInSteps": 16,
				"mustHitSection": true
			},
			{
				"sectionNotes": [
					[
						22153.8461538462,
						3,
						1730.76923076923
					]
				],
				"lengthInSteps": 16,
				"mustHitSection": true
			},
			{
				"sectionNotes": [
					[
						24000,
						2,
						1730.76923076923
					]
				],
				"lengthInSteps": 16,
				"mustHitSection": true
			},
			{
				"sectionNotes": [
					[
						25846.1538461539,
						0,
						807.692307692308
					],
					[
						27230.7692307692,
						2,
						346.153846153846
					]
				],
				"lengthInSteps": 16,
				"mustHitSection": true
			},
			{
				"sectionNotes": [
					[
						27692.3076923077,
						0,
						807.692307692308
					]
				],
				"lengthInSteps": 16,
				"mustHitSection": true
			},
			{
				"sectionNotes": [
					[
						29538.4615384615,
						1,
						346.153846153846
					],
					[
						30000,
						3,
						0
					],
					[
						30230.7692307692,
						2,
						576.923076923077
					],
					[
						30923.0769230769,
						0,
						0
					],
					[
						31153.8461538462,
						3,
						0
					]
				],
				"lengthInSteps": 16,
				"mustHitSection": false
			},
			{
				"sectionNotes": [
					[
						31384.6153846154,
						1,
						0
					],
					[
						31384.6153846154,
						2,
						576.923076923077
					],
					[
						32538.4615384615,
						0,
						0
					],
					[
						32769.2307692308,
						1,
						0
					],
					[
						33000,
						3,
						0
					]
				],
				"lengthInSteps": 16,
				"mustHitSection": false
			},
			{
				"sectionNotes": [
					[
						33230.7692307692,
						2,
						230.769230769231
					],
					[
						33692.3076923077,
						2,
						0
					],
					[
						33923.0769230769,
						0,
						576.923076923077
					],
					[
						34615.3846153846,
						1,
						346.153846153846
					]
				],
				"lengthInSteps": 16,
				"mustHitSection": false
			},
			{
				"sectionNotes": [
					[
						35076.9230769231,
						2,
						576.923076923077
					],
					[
						35769.2307692308,
						0,
						576.923076923077
					],
					[
						36461.5384615385,
						1,
						346.153846153846
					]
				],
				"lengthInSteps": 16,
				"mustHitSection": false
			},
			{
				"sectionNotes": [
					[
						36923.0769230769,
						2,
						0
					],
					[
						37153.8461538462,
						0,
						0
					],
					[
						37384.6153846154,
						2,
						0
					],
					[
						37615.3846153846,
						3,
						576.923076923077
					],
					[
						38307.6923076923,
						2,
						346.153846153846
					]
				],
				"lengthInSteps": 16,
				"mustHitSection": false
			},
			{
				"sectionNotes": [
					[
						38769.2307692308,
						1,
						923.076923076923
					],
					[
						40153.8461538462,
						2,
						346.153846153846
					]
				],
				"lengthInSteps": 16,
				"mustHitSection": false
			},
			{
				"sectionNotes": [
					[
						40615.3846153846,
						0,
						346.153846153846
					],
					[
						41076.9230769231,
						2,
						0
					],
					[
						41307.6923076923,
						3,
						346.153846153846
					],
					[
						42000,
						1,
						346.153846153846
					]
				],
				"lengthInSteps": 16,
				"mustHitSection": false
			},
			{
				"sectionNotes": [
					[
						42461.5384615385,
						2,
						461.538461538462
					]
				],
				"lengthInSteps": 16,
				"mustHitSection": false
			},
			{
				"sectionNotes": [
					[
						44307.6923076923,
						1,
						346.153846153846
					],
					[
						44769.2307692308,
						0,
						0
					],
					[
						45000,
						2,
						576.923076923077
					],
					[
						45692.3076923077,
						1,
						0
					],
					[
						45923.0769230769,
						2,
						0
					]
				],
				"lengthInSteps": 16,
				"mustHitSection": true
			},
			{
				"sectionNotes": [
					[
						46153.8461538461,
						0,
						576.923076923077
					],
					[
						46153.8461538461,
						1,
						0
					],
					[
						47307.6923076923,
						2,
						0
					],
					[
						47538.4615384615,
						0,
						0
					],
					[
						47769.2307692308,
						3,
						0
					]
				],
				"lengthInSteps": 16,
				"mustHitSection": true
			},
			{
				"sectionNotes": [
					[
						48000,
						1,
						230.769230769231
					],
					[
						48461.5384615385,
						1,
						0
					],
					[
						48692.3076923077,
						2,
						576.923076923077
					],
					[
						49384.6153846154,
						0,
						346.153846153846
					]
				],
				"lengthInSteps": 16,
				"mustHitSection": true
			},
			{
				"sectionNotes": [
					[
						49846.1538461538,
						1,
						576.923076923077
					],
					[
						50538.4615384615,
						0,
						576.923076923077
					],
					[
						51230.7692307692,
						2,
						346.153846153846
					]
				],
				"lengthInSteps": 16,
				"mustHitSection": true
			},
			{
				"sectionNotes": [
					[
						51692.3076923077,
						0,
						0
					],
					[
						51923.0769230769,
						3,
						0
					],
					[
						52153.8461538461,
						2,
						0
					],
					[
						52384.6153846154,
						3,
						576.923076923077
					],
					[
						53076.9230769231,
						1,
						346.153846153846
					]
				],
				"lengthInSteps": 16,
				"mustHitSection": true
			},
			{
				"sectionNotes": [
					[
						53538.4615384615,
						0,
						807.692307692308
					],
					[
						54923.0769230769,
						2,
						346.153846153846
					]
				],
				"lengthInSteps": 16,
				"mustHitSection": true
			},
			{
				"sectionNotes": [
					[
						55384.6153846154,
						0,
						346.153846153846
					],
					[
						55846.1538461538,
						1,
						0
					],
					[
						56076.9230769231,
						3,
						346.153846153846
					],
					[
						56769.2307692308,
						2,
						346.153846153846
					]
				],
				"lengthInSteps": 16,
				"mustHitSection": true
			},
			{
				"sectionNotes": [
					[
						57230.7692307692,
						0,
						346.153846153846
					]
				],
				"lengthInSteps": 16,
				"mustHitSection": true
			},
			{
				"sectionNotes": [
					[
						59076.9230769231,
						3,
						346.153846153846
					],
					[
						59538.4615384615,
						2,
						0
					],
					[
						59769.2307692308,
						0,
						1038.46153846154
					]
				],
				"lengthInSteps": 16,
				"mustHitSection": false
			},
			{
				"sectionNotes": [
					[
						62307.6923076923,
						2,
						346.153846153846
					]
				],
				"lengthInSteps": 16,
				"mustHitSection": false
			},
			{
				"sectionNotes": [
					[
						62769.2307692307,
						3,
						346.153846153846
					],
					[
						63230.7692307692,
						2,
						0
					],
					[
						63461.5384615384,
						0,
						576.923076923077
					],
					[
						64153.8461538461,
						1,
						346.153846153846
					]
				],
				"lengthInSteps": 16,
				"mustHitSection": false
			},
			{
				"sectionNotes": [
					[
						64615.3846153846,
						0,
						346.153846153846
					],
					[
						65076.923076923,
						2,
						230.769230769231
					],
					[
						65538.4615384615,
						3,
						576.923076923077
					],
					[
						65509.6153846154,
						0,
						0
					]
				],
				"lengthInSteps": 16,
				"mustHitSection": false
			},
			{
				"sectionNotes": [
					[
						66461.5384615384,
						3,
						346.153846153846
					],
					[
						67153.8461538461,
						2,
						1038.46153846154
					],
					[
						66923.0769230769,
						0,
						0
					]
				],
				"lengthInSteps": 16,
				"mustHitSection": false
			},
			{
				"sectionNotes": [
					[
						69692.3076923077,
						3,
						346.153846153846
					]
				],
				"lengthInSteps": 16,
				"mustHitSection": false
			},
			{
				"sectionNotes": [
					[
						70153.8461538461,
						2,
						346.153846153846
					],
					[
						70846.1538461538,
						1,
						576.923076923077
					],
					[
						71538.4615384615,
						0,
						346.153846153846
					],
					[
						70615.3846153846,
						3,
						0
					]
				],
				"lengthInSteps": 16,
				"mustHitSection": false
			},
			{
				"sectionNotes": [
					[
						72000,
						3,
						346.153846153846
					],
					[
						72461.5384615384,
						0,
						0
					],
					[
						73153.8461538461,
						3,
						346.153846153846
					],
					[
						72692.3076923077,
						2,
						346.153846153846
					],
					[
						73615.3846153846,
						2,
						0
					]
				],
				"lengthInSteps": 16,
				"mustHitSection": false
			},
			{
				"sectionNotes": [
					[
						73846.1538461538,
						4,
						923.076923076923
					],
					[
						73846.1538461538,
						1,
						346.153846153846
					],
					[
						74307.6923076923,
						3,
						0
					],
					[
						74538.4615384615,
						2,
						1846.15384615385
					]
				],
				"lengthInSteps": 16,
				"mustHitSection": true
			},
			{
				"sectionNotes": [
					[
						77076.923076923,
						3,
						346.153846153846
					]
				],
				"lengthInSteps": 16,
				"mustHitSection": true
			},
			{
				"sectionNotes": [
					[
						77538.4615384615,
						2,
						346.153846153846
					],
					[
						78000,
						0,
						0
					],
					[
						78230.7692307692,
						3,
						576.923076923077
					],
					[
						78923.0769230769,
						0,
						346.153846153846
					]
				],
				"lengthInSteps": 16,
				"mustHitSection": true
			},
			{
				"sectionNotes": [
					[
						79384.6153846153,
						2,
						346.153846153846
					],
					[
						80307.6923076923,
						3,
						692.307692307692
					],
					[
						80264.423076923,
						0,
						0
					],
					[
						79846.1538461538,
						1,
						230.769230769231
					]
				],
				"lengthInSteps": 16,
				"mustHitSection": true
			},
			{
				"sectionNotes": [
					[
						81230.7692307692,
						3,
						346.153846153846
					],
					[
						81692.3076923077,
						2,
						0
					],
					[
						81923.0769230769,
						0,
						1730.76923076923
					]
				],
				"lengthInSteps": 16,
				"mustHitSection": true
			},
			{
				"sectionNotes": [
					[
						84461.5384615384,
						3,
						346.153846153846
					]
				],
				"lengthInSteps": 16,
				"mustHitSection": true
			},
			{
				"sectionNotes": [
					[
						84923.0769230769,
						0,
						346.153846153846
					],
					[
						85384.6153846153,
						2,
						0
					],
					[
						85615.3846153846,
						0,
						576.923076923077
					],
					[
						86307.6923076923,
						1,
						346.153846153846
					]
				],
				"lengthInSteps": 16,
				"mustHitSection": true
			},
			{
				"sectionNotes": [
					[
						86769.2307692307,
						3,
						346.153846153846
					],
					[
						87230.7692307692,
						2,
						0
					],
					[
						87461.5384615384,
						0,
						346.153846153846
					],
					[
						87923.0769230769,
						2,
						346.153846153846
					],
					[
						88384.6153846153,
						3,
						0
					]
				],
				"lengthInSteps": 16,
				"mustHitSection": true
			},
			{
				"sectionNotes": [
					[
						88615.3846153846,
						0,
						1269.23076923077
					],
					[
						89538.4615384615,
						6,
						346.153846153846
					],
					[
						90000,
						7,
						346.153846153846
					]
				],
				"lengthInSteps": 16,
				"mustHitSection": true
			},
			{
				"sectionNotes": [
					[
						90461.5384615384,
						3,
						807.692307692308
					],
					[
						91384.6153846153,
						1,
						807.692307692308
					]
				],
				"lengthInSteps": 16,
				"mustHitSection": false
			},
			{
				"sectionNotes": [
					[
						92307.6923076923,
						2,
						807.692307692308
					],
					[
						93230.7692307692,
						7,
						346.153846153846
					],
					[
						93692.3076923076,
						4,
						346.153846153846
					]
				],
				"lengthInSteps": 16,
				"mustHitSection": false
			},
			{
				"sectionNotes": [
					[
						94153.8461538461,
						1,
						807.692307692308
					],
					[
						95076.923076923,
						2,
						807.692307692308
					]
				],
				"lengthInSteps": 16,
				"mustHitSection": true
			},
			{
				"sectionNotes": [
					[
						95999.9999999999,
						0,
						807.692307692308
					],
					[
						96923.0769230769,
						6,
						346.153846153846
					],
					[
						97384.6153846153,
						7,
						346.153846153846
					]
				],
				"lengthInSteps": 16,
				"mustHitSection": true
			},
			{
				"sectionNotes": [
					[
						97846.1538461538,
						1,
						807.692307692308
					],
					[
						98769.2307692307,
						0,
						807.692307692308
					]
				],
				"lengthInSteps": 16,
				"mustHitSection": false
			},
			{
				"sectionNotes": [
					[
						99692.3076923076,
						2,
						807.692307692308
					],
					[
						100615.384615385,
						3,
						807.692307692308
					]
				],
				"lengthInSteps": 16,
				"mustHitSection": false
			},
			{
				"sectionNotes": [
					[
						101538.461538461,
						2,
						1153.84615384615
					],
					[
						102230.769230769,
						1,
						461.538461538462
					]
				],
				"lengthInSteps": 16,
				"mustHitSection": false
			},
			{
				"sectionNotes": [
					[
						103684.615384615,
						2,
						0
					],
					[
						103984.615384615,
						2,
						0
					],
					[
						104134.615384615,
						2,
						0
					],
					[
						104284.615384615,
						2,
						0
					],
					[
						104434.615384615,
						2,
						150
					]
				],
				"lengthInSteps": 16,
				"mustHitSection": false,
				"changeBPM": true,
				"bpm": 200
			},
			{
				"sectionNotes": [
					[
						104734.615384615,
						3,
						225
					],
					[
						105184.615384615,
						1,
						225
					],
					[
						105484.615384615,
						2,
						225
					]
				],
				"lengthInSteps": 16,
				"mustHitSection": false
			},
			{
				"sectionNotes": [
					[
						106084.615384615,
						3,
						225
					],
					[
						106384.615384615,
						2,
						225
					],
					[
						106384.615384615,
						0,
						0
					],
					[
						106684.615384615,
						1,
						225
					]
				],
				"lengthInSteps": 16,
				"mustHitSection": false
			},
			{
				"sectionNotes": [
					[
						106984.615384615,
						2,
						0
					],
					[
						107134.615384615,
						3,
						150
					],
					[
						107434.615384615,
						0,
						225
					],
					[
						107415.865384615,
						2,
						0
					],
					[
						107734.615384615,
						1,
						225
					]
				],
				"lengthInSteps": 16,
				"mustHitSection": false
			},
			{
				"sectionNotes": [
					[
						108484.615384615,
						2,
						150
					],
					[
						108784.615384615,
						2,
						150
					],
					[
						109084.615384615,
						2,
						0
					],
					[
						109234.615384615,
						2,
						0
					]
				],
				"lengthInSteps": 16,
				"mustHitSection": false
			},
			{
				"sectionNotes": [
					[
						109384.615384615,
						2,
						0
					],
					[
						109534.615384615,
						0,
						225
					],
					[
						110134.615384615,
						0,
						375
					],
					[
						109834.615384615,
						3,
						225
					]
				],
				"lengthInSteps": 16,
				"mustHitSection": false
			},
			{
				"sectionNotes": [
					[
						110884.615384615,
						1,
						0
					],
					[
						110884.615384615,
						2,
						225
					],
					[
						111184.615384615,
						3,
						225
					],
					[
						111484.615384615,
						0,
						0
					],
					[
						111634.615384615,
						3,
						0
					],
					[
						111747.115384615,
						2,
						0
					]
				],
				"lengthInSteps": 16,
				"mustHitSection": false
			},
			{
				"sectionNotes": [
					[
						111784.615384615,
						0,
						0
					],
					[
						111934.615384615,
						2,
						150
					],
					[
						112234.615384615,
						3,
						225
					],
					[
						112206.490384615,
						1,
						0
					],
					[
						112684.615384615,
						1,
						0
					],
					[
						112534.615384615,
						2,
						0
					]
				],
				"lengthInSteps": 16,
				"mustHitSection": false
			},
			{
				"sectionNotes": [
					[
						112984.615384615,
						5,
						600
					],
					[
						113284.615384615,
						2,
						0
					],
					[
						113734.615384615,
						2,
						0
					],
					[
						113584.615384615,
						2,
						0
					],
					[
						113884.615384615,
						2,
						0
					],
					[
						114034.615384615,
						2,
						0
					]
				],
				"lengthInSteps": 16,
				"mustHitSection": true
			},
			{
				"sectionNotes": [
					[
						114334.615384615,
						3,
						225
					],
					[
						114784.615384615,
						0,
						225
					],
					[
						115084.615384615,
						3,
						225
					]
				],
				"lengthInSteps": 16,
				"mustHitSection": true
			},
			{
				"sectionNotes": [
					[
						115984.615384615,
						0,
						0
					],
					[
						115984.615384615,
						2,
						225
					],
					[
						115684.615384615,
						3,
						225
					],
					[
						116284.615384615,
						3,
						225
					]
				],
				"lengthInSteps": 16,
				"mustHitSection": true
			},
			{
				"sectionNotes": [
					[
						116584.615384615,
						1,
						0
					],
					[
						116734.615384615,
						2,
						0
					],
					[
						117034.615384615,
						0,
						225
					],
					[
						116987.740384615,
						2,
						0
					],
					[
						117334.615384615,
						3,
						225
					]
				],
				"lengthInSteps": 16,
				"mustHitSection": true
			},
			{
				"sectionNotes": [
					[
						118084.615384615,
						2,
						0
					],
					[
						118384.615384615,
						2,
						150
					],
					[
						118684.615384615,
						2,
						0
					],
					[
						118834.615384615,
						2,
						0
					]
				],
				"lengthInSteps": 16,
				"mustHitSection": true
			},
			{
				"sectionNotes": [
					[
						118984.615384615,
						2,
						0
					],
					[
						119134.615384615,
						3,
						225
					],
					[
						119434.615384615,
						0,
						225
					],
					[
						119734.615384615,
						3,
						375
					]
				],
				"lengthInSteps": 16,
				"mustHitSection": true
			},
			{
				"sectionNotes": [
					[
						120484.615384615,
						1,
						0
					],
					[
						120484.615384615,
						2,
						225
					],
					[
						120784.615384615,
						3,
						150
					],
					[
						121084.615384615,
						3,
						0
					],
					[
						121234.615384615,
						0,
						0
					],
					[
						121347.115384615,
						1,
						0
					]
				],
				"lengthInSteps": 16,
				"mustHitSection": true
			},
			{
				"sectionNotes": [
					[
						121384.615384615,
						2,
						0
					],
					[
						121534.615384615,
						3,
						150
					],
					[
						121834.615384615,
						2,
						225
					],
					[
						121797.115384615,
						1,
						0
					],
					[
						122134.615384615,
						3,
						0
					],
					[
						122284.615384615,
						0,
						150
					]
				],
				"lengthInSteps": 16,
				"mustHitSection": true
			},
			{
				"sectionNotes": [
					[
						122584.615384615,
						4,
						525
					],
					[
						122884.615384615,
						2,
						0
					],
					[
						123034.615384615,
						1,
						0
					],
					[
						123184.615384615,
						3,
						0
					],
					[
						123334.615384615,
						1,
						0
					],
					[
						123634.615384615,
						1,
						0
					]
				],
				"lengthInSteps": 16,
				"mustHitSection": false
			},
			{
				"sectionNotes": [
					[
						123784.615384615,
						3,
						0
					],
					[
						123934.615384615,
						2,
						0
					],
					[
						124084.615384615,
						3,
						0
					],
					[
						124234.615384615,
						1,
						0
					],
					[
						124534.615384615,
						1,
						0
					],
					[
						124684.615384615,
						2,
						0
					],
					[
						124647.115384615,
						0,
						0
					],
					[
						124834.615384615,
						3,
						0
					]
				],
				"lengthInSteps": 16,
				"mustHitSection": false
			},
			{
				"sectionNotes": [
					[
						125284.615384615,
						2,
						0
					],
					[
						125434.615384615,
						3,
						0
					],
					[
						125584.615384615,
						0,
						0
					],
					[
						125734.615384615,
						3,
						0
					],
					[
						126034.615384615,
						1,
						0
					]
				],
				"lengthInSteps": 16,
				"mustHitSection": false
			},
			{
				"sectionNotes": [
					[
						126184.615384615,
						2,
						0
					],
					[
						126334.615384615,
						3,
						0
					],
					[
						126484.615384615,
						0,
						0
					],
					[
						126634.615384615,
						3,
						0
					],
					[
						126784.615384615,
						2,
						225
					],
					[
						127084.615384615,
						1,
						0
					],
					[
						127234.615384615,
						0,
						0
					]
				],
				"lengthInSteps": 16,
				"mustHitSection": false
			},
			{
				"lengthInSteps": 16,
				"typeOfSection": 0,
				"sectionNotes": [
					[
						127384.615384615,
						7,
						600
					],
					[
						127684.615384615,
						2,
						0
					],
					[
						127834.615384615,
						0,
						0
					],
					[
						127984.615384615,
						3,
						0
					],
					[
						128134.615384615,
						0,
						0
					],
					[
						128434.615384615,
						0,
						0
					]
				],
				"altAnim": false,
				"bpm": 168,
				"changeBPM": false,
				"mustHitSection": true
			},
			{
				"sectionNotes": [
					[
						128584.615384615,
						2,
						0
					],
					[
						128734.615384615,
						3,
						0
					],
					[
						128884.615384615,
						1,
						0
					],
					[
						129034.615384615,
						2,
						0
					],
					[
						129334.615384615,
						2,
						0
					],
					[
						129484.615384615,
						0,
						0
					],
					[
						129447.115384615,
						3,
						0
					],
					[
						129634.615384615,
						3,
						0
					]
				],
				"typeOfSection": 0,
				"lengthInSteps": 16,
				"altAnim": false,
				"mustHitSection": true,
				"changeBPM": false,
				"bpm": 168
			},
			{
				"sectionNotes": [
					[
						130084.615384615,
						2,
						0
					],
					[
						130234.615384615,
						0,
						0
					],
					[
						130384.615384615,
						3,
						0
					],
					[
						130534.615384615,
						0,
						0
					],
					[
						130834.615384615,
						0,
						0
					]
				],
				"typeOfSection": 0,
				"lengthInSteps": 16,
				"altAnim": false,
				"mustHitSection": true,
				"changeBPM": false,
				"bpm": 168
			},
			{
				"typeOfSection": 0,
				"sectionNotes": [
					[
						130984.615384615,
						2,
						0
					],
					[
						131134.615384615,
						3,
						0
					],
					[
						131284.615384615,
						2,
						0
					],
					[
						131434.615384615,
						3,
						0
					],
					[
						131584.615384615,
						2,
						225
					],
					[
						131884.615384615,
						0,
						0
					],
					[
						132034.615384615,
						1,
						0
					]
				],
				"sectionBeats": 4,
				"altAnim": false,
				"gfSection": false,
				"bpm": 168,
				"changeBPM": false,
				"mustHitSection": true
			},
			{
				"typeOfSection": 0,
				"sectionNotes": [
					[
						132184.615384615,
						6,
						675
					],
					[
						132484.615384615,
						2,
						0
					],
					[
						132634.615384615,
						1,
						0
					],
					[
						132784.615384615,
						3,
						150
					],
					[
						133084.615384615,
						3,
						0
					],
					[
						133234.615384615,
						1,
						0
					]
				],
				"sectionBeats": 4,
				"altAnim": false,
				"gfSection": false,
				"bpm": 168,
				"changeBPM": false,
				"mustHitSection": false
			},
			{
				"typeOfSection": 0,
				"sectionNotes": [
					[
						133384.615384615,
						0,
						0
					],
					[
						133534.615384615,
						2,
						225
					],
					[
						133534.615384615,
						1,
						0
					],
					[
						133834.615384615,
						3,
						0
					],
					[
						134134.615384615,
						1,
						0
					],
					[
						134284.615384615,
						0,
						225
					]
				],
				"sectionBeats": 4,
				"altAnim": false,
				"gfSection": false,
				"bpm": 168,
				"changeBPM": false,
				"mustHitSection": false
			},
			{
				"typeOfSection": 0,
				"sectionNotes": [
					[
						134584.615384615,
						3,
						225
					],
					[
						134584.615384615,
						0,
						0
					],
					[
						134884.615384615,
						0,
						0
					],
					[
						135184.615384615,
						3,
						0
					],
					[
						135484.615384615,
						2,
						225
					]
				],
				"sectionBeats": 4,
				"altAnim": false,
				"gfSection": false,
				"bpm": 168,
				"changeBPM": false,
				"mustHitSection": false
			},
			{
				"sectionBeats": 4,
				"sectionNotes": [
					[
						135784.615384615,
						0,
						0
					],
					[
						135934.615384615,
						1,
						0
					],
					[
						136084.615384615,
						2,
						0
					],
					[
						136234.615384615,
						3,
						0
					],
					[
						136384.615384615,
						1,
						225
					],
					[
						136684.615384615,
						3,
						225
					]
				],
				"typeOfSection": 0,
				"gfSection": false,
				"altAnim": false,
				"mustHitSection": false,
				"changeBPM": false,
				"bpm": 168
			},
			{
				"typeOfSection": 0,
				"sectionNotes": [
					[
						136984.615384615,
						1,
						300
					],
					[
						137284.615384615,
						6,
						0
					],
					[
						137434.615384615,
						7,
						0
					],
					[
						137584.615384615,
						6,
						0
					],
					[
						137884.615384615,
						6,
						0
					],
					[
						138034.615384615,
						7,
						0
					]
				],
				"sectionBeats": 4,
				"altAnim": false,
				"gfSection": false,
				"bpm": 168,
				"changeBPM": false,
				"mustHitSection": false
			},
			{
				"sectionBeats": 4,
				"sectionNotes": [
					[
						138184.615384615,
						6,
						0
					],
					[
						138334.615384615,
						4,
						0
					],
					[
						138334.615384615,
						7,
						225
					],
					[
						138634.615384615,
						6,
						225
					],
					[
						138934.615384615,
						5,
						0
					],
					[
						139084.615384615,
						4,
						225
					]
				],
				"typeOfSection": 0,
				"gfSection": false,
				"altAnim": false,
				"mustHitSection": false,
				"changeBPM": false,
				"bpm": 168
			},
			{
				"sectionBeats": 4,
				"sectionNotes": [
					[
						139384.615384615,
						7,
						225
					],
					[
						139684.615384615,
						6,
						225
					],
					[
						139984.615384615,
						7,
						225
					],
					[
						140284.615384615,
						6,
						225
					]
				],
				"typeOfSection": 0,
				"gfSection": false,
				"altAnim": false,
				"mustHitSection": false,
				"changeBPM": false,
				"bpm": 168
			},
			{
				"typeOfSection": 0,
				"sectionNotes": [
					[
						140584.615384615,
						4,
						0
					],
					[
						140734.615384615,
						5,
						0
					],
					[
						140884.615384615,
						6,
						0
					],
					[
						141034.615384615,
						7,
						0
					],
					[
						141184.615384615,
						5,
						225
					],
					[
						141484.615384615,
						4,
						225
					]
				],
				"sectionBeats": 4,
				"altAnim": false,
				"gfSection": false,
				"bpm": 168,
				"changeBPM": false,
				"mustHitSection": false
			},
			{
				"sectionBeats": 4,
				"sectionNotes": [
					[
						141784.615384615,
						6,
						225
					],
					[
						142084.615384615,
						2,
						225
					],
					[
						142384.615384615,
						3,
						225
					],
					[
						142684.615384615,
						0,
						225
					]
				],
				"typeOfSection": 0,
				"gfSection": false,
				"altAnim": false,
				"mustHitSection": false,
				"changeBPM": false,
				"bpm": 168
			},
			{
				"typeOfSection": 0,
				"sectionNotes": [
					[
						142984.615384615,
						0,
						225
					],
					[
						143284.615384615,
						1,
						225
					],
					[
						143584.615384615,
						2,
						225
					],
					[
						143884.615384615,
						3,
						225
					]
				],
				"sectionBeats": 4,
				"altAnim": false,
				"gfSection": false,
				"bpm": 168,
				"changeBPM": false,
				"mustHitSection": false
			},
			{
				"sectionBeats": 4,
				"sectionNotes": [
					[
						144484.615384615,
						2,
						225
					],
					[
						144784.615384615,
						3,
						225
					],
					[
						145084.615384615,
						1,
						225
					]
				],
				"typeOfSection": 0,
				"gfSection": false,
				"altAnim": false,
				"mustHitSection": false,
				"changeBPM": false,
				"bpm": 168
			},
			{
				"typeOfSection": 0,
				"sectionNotes": [
					[
						145384.615384615,
						0,
						225
					],
					[
						145684.615384615,
						1,
						225
					],
					[
						145984.615384615,
						2,
						525
					]
				],
				"sectionBeats": 4,
				"altAnim": false,
				"gfSection": false,
				"bpm": 168,
				"changeBPM": false,
				"mustHitSection": false
			},
			{
				"sectionBeats": 4,
				"sectionNotes": [
					[
						146584.615384615,
						1,
						600
					],
					[
						146884.615384615,
						5,
						225
					],
					[
						147184.615384615,
						7,
						225
					],
					[
						147484.615384615,
						6,
						225
					]
				],
				"typeOfSection": 0,
				"gfSection": false,
				"altAnim": false,
				"mustHitSection": false,
				"changeBPM": false,
				"bpm": 168
			},
			{
				"sectionBeats": 4,
				"sectionNotes": [
					[
						147784.615384615,
						4,
						225
					],
					[
						148084.615384615,
						5,
						225
					],
					[
						148384.615384615,
						6,
						225
					],
					[
						148684.615384615,
						7,
						225
					]
				],
				"typeOfSection": 0,
				"gfSection": false,
				"altAnim": false,
				"mustHitSection": false,
				"changeBPM": false,
				"bpm": 168
			},
			{
				"lengthInSteps": 16,
				"typeOfSection": 0,
				"sectionNotes": [
					[
						149284.615384615,
						5,
						225
					],
					[
						149584.615384615,
						6,
						225
					],
					[
						149884.615384615,
						4,
						225
					]
				],
				"altAnim": false,
				"gfSection": false,
				"bpm": 168,
				"changeBPM": false,
				"mustHitSection": false
			},
			{
				"lengthInSteps": 16,
				"typeOfSection": 0,
				"sectionNotes": [
					[
						150184.615384615,
						6,
						225
					],
					[
						150484.615384615,
						7,
						225
					],
					[
						150784.615384615,
						4,
						525
					]
				],
				"altAnim": false,
				"gfSection": false,
				"bpm": 130,
				"changeBPM": false,
				"mustHitSection": false
			},
			{
				"sectionBeats": 4,
				"sectionNotes": [
					[
						151384.615384615,
						6,
						225
					],
					[
						151384.615384615,
						2,
						225
					],
					[
						151684.615384615,
						7,
						0
					],
					[
						151684.615384615,
						3,
						0
					],
					[
						151834.615384615,
						4,
						225
					],
					[
						151834.615384615,
						0,
						225
					],
					[
						152134.615384615,
						2,
						225
					],
					[
						152134.615384615,
						6,
						225
					],
					[
						152434.615384615,
						7,
						0
					],
					[
						152434.615384615,
						3,
						0
					]
				],
				"typeOfSection": 0,
				"gfSection": false,
				"altAnim": false,
				"mustHitSection": false,
				"changeBPM": false,
				"bpm": 130
			},
			{
				"sectionBeats": 4,
				"sectionNotes": [
					[
						152884.615384615,
						1,
						225
					],
					[
						153184.615384615,
						2,
						225
					],
					[
						153484.615384615,
						3,
						225
					],
					[
						152884.615384615,
						5,
						225
					],
					[
						153184.615384615,
						6,
						225
					],
					[
						153484.615384615,
						7,
						225
					]
				],
				"typeOfSection": 0,
				"gfSection": false,
				"altAnim": false,
				"mustHitSection": false,
				"changeBPM": false,
				"bpm": 130
			},
			{
				"sectionBeats": 4,
				"sectionNotes": [
					[
						153784.615384615,
						1,
						0
					],
					[
						153934.615384615,
						2,
						0
					],
					[
						154084.615384615,
						0,
						0
					],
					[
						154234.615384615,
						2,
						0
					],
					[
						154384.615384615,
						3,
						0
					],
					[
						154347.115384615,
						1,
						0
					],
					[
						154534.615384615,
						2,
						0
					],
					[
						154684.615384615,
						0,
						0
					],
					[
						154834.615384615,
						3,
						0
					],
					[
						153784.615384615,
						5,
						0
					],
					[
						153934.615384615,
						6,
						0
					],
					[
						154084.615384615,
						4,
						0
					],
					[
						154234.615384615,
						6,
						0
					],
					[
						154384.615384615,
						7,
						0
					],
					[
						154347.115384615,
						5,
						0
					],
					[
						154534.615384615,
						6,
						0
					],
					[
						154684.615384615,
						4,
						0
					],
					[
						154834.615384615,
						7,
						0
					]
				],
				"typeOfSection": 0,
				"gfSection": false,
				"altAnim": false,
				"mustHitSection": false,
				"changeBPM": false,
				"bpm": 130
			},
			{
				"sectionBeats": 4,
				"sectionNotes": [
					[
						154984.615384615,
						2,
						225
					],
					[
						155284.615384615,
						1,
						0
					],
					[
						155434.615384615,
						2,
						675
					],
					[
						154984.615384615,
						6,
						225
					],
					[
						155284.615384615,
						5,
						0
					],
					[
						155434.615384615,
						6,
						675
					]
				],
				"typeOfSection": 0,
				"gfSection": false,
				"altAnim": false,
				"mustHitSection": false,
				"changeBPM": false,
				"bpm": 130
			},
			{
				"sectionBeats": 4,
				"sectionNotes": [
					[
						156484.615384615,
						2,
						0
					],
					[
						156784.615384615,
						2,
						0
					],
					[
						156934.615384615,
						2,
						0
					],
					[
						156484.615384615,
						6,
						0
					],
					[
						156784.615384615,
						6,
						0
					],
					[
						156934.615384615,
						6,
						0
					],
					[
						157084.615384615,
						3,
						0
					],
					[
						157084.615384615,
						4,
						0
					],
					[
						157234.615384615,
						6,
						225
					],
					[
						157234.615384615,
						2,
						225
					]
				],
				"typeOfSection": 0,
				"gfSection": false,
				"altAnim": false,
				"mustHitSection": false,
				"changeBPM": false,
				"bpm": 130
			},
			{
				"sectionBeats": 4,
				"sectionNotes": [
					[
						157984.615384615,
						1,
						225
					],
					[
						158284.615384615,
						2,
						0
					],
					[
						158284.615384615,
						5,
						0
					],
					[
						157984.615384615,
						6,
						225
					],
					[
						158434.615384615,
						3,
						1200
					],
					[
						158434.615384615,
						4,
						1200
					]
				],
				"typeOfSection": 0,
				"gfSection": false,
				"altAnim": false,
				"mustHitSection": false,
				"changeBPM": false,
				"bpm": 130
			},
			{
				"sectionBeats": 4,
				"sectionNotes": [],
				"typeOfSection": 0,
				"gfSection": false,
				"altAnim": false,
				"mustHitSection": false,
				"changeBPM": false,
				"bpm": 130
			},
			{
				"sectionBeats": 4,
				"sectionNotes": [
					[
						159934.615384615,
						2,
						0
					],
					[
						160084.615384615,
						2,
						0
					],
					[
						160234.615384615,
						1,
						0
					],
					[
						160384.615384615,
						3,
						0
					],
					[
						160534.615384615,
						1,
						0
					],
					[
						160684.615384615,
						2,
						0
					],
					[
						159934.615384615,
						6,
						0
					],
					[
						160084.615384615,
						6,
						0
					],
					[
						160234.615384615,
						5,
						0
					],
					[
						160384.615384615,
						7,
						0
					],
					[
						160534.615384615,
						5,
						0
					],
					[
						160684.615384615,
						6,
						0
					]
				],
				"typeOfSection": 0,
				"gfSection": false,
				"altAnim": false,
				"mustHitSection": false,
				"changeBPM": false,
				"bpm": 130
			},
			{
				"sectionBeats": 4,
				"sectionNotes": [
					[
						160984.615384615,
						2,
						4725
					],
					[
						160984.615384615,
						6,
						4725
					]
				],
				"typeOfSection": 0,
				"gfSection": false,
				"altAnim": false,
				"mustHitSection": false,
				"changeBPM": false,
				"bpm": 130
			},
			{
				"sectionBeats": 4,
				"sectionNotes": [],
				"typeOfSection": 0,
				"gfSection": false,
				"altAnim": false,
				"mustHitSection": false,
				"changeBPM": false,
				"bpm": 130
			},
			{
				"sectionBeats": 4,
				"sectionNotes": [],
				"typeOfSection": 0,
				"gfSection": false,
				"altAnim": false,
				"mustHitSection": false,
				"changeBPM": false,
				"bpm": 130
			},
			{
				"sectionBeats": 4,
				"sectionNotes": [],
				"typeOfSection": 0,
				"gfSection": false,
				"altAnim": false,
				"mustHitSection": false,
				"changeBPM": false,
				"bpm": 130
			},
			{
				"sectionBeats": 4,
				"sectionNotes": [],
				"typeOfSection": 0,
				"gfSection": false,
				"altAnim": false,
				"mustHitSection": false,
				"changeBPM": false,
				"bpm": 130
			},
			{
				"sectionBeats": 4,
				"sectionNotes": [],
				"typeOfSection": 0,
				"gfSection": false,
				"altAnim": false,
				"mustHitSection": false,
				"changeBPM": false,
				"bpm": 130
			},
			{
				"sectionBeats": 4,
				"sectionNotes": [],
				"typeOfSection": 0,
				"gfSection": false,
				"altAnim": false,
				"mustHitSection": true,
				"changeBPM": false,
				"bpm": 130
			},
			{
				"sectionBeats": 4,
				"sectionNotes": [],
				"typeOfSection": 0,
				"gfSection": false,
				"altAnim": false,
				"mustHitSection": true,
				"changeBPM": false,
				"bpm": 130
			},
			{
				"sectionBeats": 4,
				"sectionNotes": [],
				"typeOfSection": 0,
				"gfSection": false,
				"altAnim": false,
				"mustHitSection": true,
				"changeBPM": false,
				"bpm": 130
			},
			{
				"gfSection": false,
				"altAnim": false,
				"typeOfSection": 0,
				"sectionNotes": [],
				"bpm": 130,
				"sectionBeats": 4,
				"changeBPM": false,
				"mustHitSection": true
			},
			{
				"gfSection": false,
				"altAnim": false,
				"typeOfSection": 0,
				"sectionNotes": [],
				"bpm": 130,
				"sectionBeats": 4,
				"changeBPM": false,
				"mustHitSection": true
			},
			{
				"gfSection": false,
				"altAnim": false,
				"typeOfSection": 0,
				"sectionNotes": [],
				"bpm": 130,
				"sectionBeats": 4,
				"changeBPM": false,
				"mustHitSection": true
			},
			{
				"gfSection": false,
				"altAnim": false,
				"typeOfSection": 0,
				"sectionNotes": [],
				"bpm": 130,
				"sectionBeats": 4,
				"changeBPM": false,
				"mustHitSection": true
			}
		],
		"gfVersion": "beako",
		"player2": "rem",
		"splashSkin": "Rem_Splashes",
		"song": "Melancoldy",
		"arrowSkin": "Rem_Notes",
		"validScore": true,
		"stage": "SnowMemory",
		"needsVoices": true,
		"speed": 1.7,
		"bpm": 130,
		"noteStyle": "normal"
	}
}