{
	"song": {
		"player1": "aquino-pixel",
		"sectionLengths": [],
		"notes": [
			{
				"lengthInSteps": 16,
				"sectionNotes": [],
				"typeOfSection": 0,
				"altAnim": false,
				"mustHitSection": true,
				"changeBPM": true,
				"bpm": 161
			},
			{
				"lengthInSteps": 16,
				"sectionNotes": [],
				"typeOfSection": 0,
				"altAnim": false,
				"mustHitSection": true,
				"changeBPM": false,
				"bpm": 161
			},
			{
				"lengthInSteps": 16,
				"sectionNotes": [],
				"typeOfSection": 0,
				"altAnim": false,
				"mustHitSection": true,
				"changeBPM": false,
				"bpm": 161
			},
			{
				"lengthInSteps": 16,
				"sectionNotes": [],
				"typeOfSection": 0,
				"altAnim": false,
				"mustHitSection": true,
				"changeBPM": true,
				"bpm": 161
			},
			{
				"lengthInSteps": 16,
				"sectionNotes": [
					[
						5962.73291925466,
						2,
						1024.84472049689
					],
					[
						7080.74534161491,
						0,
						0
					]
				],
				"typeOfSection": 0,
				"altAnim": false,
				"mustHitSection": false,
				"changeBPM": false,
				"bpm": 161
			},
			{
				"lengthInSteps": 16,
				"sectionNotes": [
					[
						7453.41614906832,
						0,
						1024.84472049689
					],
					[
						8571.42857142857,
						2,
						0
					],
					[
						8757.76397515528,
						1,
						0
					],
					[
						8850.93167701863,
						0,
						0
					]
				],
				"typeOfSection": 0,
				"altAnim": false,
				"mustHitSection": false,
				"changeBPM": false,
				"bpm": 161
			},
			{
				"lengthInSteps": 16,
				"sectionNotes": [
					[
						10062.1118012422,
						3,
						0
					],
					[
						8944.09937888199,
						3,
						1024.84472049689
					]
				],
				"typeOfSection": 0,
				"altAnim": false,
				"mustHitSection": false,
				"changeBPM": false,
				"bpm": 144
			},
			{
				"lengthInSteps": 16,
				"sectionNotes": [
					[
						10434.7826086957,
						2,
						1024.84472049689
					],
					[
						11552.7950310559,
						0,
						0
					]
				],
				"typeOfSection": 0,
				"altAnim": false,
				"mustHitSection": false,
				"changeBPM": false,
				"bpm": 144
			},
			{
				"lengthInSteps": 16,
				"sectionNotes": [
					[
						11925.4658385093,
						2,
						1024.84472049689
					],
					[
						13043.4782608696,
						0,
						0
					]
				],
				"typeOfSection": 0,
				"altAnim": false,
				"mustHitSection": true,
				"changeBPM": false,
				"bpm": 144
			},
			{
				"lengthInSteps": 16,
				"sectionNotes": [
					[
						13416.149068323,
						1,
						1024.84472049689
					],
					[
						14534.1614906832,
						2,
						0
					],
					[
						14720.4968944099,
						0,
						0
					]
				],
				"typeOfSection": 0,
				"altAnim": false,
				"mustHitSection": true,
				"changeBPM": false,
				"bpm": 144
			},
			{
				"lengthInSteps": 16,
				"sectionNotes": [
					[
						16024.8447204969,
						3,
						0
					],
					[
						14906.8322981366,
						0,
						1024.84472049689
					]
				],
				"typeOfSection": 0,
				"altAnim": false,
				"mustHitSection": true,
				"changeBPM": false,
				"bpm": 144
			},
			{
				"lengthInSteps": 16,
				"sectionNotes": [
					[
						16397.5155279503,
						2,
						1024.84472049689
					],
					[
						17515.5279503106,
						3,
						0
					],
					[
						16397.5155279503,
						6,
						0
					],
					[
						16583.850931677,
						6,
						0
					],
					[
						16677.0186335404,
						4,
						0
					],
					[
						16770.1863354037,
						5,
						0
					],
					[
						16956.5217391304,
						5,
						0
					],
					[
						17049.6894409938,
						5,
						0
					],
					[
						17142.8571428571,
						4,
						0
					],
					[
						17329.1925465839,
						4,
						0
					],
					[
						17422.3602484472,
						4,
						0
					],
					[
						17515.5279503106,
						7,
						0
					],
					[
						17701.8633540373,
						6,
						0
					]
				],
				"typeOfSection": 0,
				"altAnim": false,
				"mustHitSection": true,
				"changeBPM": false,
				"bpm": 144
			},
			{
				"lengthInSteps": 16,
				"sectionNotes": [
					[
						17888.198757764,
						0,
						465.83850931677
					],
					[
						18447.2049689441,
						0,
						0
					],
					[
						18633.5403726708,
						0,
						186.335403726708
					],
					[
						18913.0434782609,
						1,
						0
					],
					[
						19099.3788819876,
						2,
						0
					],
					[
						19192.5465838509,
						0,
						0
					],
					[
						19285.7142857143,
						3,
						0
					]
				],
				"typeOfSection": 0,
				"altAnim": false,
				"mustHitSection": false,
				"changeBPM": false,
				"bpm": 144
			},
			{
				"lengthInSteps": 16,
				"sectionNotes": [
					[
						20310.5590062112,
						1,
						0
					],
					[
						20403.7267080745,
						1,
						0
					],
					[
						20496.8944099379,
						1,
						0
					],
					[
						20590.0621118012,
						1,
						0
					],
					[
						20683.2298136646,
						1,
						0
					],
					[
						19378.8819875776,
						1,
						652.173913043478
					],
					[
						20124.2236024845,
						0,
						0
					],
					[
						20776.3975155279,
						0,
						0
					]
				],
				"typeOfSection": 0,
				"altAnim": false,
				"mustHitSection": false,
				"changeBPM": false,
				"bpm": 144
			},
			{
				"lengthInSteps": 16,
				"sectionNotes": [
					[
						21708.0745341615,
						3,
						0
					],
					[
						21801.2422360248,
						3,
						0
					],
					[
						20869.5652173913,
						3,
						745.341614906832
					],
					[
						21894.4099378882,
						3,
						0
					],
					[
						21987.5776397515,
						3,
						0
					],
					[
						22080.7453416149,
						0,
						0
					],
					[
						22173.9130434783,
						0,
						0
					],
					[
						22267.0807453416,
						1,
						0
					]
				],
				"typeOfSection": 0,
				"altAnim": false,
				"mustHitSection": false,
				"changeBPM": false,
				"bpm": 144
			},
			{
				"lengthInSteps": 16,
				"sectionNotes": [
					[
						22360.248447205,
						6,
						1024.84472049689
					],
					[
						23478.2608695652,
						7,
						0
					],
					[
						23664.5962732919,
						2,
						0
					],
					[
						22360.248447205,
						0,
						0
					],
					[
						22546.5838509317,
						0,
						0
					],
					[
						22639.751552795,
						0,
						0
					],
					[
						22732.9192546584,
						3,
						0
					],
					[
						22919.2546583851,
						3,
						0
					],
					[
						23012.4223602484,
						3,
						0
					],
					[
						23105.5900621118,
						0,
						0
					],
					[
						23385.0931677019,
						0,
						0
					],
					[
						23291.9254658385,
						0,
						0
					],
					[
						23478.2608695652,
						3,
						0
					]
				],
				"typeOfSection": 0,
				"altAnim": false,
				"mustHitSection": true,
				"changeBPM": false,
				"bpm": 144
			},
			{
				"lengthInSteps": 16,
				"sectionNotes": [
					[
						25248.4472049689,
						3,
						0
					],
					[
						25062.1118012422,
						2,
						0
					],
					[
						24875.7763975155,
						1,
						0
					],
					[
						24596.2732919255,
						0,
						186.335403726708
					],
					[
						24409.9378881988,
						0,
						0
					],
					[
						23850.9316770186,
						0,
						465.83850931677
					],
					[
						25155.2795031056,
						2,
						0
					]
				],
				"typeOfSection": 0,
				"altAnim": false,
				"mustHitSection": true,
				"changeBPM": false,
				"bpm": 144
			},
			{
				"lengthInSteps": 16,
				"sectionNotes": [
					[
						26739.1304347826,
						0,
						0
					],
					[
						25341.6149068323,
						1,
						1024.84472049689
					],
					[
						26459.6273291925,
						1,
						0
					]
				],
				"typeOfSection": 0,
				"altAnim": false,
				"mustHitSection": true,
				"changeBPM": false,
				"bpm": 144
			},
			{
				"lengthInSteps": 16,
				"sectionNotes": [
					[
						26832.298136646,
						3,
						1024.84472049689
					],
					[
						27950.3105590062,
						0,
						93.167701863354
					]
				],
				"typeOfSection": 0,
				"altAnim": false,
				"mustHitSection": true,
				"changeBPM": false,
				"bpm": 144
			},
			{
				"lengthInSteps": 16,
				"sectionNotes": [
					[
						29440.9937888199,
						3,
						0
					],
					[
						28322.9813664596,
						2,
						1024.84472049689
					]
				],
				"typeOfSection": 0,
				"altAnim": false,
				"mustHitSection": true,
				"changeBPM": false,
				"bpm": 144
			},
			{
				"lengthInSteps": 16,
				"sectionNotes": [
					[
						29813.6645962733,
						1,
						0
					],
					[
						29906.8322981366,
						2,
						0
					],
					[
						30000,
						1,
						0
					],
					[
						30093.1677018633,
						0,
						0
					],
					[
						30279.5031055901,
						0,
						0
					],
					[
						30465.8385093168,
						1,
						0
					],
					[
						30559.0062111801,
						1,
						0
					],
					[
						30652.1739130435,
						1,
						0
					],
					[
						30838.5093167702,
						1,
						0
					],
					[
						30931.6770186335,
						1,
						0
					],
					[
						31024.8447204969,
						1,
						0
					],
					[
						31118.0124223602,
						1,
						0
					],
					[
						31211.1801242236,
						1,
						0
					]
				],
				"typeOfSection": 0,
				"altAnim": false,
				"mustHitSection": false,
				"changeBPM": false,
				"bpm": 144
			},
			{
				"lengthInSteps": 16,
				"sectionNotes": [
					[
						31304.347826087,
						1,
						0
					],
					[
						31397.5155279503,
						2,
						0
					],
					[
						31490.6832298137,
						0,
						0
					],
					[
						31583.850931677,
						1,
						0
					],
					[
						31770.1863354037,
						1,
						0
					],
					[
						31956.5217391304,
						1,
						0
					],
					[
						32142.8571428571,
						0,
						0
					],
					[
						32329.1925465838,
						0,
						0
					],
					[
						32515.5279503106,
						0,
						0
					],
					[
						32701.8633540373,
						0,
						0
					]
				],
				"typeOfSection": 0,
				"altAnim": false,
				"mustHitSection": false,
				"changeBPM": false,
				"bpm": 144
			},
			{
				"lengthInSteps": 16,
				"sectionNotes": [
					[
						32795.0310559006,
						2,
						0
					],
					[
						32888.198757764,
						3,
						0
					],
					[
						32981.3664596273,
						0,
						0
					],
					[
						33074.5341614907,
						3,
						0
					],
					[
						33540.3726708074,
						3,
						0
					],
					[
						33633.5403726708,
						3,
						0
					],
					[
						33726.7080745342,
						3,
						0
					],
					[
						33260.8695652174,
						3,
						0
					],
					[
						33913.0434782609,
						3,
						0
					],
					[
						34006.2111801242,
						3,
						0
					],
					[
						34099.3788819876,
						3,
						0
					],
					[
						34192.5465838509,
						3,
						0
					]
				],
				"typeOfSection": 0,
				"altAnim": false,
				"mustHitSection": false,
				"changeBPM": false,
				"bpm": 144
			},
			{
				"lengthInSteps": 16,
				"sectionNotes": [
					[
						34285.7142857143,
						3,
						0
					],
					[
						34378.8819875776,
						2,
						0
					],
					[
						34472.049689441,
						0,
						0
					],
					[
						34565.2173913043,
						1,
						0
					],
					[
						34751.552795031,
						3,
						0
					],
					[
						34937.8881987578,
						2,
						0
					],
					[
						35124.2236024845,
						3,
						0
					],
					[
						35310.5590062112,
						3,
						0
					],
					[
						35496.8944099379,
						3,
						0
					],
					[
						35683.2298136646,
						3,
						0
					]
				],
				"typeOfSection": 0,
				"altAnim": false,
				"mustHitSection": false,
				"changeBPM": false,
				"bpm": 144
			},
			{
				"lengthInSteps": 16,
				"sectionNotes": [
					[
						35869.5652173913,
						0,
						0
					],
					[
						36242.2360248447,
						0,
						0
					],
					[
						36521.7391304348,
						2,
						0
					],
					[
						36894.4099378882,
						2,
						0
					],
					[
						35869.5652173913,
						6,
						0
					],
					[
						35962.7329192547,
						5,
						0
					],
					[
						36055.900621118,
						4,
						0
					],
					[
						36242.2360248447,
						4,
						0
					],
					[
						36428.5714285714,
						5,
						0
					],
					[
						36521.7391304348,
						5,
						0
					],
					[
						36614.9068322981,
						5,
						0
					],
					[
						36801.2422360248,
						5,
						0
					],
					[
						36894.4099378882,
						5,
						0
					],
					[
						36987.5776397516,
						5,
						0
					],
					[
						37080.7453416149,
						5,
						0
					],
					[
						37173.9130434783,
						5,
						0
					],
					[
						35962.7329192547,
						0,
						0
					],
					[
						36335.4037267081,
						0,
						0
					],
					[
						35776.3975155279,
						0,
						0
					],
					[
						36149.0683229814,
						0,
						0
					],
					[
						36614.9068322981,
						2,
						0
					],
					[
						36708.0745341615,
						2,
						0
					],
					[
						36987.5776397516,
						2,
						0
					],
					[
						37080.7453416149,
						2,
						0
					]
				],
				"typeOfSection": 0,
				"altAnim": false,
				"mustHitSection": true,
				"changeBPM": false,
				"bpm": 144
			},
			{
				"lengthInSteps": 16,
				"sectionNotes": [
					[
						37453.4161490683,
						3,
						0
					],
					[
						37826.0869565217,
						3,
						0
					],
					[
						37360.248447205,
						3,
						0
					],
					[
						37732.9192546584,
						3,
						0
					],
					[
						37267.0807453416,
						3,
						0
					],
					[
						37639.751552795,
						3,
						0
					],
					[
						38198.7577639752,
						1,
						0
					],
					[
						38012.4223602484,
						1,
						0
					],
					[
						38105.5900621118,
						1,
						0
					],
					[
						38385.0931677019,
						1,
						0
					],
					[
						38478.2608695652,
						1,
						0
					],
					[
						38571.4285714286,
						1,
						0
					],
					[
						37267.0807453416,
						5,
						0
					],
					[
						37360.248447205,
						6,
						0
					],
					[
						37453.4161490683,
						4,
						0
					],
					[
						37546.5838509317,
						5,
						0
					],
					[
						37732.9192546584,
						5,
						0
					],
					[
						37919.2546583851,
						5,
						0
					],
					[
						38105.5900621118,
						4,
						0
					],
					[
						38291.9254658385,
						4,
						0
					],
					[
						38478.2608695652,
						4,
						0
					],
					[
						38664.5962732919,
						4,
						0
					]
				],
				"typeOfSection": 0,
				"altAnim": false,
				"mustHitSection": true,
				"changeBPM": false,
				"bpm": 144
			},
			{
				"lengthInSteps": 16,
				"sectionNotes": [
					[
						38757.7639751553,
						0,
						279.503105590062
					],
					[
						39130.4347826087,
						0,
						279.503105590062
					],
					[
						39503.1055900621,
						3,
						279.503105590062
					],
					[
						39875.7763975155,
						2,
						279.503105590062
					],
					[
						38757.7639751553,
						6,
						0
					],
					[
						38850.9316770186,
						7,
						0
					],
					[
						38944.099378882,
						4,
						0
					],
					[
						39037.2670807453,
						7,
						0
					],
					[
						39223.602484472,
						7,
						0
					],
					[
						39503.1055900621,
						7,
						0
					],
					[
						39596.2732919255,
						7,
						0
					],
					[
						39689.4409937888,
						7,
						0
					],
					[
						39875.7763975155,
						7,
						0
					],
					[
						39968.9440993789,
						7,
						0
					],
					[
						40062.1118012422,
						7,
						0
					],
					[
						40155.2795031056,
						7,
						0
					]
				],
				"typeOfSection": 0,
				"altAnim": false,
				"mustHitSection": true,
				"changeBPM": false,
				"bpm": 144
			},
			{
				"lengthInSteps": 16,
				"sectionNotes": [
					[
						40248.4472049689,
						0,
						1397.51552795031
					],
					[
						40900.6211180124,
						2,
						745.341614906832
					],
					[
						40248.4472049689,
						7,
						0
					],
					[
						40341.6149068323,
						6,
						0
					],
					[
						40434.7826086956,
						4,
						0
					],
					[
						40527.950310559,
						5,
						0
					],
					[
						40714.2857142857,
						7,
						0
					],
					[
						40900.6211180124,
						6,
						0
					],
					[
						41086.9565217391,
						7,
						0
					],
					[
						41273.2919254658,
						7,
						0
					],
					[
						41459.6273291925,
						7,
						0
					],
					[
						41645.9627329192,
						7,
						0
					]
				],
				"typeOfSection": 0,
				"altAnim": false,
				"mustHitSection": true,
				"changeBPM": false,
				"bpm": 144
			},
			{
				"lengthInSteps": 16,
				"sectionNotes": [],
				"typeOfSection": 0,
				"altAnim": false,
				"mustHitSection": true,
				"changeBPM": false,
				"bpm": 144
			},
			{
				"lengthInSteps": 16,
				"sectionNotes": [],
				"typeOfSection": 0,
				"altAnim": false,
				"mustHitSection": true,
				"changeBPM": false,
				"bpm": 144
			},
			{
				"lengthInSteps": 16,
				"sectionNotes": [],
				"typeOfSection": 0,
				"altAnim": false,
				"mustHitSection": true,
				"changeBPM": false,
				"bpm": 144
			},
			{
				"lengthInSteps": 16,
				"sectionNotes": [],
				"typeOfSection": 0,
				"altAnim": false,
				"mustHitSection": true,
				"changeBPM": false,
				"bpm": 144
			},
			{
				"lengthInSteps": 16,
				"sectionNotes": [
					[
						47701.8633540373,
						2,
						0
					],
					[
						48074.5341614907,
						0,
						0
					],
					[
						47888.198757764,
						1,
						0
					],
					[
						48260.8695652174,
						1,
						0
					],
					[
						48447.2049689441,
						0,
						0
					],
					[
						48540.3726708074,
						3,
						0
					],
					[
						48726.7080745342,
						1,
						0
					],
					[
						48913.0434782609,
						2,
						0
					],
					[
						49099.3788819876,
						1,
						0
					]
				],
				"typeOfSection": 0,
				"altAnim": false,
				"mustHitSection": false,
				"changeBPM": false,
				"bpm": 144
			},
			{
				"lengthInSteps": 16,
				"sectionNotes": [
					[
						49378.8819875776,
						1,
						0
					],
					[
						49472.049689441,
						0,
						0
					],
					[
						49658.3850931677,
						2,
						0
					],
					[
						49192.5465838509,
						1,
						0
					],
					[
						49565.2173913043,
						0,
						0
					],
					[
						49844.7204968944,
						2,
						745.341614906832
					]
				],
				"typeOfSection": 0,
				"altAnim": false,
				"mustHitSection": false,
				"changeBPM": false,
				"bpm": 144
			},
			{
				"lengthInSteps": 16,
				"sectionNotes": [
					[
						51055.900621118,
						3,
						0
					],
					[
						51987.5776397516,
						3,
						0
					],
					[
						51242.2360248447,
						3,
						0
					],
					[
						51428.5714285714,
						3,
						465.83850931677
					],
					[
						52080.7453416149,
						0,
						0
					]
				],
				"typeOfSection": 0,
				"altAnim": false,
				"mustHitSection": false,
				"changeBPM": false,
				"bpm": 144
			},
			{
				"lengthInSteps": 16,
				"sectionNotes": [
					[
						52546.5838509317,
						1,
						0
					],
					[
						52732.9192546584,
						1,
						0
					],
					[
						53571.4285714286,
						2,
						0
					],
					[
						52453.4161490683,
						4,
						0
					],
					[
						52546.5838509317,
						7,
						0
					],
					[
						52639.751552795,
						6,
						0
					],
					[
						52826.0869565217,
						7,
						0
					],
					[
						53012.4223602484,
						4,
						93.167701863354
					],
					[
						53105.5900621118,
						0,
						0
					],
					[
						53198.7577639752,
						7,
						93.167701863354
					],
					[
						53385.0931677019,
						5,
						0
					],
					[
						53478.2608695652,
						6,
						0
					],
					[
						53198.7577639752,
						0,
						0
					],
					[
						52173.9130434783,
						0,
						0
					],
					[
						52173.9130434783,
						4,
						0
					],
					[
						52360.248447205,
						5,
						0
					],
					[
						52360.248447205,
						0,
						0
					],
					[
						52453.4161490683,
						0,
						0
					],
					[
						52826.0869565217,
						1,
						0
					],
					[
						52919.2546583851,
						0,
						0
					],
					[
						53385.0931677019,
						2,
						0
					]
				],
				"typeOfSection": 0,
				"altAnim": false,
				"mustHitSection": true,
				"changeBPM": false,
				"bpm": 144
			},
			{
				"lengthInSteps": 16,
				"sectionNotes": [
					[
						53664.5962732919,
						2,
						0
					],
					[
						53850.9316770186,
						1,
						0
					],
					[
						54037.2670807453,
						0,
						0
					],
					[
						54223.602484472,
						1,
						0
					],
					[
						54875.7763975155,
						2,
						0
					],
					[
						55062.1118012422,
						2,
						0
					],
					[
						54409.9378881988,
						1,
						0
					],
					[
						54503.1055900621,
						1,
						0
					],
					[
						54689.4409937888,
						0,
						0
					]
				],
				"typeOfSection": 0,
				"altAnim": false,
				"mustHitSection": true,
				"changeBPM": false,
				"bpm": 144
			},
			{
				"lengthInSteps": 16,
				"sectionNotes": [
					[
						55155.2795031056,
						1,
						0
					],
					[
						55341.6149068323,
						1,
						0
					],
					[
						55621.1180124224,
						2,
						0
					],
					[
						55807.4534161491,
						2,
						745.341614906832
					],
					[
						55434.7826086956,
						1,
						93.167701863354
					]
				],
				"typeOfSection": 0,
				"altAnim": false,
				"mustHitSection": true,
				"changeBPM": false,
				"bpm": 144
			},
			{
				"lengthInSteps": 16,
				"sectionNotes": [
					[
						57018.6335403727,
						3,
						0
					],
					[
						57111.801242236,
						2,
						0
					],
					[
						57298.1366459627,
						0,
						279.503105590062
					],
					[
						57950.3105590062,
						1,
						0
					],
					[
						58043.4782608696,
						0,
						0
					]
				],
				"typeOfSection": 0,
				"altAnim": false,
				"mustHitSection": true,
				"changeBPM": false,
				"bpm": 144
			},
			{
				"lengthInSteps": 16,
				"sectionNotes": [
					[
						58136.6459627329,
						2,
						0
					],
					[
						58229.8136645963,
						1,
						0
					],
					[
						58322.9813664596,
						1,
						0
					],
					[
						58509.3167701863,
						0,
						0
					],
					[
						58695.652173913,
						0,
						0
					],
					[
						58881.9875776397,
						1,
						0
					],
					[
						59068.3229813665,
						1,
						0
					],
					[
						59254.6583850932,
						0,
						0
					],
					[
						59440.9937888199,
						3,
						0
					],
					[
						58136.6459627329,
						4,
						0
					],
					[
						58322.9813664596,
						4,
						0
					],
					[
						58416.149068323,
						4,
						0
					],
					[
						58509.3167701863,
						5,
						0
					],
					[
						58695.652173913,
						5,
						0
					],
					[
						58788.8198757764,
						5,
						0
					],
					[
						58881.9875776397,
						4,
						0
					],
					[
						59068.3229813665,
						4,
						0
					],
					[
						59161.4906832298,
						4,
						0
					],
					[
						59347.8260869565,
						6,
						0
					],
					[
						59534.1614906832,
						6,
						0
					]
				],
				"typeOfSection": 0,
				"altAnim": false,
				"mustHitSection": true,
				"changeBPM": false,
				"bpm": 144
			},
			{
				"lengthInSteps": 16,
				"sectionNotes": [
					[
						59627.3291925466,
						2,
						0
					],
					[
						59813.6645962733,
						1,
						0
					],
					[
						60000,
						0,
						0
					],
					[
						60186.3354037267,
						1,
						0
					],
					[
						60838.5093167702,
						2,
						0
					],
					[
						60372.6708074534,
						1,
						0
					],
					[
						60465.8385093168,
						1,
						0
					],
					[
						60652.1739130435,
						0,
						0
					],
					[
						61024.8447204969,
						2,
						0
					]
				],
				"typeOfSection": 0,
				"altAnim": false,
				"mustHitSection": false,
				"changeBPM": false,
				"bpm": 144
			},
			{
				"lengthInSteps": 16,
				"sectionNotes": [
					[
						61118.0124223602,
						1,
						0
					],
					[
						61304.3478260869,
						1,
						0
					],
					[
						61397.5155279503,
						0,
						0
					],
					[
						61583.850931677,
						2,
						0
					],
					[
						61770.1863354037,
						2,
						745.341614906832
					]
				],
				"typeOfSection": 0,
				"altAnim": false,
				"mustHitSection": false,
				"changeBPM": false,
				"bpm": 144
			},
			{
				"lengthInSteps": 16,
				"sectionNotes": [
					[
						64006.2111801242,
						0,
						0
					],
					[
						63913.0434782609,
						3,
						0
					],
					[
						62981.3664596273,
						3,
						0
					],
					[
						63167.701863354,
						3,
						0
					],
					[
						63354.0372670807,
						3,
						465.83850931677
					]
				],
				"typeOfSection": 0,
				"altAnim": false,
				"mustHitSection": false,
				"changeBPM": false,
				"bpm": 144
			},
			{
				"lengthInSteps": 16,
				"sectionNotes": [
					[
						64099.3788819876,
						0,
						0
					],
					[
						64285.7142857143,
						0,
						0
					],
					[
						64378.8819875776,
						0,
						0
					],
					[
						64472.049689441,
						1,
						0
					],
					[
						64658.3850931677,
						1,
						0
					],
					[
						64751.552795031,
						1,
						0
					],
					[
						64844.7204968944,
						0,
						0
					],
					[
						65031.0559006211,
						0,
						0
					],
					[
						65124.2236024845,
						0,
						0
					],
					[
						65310.5590062112,
						2,
						0
					],
					[
						65496.8944099379,
						2,
						0
					],
					[
						64099.3788819876,
						4,
						0
					],
					[
						64285.7142857143,
						5,
						0
					],
					[
						64378.8819875776,
						4,
						0
					],
					[
						64472.049689441,
						7,
						0
					],
					[
						64565.2173913043,
						6,
						0
					],
					[
						64751.552795031,
						7,
						0
					],
					[
						64937.8881987578,
						4,
						93.167701863354
					],
					[
						65124.2236024845,
						7,
						93.167701863354
					],
					[
						65310.5590062112,
						5,
						0
					],
					[
						65403.7267080745,
						6,
						0
					]
				],
				"typeOfSection": 0,
				"altAnim": false,
				"mustHitSection": true,
				"changeBPM": false,
				"bpm": 144
			},
			{
				"lengthInSteps": 16,
				"sectionNotes": [
					[
						66801.2422360248,
						2,
						0
					],
					[
						66149.0683229814,
						1,
						0
					],
					[
						65962.7329192546,
						0,
						0
					],
					[
						65776.3975155279,
						1,
						0
					],
					[
						65590.0621118012,
						2,
						0
					],
					[
						66335.4037267081,
						1,
						0
					],
					[
						66428.5714285714,
						1,
						0
					],
					[
						66614.9068322981,
						0,
						0
					],
					[
						66987.5776397515,
						2,
						0
					]
				],
				"typeOfSection": 0,
				"altAnim": false,
				"mustHitSection": true,
				"changeBPM": false,
				"bpm": 144
			},
			{
				"lengthInSteps": 16,
				"sectionNotes": [
					[
						67080.7453416149,
						1,
						0
					],
					[
						67267.0807453416,
						1,
						0
					],
					[
						67546.5838509317,
						2,
						0
					],
					[
						67732.9192546584,
						2,
						745.341614906832
					],
					[
						67360.248447205,
						1,
						0
					]
				],
				"typeOfSection": 0,
				"altAnim": false,
				"mustHitSection": true,
				"changeBPM": false,
				"bpm": 144
			},
			{
				"lengthInSteps": 16,
				"sectionNotes": [
					[
						69968.9440993789,
						0,
						0
					],
					[
						69875.7763975155,
						1,
						0
					],
					[
						69037.2670807453,
						2,
						0
					],
					[
						69223.602484472,
						0,
						279.503105590062
					],
					[
						68944.099378882,
						3,
						0
					]
				],
				"typeOfSection": 0,
				"altAnim": false,
				"mustHitSection": true,
				"changeBPM": false,
				"bpm": 144
			},
			{
				"lengthInSteps": 16,
				"sectionNotes": [
					[
						70062.1118012422,
						2,
						0
					],
					[
						70248.4472049689,
						1,
						0
					],
					[
						70341.6149068323,
						1,
						0
					],
					[
						70527.950310559,
						0,
						0
					],
					[
						70714.2857142857,
						0,
						0
					],
					[
						70900.6211180124,
						1,
						0
					],
					[
						71086.9565217391,
						1,
						0
					],
					[
						71273.2919254658,
						0,
						0
					],
					[
						71366.4596273292,
						3,
						0
					],
					[
						71459.6273291925,
						2,
						0
					],
					[
						70062.1118012422,
						4,
						0
					],
					[
						70248.4472049689,
						4,
						0
					],
					[
						70341.6149068323,
						4,
						0
					],
					[
						70434.7826086956,
						5,
						0
					],
					[
						70621.1180124223,
						5,
						0
					],
					[
						70714.2857142857,
						5,
						0
					],
					[
						70807.4534161491,
						4,
						0
					],
					[
						70993.7888198758,
						4,
						0
					],
					[
						71086.9565217391,
						4,
						0
					],
					[
						71273.2919254658,
						6,
						0
					],
					[
						71459.6273291925,
						6,
						0
					]
				],
				"typeOfSection": 0,
				"altAnim": false,
				"mustHitSection": true,
				"changeBPM": false,
				"bpm": 144
			},
			{
				"lengthInSteps": 16,
				"sectionNotes": [
					[
						71552.7950310559,
						5,
						0
					],
					[
						71645.9627329192,
						6,
						0
					],
					[
						71739.1304347826,
						5,
						0
					],
					[
						71832.298136646,
						4,
						0
					],
					[
						72018.6335403727,
						4,
						0
					],
					[
						72204.9689440994,
						5,
						0
					],
					[
						72391.3043478261,
						5,
						0
					],
					[
						72298.1366459627,
						5,
						0
					],
					[
						72577.6397515528,
						5,
						0
					],
					[
						72670.8074534161,
						5,
						0
					],
					[
						72763.9751552795,
						5,
						0
					],
					[
						72857.1428571429,
						5,
						0
					],
					[
						72950.3105590062,
						5,
						0
					],
					[
						71552.7950310559,
						0,
						0
					],
					[
						71645.9627329192,
						0,
						0
					],
					[
						71739.1304347826,
						0,
						0
					],
					[
						71925.4658385093,
						0,
						0
					],
					[
						72018.6335403727,
						0,
						0
					],
					[
						72111.801242236,
						0,
						0
					],
					[
						72298.1366459627,
						1,
						0
					],
					[
						72391.3043478261,
						1,
						0
					],
					[
						72484.4720496894,
						1,
						0
					],
					[
						72670.8074534161,
						1,
						0
					],
					[
						72763.9751552795,
						1,
						0
					],
					[
						72857.1428571429,
						1,
						0
					]
				],
				"typeOfSection": 0,
				"altAnim": false,
				"mustHitSection": true,
				"changeBPM": false,
				"bpm": 144
			},
			{
				"lengthInSteps": 16,
				"sectionNotes": [
					[
						73229.8136645963,
						0,
						0
					],
					[
						73136.6459627329,
						0,
						0
					],
					[
						73043.4782608696,
						0,
						0
					],
					[
						73416.149068323,
						0,
						0
					],
					[
						73509.3167701863,
						0,
						0
					],
					[
						73602.4844720497,
						0,
						0
					],
					[
						73788.8198757764,
						1,
						0
					],
					[
						73881.9875776397,
						1,
						0
					],
					[
						73975.1552795031,
						1,
						0
					],
					[
						74161.4906832298,
						1,
						0
					],
					[
						74254.6583850931,
						1,
						0
					],
					[
						74347.8260869565,
						1,
						0
					],
					[
						73043.4782608696,
						5,
						0
					],
					[
						73136.6459627329,
						6,
						0
					],
					[
						73229.8136645963,
						4,
						0
					],
					[
						73322.9813664596,
						5,
						0
					],
					[
						73509.3167701863,
						5,
						0
					],
					[
						73695.652173913,
						5,
						0
					],
					[
						73881.9875776397,
						4,
						0
					],
					[
						74068.3229813665,
						4,
						0
					],
					[
						74254.6583850931,
						4,
						0
					],
					[
						74440.9937888199,
						4,
						0
					]
				],
				"typeOfSection": 0,
				"altAnim": false,
				"mustHitSection": true,
				"changeBPM": false,
				"bpm": 144
			},
			{
				"lengthInSteps": 16,
				"sectionNotes": [
					[
						74534.1614906832,
						3,
						0
					],
					[
						74627.3291925466,
						3,
						0
					],
					[
						74720.4968944099,
						3,
						0
					],
					[
						74906.8322981366,
						3,
						0
					],
					[
						75000,
						3,
						0
					],
					[
						75093.1677018633,
						3,
						0
					],
					[
						75279.5031055901,
						2,
						0
					],
					[
						75372.6708074534,
						2,
						0
					],
					[
						75465.8385093168,
						2,
						0
					],
					[
						75652.1739130435,
						2,
						0
					],
					[
						75745.3416149068,
						2,
						0
					],
					[
						75838.5093167702,
						2,
						0
					],
					[
						74534.1614906832,
						6,
						0
					],
					[
						74627.3291925466,
						7,
						0
					],
					[
						74720.4968944099,
						4,
						0
					],
					[
						74813.6645962733,
						7,
						0
					],
					[
						75000,
						7,
						0
					],
					[
						75279.5031055901,
						7,
						0
					],
					[
						75372.6708074534,
						7,
						0
					],
					[
						75465.8385093168,
						7,
						0
					],
					[
						75931.6770186335,
						7,
						0
					],
					[
						75838.5093167702,
						7,
						0
					],
					[
						75745.3416149068,
						7,
						0
					],
					[
						75652.1739130435,
						7,
						0
					]
				],
				"typeOfSection": 0,
				"altAnim": false,
				"mustHitSection": true,
				"changeBPM": false,
				"bpm": 144
			},
			{
				"lengthInSteps": 16,
				"sectionNotes": [
					[
						76024.8447204969,
						3,
						0
					],
					[
						76118.0124223602,
						3,
						0
					],
					[
						76211.1801242236,
						3,
						0
					],
					[
						76397.5155279503,
						3,
						0
					],
					[
						76490.6832298137,
						3,
						0
					],
					[
						76583.850931677,
						3,
						0
					],
					[
						76956.5217391304,
						2,
						0
					],
					[
						76863.3540372671,
						2,
						0
					],
					[
						76770.1863354037,
						2,
						0
					],
					[
						77236.0248447205,
						2,
						0
					],
					[
						77329.1925465838,
						2,
						0
					],
					[
						77142.8571428571,
						2,
						0
					],
					[
						76024.8447204969,
						7,
						0
					],
					[
						76118.0124223602,
						6,
						0
					],
					[
						76211.1801242236,
						4,
						0
					],
					[
						76304.3478260869,
						5,
						0
					],
					[
						76490.6832298137,
						7,
						0
					],
					[
						76677.0186335404,
						6,
						0
					],
					[
						76863.3540372671,
						7,
						0
					],
					[
						77049.6894409938,
						7,
						0
					],
					[
						77236.0248447205,
						7,
						0
					],
					[
						77422.3602484472,
						7,
						0
					]
				],
				"typeOfSection": 0,
				"altAnim": false,
				"mustHitSection": true,
				"changeBPM": false,
				"bpm": 144
			},
			{
				"lengthInSteps": 16,
				"sectionNotes": [
					[
						77515.5279503106,
						0,
						0
					],
					[
						77608.6956521739,
						0,
						0
					],
					[
						77701.8633540373,
						0,
						0
					],
					[
						77888.198757764,
						0,
						0
					],
					[
						77981.3664596273,
						0,
						0
					],
					[
						78074.5341614907,
						0,
						0
					],
					[
						78260.8695652174,
						1,
						0
					],
					[
						78354.0372670807,
						1,
						0
					],
					[
						78447.2049689441,
						1,
						0
					],
					[
						78633.5403726708,
						1,
						0
					],
					[
						78726.7080745342,
						1,
						0
					],
					[
						78819.8757763975,
						1,
						0
					],
					[
						77515.5279503106,
						5,
						0
					],
					[
						77608.6956521739,
						6,
						0
					],
					[
						77701.8633540373,
						5,
						0
					],
					[
						77795.0310559006,
						4,
						0
					],
					[
						77981.3664596273,
						4,
						0
					],
					[
						78167.701863354,
						5,
						0
					],
					[
						78260.8695652174,
						5,
						0
					],
					[
						78354.0372670807,
						5,
						0
					],
					[
						78540.3726708075,
						5,
						0
					],
					[
						78633.5403726708,
						5,
						0
					],
					[
						78726.7080745342,
						5,
						0
					],
					[
						78819.8757763975,
						5,
						0
					],
					[
						78913.0434782609,
						5,
						0
					]
				],
				"typeOfSection": 0,
				"altAnim": false,
				"mustHitSection": true,
				"changeBPM": false,
				"bpm": 144
			},
			{
				"lengthInSteps": 16,
				"sectionNotes": [
					[
						79006.2111801242,
						0,
						0
					],
					[
						79099.3788819876,
						0,
						0
					],
					[
						79192.5465838509,
						0,
						0
					],
					[
						79378.8819875776,
						0,
						0
					],
					[
						79472.049689441,
						0,
						0
					],
					[
						79565.2173913043,
						0,
						0
					],
					[
						79751.552795031,
						1,
						0
					],
					[
						79844.7204968944,
						1,
						0
					],
					[
						79937.8881987577,
						1,
						0
					],
					[
						80124.2236024845,
						1,
						0
					],
					[
						80217.3913043478,
						1,
						0
					],
					[
						80310.5590062112,
						1,
						0
					],
					[
						79006.2111801242,
						5,
						0
					],
					[
						79099.3788819876,
						6,
						0
					],
					[
						79192.5465838509,
						4,
						0
					],
					[
						79285.7142857143,
						5,
						0
					],
					[
						79472.049689441,
						5,
						0
					],
					[
						79658.3850931677,
						5,
						0
					],
					[
						79844.7204968944,
						4,
						0
					],
					[
						80031.0559006211,
						4,
						0
					],
					[
						80217.3913043478,
						4,
						0
					],
					[
						80403.7267080745,
						4,
						0
					]
				],
				"typeOfSection": 0,
				"altAnim": false,
				"mustHitSection": true,
				"changeBPM": false,
				"bpm": 144
			},
			{
				"lengthInSteps": 16,
				"sectionNotes": [
					[
						80496.8944099379,
						0,
						279.503105590062
					],
					[
						80869.5652173913,
						0,
						279.503105590062
					],
					[
						81242.2360248447,
						3,
						279.503105590062
					],
					[
						81614.9068322981,
						2,
						279.503105590062
					],
					[
						80496.8944099379,
						6,
						0
					],
					[
						80590.0621118012,
						7,
						0
					],
					[
						80683.2298136646,
						4,
						0
					],
					[
						80776.3975155279,
						7,
						0
					],
					[
						80962.7329192546,
						7,
						0
					],
					[
						81242.2360248447,
						7,
						0
					],
					[
						81335.4037267081,
						7,
						0
					],
					[
						81428.5714285714,
						7,
						0
					],
					[
						81614.9068322981,
						7,
						0
					],
					[
						81708.0745341615,
						7,
						0
					],
					[
						81801.2422360248,
						7,
						0
					],
					[
						81894.4099378882,
						7,
						0
					]
				],
				"typeOfSection": 0,
				"altAnim": false,
				"mustHitSection": true,
				"changeBPM": false,
				"bpm": 144
			},
			{
				"lengthInSteps": 16,
				"sectionNotes": [
					[
						81987.5776397515,
						0,
						1397.51552795031
					],
					[
						82639.751552795,
						2,
						745.341614906832
					],
					[
						81987.5776397515,
						7,
						0
					],
					[
						82080.7453416149,
						6,
						0
					],
					[
						82173.9130434782,
						4,
						0
					],
					[
						82267.0807453416,
						5,
						0
					],
					[
						82453.4161490683,
						7,
						0
					],
					[
						82639.751552795,
						6,
						0
					],
					[
						82826.0869565217,
						7,
						0
					],
					[
						83012.4223602484,
						7,
						0
					],
					[
						83198.7577639751,
						7,
						0
					],
					[
						83385.0931677019,
						7,
						0
					]
				],
				"typeOfSection": 0,
				"altAnim": false,
				"mustHitSection": true,
				"changeBPM": false,
				"bpm": 144
			},
			{
				"lengthInSteps": 16,
				"sectionNotes": [],
				"typeOfSection": 0,
				"altAnim": false,
				"mustHitSection": true,
				"changeBPM": false,
				"bpm": 144
			},
			{
				"lengthInSteps": 16,
				"sectionNotes": [],
				"typeOfSection": 0,
				"altAnim": false,
				"mustHitSection": false,
				"changeBPM": false,
				"bpm": 144
			},
			{
				"lengthInSteps": 16,
				"sectionNotes": [],
				"typeOfSection": 0,
				"altAnim": false,
				"mustHitSection": false,
				"changeBPM": false,
				"bpm": 144
			},
			{
				"lengthInSteps": 16,
				"sectionNotes": [],
				"typeOfSection": 0,
				"altAnim": false,
				"mustHitSection": false,
				"changeBPM": false,
				"bpm": 144
			},
			{
				"lengthInSteps": 16,
				"sectionNotes": [],
				"typeOfSection": 0,
				"altAnim": false,
				"mustHitSection": false,
				"changeBPM": false,
				"bpm": 144
			},
			{
				"lengthInSteps": 16,
				"sectionNotes": [],
				"typeOfSection": 0,
				"altAnim": false,
				"mustHitSection": false,
				"changeBPM": false,
				"bpm": 144
			},
			{
				"lengthInSteps": 16,
				"sectionNotes": [],
				"typeOfSection": 0,
				"altAnim": false,
				"mustHitSection": true,
				"changeBPM": false,
				"bpm": 144
			},
			{
				"lengthInSteps": 16,
				"sectionNotes": [],
				"typeOfSection": 0,
				"altAnim": false,
				"mustHitSection": false,
				"changeBPM": false,
				"bpm": 144
			},
			{
				"lengthInSteps": 16,
				"sectionNotes": [],
				"typeOfSection": 0,
				"altAnim": false,
				"mustHitSection": false,
				"changeBPM": false,
				"bpm": 144
			},
			{
				"lengthInSteps": 16,
				"sectionNotes": [],
				"typeOfSection": 0,
				"altAnim": false,
				"mustHitSection": false,
				"changeBPM": false,
				"bpm": 144
			},
			{
				"lengthInSteps": 16,
				"sectionNotes": [],
				"typeOfSection": 0,
				"altAnim": false,
				"mustHitSection": false,
				"changeBPM": false,
				"bpm": 144
			},
			{
				"lengthInSteps": 16,
				"sectionNotes": [],
				"typeOfSection": 0,
				"altAnim": false,
				"mustHitSection": false,
				"changeBPM": false,
				"bpm": 144
			},
			{
				"sectionNotes": [],
				"typeOfSection": 0,
				"lengthInSteps": 16,
				"altAnim": false,
				"mustHitSection": true,
				"changeBPM": false,
				"bpm": 144
			},
			{
				"lengthInSteps": 16,
				"typeOfSection": 0,
				"sectionNotes": [],
				"altAnim": false,
				"bpm": 144,
				"changeBPM": false,
				"mustHitSection": true
			},
			{
				"sectionNotes": [],
				"typeOfSection": 0,
				"lengthInSteps": 16,
				"altAnim": false,
				"mustHitSection": true,
				"changeBPM": false,
				"bpm": 161
			},
			{
				"lengthInSteps": 16,
				"typeOfSection": 0,
				"sectionNotes": [],
				"altAnim": false,
				"bpm": 161,
				"changeBPM": false,
				"mustHitSection": true
			},
			{
				"sectionNotes": [],
				"typeOfSection": 0,
				"lengthInSteps": 16,
				"altAnim": false,
				"mustHitSection": true,
				"changeBPM": false,
				"bpm": 161
			},
			{
				"lengthInSteps": 16,
				"typeOfSection": 0,
				"sectionNotes": [],
				"altAnim": false,
				"bpm": 161,
				"changeBPM": false,
				"mustHitSection": true
			},
			{
				"lengthInSteps": 16,
				"typeOfSection": 0,
				"sectionNotes": [],
				"altAnim": false,
				"bpm": 161,
				"changeBPM": false,
				"mustHitSection": true
			},
			{
				"sectionNotes": [],
				"typeOfSection": 0,
				"lengthInSteps": 16,
				"altAnim": false,
				"mustHitSection": true,
				"changeBPM": false,
				"bpm": 161
			},
			{
				"sectionNotes": [],
				"typeOfSection": 0,
				"lengthInSteps": 16,
				"altAnim": false,
				"mustHitSection": true,
				"changeBPM": false,
				"bpm": 161
			},
			{
				"sectionNotes": [],
				"typeOfSection": 0,
				"lengthInSteps": 16,
				"altAnim": false,
				"mustHitSection": true,
				"changeBPM": false,
				"bpm": 161
			},
			{
				"sectionNotes": [],
				"typeOfSection": 0,
				"lengthInSteps": 16,
				"altAnim": false,
				"mustHitSection": true,
				"changeBPM": false,
				"bpm": 161
			},
			{
				"sectionNotes": [],
				"typeOfSection": 0,
				"lengthInSteps": 16,
				"altAnim": false,
				"mustHitSection": true,
				"changeBPM": false,
				"bpm": 161
			},
			{
				"lengthInSteps": 16,
				"typeOfSection": 0,
				"sectionNotes": [],
				"altAnim": false,
				"bpm": 161,
				"changeBPM": false,
				"mustHitSection": true
			},
			{
				"lengthInSteps": 16,
				"typeOfSection": 0,
				"sectionNotes": [],
				"altAnim": false,
				"bpm": 161,
				"changeBPM": false,
				"mustHitSection": true
			},
			{
				"lengthInSteps": 16,
				"typeOfSection": 0,
				"sectionNotes": [],
				"altAnim": false,
				"bpm": 161,
				"changeBPM": false,
				"mustHitSection": true
			},
			{
				"lengthInSteps": 16,
				"typeOfSection": 0,
				"sectionNotes": [],
				"altAnim": false,
				"bpm": 161,
				"changeBPM": false,
				"mustHitSection": true
			},
			{
				"sectionNotes": [],
				"typeOfSection": 0,
				"lengthInSteps": 16,
				"altAnim": false,
				"mustHitSection": true,
				"changeBPM": false,
				"bpm": 161
			},
			{
				"sectionNotes": [],
				"typeOfSection": 0,
				"lengthInSteps": 16,
				"altAnim": false,
				"mustHitSection": true,
				"changeBPM": false,
				"bpm": 161
			},
			{
				"sectionNotes": [],
				"typeOfSection": 0,
				"lengthInSteps": 16,
				"altAnim": false,
				"mustHitSection": true,
				"changeBPM": false,
				"bpm": 161
			},
			{
				"sectionNotes": [],
				"typeOfSection": 0,
				"lengthInSteps": 16,
				"altAnim": false,
				"mustHitSection": true,
				"changeBPM": false,
				"bpm": 161
			},
			{
				"sectionNotes": [],
				"typeOfSection": 0,
				"lengthInSteps": 16,
				"altAnim": false,
				"mustHitSection": true,
				"changeBPM": false,
				"bpm": 161
			},
			{
				"sectionNotes": [],
				"typeOfSection": 0,
				"lengthInSteps": 16,
				"altAnim": false,
				"mustHitSection": true,
				"changeBPM": false,
				"bpm": 161
			},
			{
				"lengthInSteps": 16,
				"typeOfSection": 0,
				"sectionNotes": [],
				"altAnim": false,
				"bpm": 161,
				"changeBPM": false,
				"mustHitSection": true
			},
			{
				"lengthInSteps": 16,
				"typeOfSection": 0,
				"sectionNotes": [],
				"altAnim": false,
				"bpm": 161,
				"changeBPM": false,
				"mustHitSection": true
			},
			{
				"lengthInSteps": 16,
				"typeOfSection": 0,
				"sectionNotes": [],
				"altAnim": false,
				"bpm": 161,
				"changeBPM": false,
				"mustHitSection": true
			},
			{
				"sectionNotes": [],
				"typeOfSection": 0,
				"lengthInSteps": 16,
				"altAnim": false,
				"mustHitSection": true,
				"changeBPM": false,
				"bpm": 161
			},
			{
				"lengthInSteps": 16,
				"altAnim": false,
				"typeOfSection": 0,
				"sectionNotes": [],
				"bpm": 161,
				"changeBPM": false,
				"mustHitSection": true
			},
			{
				"lengthInSteps": 16,
				"altAnim": false,
				"typeOfSection": 0,
				"sectionNotes": [],
				"bpm": 161,
				"changeBPM": false,
				"mustHitSection": true
			}
		],
		"player2": "monika-pixel",
		"player3": "gf-pixel",
		"song": "High-School-Conflict-Wbds",
		"needsVoices": true,
		"sections": 0,
		"validScore": true,
		"arrowSkin": "",
		"stage": "school",
		"bpm": 161,
		"speed": 1.2
	}
}