{
	"song": {
		"player1": "bf_guitar",
		"player2": "nimu",
		"notes": [
			{
				"lengthInSteps": 16,
				"sectionNotes": [
					[
						1650,
						3,
						0
					],
					[
						1800,
						2,
						0
					],
					[
						1950,
						1,
						0
					],
					[
						1500,
						1,
						0
					],
					[
						2100,
						2,
						0
					],
					[
						750,
						3,
						0
					],
					[
						300,
						1,
						0
					],
					[
						450,
						2,
						0
					],
					[
						600,
						0,
						0
					],
					[
						900,
						1,
						0
					],
					[
						1050,
						2,
						0
					],
					[
						1200,
						0,
						0
					],
					[
						1350,
						2,
						0
					],
					[
						2250,
						0,
						0
					]
				],
				"mustHitSection": true
			},
			{
				"lengthInSteps": 16,
				"sectionNotes": [
					[
						4350,
						7,
						0
					],
					[
						4500,
						6,
						0
					],
					[
						2550,
						7,
						0
					],
					[
						2850,
						4,
						0
					],
					[
						2407.5,
						5,
						0
					],
					[
						2700,
						4,
						0
					],
					[
						3000,
						7,
						0
					],
					[
						3150,
						4,
						0
					],
					[
						3300,
						4,
						0
					],
					[
						3450,
						7,
						0
					],
					[
						3600,
						6,
						0
					],
					[
						3750,
						5,
						0
					],
					[
						4050,
						5,
						0
					],
					[
						3900,
						5,
						0
					],
					[
						4200,
						4,
						0
					]
				],
				"mustHitSection": false
			},
			{
				"lengthInSteps": 16,
				"sectionNotes": [
					[
						5250,
						1,
						0
					],
					[
						6750,
						3,
						0
					],
					[
						6900,
						0,
						0
					],
					[
						4950,
						3,
						0
					],
					[
						4800,
						2,
						0
					],
					[
						5100,
						1,
						0
					],
					[
						5400,
						3,
						0
					],
					[
						5550,
						0,
						0
					],
					[
						5700,
						1,
						0
					],
					[
						5850,
						1,
						0
					],
					[
						6000,
						3,
						0
					],
					[
						6150,
						2,
						0
					],
					[
						6300,
						2,
						0
					],
					[
						6450,
						0,
						0
					],
					[
						6600,
						0,
						0
					],
					[
						7050,
						2,
						0
					]
				],
				"mustHitSection": true
			},
			{
				"lengthInSteps": 16,
				"sectionNotes": [
					[
						8400,
						6,
						0
					],
					[
						7500,
						5,
						0
					],
					[
						8850,
						5,
						0
					],
					[
						7350,
						5,
						0
					],
					[
						9000,
						7,
						0
					],
					[
						7203.75,
						5,
						0
					],
					[
						7650,
						7,
						0
					],
					[
						7800,
						4,
						0
					],
					[
						7950,
						5,
						0
					],
					[
						8100,
						6,
						0
					],
					[
						8250,
						7,
						0
					],
					[
						8700,
						5,
						0
					],
					[
						8550,
						4,
						0
					],
					[
						9150,
						5,
						0
					],
					[
						9300,
						5,
						0
					],
					[
						9450,
						6,
						0
					]
				],
				"mustHitSection": false
			},
			{
				"lengthInSteps": 16,
				"sectionNotes": [
					[
						10350,
						4,
						0
					],
					[
						11700,
						4,
						0
					],
					[
						11250,
						7,
						0
					],
					[
						10800,
						6,
						0
					],
					[
						10650,
						2,
						0
					],
					[
						11400,
						6,
						0
					],
					[
						11550,
						5,
						0
					],
					[
						9600,
						4,
						0
					],
					[
						10200,
						4,
						0
					],
					[
						10500,
						5,
						0
					],
					[
						10650,
						6,
						0
					],
					[
						10050,
						7,
						0
					],
					[
						9900,
						4,
						0
					],
					[
						9750,
						6,
						0
					],
					[
						11100,
						7,
						0
					],
					[
						10950,
						7,
						0
					],
					[
						11850,
						5,
						0
					],
					[
						10200,
						0,
						0
					],
					[
						10500,
						3,
						0
					],
					[
						11400,
						3,
						0
					],
					[
						10950,
						0,
						300
					],
					[
						11700,
						1,
						0
					],
					[
						11850,
						3,
						0
					]
				],
				"mustHitSection": false
			},
			{
				"lengthInSteps": 16,
				"sectionNotes": [
					[
						13050,
						4,
						0
					],
					[
						13200,
						7,
						0
					],
					[
						13950,
						7,
						0
					],
					[
						14100,
						6,
						0
					],
					[
						12375,
						-1,
						"Change Character",
						"2",
						"gf_wtf"
					],
					[
						12356.25,
						-1,
						"Change Character",
						"0",
						"bf_guitar_wtf"
					],
					[
						12300,
						5,
						0
					],
					[
						12450,
						5,
						0
					],
					[
						12600,
						4,
						0
					],
					[
						12750,
						5,
						0
					],
					[
						12900,
						5,
						0
					],
					[
						12150,
						6,
						0
					],
					[
						12015,
						7,
						0
					],
					[
						13350,
						5,
						0
					],
					[
						13500,
						5,
						0
					],
					[
						13650,
						5,
						0
					],
					[
						13800,
						6,
						0
					],
					[
						14250,
						5,
						0
					],
					[
						12150,
						2,
						300
					],
					[
						12600,
						0,
						0
					],
					[
						12900,
						1,
						0
					],
					[
						13050,
						3,
						0
					],
					[
						13350,
						0,
						300
					],
					[
						13800,
						1,
						0
					],
					[
						14100,
						1,
						0
					],
					[
						14250,
						0,
						0
					]
				],
				"mustHitSection": false
			},
			{
				"lengthInSteps": 16,
				"sectionNotes": [
					[
						14400,
						6,
						0
					],
					[
						14850,
						5,
						0
					],
					[
						15450,
						5,
						0
					],
					[
						16200,
						5,
						0
					],
					[
						15750,
						7,
						0
					],
					[
						16050,
						4,
						0
					],
					[
						14550,
						4,
						0
					],
					[
						14700,
						6,
						0
					],
					[
						15300,
						4,
						0
					],
					[
						15600,
						5,
						0
					],
					[
						15000,
						7,
						0
					],
					[
						15150,
						7,
						0
					],
					[
						15900,
						6,
						0
					],
					[
						16350,
						5,
						0
					],
					[
						16650,
						7,
						0
					],
					[
						16500,
						7,
						0
					],
					[
						14550,
						2,
						450
					],
					[
						15300,
						0,
						0
					],
					[
						15450,
						2,
						0
					],
					[
						15750,
						1,
						0
					],
					[
						16200,
						3,
						0
					],
					[
						16500,
						1,
						0
					],
					[
						16650,
						0,
						0
					]
				],
				"mustHitSection": false
			},
			{
				"lengthInSteps": 16,
				"sectionNotes": [
					[
						18900,
						0,
						150
					],
					[
						18600,
						7,
						0
					],
					[
						16811.25,
						4,
						0
					],
					[
						16950,
						5,
						0
					],
					[
						17100,
						5,
						0
					],
					[
						17250,
						7,
						0
					],
					[
						17400,
						4,
						0
					],
					[
						17550,
						5,
						0
					],
					[
						17700,
						6,
						0
					],
					[
						17850,
						7,
						0
					],
					[
						18000,
						6,
						0
					],
					[
						18150,
						5,
						0
					],
					[
						18300,
						5,
						0
					],
					[
						18450,
						5,
						0
					],
					[
						18750,
						5,
						0
					],
					[
						18900,
						5,
						0
					],
					[
						19050,
						6,
						0
					],
					[
						16950,
						2,
						300
					],
					[
						17400,
						0,
						0
					],
					[
						17700,
						1,
						0
					],
					[
						18000,
						1,
						0
					],
					[
						18300,
						3,
						300
					]
				],
				"mustHitSection": false
			},
			{
				"lengthInSteps": 16,
				"sectionNotes": [
					[
						19500,
						6,
						600
					],
					[
						19350,
						7,
						0
					],
					[
						19350,
						2,
						150
					],
					[
						19650,
						3,
						0
					],
					[
						19800,
						1,
						300
					]
				],
				"mustHitSection": false
			},
			{
				"lengthInSteps": 16,
				"sectionNotes": [],
				"mustHitSection": false
			},
			{
				"lengthInSteps": 16,
				"sectionNotes": [
					[
						24450,
						1,
						0
					],
					[
						24750,
						1,
						0
					],
					[
						25050,
						0,
						0
					],
					[
						25421.25,
						3,
						0
					],
					[
						25901.25,
						1,
						0
					]
				],
				"mustHitSection": false
			},
			{
				"lengthInSteps": 16,
				"sectionNotes": [
					[
						26400,
						2,
						1500
					],
					[
						27300,
						2,
						0
					],
					[
						28440,
						0,
						0
					],
					[
						28736.25,
						3,
						0
					]
				],
				"mustHitSection": false
			},
			{
				"lengthInSteps": 16,
				"sectionNotes": [
					[
						28800,
						2,
						0
					],
					[
						29100,
						1,
						0
					],
					[
						29051.25,
						0,
						0
					],
					[
						29700,
						1,
						0
					],
					[
						29250,
						2,
						375
					],
					[
						30060,
						0,
						0
					],
					[
						29985,
						0,
						0
					],
					[
						30300,
						3,
						0
					],
					[
						31113.75,
						2,
						300
					],
					[
						30693.75,
						1,
						300
					]
				],
				"mustHitSection": false
			},
			{
				"lengthInSteps": 16,
				"sectionNotes": [
					[
						33300,
						6,
						750
					],
					[
						31500,
						0,
						0
					],
					[
						31800,
						1,
						0
					],
					[
						32043.75,
						2,
						0
					],
					[
						32400,
						1,
						0
					],
					[
						32782.5,
						0,
						0
					],
					[
						33105,
						2,
						300
					]
				],
				"mustHitSection": false
			},
			{
				"lengthInSteps": 16,
				"sectionNotes": [
					[
						34350,
						0,
						150
					],
					[
						34755,
						2,
						300
					],
					[
						35100,
						2,
						0
					],
					[
						35400,
						0,
						0
					],
					[
						35700,
						1,
						0
					]
				],
				"mustHitSection": true
			},
			{
				"lengthInSteps": 16,
				"sectionNotes": [
					[
						36150,
						1,
						0
					],
					[
						36375,
						2,
						450
					],
					[
						37050,
						0,
						0
					],
					[
						37432.5,
						2,
						750
					]
				],
				"mustHitSection": true
			},
			{
				"lengthInSteps": 16,
				"sectionNotes": [
					[
						38700,
						2,
						750
					],
					[
						39705,
						3,
						0
					],
					[
						40005,
						0,
						0
					],
					[
						40350,
						0,
						0
					],
					[
						40695,
						1,
						300
					]
				],
				"mustHitSection": true
			},
			{
				"lengthInSteps": 16,
				"sectionNotes": [
					[
						41148.75,
						2,
						1875
					]
				],
				"mustHitSection": true
			},
			{
				"lengthInSteps": 16,
				"sectionNotes": [
					[
						43432.5,
						0,
						450
					],
					[
						43440,
						1,
						450
					],
					[
						43432.5,
						2,
						450
					],
					[
						43432.5,
						3,
						450
					],
					[
						43350,
						-1,
						"Add Camera Zoom",
						"0.5",
						""
					]
				],
				"mustHitSection": true
			},
			{
				"lengthInSteps": 16,
				"sectionNotes": [
					[
						45600,
						1,
						0
					],
					[
						46200,
						2,
						0
					],
					[
						46800,
						1,
						0
					],
					[
						46950,
						1,
						0
					],
					[
						47100,
						1,
						0
					],
					[
						47400,
						2,
						0
					]
				],
				"mustHitSection": true
			},
			{
				"lengthInSteps": 16,
				"sectionNotes": [
					[
						48000,
						2,
						450
					],
					[
						48600,
						3,
						300
					],
					[
						49200,
						0,
						450
					]
				],
				"mustHitSection": false
			},
			{
				"lengthInSteps": 16,
				"sectionNotes": [
					[
						50400,
						2,
						450
					],
					[
						51000,
						3,
						300
					],
					[
						51600,
						0,
						450
					]
				],
				"mustHitSection": true
			},
			{
				"lengthInSteps": 16,
				"sectionNotes": [
					[
						52800,
						3,
						1800
					]
				],
				"mustHitSection": false
			},
			{
				"lengthInSteps": 16,
				"sectionNotes": [
					[
						55200,
						3,
						1800
					]
				],
				"mustHitSection": true
			},
			{
				"lengthInSteps": 16,
				"sectionNotes": [
					[
						57600,
						2,
						0
					],
					[
						57900,
						3,
						0
					],
					[
						58200,
						0,
						1200
					]
				],
				"mustHitSection": false
			},
			{
				"lengthInSteps": 16,
				"sectionNotes": [
					[
						60000,
						2,
						0
					],
					[
						60300,
						3,
						0
					],
					[
						60600,
						0,
						1200
					],
					[
						62100,
						6,
						0
					]
				],
				"mustHitSection": true
			},
			{
				"lengthInSteps": 16,
				"sectionNotes": [
					[
						62400,
						0,
						0
					],
					[
						62700,
						3,
						0
					],
					[
						63300,
						2,
						0
					],
					[
						63375,
						0,
						0
					],
					[
						63600,
						1,
						600
					],
					[
						64500,
						6,
						0
					]
				],
				"mustHitSection": false
			},
			{
				"lengthInSteps": 16,
				"sectionNotes": [
					[
						64800,
						0,
						0
					],
					[
						65100,
						3,
						0
					],
					[
						65700,
						2,
						0
					],
					[
						65775,
						0,
						0
					],
					[
						66000,
						1,
						600
					]
				],
				"mustHitSection": true
			},
			{
				"lengthInSteps": 16,
				"sectionNotes": [
					[
						67200,
						2,
						0
					],
					[
						67500,
						3,
						0
					],
					[
						67800,
						0,
						0
					],
					[
						68100,
						2,
						0
					],
					[
						68400,
						1,
						600
					]
				],
				"mustHitSection": false
			},
			{
				"lengthInSteps": 16,
				"sectionNotes": [
					[
						69600,
						2,
						0
					],
					[
						69900,
						3,
						0
					],
					[
						70200,
						0,
						0
					],
					[
						70500,
						2,
						0
					],
					[
						70800,
						1,
						600
					],
					[
						71700,
						6,
						0
					]
				],
				"mustHitSection": true
			},
			{
				"lengthInSteps": 16,
				"sectionNotes": [
					[
						72000,
						0,
						0
					],
					[
						72300,
						3,
						0
					],
					[
						72900,
						2,
						0
					],
					[
						72975,
						0,
						0
					],
					[
						73200,
						1,
						600
					],
					[
						74100,
						6,
						0
					]
				],
				"mustHitSection": false
			},
			{
				"lengthInSteps": 16,
				"sectionNotes": [
					[
						74400,
						0,
						0
					],
					[
						74700,
						3,
						0
					],
					[
						75300,
						2,
						0
					],
					[
						75375,
						0,
						0
					],
					[
						75600,
						1,
						600
					]
				],
				"mustHitSection": true
			},
			{
				"sectionNotes": [],
				"typeOfSection": 0,
				"lengthInSteps": 16,
				"altAnim": false,
				"mustHitSection": true,
				"changeBPM": false,
				"bpm": 100
			},
			{
				"sectionNotes": [],
				"typeOfSection": 0,
				"lengthInSteps": 16,
				"altAnim": false,
				"mustHitSection": true,
				"changeBPM": false,
				"bpm": 100
			},
			{
				"sectionNotes": [],
				"typeOfSection": 0,
				"lengthInSteps": 16,
				"altAnim": false,
				"mustHitSection": true,
				"changeBPM": false,
				"bpm": 100
			},
			{
				"lengthInSteps": 16,
				"typeOfSection": 0,
				"sectionNotes": [],
				"altAnim": false,
				"bpm": 100,
				"changeBPM": false,
				"mustHitSection": true
			},
			{
				"lengthInSteps": 16,
				"typeOfSection": 0,
				"sectionNotes": [],
				"altAnim": false,
				"bpm": 100,
				"changeBPM": false,
				"mustHitSection": true
			},
			{
				"lengthInSteps": 16,
				"typeOfSection": 0,
				"sectionNotes": [],
				"altAnim": false,
				"bpm": 100,
				"changeBPM": false,
				"mustHitSection": true
			},
			{
				"sectionNotes": [],
				"typeOfSection": 0,
				"lengthInSteps": 16,
				"altAnim": false,
				"mustHitSection": true,
				"changeBPM": false,
				"bpm": 100
			},
			{
				"lengthInSteps": 16,
				"typeOfSection": 0,
				"sectionNotes": [],
				"altAnim": false,
				"bpm": 100,
				"changeBPM": false,
				"mustHitSection": true
			},
			{
				"lengthInSteps": 16,
				"typeOfSection": 0,
				"sectionNotes": [],
				"altAnim": false,
				"bpm": 100,
				"changeBPM": false,
				"mustHitSection": true
			},
			{
				"sectionNotes": [],
				"typeOfSection": 0,
				"lengthInSteps": 16,
				"altAnim": false,
				"mustHitSection": true,
				"changeBPM": false,
				"bpm": 100
			},
			{
				"sectionNotes": [],
				"typeOfSection": 0,
				"lengthInSteps": 16,
				"altAnim": false,
				"mustHitSection": true,
				"changeBPM": false,
				"bpm": 100
			},
			{
				"lengthInSteps": 16,
				"typeOfSection": 0,
				"sectionNotes": [],
				"altAnim": false,
				"bpm": 100,
				"changeBPM": false,
				"mustHitSection": true
			},
			{
				"lengthInSteps": 16,
				"typeOfSection": 0,
				"sectionNotes": [],
				"altAnim": false,
				"bpm": 100,
				"changeBPM": false,
				"mustHitSection": true
			},
			{
				"lengthInSteps": 16,
				"typeOfSection": 0,
				"sectionNotes": [],
				"altAnim": false,
				"bpm": 100,
				"changeBPM": false,
				"mustHitSection": true
			},
			{
				"lengthInSteps": 16,
				"typeOfSection": 0,
				"sectionNotes": [],
				"altAnim": false,
				"bpm": 100,
				"changeBPM": false,
				"mustHitSection": true
			},
			{
				"lengthInSteps": 16,
				"typeOfSection": 0,
				"sectionNotes": [],
				"altAnim": false,
				"bpm": 100,
				"changeBPM": false,
				"mustHitSection": true
			},
			{
				"lengthInSteps": 16,
				"typeOfSection": 0,
				"sectionNotes": [],
				"altAnim": false,
				"bpm": 100,
				"changeBPM": false,
				"mustHitSection": true
			},
			{
				"lengthInSteps": 16,
				"typeOfSection": 0,
				"sectionNotes": [],
				"altAnim": false,
				"bpm": 100,
				"changeBPM": false,
				"mustHitSection": true
			},
			{
				"sectionNotes": [],
				"typeOfSection": 0,
				"lengthInSteps": 16,
				"altAnim": false,
				"mustHitSection": true,
				"changeBPM": false,
				"bpm": 100
			},
			{
				"lengthInSteps": 16,
				"typeOfSection": 0,
				"sectionNotes": [],
				"altAnim": false,
				"bpm": 100,
				"changeBPM": false,
				"mustHitSection": true
			},
			{
				"lengthInSteps": 16,
				"typeOfSection": 0,
				"sectionNotes": [],
				"altAnim": false,
				"bpm": 100,
				"changeBPM": false,
				"mustHitSection": true
			},
			{
				"sectionNotes": [],
				"typeOfSection": 0,
				"lengthInSteps": 16,
				"altAnim": false,
				"mustHitSection": true,
				"changeBPM": false,
				"bpm": 100
			},
			{
				"sectionNotes": [],
				"typeOfSection": 0,
				"lengthInSteps": 16,
				"altAnim": false,
				"mustHitSection": true,
				"changeBPM": false,
				"bpm": 100
			},
			{
				"lengthInSteps": 16,
				"typeOfSection": 0,
				"sectionNotes": [],
				"altAnim": false,
				"bpm": 100,
				"changeBPM": false,
				"mustHitSection": true
			},
			{
				"sectionNotes": [],
				"typeOfSection": 0,
				"lengthInSteps": 16,
				"altAnim": false,
				"mustHitSection": true,
				"changeBPM": false,
				"bpm": 100
			},
			{
				"lengthInSteps": 16,
				"typeOfSection": 0,
				"sectionNotes": [],
				"altAnim": false,
				"bpm": 100,
				"changeBPM": false,
				"mustHitSection": true
			},
			{
				"sectionNotes": [],
				"typeOfSection": 0,
				"lengthInSteps": 16,
				"altAnim": false,
				"mustHitSection": true,
				"changeBPM": false,
				"bpm": 100
			},
			{
				"lengthInSteps": 16,
				"altAnim": false,
				"typeOfSection": 0,
				"sectionNotes": [],
				"bpm": 100,
				"changeBPM": false,
				"mustHitSection": true
			},
			{
				"lengthInSteps": 16,
				"altAnim": false,
				"typeOfSection": 0,
				"sectionNotes": [],
				"bpm": 100,
				"changeBPM": false,
				"mustHitSection": true
			}
		],
		"player3": "aquino",
		"song": "Oaxaca-Nimu",
		"stage": "MissaRoom",
		"needsVoices": true,
		"validScore": true,
		"speed": 2.3,
		"bpm": 100
	}
}