{"song":{"sectionLengths":[],"player1":"aloo-christmas","player2":"takamori-christmas","notes":[{"typeOfSection":0,"sectionNotes":[[0,0,600,"normal",false,false,false],[685.714285714286,3,0,"normal",false,false,false],[942.857142857143,0,342.857142857143,"normal",false,false,false]],"lengthInSteps":16,"bpm":95,"changeBPM":false,"mustHitSection":false},{"typeOfSection":0,"sectionNotes":[[1371.42857142857,2,257.142857142857,"normal",false,false,false],[1885.71428571429,1,342.857142857143,"normal",false,false,false],[2400,3,257.142857142857,"normal",false,false,false]],"lengthInSteps":16,"bpm":100,"changeBPM":false,"mustHitSection":false},{"typeOfSection":0,"sectionNotes":[[2742.85714285714,2,942.857142857143,"normal",false,false,false],[3771.42857142857,3,0,"normal",false,false,false]],"lengthInSteps":16,"CPUPrimaryAltAnim":true,"bpm":100,"changeBPM":false,"mustHitSection":false},{"typeOfSection":0,"sectionNotes":[[4114.28571428571,0,428.571428571428,"normal",false,false,false],[4628.57142857143,2,428.571428571429,"normal",false,false,false],[5142.85714285714,3,257.142857142857,"normal",false,false,false]],"lengthInSteps":16,"CPUPrimaryAltAnim":true,"bpm":100,"changeBPM":false,"mustHitSection":false},{"typeOfSection":0,"sectionNotes":[[5485.71428571429,1,600,"normal",false,false,false],[6257.14285714286,2,0,"normal",false,false,false],[6428.57142857143,0,342.857142857143,"normal",false,false,false]],"lengthInSteps":16,"bpm":100,"changeBPM":false,"mustHitSection":true},{"typeOfSection":0,"sectionNotes":[[6857.14285714286,1,428.571428571429,"normal",false,false,false],[7371.42857142857,0,428.571428571429,"normal",false,false,false],[7885.71428571429,3,257.142857142857,"normal",false,false,false]],"lengthInSteps":16,"bpm":100,"changeBPM":false,"mustHitSection":true},{"typeOfSection":0,"sectionNotes":[[8228.57142857143,1,428.571428571428,"normal",false,false,false],[8742.85714285714,2,257.142857142857,"normal",false,false,false],[9257.14285714286,0,0,"normal",false,false,false],[9428.57142857143,3,771.428571428571,"normal",false,false,false]],"lengthInSteps":16,"bpm":100,"changeBPM":false,"mustHitSection":true},{"typeOfSection":0,"sectionNotes":[],"lengthInSteps":16,"bpm":100,"changeBPM":false,"mustHitSection":true},{"typeOfSection":0,"sectionNotes":[[10971.4285714286,2,942.857142857143,"normal",false,false,false],[12000,0,0,"normal",false,false,false],[12171.4285714286,0,0,"normal",false,false,false]],"lengthInSteps":16,"CPUPrimaryAltAnim":true,"bpm":100,"changeBPM":false,"mustHitSection":false},{"typeOfSection":0,"sectionNotes":[[12342.8571428571,0,0,"normal",false,false,false],[12685.7142857143,1,0,"normal",false,false,false],[12857.1428571429,2,257.142857142857,"normal",false,false,false],[13200,3,0,"normal",false,false,false],[13542.8571428571,1,771.428571428571,"normal",false,false,false]],"lengthInSteps":16,"CPUPrimaryAltAnim":true,"bpm":100,"changeBPM":false,"mustHitSection":false},{"typeOfSection":0,"sectionNotes":[[14742.8571428571,3,0,"normal",false,false,false],[14914.2857142857,3,428.571428571429,"normal",false,false,false]],"lengthInSteps":16,"mustHitSection":false,"changeBPM":false,"bpm":100},{"typeOfSection":0,"sectionNotes":[[15428.5714285714,0,0,"normal",false,false,false],[15600,0,171.428571428571,"normal",false,false,false],[15942.8571428571,1,257.142857142857,"normal",false,false,false],[16285.7142857143,2,771.428571428571,"normal",false,false,false]],"lengthInSteps":16,"bpm":100,"changeBPM":false,"mustHitSection":false},{"typeOfSection":0,"sectionNotes":[[17485.7142857143,5,0,"normal",false,false,false],[17657.1428571429,5,0,"normal",false,false,false]],"lengthInSteps":16,"bpm":100,"changeBPM":false,"mustHitSection":false},{"typeOfSection":0,"sectionNotes":[[17828.5714285714,1,257.142857142857,"normal",false,false,false],[18171.4285714286,0,0,"normal",false,false,false],[18685.7142857143,0,257.142857142857,"normal",false,false,false],[18342.8571428571,2,257.142857142857,"normal",false,false,false],[19028.5714285714,1,771.428571428571,"normal",false,false,false]],"lengthInSteps":16,"bpm":100,"changeBPM":false,"mustHitSection":true},{"typeOfSection":0,"sectionNotes":[[20057.1428571429,7,0,"normal",false,false,false],[20057.1428571429,0,0,"normal",false,false,false],[20228.5714285714,2,0,"normal",false,false,false],[20228.5714285714,5,0,"normal",false,false,false],[20400,3,771.428571428571,"normal",false,false,false],[20400,4,771.428571428571,"normal",false,false,false]],"lengthInSteps":16,"CPUPrimaryAltAnim":true,"bpm":100,"changeBPM":false,"mustHitSection":true},{"typeOfSection":0,"sectionNotes":[[21428.5714285714,1,0,"normal",false,false,false],[21600,2,0,"normal",false,false,false],[21771.4285714286,2,0,"normal",false,false,false],[21428.5714285714,6,0,"normal",false,false,false],[21600,5,0,"normal",false,false,false],[21771.4285714286,5,0,"normal",false,false,false]],"lengthInSteps":16,"CPUPrimaryAltAnim":true,"bpm":100,"changeBPM":false,"mustHitSection":true},{"typeOfSection":0,"sectionNotes":[[21942.8571428571,3,600,"normal",false,false,false],[21942.8571428571,4,600,"normal",false,false,false],[22971.4285714286,2,0,"normal",false,false,false],[23142.8571428571,2,0,"normal",false,false,false]],"lengthInSteps":16,"CPUPrimaryAltAnim":true,"bpm":100,"changeBPM":false,"mustHitSection":false},{"typeOfSection":0,"sectionNotes":[[23314.2857142857,2,0,"normal",false,false,false],[23657.1428571429,1,0,"normal",false,false,false],[23828.5714285714,1,0,"normal",false,false,false],[24171.4285714286,0,0,"normal",false,false,false],[24514.2857142857,2,771.428571428571,"normal",false,false,false]],"lengthInSteps":16,"CPUPrimaryAltAnim":true,"bpm":100,"changeBPM":false,"mustHitSection":false},{"typeOfSection":0,"sectionNotes":[[25542.8571428571,3,0,"normal",false,false,false],[25714.2857142857,2,0,"normal",false,false,false],[25885.7142857143,1,0,"normal",false,false,false]],"lengthInSteps":16,"mustHitSection":false,"changeBPM":false,"bpm":100},{"typeOfSection":0,"sectionNotes":[[26057.1428571429,1,257.142857142857,"normal",false,false,false],[26400,0,0,"normal",false,false,false],[26571.4285714286,2,257.142857142857,"normal",false,false,false],[26914.2857142857,3,257.142857142857,"normal",false,false,false],[27257.1428571429,1,771.428571428571,"normal",false,false,false]],"lengthInSteps":16,"bpm":100,"changeBPM":false,"mustHitSection":false},{"typeOfSection":0,"sectionNotes":[[28457.1428571429,3,0,"normal",false,false,false],[28628.5714285714,3,0,"normal",false,false,false],[28457.1428571429,4,0,"normal",false,false,false],[28628.5714285714,4,0,"normal",false,false,false]],"lengthInSteps":16,"CPUPrimaryAltAnim":true,"bpm":100,"changeBPM":false,"mustHitSection":false},{"typeOfSection":0,"sectionNotes":[[28800,7,257.142857142857,"normal",false,false,false],[28800,0,257.142857142857,"normal",false,false,false],[29142.8571428571,6,0,"normal",false,false,false],[29142.8571428571,1,0,"normal",false,false,false],[29314.2857142857,5,257.142857142857,"normal",false,false,false],[29314.2857142857,2,257.142857142857,"normal",false,false,false],[29657.1428571429,7,257.142857142857,"normal",false,false,false],[29657.1428571429,0,257.142857142857,"normal",false,false,false],[30000,6,771.428571428571,"normal",false,false,false],[30000,1,771.428571428571,"normal",false,false,false]],"lengthInSteps":16,"CPUPrimaryAltAnim":true,"bpm":100,"changeBPM":false,"mustHitSection":true},{"typeOfSection":0,"sectionNotes":[[31028.5714285714,6,0,"normal",false,false,false],[31200,7,0,"normal",false,false,false],[31371.4285714286,6,771.428571428571,"normal",false,false,false],[31028.5714285714,1,0,"normal",false,false,false],[31200,0,0,"normal",false,false,false],[31371.4285714286,1,771.428571428571,"normal",false,false,false]],"lengthInSteps":16,"CPUPrimaryAltAnim":true,"bpm":100,"changeBPM":false,"mustHitSection":true},{"typeOfSection":0,"sectionNotes":[],"lengthInSteps":16,"bpm":100,"changeBPM":false,"mustHitSection":true},{"typeOfSection":0,"sectionNotes":[[32914.2857142857,0,257.142857142857,"normal",false,false,false],[33600,2,257.142857142857,"normal",false,false,false],[33942.8571428571,1,0,"normal",false,false,false],[34114.2857142857,0,0,"normal",false,false,false]],"lengthInSteps":16,"CPUPrimaryAltAnim":true,"bpm":100,"changeBPM":false,"mustHitSection":false},{"typeOfSection":0,"sectionNotes":[[34628.5714285714,1,0,"normal",false,false,false],[34971.4285714286,3,0,"normal",false,false,false],[35142.8571428571,0,0,"normal",false,false,false],[34285.7142857143,2,257.142857142857,"normal",false,false,false]],"lengthInSteps":16,"CPUPrimaryAltAnim":true,"bpm":100,"changeBPM":false,"mustHitSection":false},{"typeOfSection":0,"sectionNotes":[[35657.1428571429,3,257.142857142857,"normal",false,false,false],[36342.8571428571,1,257.142857142857,"normal",false,false,false],[36685.7142857143,2,0,"normal",false,false,false],[36857.1428571429,3,0,"normal",false,false,false]],"lengthInSteps":16,"bpm":100,"changeBPM":false,"mustHitSection":true},{"typeOfSection":0,"sectionNotes":[[37371.4285714286,1,0,"normal",false,false,false],[37028.5714285714,2,257.142857142857,"normal",false,false,false],[37542.8571428572,1,257.142857142857,"normal",false,false,false],[37885.7142857143,2,257.142857142857,"normal",false,false,false],[38228.5714285714,3,428.571428571429,"normal",false,false,false]],"lengthInSteps":16,"bpm":100,"changeBPM":false,"mustHitSection":true},{"typeOfSection":0,"sectionNotes":[[39085.7142857143,2,0,"normal",false,false,false],[39342.8571428572,3,0,"normal",false,false,false],[39600,1,0,"normal",false,false,false]],"lengthInSteps":16,"bpm":100,"changeBPM":false,"mustHitSection":false},{"typeOfSection":0,"sectionNotes":[[40457.1428571429,3,0,"primalt",false,false,false],[40714.2857142857,2,0,"primalt",false,false,false],[40971.4285714286,1,0,"primalt",false,false,false],[39771.4285714286,0,257.142857142857,"normal",false,false,false]],"lengthInSteps":16,"mustHitSection":false,"changeBPM":false,"bpm":100},{"typeOfSection":0,"sectionNotes":[[41142.8571428572,7,257.142857142857,"normal",false,false,false],[41828.5714285714,5,0,"normal",false,false,false],[41828.5714285714,2,0,"normal",false,false,false],[42085.7142857143,6,0,"normal",false,false,false],[42085.7142857143,1,0,"normal",false,false,false],[42342.8571428572,7,0,"normal",false,false,false],[42342.8571428572,0,0,"normal",false,false,false]],"lengthInSteps":16,"CPUPrimaryAltAnim":true,"bpm":100,"changeBPM":false,"mustHitSection":true},{"typeOfSection":0,"sectionNotes":[[42514.2857142857,4,600,"normal",false,false,false],[43200,6,600,"normal",false,false,false],[42514.2857142857,3,600,"normal",false,false,false],[43200,1,600,"normal",false,false,false]],"lengthInSteps":16,"CPUPrimaryAltAnim":true,"bpm":100,"changeBPM":false,"mustHitSection":true},{"typeOfSection":0,"sectionNotes":[[43885.7142857143,2,1285.71428571429,"normal",false,false,false],[43885.7142857143,5,1285.71428571429,"normal",false,false,false]],"lengthInSteps":16,"CPUPrimaryAltAnim":true,"bpm":100,"changeBPM":false,"mustHitSection":false},{"typeOfSection":0,"sectionNotes":[[45942.8571428572,1,0,"normal",false,false,false],[46200,2,0,"normal",false,false,false],[46457.1428571429,1,0,"normal",false,false,false]],"lengthInSteps":16,"CPUPrimaryAltAnim":true,"bpm":100,"changeBPM":false,"mustHitSection":false},{"typeOfSection":0,"sectionNotes":[[46628.5714285714,3,0,"normal",false,false,false],[46971.4285714286,3,0,"normal",false,false,false],[47314.2857142857,3,0,"normal",false,false,false],[47657.1428571429,2,0,"normal",false,false,false],[47828.5714285714,1,0,"normal",false,false,false]],"lengthInSteps":16,"CPUPrimaryAltAnim":true,"bpm":100,"changeBPM":false,"mustHitSection":false},{"typeOfSection":0,"sectionNotes":[[48171.4285714286,0,0,"normal",false,false,false],[48514.2857142857,3,0,"normal",false,false,false],[48857.1428571429,0,0,"normal",false,false,false],[49114.2857142857,5,0,"normal",false,false,false],[49285.7142857143,7,0,"normal",false,false,false]],"lengthInSteps":16,"CPUPrimaryAltAnim":true,"bpm":100,"changeBPM":false,"mustHitSection":false},{"typeOfSection":0,"sectionNotes":[[50400,2,0,"normal",false,false,false],[50571.4285714286,1,0,"normal",false,false,false],[49714.2857142857,3,0,"normal",false,false,false],[50057.1428571429,3,0,"normal",false,false,false],[49371.4285714286,3,0,"normal",false,false,false]],"lengthInSteps":16,"bpm":100,"changeBPM":false,"mustHitSection":true},{"typeOfSection":0,"sectionNotes":[[50914.2857142857,0,0,"normal",false,false,false],[51085.7142857143,2,0,"normal",false,false,false],[51257.1428571429,3,428.571428571429,"normal",false,false,false],[51771.4285714286,6,0,"normal",false,false,false],[51942.8571428572,4,0,"normal",false,false,false]],"lengthInSteps":16,"bpm":100,"changeBPM":false,"mustHitSection":true},{"typeOfSection":0,"sectionNotes":[[53314.2857142857,2,257.142857142857,"normal",false,false,false],[52114.2857142857,1,257.142857142857,"normal",false,false,false],[52457.1428571429,2,257.142857142857,"normal",false,false,false],[53142.8571428572,0,0,"normal",false,false,false],[52800,3,257.142857142857,"normal",false,false,false]],"lengthInSteps":16,"bpm":100,"changeBPM":false,"mustHitSection":false},{"typeOfSection":0,"sectionNotes":[[54600,7,0,"normal",false,false,false],[54771.4285714286,5,0,"normal",false,false,false],[53657.1428571429,0,257.142857142857,"normal",false,false,false],[54000,1,257.142857142857,"normal",false,false,false],[54342.8571428572,0,0,"normal",false,false,false]],"lengthInSteps":16,"bpm":100,"changeBPM":false,"mustHitSection":false},{"typeOfSection":0,"sectionNotes":[[54857.1428571429,2,0,"normal",false,false,false],[55200,3,0,"normal",false,false,false],[55542.8571428572,0,0,"normal",false,false,false],[55885.7142857143,3,0,"normal",false,false,false],[56057.1428571429,2,0,"normal",false,false,false]],"lengthInSteps":16,"bpm":100,"changeBPM":false,"mustHitSection":true},{"typeOfSection":0,"sectionNotes":[[56400,1,0,"normal",false,false,false],[56571.4285714286,3,0,"normal",false,false,false],[56742.8571428572,1,0,"normal",false,false,false],[56914.2857142857,2,0,"normal",false,false,false],[57085.7142857143,3,0,"normal",false,false,false],[57257.1428571429,2,0,"normal",false,false,false],[57428.5714285714,1,0,"normal",false,false,false]],"lengthInSteps":16,"bpm":100,"changeBPM":false,"mustHitSection":true},{"typeOfSection":0,"sectionNotes":[[57600,0,0,"normal",false,false,false],[57942.8571428572,0,0,"normal",false,false,false],[58285.7142857143,0,0,"normal",false,false,false],[58628.5714285714,1,0,"normal",false,false,false],[57600,7,0,"normal",false,false,false],[57942.8571428572,7,0,"normal",false,false,false],[58285.7142857143,7,0,"normal",false,false,false],[58628.5714285714,6,0,"normal",false,false,false],[58800,4,0,"normal",false,false,false],[58800,3,0,"normal",false,false,false]],"lengthInSteps":16,"CPUPrimaryAltAnim":true,"bpm":100,"changeBPM":false,"mustHitSection":true},{"typeOfSection":0,"sectionNotes":[[59142.8571428572,7,257.142857142857,"normal",false,false,false],[59142.8571428572,0,257.142857142857,"normal",false,false,false],[59485.7142857143,4,257.142857142857,"normal",false,false,false],[59485.7142857143,3,257.142857142857,"normal",false,false,false],[59828.5714285714,0,171.428571428571,"normal",false,false,false],[59828.5714285714,7,171.428571428571,"normal",false,false,false],[60257.1428571429,2,0,"normal",false,false,false],[60085.7142857143,3,0,"normal",false,false,false]],"lengthInSteps":16,"CPUPrimaryAltAnim":true,"bpm":100,"changeBPM":false,"mustHitSection":true},{"typeOfSection":0,"sectionNotes":[[60685.7142857143,1,0,"normal",false,false,false],[60342.8571428572,1,0,"normal",false,false,false],[60342.8571428572,6,0,"normal",false,false,false],[60685.7142857143,6,0,"normal",false,false,false],[61028.5714285714,2,257.142857142857,"normal",false,false,false],[61371.4285714286,3,0,"normal",false,false,false],[61542.8571428572,0,0,"normal",false,false,false],[61028.5714285714,5,257.142857142857,"normal",false,false,false],[61371.4285714286,4,0,"normal",false,false,false],[61542.8571428572,7,0,"normal",false,false,false]],"lengthInSteps":16,"CPUPrimaryAltAnim":true,"bpm":100,"changeBPM":false,"mustHitSection":true},{"typeOfSection":0,"sectionNotes":[[61714.2857142857,3,0,"normal",false,false,false],[61885.7142857143,3,0,"normal",false,false,false],[62228.5714285715,1,0,"normal",false,false,false],[62400,1,0,"normal",false,false,false],[62914.2857142857,0,0,"normal",false,false,false],[61714.2857142857,4,0,"normal",false,false,false],[61885.7142857143,4,0,"normal",false,false,false],[62228.5714285715,6,0,"normal",false,false,false],[62400,6,0,"normal",false,false,false],[62742.8571428572,3,0,"normal",false,false,false]],"lengthInSteps":16,"CPUPrimaryAltAnim":true,"bpm":100,"changeBPM":false,"mustHitSection":true},{"typeOfSection":0,"sectionNotes":[[64285.7142857143,1,0,"normal",false,false,false],[63600,3,0,"normal",false,false,false],[63771.4285714286,3,0,"normal",false,false,false],[63085.7142857143,2,428.571428571429,"normal",false,false,false],[63085.7142857143,6,1285.71428571429,"normal",false,false,false],[64114.2857142857,2,0,"normal",false,false,false]],"lengthInSteps":16,"CPUPrimaryAltAnim":true,"bpm":100,"changeBPM":false,"mustHitSection":true},{"typeOfSection":0,"sectionNotes":[[64457.1428571429,3,428.571428571428,"normal",false,false,false],[64971.4285714286,0,0,"normal",false,false,false],[65142.8571428572,0,0,"normal",false,false,false],[65485.7142857143,2,257.142857142857,"normal",false,false,false],[65485.7142857143,7,257.142857142857,"normal",false,false,false],[65142.8571428572,6,257.142857142857,"normal",false,false,false],[64457.1428571429,5,600,"normal",false,false,false]],"lengthInSteps":16,"CPUPrimaryAltAnim":true,"bpm":100,"changeBPM":false,"mustHitSection":true},{"typeOfSection":0,"sectionNotes":[[65828.5714285714,3,600,"normal",false,false,false],[66857.1428571429,0,0,"normal",false,false,false],[66685.7142857143,1,0,"normal",false,false,false],[67028.5714285714,2,771.428571428571,"normal",false,false,false],[65828.5714285714,4,600,"normal",false,false,false],[66685.7142857143,6,0,"normal",false,false,false],[66857.1428571429,7,0,"normal",false,false,false],[67028.5714285714,5,771.428571428571,"normal",false,false,false]],"lengthInSteps":16,"CPUPrimaryAltAnim":true,"bpm":100,"changeBPM":false,"mustHitSection":true},{"typeOfSection":0,"sectionNotes":[[68400,0,0,"normal",false,false,false],[67885.7142857143,2,0,"normal",false,false,false],[68142.8571428572,3,0,"normal",false,false,false]],"lengthInSteps":16,"CPUPrimaryAltAnim":true,"bpm":100,"changeBPM":false,"mustHitSection":false},{"typeOfSection":0,"sectionNotes":[[68571,3,0,"normal",false,false,false],[68914,3,0,"normal",false,false,false],[69257,3,0,"normal",false,false,false],[68571,5,600,"normal",false,false,false],[69600,2,0,"normal",false,false,false],[69771,1,0,"normal",false,false,false],[69257,7,600,"normal",false,false,false]],"lengthInSteps":16,"CPUPrimaryAltAnim":true,"bpm":100,"changeBPM":false,"mustHitSection":false},{"typeOfSection":0,"sectionNotes":[[71228,5,0,"normal",false,false,false],[70457,3,0,"normal",false,false,false],[70800,3,0,"normal",false,false,false],[70628,1,0,"normal",false,false,false],[69942,1,0,"normal",false,false,false],[70114,2,0,"normal",false,false,false],[69942,6,599,"normal",false,false,false],[70628,7,342,"normal",false,false,false],[71057.1428571429,6,0,"normal",false,false,false]],"lengthInSteps":16,"CPUPrimaryAltAnim":true,"bpm":100,"changeBPM":false,"mustHitSection":false},{"typeOfSection":0,"sectionNotes":[[71314.2857142857,2,0,"normal",false,false,false],[72342.8571428571,3,0,"normal",false,false,false],[72514.2857142857,2,0,"normal",false,false,false],[71657.1428571429,2,0,"normal",false,false,false],[71314.2857142857,5,600,"normal",false,false,false],[72000,2,0,"normal",false,false,false],[72000,7,514.285714285714,"normal",false,false,false]],"lengthInSteps":16,"bpm":100,"changeBPM":false,"mustHitSection":true},{"lengthInSteps":16,"typeOfSection":0,"sectionNotes":[[72685.7142857143,6,600,"normal",false,false,false],[73371.4285714286,5,257.142857142857,"normal",false,false,false],[73971.4285714286,6,0,"normal",false,false,false],[72857.1428571428,1,0,"normal",false,false,false],[73028.5714285714,2,0,"normal",false,false,false],[73200,3,0,"normal",false,false,false],[73800,5,0,"normal",false,false,false]],"bpm":100,"changeBPM":false,"mustHitSection":true},{"lengthInSteps":16,"typeOfSection":0,"sectionNotes":[[74742,5,599,"normal",false,false,false],[75085,3,0,"normal",false,false,false],[74400,0,0,"normal",false,false,false],[74742,1,0,"normal",false,false,false],[75257,2,257,"normal",false,false,false],[74057,7,599,"normal",false,false,false],[74057.1428571428,1,0,"normal",false,false,false]],"bpm":175,"changeBPM":false,"mustHitSection":false},{"lengthInSteps":16,"typeOfSection":0,"sectionNotes":[[75600,3,257,"normal",false,false,false],[75942,1,0,"normal",false,false,false],[76114,1,0,"normal",false,false,false],[76285,0,0,"normal",false,false,false],[76542,5,0,"normal",false,false,false],[75428,4,600,"normal",false,false,false],[76114,6,342,"normal",false,false,false],[76714.2857142857,6,0,"normal",false,false,false]],"bpm":175,"changeBPM":false,"mustHitSection":false},{"lengthInSteps":16,"typeOfSection":0,"sectionNotes":[[76800,4,257,"normal",false,false,false],[77142,7,257,"normal",false,false,false],[77485,6,257,"normal",false,false,false],[77828,4,0,"normal",false,false,false],[78000,7,257,"normal",false,false,false],[76800,1,600,"normal",false,false,false],[77485,3,600,"normal",false,false,false]],"CPUPrimaryAltAnim":true,"bpm":175,"changeBPM":false,"mustHitSection":false},{"lengthInSteps":16,"typeOfSection":0,"sectionNotes":[[78342.8571428572,1,0,"normal",false,false,false],[78514.2857142857,3,0,"normal",false,false,false],[78685.7142857143,1,0,"normal",false,false,false],[78857.1428571429,2,0,"normal",false,false,false],[79028.5714285714,3,0,"normal",false,false,false],[79200,2,0,"normal",false,false,false],[79371.4285714286,1,0,"normal",false,false,false],[78171.4285714285,5,600,"normal",false,false,false],[78857.1428571428,6,600,"normal",false,false,false]],"CPUPrimaryAltAnim":true,"bpm":175,"changeBPM":false,"mustHitSection":true},{"lengthInSteps":16,"typeOfSection":0,"sectionNotes":[[79542.8571428572,0,0,"normal",false,false,false],[79885.7142857143,0,0,"normal",false,false,false],[80228.5714285714,0,0,"normal",false,false,false],[80571.4285714286,1,0,"normal",false,false,false],[79542.8571428572,7,0,"normal",false,false,false],[79885.7142857143,7,0,"normal",false,false,false],[80228.5714285714,7,0,"normal",false,false,false],[80571.4285714286,6,0,"normal",false,false,false],[80742.8571428572,4,0,"normal",false,false,false],[80742.8571428572,3,0,"normal",false,false,false]],"CPUPrimaryAltAnim":true,"bpm":175,"changeBPM":false,"mustHitSection":true},{"lengthInSteps":16,"typeOfSection":0,"sectionNotes":[[81085.7142857143,7,257.142857142857,"normal",false,false,false],[81085.7142857143,0,257.142857142857,"normal",false,false,false],[81428.5714285714,4,257.142857142857,"normal",false,false,false],[81428.5714285714,3,257.142857142857,"normal",false,false,false],[81771.4285714286,0,171.428571428571,"normal",false,false,false],[81771.4285714286,7,171.428571428571,"normal",false,false,false],[82200,2,0,"normal",false,false,false],[82028.5714285714,3,0,"normal",false,false,false]],"CPUPrimaryAltAnim":true,"bpm":175,"changeBPM":false,"mustHitSection":true},{"lengthInSteps":16,"typeOfSection":0,"sectionNotes":[[82628.5714285714,1,0,"normal",false,false,false],[82285.7142857143,1,0,"normal",false,false,false],[82285.7142857143,6,0,"normal",false,false,false],[82628.5714285714,6,0,"normal",false,false,false],[82971.4285714286,2,257.142857142857,"normal",false,false,false],[83314.2857142857,3,0,"normal",false,false,false],[83485.7142857143,0,0,"normal",false,false,false],[82971.4285714286,5,257.142857142857,"normal",false,false,false],[83314.2857142857,4,0,"normal",false,false,false],[83485.7142857142,7,0,"normal",false,false,false]],"CPUPrimaryAltAnim":true,"bpm":175,"changeBPM":false,"mustHitSection":true},{"lengthInSteps":16,"typeOfSection":0,"sectionNotes":[[83657.1428571429,3,0,"normal",false,false,false],[83828.5714285714,3,0,"normal",false,false,false],[84171.4285714286,1,0,"normal",false,false,false],[84342.8571428572,1,0,"normal",false,false,false],[84857.1428571429,0,0,"normal",false,false,false],[83657.1428571429,4,0,"normal",false,false,false],[83828.5714285714,4,0,"normal",false,false,false],[84171.4285714286,6,0,"normal",false,false,false],[84342.8571428572,6,0,"normal",false,false,false],[84685.7142857142,3,0,"normal",false,false,false]],"CPUPrimaryAltAnim":true,"bpm":175,"changeBPM":false,"mustHitSection":true},{"lengthInSteps":16,"typeOfSection":0,"sectionNotes":[[86057.1428571429,1,0,"normal",false,false,false],[85542.8571428572,3,0,"normal",false,false,false],[85714.2857142857,3,0,"normal",false,false,false],[85028.5714285714,2,428.571428571429,"normal",false,false,false],[85028.5714285714,6,1285.71428571429,"normal",false,false,false],[86228.5714285714,2,0,"normal",false,false,false]],"CPUPrimaryAltAnim":true,"bpm":175,"changeBPM":false,"mustHitSection":true},{"lengthInSteps":16,"typeOfSection":0,"sectionNotes":[[86400,3,428.571428571428,"normal",false,false,false],[86914.2857142857,0,0,"normal",false,false,false],[87085.7142857143,0,0,"normal",false,false,false],[87428.5714285714,2,257.142857142857,"normal",false,false,false],[87428.5714285714,7,257.142857142857,"normal",false,false,false],[87085.7142857143,6,257.142857142857,"normal",false,false,false],[86400,5,600,"normal",false,false,false]],"CPUPrimaryAltAnim":true,"bpm":175,"changeBPM":false,"mustHitSection":true},{"lengthInSteps":16,"typeOfSection":0,"sectionNotes":[[87771.4285714286,3,600,"normal",false,false,false],[88800,0,0,"normal",false,false,false],[88628.5714285714,1,0,"normal",false,false,false],[88971.4285714286,2,771.428571428571,"normal",false,false,false],[87771.4285714286,4,600,"normal",false,false,false],[88628.5714285713,6,0,"normal",false,false,false],[88799.9999999999,7,0,"normal",false,false,false],[88971.4285714285,5,771.428571428571,"normal",false,false,false]],"CPUPrimaryAltAnim":true,"bpm":175,"changeBPM":false,"mustHitSection":true},{"lengthInSteps":16,"typeOfSection":0,"sectionNotes":[],"bpm":175,"changeBPM":false,"mustHitSection":true},{"lengthInSteps":16,"typeOfSection":0,"sectionNotes":[],"bpm":175,"changeBPM":false,"mustHitSection":true},{"lengthInSteps":16,"typeOfSection":0,"sectionNotes":[],"bpm":175,"changeBPM":false,"mustHitSection":true},{"lengthInSteps":16,"typeOfSection":0,"sectionNotes":[],"bpm":175,"changeBPM":false,"mustHitSection":true},{"lengthInSteps":16,"typeOfSection":0,"sectionNotes":[],"bpm":175,"changeBPM":false,"mustHitSection":true},{"lengthInSteps":16,"typeOfSection":0,"sectionNotes":[[96000,0,600,"normal",false,false,false],[96685.7142857143,3,0,"normal",false,false,false],[96942.8571428571,0,342.857142857143,"normal",false,false,false]],"bpm":175,"changeBPM":false,"mustHitSection":false},{"lengthInSteps":16,"typeOfSection":0,"sectionNotes":[[97371.4285714286,2,257.142857142857,"normal",false,false,false],[97885.7142857143,1,342.857142857143,"normal",false,false,false],[98400,3,257.142857142857,"normal",false,false,false]],"bpm":175,"changeBPM":false,"mustHitSection":false},{"lengthInSteps":16,"typeOfSection":0,"sectionNotes":[[98742.8571428571,2,942.857142857143,"normal",false,false,false],[99771.4285714286,3,0,"normal",false,false,false]],"CPUPrimaryAltAnim":true,"bpm":175,"changeBPM":false,"mustHitSection":false},{"lengthInSteps":16,"typeOfSection":0,"sectionNotes":[[100114.285714286,0,428.571428571428,"normal",false,false,false],[100628.571428571,2,428.571428571429,"normal",false,false,false],[101142.857142857,3,257.142857142857,"normal",false,false,false]],"CPUPrimaryAltAnim":true,"bpm":175,"changeBPM":false,"mustHitSection":false},{"lengthInSteps":16,"typeOfSection":0,"sectionNotes":[[101485.714285714,1,600,"normal",false,false,false],[102257.142857143,2,0,"normal",false,false,false],[102428.571428571,0,342.857142857143,"normal",false,false,false]],"bpm":175,"changeBPM":false,"mustHitSection":true},{"lengthInSteps":16,"typeOfSection":0,"sectionNotes":[[102857.142857143,1,428.571428571429,"normal",false,false,false],[103371.428571429,0,428.571428571429,"normal",false,false,false],[103885.714285714,3,257.142857142857,"normal",false,false,false]],"bpm":175,"changeBPM":false,"mustHitSection":true},{"lengthInSteps":16,"typeOfSection":0,"sectionNotes":[[104228.571428571,1,428.571428571428,"normal",false,false,false],[104742.857142857,2,257.142857142857,"normal",false,false,false],[105257.142857143,0,0,"normal",false,false,false],[105428.571428571,3,771.428571428571,"normal",false,false,false]],"bpm":175,"changeBPM":false,"mustHitSection":true},{"lengthInSteps":16,"typeOfSection":0,"sectionNotes":[],"bpm":175,"changeBPM":false,"mustHitSection":true},{"lengthInSteps":16,"typeOfSection":0,"sectionNotes":[],"bpm":175,"changeBPM":false,"mustHitSection":true},{"lengthInSteps":16,"typeOfSection":0,"sectionNotes":[],"bpm":175,"changeBPM":false,"mustHitSection":true},{"lengthInSteps":16,"typeOfSection":0,"sectionNotes":[],"bpm":175,"changeBPM":false,"mustHitSection":true},{"sectionNotes":[],"typeOfSection":0,"lengthInSteps":16,"mustHitSection":true,"changeBPM":false,"bpm":175},{"sectionNotes":[],"typeOfSection":0,"lengthInSteps":16,"mustHitSection":true,"changeBPM":false,"bpm":175},{"lengthInSteps":16,"typeOfSection":0,"sectionNotes":[],"bpm":175,"changeBPM":false,"mustHitSection":true},{"lengthInSteps":16,"typeOfSection":0,"sectionNotes":[],"bpm":175,"changeBPM":false,"mustHitSection":true},{"lengthInSteps":16,"typeOfSection":0,"sectionNotes":[],"bpm":175,"changeBPM":false,"mustHitSection":true},{"sectionNotes":[],"typeOfSection":0,"lengthInSteps":16,"mustHitSection":true,"changeBPM":false,"bpm":175},{"lengthInSteps":16,"typeOfSection":0,"sectionNotes":[],"bpm":175,"changeBPM":false,"mustHitSection":true},{"lengthInSteps":16,"typeOfSection":0,"sectionNotes":[],"mustHitSection":true,"changeBPM":false,"playerSecondaryAltAnim":false,"bpm":175},{"lengthInSteps":16,"typeOfSection":0,"sectionNotes":[],"mustHitSection":true,"changeBPM":false,"playerSecondaryAltAnim":false,"bpm":175},{"lengthInSteps":16,"typeOfSection":0,"sectionNotes":[],"mustHitSection":true,"changeBPM":false,"playerSecondaryAltAnim":false,"bpm":175},{"lengthInSteps":16,"typeOfSection":0,"sectionNotes":[],"mustHitSection":true,"changeBPM":false,"playerSecondaryAltAnim":false,"bpm":175},{"lengthInSteps":16,"typeOfSection":0,"sectionNotes":[],"mustHitSection":true,"changeBPM":false,"playerSecondaryAltAnim":false,"bpm":175},{"lengthInSteps":16,"typeOfSection":0,"sectionNotes":[],"mustHitSection":true,"changeBPM":false,"playerSecondaryAltAnim":false,"bpm":175},{"lengthInSteps":16,"typeOfSection":0,"sectionNotes":[],"mustHitSection":true,"changeBPM":false,"playerSecondaryAltAnim":false,"bpm":175},{"lengthInSteps":16,"typeOfSection":0,"sectionNotes":[],"mustHitSection":true,"changeBPM":false,"playerSecondaryAltAnim":false,"bpm":175},{"lengthInSteps":16,"typeOfSection":0,"sectionNotes":[],"mustHitSection":true,"changeBPM":false,"playerSecondaryAltAnim":false,"bpm":175},{"lengthInSteps":16,"typeOfSection":0,"sectionNotes":[],"mustHitSection":true,"changeBPM":false,"playerSecondaryAltAnim":false,"bpm":175},{"lengthInSteps":16,"typeOfSection":0,"sectionNotes":[],"mustHitSection":true,"changeBPM":false,"playerSecondaryAltAnim":false,"bpm":175},{"lengthInSteps":16,"typeOfSection":0,"sectionNotes":[],"mustHitSection":true,"changeBPM":false,"playerSecondaryAltAnim":false,"bpm":175},{"lengthInSteps":16,"typeOfSection":0,"sectionNotes":[],"mustHitSection":true,"changeBPM":false,"playerSecondaryAltAnim":false,"bpm":175},{"lengthInSteps":16,"typeOfSection":0,"sectionNotes":[],"mustHitSection":true,"changeBPM":false,"playerSecondaryAltAnim":false,"bpm":175},{"lengthInSteps":16,"typeOfSection":0,"sectionNotes":[],"playerSecondaryAltAnim":false,"bpm":175,"changeBPM":false,"mustHitSection":true},{"CPUPrimaryAltAnim":false,"playerPrimaryAltAnim":false,"altAnim":false,"mustHitSection":true,"lengthInSteps":16,"typeOfSection":0,"sectionNotes":[],"CPUSecondaryAltAnim":false,"changeBPM":false,"playerSecondaryAltAnim":false,"bpm":175},{"CPUPrimaryAltAnim":false,"playerPrimaryAltAnim":false,"altAnim":false,"mustHitSection":true,"lengthInSteps":16,"typeOfSection":0,"sectionNotes":[],"CPUSecondaryAltAnim":false,"changeBPM":false,"playerSecondaryAltAnim":false,"bpm":175},{"CPUSecondaryAltAnim":false,"playerSecondaryAltAnim":false,"lengthInSteps":16,"altAnim":false,"typeOfSection":0,"playerPrimaryAltAnim":false,"sectionNotes":[],"bpm":175,"changeBPM":false,"CPUPrimaryAltAnim":false,"mustHitSection":true}],"opponentHealth":2,"startingHealth":1,"song":"Hinotori","sections":0,"validScore":true,"stage":"mall","needsVoices":true,"speed":2.3,"bpm":175}}