{
	"name": "Hinotori",
	"artist": "Original: Kai Gojo\nArrange: GGalactigal",
	"week": 6,
	"difficulties": [
		{
			"name": "easy",
			"chart": "hinotori-easy",
			"displayName": "Easy"
		},
		{
			"name": "normal",
			"chart": "hinotori",
			"displayName": "Normal"
		},
		{
			"name": "hard",
			"chart": "hinotori-hard",
			"displayName": "Hard"
		}
	],
	"initDifficulty": "normal",
	"icon": "takamori",
	"useLosingIcon": true,
	"background": "takamori",
	"colors": [ "0xFFF59F63", "0xFFF59F63", "0xFFF59F63", "0xFFF59F63", "0xFFF59F63", "0xFFF59F63", "0xFFF59F63",
				"0xFFFA8072", "0xFFFA8072", "0xFFFA8072" ]
}