{"song":{"player1":"bf-christmas","song":"Winter Horrorland","player2":"monster-christmas","notes":[{"lengthInSteps":16,"sectionNotes":[],"mustHitSection":true},{"lengthInSteps":16,"sectionNotes":[],"mustHitSection":true},{"lengthInSteps":16,"sectionNotes":[],"mustHitSection":true},{"lengthInSteps":16,"sectionNotes":[],"mustHitSection":true},{"lengthInSteps":16,"sectionNotes":[],"mustHitSection":true},{"lengthInSteps":16,"sectionNotes":[],"mustHitSection":true},{"lengthInSteps":16,"sectionNotes":[],"mustHitSection":false},{"lengthInSteps":16,"sectionNotes":[],"mustHitSection":false},{"lengthInSteps":16,"sectionNotes":[],"mustHitSection":false},{"lengthInSteps":16,"sectionNotes":[],"mustHitSection":false},{"lengthInSteps":16,"sectionNotes":[],"mustHitSection":true},{"lengthInSteps":16,"sectionNotes":[],"mustHitSection":true},{"lengthInSteps":16,"sectionNotes":[],"mustHitSection":true},{"lengthInSteps":16,"sectionNotes":[],"mustHitSection":true},{"lengthInSteps":16,"sectionNotes":[[21132.0754716981,-1,"Set GF Speed","2",""]],"mustHitSection":false},{"lengthInSteps":16,"sectionNotes":[],"mustHitSection":false},{"lengthInSteps":16,"sectionNotes":[],"mustHitSection":false},{"lengthInSteps":16,"sectionNotes":[],"mustHitSection":false},{"lengthInSteps":16,"sectionNotes":[],"mustHitSection":true},{"lengthInSteps":16,"sectionNotes":[],"mustHitSection":true},{"lengthInSteps":16,"sectionNotes":[],"mustHitSection":true},{"lengthInSteps":16,"sectionNotes":[],"mustHitSection":true},{"lengthInSteps":16,"sectionNotes":[],"mustHitSection":false},{"lengthInSteps":16,"sectionNotes":[],"mustHitSection":false},{"lengthInSteps":16,"sectionNotes":[],"mustHitSection":false},{"lengthInSteps":16,"sectionNotes":[],"mustHitSection":false},{"lengthInSteps":16,"sectionNotes":[],"mustHitSection":true},{"lengthInSteps":16,"sectionNotes":[],"mustHitSection":true},{"lengthInSteps":16,"sectionNotes":[],"mustHitSection":true},{"lengthInSteps":16,"sectionNotes":[],"mustHitSection":true},{"lengthInSteps":16,"sectionNotes":[[45283.0188679245,-1,"Set GF Speed","1",""]],"mustHitSection":false},{"lengthInSteps":16,"sectionNotes":[],"mustHitSection":true},{"lengthInSteps":16,"sectionNotes":[],"mustHitSection":false},{"lengthInSteps":16,"sectionNotes":[],"mustHitSection":false},{"lengthInSteps":16,"sectionNotes":[],"mustHitSection":true},{"lengthInSteps":16,"sectionNotes":[],"mustHitSection":false},{"lengthInSteps":16,"sectionNotes":[],"mustHitSection":true},{"lengthInSteps":16,"sectionNotes":[],"mustHitSection":true},{"lengthInSteps":16,"sectionNotes":[[57358.4905660377,-1,"Set GF Speed","2",""]],"mustHitSection":false},{"lengthInSteps":16,"sectionNotes":[],"mustHitSection":false},{"lengthInSteps":16,"sectionNotes":[],"mustHitSection":true},{"lengthInSteps":16,"sectionNotes":[],"mustHitSection":true},{"lengthInSteps":16,"sectionNotes":[],"mustHitSection":false},{"lengthInSteps":16,"sectionNotes":[],"mustHitSection":true},{"lengthInSteps":16,"sectionNotes":[],"mustHitSection":true},{"lengthInSteps":16,"sectionNotes":[],"mustHitSection":true},{"lengthInSteps":16,"sectionNotes":[],"mustHitSection":false},{"lengthInSteps":16,"sectionNotes":[],"mustHitSection":false},{"lengthInSteps":16,"sectionNotes":[],"mustHitSection":false},{"lengthInSteps":16,"sectionNotes":[],"mustHitSection":false},{"lengthInSteps":16,"sectionNotes":[],"mustHitSection":true},{"lengthInSteps":16,"sectionNotes":[],"mustHitSection":true},{"lengthInSteps":16,"sectionNotes":[],"mustHitSection":true},{"lengthInSteps":16,"sectionNotes":[],"mustHitSection":true},{"lengthInSteps":16,"sectionNotes":[[81509.4339622642,-1,"Set GF Speed","1",""]],"mustHitSection":false},{"lengthInSteps":16,"sectionNotes":[],"mustHitSection":true},{"lengthInSteps":16,"sectionNotes":[],"mustHitSection":false},{"lengthInSteps":16,"sectionNotes":[],"mustHitSection":true},{"lengthInSteps":16,"sectionNotes":[],"mustHitSection":false},{"lengthInSteps":16,"sectionNotes":[],"mustHitSection":false},{"lengthInSteps":16,"sectionNotes":[],"mustHitSection":false},{"lengthInSteps":16,"sectionNotes":[],"mustHitSection":true},{"lengthInSteps":16,"sectionNotes":[],"mustHitSection":false},{"lengthInSteps":16,"sectionNotes":[],"mustHitSection":true},{"lengthInSteps":16,"sectionNotes":[],"mustHitSection":true},{"lengthInSteps":16,"sectionNotes":[],"mustHitSection":false},{"lengthInSteps":16,"sectionNotes":[],"mustHitSection":false},{"lengthInSteps":16,"sectionNotes":[],"mustHitSection":true},{"lengthInSteps":16,"sectionNotes":[],"mustHitSection":false},{"lengthInSteps":16,"sectionNotes":[],"mustHitSection":false},{"lengthInSteps":16,"sectionNotes":[[105660.377358491,-1,"Set GF Speed","2",""]],"mustHitSection":false},{"lengthInSteps":16,"sectionNotes":[],"mustHitSection":false},{"lengthInSteps":16,"sectionNotes":[],"mustHitSection":true},{"lengthInSteps":16,"sectionNotes":[],"mustHitSection":true},{"lengthInSteps":16,"sectionNotes":[],"mustHitSection":false},{"lengthInSteps":16,"sectionNotes":[],"mustHitSection":true},{"lengthInSteps":16,"sectionNotes":[],"mustHitSection":false},{"lengthInSteps":16,"sectionNotes":[],"mustHitSection":true},{"lengthInSteps":16,"sectionNotes":[[117735.849056604,-1,"Set GF Speed","1",""]],"mustHitSection":false},{"lengthInSteps":16,"sectionNotes":[],"mustHitSection":false},{"lengthInSteps":16,"sectionNotes":[],"mustHitSection":true},{"lengthInSteps":16,"sectionNotes":[],"mustHitSection":true},{"lengthInSteps":16,"sectionNotes":[],"mustHitSection":false},{"lengthInSteps":16,"sectionNotes":[],"mustHitSection":true},{"lengthInSteps":16,"sectionNotes":[],"mustHitSection":false},{"lengthInSteps":16,"sectionNotes":[],"mustHitSection":true},{"lengthInSteps":16,"sectionNotes":[],"mustHitSection":true},{"lengthInSteps":16,"sectionNotes":[],"mustHitSection":true},{"sectionNotes":[],"typeOfSection":0,"lengthInSteps":16,"altAnim":false,"mustHitSection":true,"changeBPM":false,"bpm":159},{"sectionNotes":[],"typeOfSection":0,"lengthInSteps":16,"altAnim":false,"mustHitSection":true,"changeBPM":false,"bpm":159},{"lengthInSteps":16,"altAnim":false,"typeOfSection":0,"sectionNotes":[],"bpm":159,"changeBPM":false,"mustHitSection":true}],"needsVoices":true,"validScore":true,"bpm":159,"speed":1.3}}