{"song":{"song":"Dad Battle","bpm":180.0,"needsVoices":true,"player1":"bf","player2":"dad","speed":1.3,"notes":[{"lengthInSteps":16,"mustHitSection":true,"sectionNotes":[]},{"lengthInSteps":16,"mustHitSection":true,"sectionNotes":[]},{"lengthInSteps":16,"mustHitSection":true,"sectionNotes":[]},{"lengthInSteps":16,"mustHitSection":true,"sectionNotes":[]},{"lengthInSteps":16,"mustHitSection":true,"sectionNotes":[]},{"lengthInSteps":16,"mustHitSection":true,"sectionNotes":[]},{"lengthInSteps":16,"mustHitSection":true,"sectionNotes":[]},{"lengthInSteps":16,"mustHitSection":true,"sectionNotes":[]},{"lengthInSteps":16,"mustHitSection":false,"sectionNotes":[[10666.667,2,0.0],[11000.0,0,0.0],[11333.334,2,0.0],[11666.667,0,0.0]]},{"lengthInSteps":16,"mustHitSection":false,"sectionNotes":[[12000.0,2,0.0],[12166.667,3,0.0],[12333.334,0,0.0],[12666.667,2,0.0],[13000.0,0,0.0]]},{"lengthInSteps":16,"mustHitSection":true,"sectionNotes":[[13333.334,2,0.0],[13666.667,0,0.0],[14000.0,2,0.0],[14333.334,0,0.0]]},{"lengthInSteps":16,"mustHitSection":true,"sectionNotes":[[14666.667,2,0.0],[14833.334,3,0.0],[15000.0,0,0.0],[15333.334,2,0.0],[15666.667,0,0.0]]},{"lengthInSteps":16,"mustHitSection":false,"sectionNotes":[[16000.0,1,0.0],[16333.334,0,0.0],[16666.668,1,0.0],[17000.0,2,0.0]]},{"lengthInSteps":16,"mustHitSection":false,"sectionNotes":[[17333.334,1,0.0],[17666.668,0,0.0],[18000.0,3,0.0],[18333.334,3,0.0]]},{"lengthInSteps":16,"mustHitSection":true,"sectionNotes":[[18666.668,1,0.0],[19000.0,0,0.0],[19333.334,1,0.0],[19666.668,2,0.0]]},{"lengthInSteps":16,"mustHitSection":true,"sectionNotes":[[20000.0,1,0.0],[20333.334,0,0.0],[20666.668,3,0.0],[21000.0,3,0.0]]},{"lengthInSteps":16,"mustHitSection":false,"sectionNotes":[[21666.668,2,0.0],[22000.0,3,0.0]]},{"lengthInSteps":16,"mustHitSection":false,"sectionNotes":[[22833.334,1,0.0],[23000.0,3,0.0],[23333.334,0,0.0]]},{"lengthInSteps":16,"mustHitSection":false,"sectionNotes":[[24333.334,2,0.0],[24666.668,1,0.0],[25000.0,0,0.0]]},{"lengthInSteps":16,"mustHitSection":false,"sectionNotes":[[25333.334,2,0.0],[25666.668,0,0.0],[26000.0,2,0.0]]},{"lengthInSteps":16,"mustHitSection":true,"sectionNotes":[[27000.0,2,0.0],[27333.334,3,0.0]]},{"lengthInSteps":16,"mustHitSection":true,"sectionNotes":[[28166.668,1,0.0],[28333.334,3,0.0],[28666.668,0,0.0]]},{"lengthInSteps":16,"mustHitSection":true,"sectionNotes":[[29666.668,2,0.0],[30000.0,1,0.0],[30333.334,0,0.0]]},{"lengthInSteps":16,"mustHitSection":true,"sectionNotes":[[30666.668,4,0.0],[30666.668,2,0.0],[31000.0,6,0.0],[31000.0,0,0.0],[31333.334,6,0.0],[31333.334,2,0.0],[31666.668,4,0.0]]},{"lengthInSteps":16,"mustHitSection":false,"sectionNotes":[[32166.668,0,0.0],[32666.668,1,0.0],[33000.0,0,0.0]]},{"lengthInSteps":16,"mustHitSection":false,"sectionNotes":[[33500.0,2,0.0],[34000.0,2,0.0],[34333.3359,0,0.0]]},{"lengthInSteps":16,"mustHitSection":false,"sectionNotes":[[34666.668,0,0.0],[35000.0,1,0.0],[35333.3359,3,0.0],[35666.668,1,0.0]]},{"lengthInSteps":16,"mustHitSection":false,"sectionNotes":[[36000.0,2,0.0],[36333.3359,3,0.0],[36666.668,0,0.0]]},{"lengthInSteps":16,"mustHitSection":false,"sectionNotes":[[37500.0,1,0.0],[37666.668,3,0.0],[38000.0,0,0.0],[38333.3359,1,0.0]]},{"lengthInSteps":16,"mustHitSection":false,"sectionNotes":[[38666.668,0,0.0],[39000.0,1,0.0],[39166.668,0,0.0],[39333.3359,2,0.0],[39666.668,1,0.0]]},{"lengthInSteps":16,"mustHitSection":false,"sectionNotes":[[40166.668,0,0.0],[40333.3359,3,0.0],[40666.668,2,0.0],[41000.0,1,0.0],[41166.668,3,0.0]]},{"lengthInSteps":16,"mustHitSection":false,"sectionNotes":[[41333.3359,4,0.0],[41333.3359,0,0.0],[41666.668,6,0.0],[41666.668,0,0.0],[42000.0,6,0.0],[42000.0,2,0.0],[42333.3359,4,0.0],[42333.3359,3,0.0]]},{"lengthInSteps":16,"mustHitSection":true,"sectionNotes":[[42833.3359,0,0.0],[43333.3359,1,0.0],[43666.668,0,0.0]]},{"lengthInSteps":16,"mustHitSection":true,"sectionNotes":[[44166.668,2,0.0],[44666.668,2,0.0],[45000.0,0,0.0]]},{"lengthInSteps":16,"mustHitSection":true,"sectionNotes":[[45333.3359,0,0.0],[45666.668,1,0.0],[46000.0,3,0.0],[46333.3359,1,0.0]]},{"lengthInSteps":16,"mustHitSection":true,"sectionNotes":[[46666.668,2,0.0],[47000.0,3,0.0],[47333.3359,0,0.0]]},{"lengthInSteps":16,"mustHitSection":true,"sectionNotes":[[48166.668,1,0.0],[48333.3359,3,0.0],[48666.668,0,0.0],[49000.0,1,0.0]]},{"lengthInSteps":16,"mustHitSection":true,"sectionNotes":[[49333.3359,0,0.0],[49666.668,1,0.0],[49833.3359,0,0.0],[50000.0,2,0.0],[50333.3359,1,0.0]]},{"lengthInSteps":16,"mustHitSection":true,"sectionNotes":[[50833.3359,0,0.0],[51000.0,3,0.0],[51333.3359,2,0.0],[51666.668,1,0.0],[51833.3359,3,0.0]]},{"lengthInSteps":16,"mustHitSection":true,"sectionNotes":[[52000.0,0,0.0],[52333.3359,0,0.0],[52666.668,2,0.0],[53000.0,3,0.0]]},{"lengthInSteps":16,"mustHitSection":false,"sectionNotes":[[53333.3359,2,0.0],[53666.668,0,0.0],[54000.0,2,0.0],[54333.3359,0,0.0]]},{"lengthInSteps":16,"mustHitSection":false,"sectionNotes":[[54666.668,2,0.0],[54833.3359,3,0.0],[55000.0,0,0.0],[55333.3359,2,0.0],[55666.668,0,0.0]]},{"lengthInSteps":16,"mustHitSection":true,"sectionNotes":[[56000.0,2,0.0],[56333.3359,0,0.0],[56666.668,2,0.0],[57000.0,0,0.0]]},{"lengthInSteps":16,"mustHitSection":true,"sectionNotes":[[57333.3359,2,0.0],[57500.0,3,0.0],[57666.668,0,0.0],[58000.0,2,0.0],[58333.3359,0,0.0]]},{"lengthInSteps":16,"mustHitSection":false,"sectionNotes":[[58666.668,1,0.0],[59000.0,0,0.0],[59333.3359,1,0.0],[59666.668,2,0.0]]},{"lengthInSteps":16,"mustHitSection":false,"sectionNotes":[[60000.0,1,0.0],[60333.3359,0,0.0],[60666.668,3,0.0],[61000.0,3,0.0]]},{"lengthInSteps":16,"mustHitSection":true,"sectionNotes":[[61333.3359,1,0.0],[61666.668,0,0.0],[62000.0,1,0.0],[62333.3359,2,0.0]]},{"lengthInSteps":16,"mustHitSection":true,"sectionNotes":[[62666.668,4,0.0],[62666.668,1,0.0],[63000.0,6,0.0],[63000.0,0,0.0],[63333.3359,6,0.0],[63333.3359,3,0.0],[63666.668,4,0.0],[63666.668,3,0.0]]},{"lengthInSteps":16,"mustHitSection":false,"sectionNotes":[[64333.3359,2,0.0],[64666.668,3,0.0]]},{"lengthInSteps":16,"mustHitSection":false,"sectionNotes":[[65500.0039,1,0.0],[65666.67,3,0.0],[66000.0,0,0.0]]},{"lengthInSteps":16,"mustHitSection":false,"sectionNotes":[[67000.0,2,0.0],[67333.3359,1,0.0],[67666.67,0,0.0]]},{"lengthInSteps":16,"mustHitSection":false,"sectionNotes":[[68000.0,2,0.0],[68000.0,4,0.0],[68333.3359,0,0.0],[68333.3359,6,0.0],[68666.67,2,0.0],[68666.67,6,0.0],[69000.0,4,0.0]]},{"lengthInSteps":16,"mustHitSection":true,"sectionNotes":[[69666.67,2,0.0],[70000.0,3,0.0]]},{"lengthInSteps":16,"mustHitSection":true,"sectionNotes":[[70833.3359,1,0.0],[71000.0,3,0.0],[71333.3359,0,0.0]]},{"lengthInSteps":16,"mustHitSection":true,"sectionNotes":[[72333.3359,2,0.0],[72666.67,1,0.0],[73000.0,0,0.0]]},{"lengthInSteps":16,"mustHitSection":true,"sectionNotes":[[73333.3359,2,0.0],[73666.67,0,0.0],[74000.0,2,0.0]]},{"lengthInSteps":16,"mustHitSection":false,"sectionNotes":[[74666.67,2,0.0],[75000.0,0,0.0],[75333.3359,2,0.0],[75666.67,0,0.0]]},{"lengthInSteps":16,"mustHitSection":false,"sectionNotes":[[76000.0,2,0.0],[76333.3359,0,0.0],[76666.67,2,0.0],[77000.0,2,0.0]]},{"lengthInSteps":16,"mustHitSection":true,"sectionNotes":[[77333.3359,2,0.0],[77666.67,0,0.0],[78000.0,2,0.0],[78333.3359,0,0.0]]},{"lengthInSteps":16,"mustHitSection":true,"sectionNotes":[[78666.67,2,0.0],[79000.0,0,0.0],[79333.3359,2,0.0],[79666.67,2,0.0]]},{"lengthInSteps":16,"mustHitSection":false,"sectionNotes":[[80000.0,1,0.0],[80333.3359,0,0.0],[80500.0,3,0.0],[80666.67,1,0.0]]},{"lengthInSteps":16,"mustHitSection":false,"sectionNotes":[[81333.3359,1,0.0],[81666.67,1,0.0],[82000.0,1,0.0]]},{"lengthInSteps":16,"mustHitSection":true,"sectionNotes":[[82666.67,1,0.0],[83000.0,0,0.0],[83166.67,3,0.0],[83333.3359,1,0.0]]},{"lengthInSteps":16,"mustHitSection":true,"sectionNotes":[[84000.0,1,0.0],[84333.3359,1,0.0],[84666.67,1,0.0]]},{"lengthInSteps":16,"mustHitSection":true,"sectionNotes":[]}]},"generatedBy":"SNIFF ver.6"}