{
	"storyName": "i hate the school, please help me, this is not a meme",
	"hideFreeplay": false,
	"weekBackground": "school",
	"weekBefore": "week5",
	"startUnlocked": true,
	"weekCharacters": [
		"senpai",
		"bf",
		"gf"
	],
	"songs": [
		[
			"High-School-Conflict",
			"monika-pixel",
			[
				255,
				150,
				195
			]
		],
		[
			"Monochrome",
			"monika",
			[
				140,
				140,
				140
			]
		],
		[
			"Your-Demise",
			"aloo",
			[
				140,
				140,
				140
			]
		],
		[
			"Poems-N-Thorns",
			"monika-pixel",
			[
				255,
				170,
				195
			]
		]
	],
	"hideStoryMode": false,
	"weekName": "Week 6"
}