{
	"storyName": "lets go crazy like the legends ",
	"difficulties": "Easy, Normal, Hard",
	"hideFreeplay": false,
	"weekBackground": "stage",
	"weekBefore": "week12",
	"startUnlocked": true,
	"weekCharacters": [
		"",
		"",
		""
	],
	"songs": [
		[
			"Invincible",
			"russia",
			[
				255,
				0,
				0
			]
		],
		[
			"Forces",
			"mutsumi",
			[
				255,
				0,
				0
			]
		],
		[
			"Lore",
			"sayori",
			[
				255,
				0,
				0
			]
		],
		[
			"Fatality",
			"yotsubaS3",
			[
				255,
				0,
				0
			]
		]
	],
	"hideStoryMode": false,
	"weekName": "week13"
}