{
	"storyName": "Eh?",
	"difficulties": "",
	"hideFreeplay": false,
	"weekBackground": "stage",
	"weekBefore": "tutorial",
	"freeplayColor": [
		146,
		113,
		253
	],
	"startUnlocked": true,
	"hideStoryMode": false,
	"songs": [
		[
			"Spook-edd",
			"azula",
			[
				255,
				160,
				160
			]
		],
		[
			"Mario-sing-and-game-rythm-9",
			"ichikav2",
			[
				255,
				160,
				160
			]
		],
		[
			"Doubling-Down",
			"wenamy-player",
			[
				255,
				160,
				160
			]
		],
		[
			"Oh-god-no",
			"doog",
			[
				255,
				160,
				160
			]
		],
		[
			"Night-dancer",
			"itsuki-s2",
			[
				255,
				160,
				160
			]
		],
		[
			"Boing",
			"nanda",
			[
				255,
				160,
				160
			]
		],
		[
			"Gossip",
			"yuri",
			[
				255,
				160,
				160
			]
		],
		[
			"Thunderstorm",
			"akko",
			[
				255,
				160,
				160
			]
		],
		[
			"The-End",
			"kano",
			[
				255,
				160,
				160
			]
		],
		[
			"Harleys-heat",
			"fubuki",
			[
				255,
				160,
				160
			]
		],
		[
			"Paranoia",
			"belle",
			[
				255,
				160,
				160
			]
		],
		[
			"Torrid",
			"loony",
			[
				255,
				160,
				160
			]
		],
		[
			"Wife-whenever",
			"sky",
			[
				255,
				160,
				160
			]
		],
		[
			"Third-Party",
			"kaguya",
			[
				255,
				160,
				160
			]
		],
		[
			"Made-in-2002",
			"ryuuhiko",
			[
				255,
				160,
				160
			]
		],
		[
			"Shed",
			"yotsuba-s2",
			[
				255,
				160,
				160
			]
		],
		[
			"Red",
			"ramv2",
			[
				255,
				160,
				160
			]
		],
		[
			"Faker",
			"wamy",
			[
				255,
				160,
				160
			]
		]
	],
	"weekCharacters": [
		"dad",
		"bf",
		"gf"
	],
	"hiddenUntilUnlocked": false,
	"weekName": "Week 16"
}