{
	"storyName": "so much troubles",
	"hideFreeplay": false,
	"weekBackground": "philly",
	"weekBefore": "tutorial",
	"freeplayColor": [
		146,
		113,
		253
	],
	"startUnlocked": true,
	"hideStoryMode": false,
	"weekCharacters": [
		"pico",
		"bf",
		"gf"
	],
	"songs": [
		[
			"promise",
			"softie",
			[
				160,
				180,
				255
			]
		],
		[
			"Triple-Trouble",
			"momosuzu-nene-exe",
			[
				0,
				0,
				0
			]
		],
		[
			"Killer-Scream",
			"nimu2",
			[
				0,
				255,
				200
			]
		]
	],
	"weekName": "Week9"
}