{
	"storyName": "Demons and Exes",
	"difficulties": "",
	"hideFreeplay": false,
	"weekBackground": "stage",
	"freeplayColor": [
		146,
		113,
		253
	],
	"weekBefore": "tutorial",
	"startUnlocked": true,
	"weekCharacters": [
		"dad",
		"bf",
		"gf"
	],
	"songs": [
		[
			"Too-slow",
			"sonicexe",
			[
				0,
				0,
				200
			]
		],
		[
			"Doomsday",
			"miku-nakano",
			[
				0,
				80,
				140
			]
		],
		[
			"Endless",
			"kizunaai",
			[
				255,
				180,
				175
			]
		],
		[
			"Unknown-Suffering",
			"soul-aloe",
			[
				100,
				100,
				100
			]
		]
	],
	"hideStoryMode": false,
	"weekName": "Week 11",
	"hiddenUntilUnlocked": false
}