{
	"storyName": "Whatever...",
	"difficulties": "",
	"hideFreeplay": false,
	"weekBackground": "stage",
	"weekBefore": "tutorial",
	"freeplayColor": [
		146,
		113,
		253
	],
	"startUnlocked": true,
	"hideStoryMode": false,
	"songs": [
		[
			"Insanity",
			"mousey",
			[
				255,
				160,
				160
			]
		],
		[
			"Deep-Poems",
			"chika",
			[
				255,
				140,
				160
			]
		],
		[
			"Sinner",
			"okayu-sinner",
			[
				180,
				80,
				140
			]
		],
		[
			"Unlikely-Rivals",
			"sayo-png",
			[
				186,
				133,
				195
			]
		],
		[
			"Hot-Air-Ballon",
			"natsuki",
			[
				186,
				133,
				195
			]
		]
	],
	"weekCharacters": [
		"dad",
		"bf",
		"gf"
	],
	"hiddenUntilUnlocked": false,
	"weekName": "Week 15"
}