{
	"description": "Lets go!!",
	"difficulties": "",
	"hideFreeplay": false,
	"weekBackground": "",
	"weekBefore": "",
	"startUnlocked": true,
	"weekCharacters": [
		"liquid",
		"solid",
		""
	],
	"overlayColor": [
		102,
		255,
		102
	],
	"songs": [
		[
			"Virgin Rage",
			"liquid",
			[
				102,
				255,
				102
			]
		],
		[
			"Remembrance",
			"ces4r01",
			[
				102,
				255,
				102
			]
		],
		[
			"Roasted",
			"nino-s2",
			[
				102,
				255,
				102
			]
		],
		[
			"Forestall-Desire",
			"monikali",
			[
				102,
				255,
				102
			]
		],
		[
			"Wocky",
			"itsuki-s2",
			[
				102,
				255,
				102
			]
		]
	],
	"hideStoryMode": false,
	"weekName": "week 14"
}