{
	"storyName": "The real fusion",
	"hideFreeplay": false,
	"weekBackground": "philly",
	"weekBefore": "tutorial",
	"freeplayColor": [
		146,
		113,
		253
	],
	"startUnlocked": true,
	"hideStoryMode": false,
	"weekCharacters": [
		"dad",
		"bf",
		"gf"
	],
	"songs": [
		[
			"natsukapi-virus",
			"natsukapi",
			[
				66,
				133,
				255
			]
		],
		[
			"the-complicated-poi",
			"complicated",
			[
				246,
				173,
				135
			]
		],
		[
			"shooting-night",
			"shooting",
			[
				166,
				213,
				115
			]
		]
	],
	"weekName": "Custom Week"
}