{
	"animations": [
		{
			"offsets": [
				379,
				27
			],
			"indices": [],
			"fps": 24,
			"anim": "singLEFT",
			"loop": false,
			"name": "Agoti_Left"
		},
		{
			"offsets": [
				119,
				-44
			],
			"indices": [],
			"fps": 24,
			"anim": "singRIGHT",
			"loop": false,
			"name": "Agoti_Right"
		},
		{
			"offsets": [
				60,
				-190
			],
			"indices": [],
			"fps": 24,
			"anim": "singDOWN",
			"loop": false,
			"name": "Agoti_Down"
		},
		{
			"offsets": [
				40,
				76
			],
			"indices": [],
			"fps": 24,
			"anim": "singUP",
			"loop": false,
			"name": "Agoti_Up"
		},
		{
			"offsets": [
				30,
				0
			],
			"indices": [],
			"fps": 24,
			"anim": "idle",
			"loop": false,
			"name": "Agoti_Idle"
		}
	],
	"no_antialiasing": false,
	"image": "characters/AGOTI",
	"position": [
		130,
		-70
	],
	"healthicon": "agoti",
	"flip_x": false,
	"healthbar_colors": [
		0,
		0,
		0
	],
	"camera_position": [
		0,
		80
	],
	"sing_duration": 4,
	"scale": 1
}