{
	"animations": [
		{
			"offsets": [
				53,
				-20
			],
			"loop": false,
			"fps": 24,
			"anim": "singLEFT",
			"indices": [],
			"name": "left"
		},
		{
			"offsets": [
				-1,
				-18
			],
			"loop": false,
			"fps": 24,
			"anim": "singRIGHT",
			"indices": [],
			"name": "right"
		},
		{
			"offsets": [
				28,
				-27
			],
			"loop": false,
			"fps": 24,
			"anim": "singDOWN",
			"indices": [],
			"name": "down"
		},
		{
			"offsets": [
				45,
				55
			],
			"loop": false,
			"fps": 24,
			"anim": "singUP",
			"indices": [],
			"name": "up"
		},
		{
			"offsets": [
				28,
				2
			],
			"loop": false,
			"fps": 24,
			"anim": "idle",
			"indices": [],
			"name": "idle"
		}
	],
	"no_antialiasing": false,
	"image": "characters/no_char",
	"position": [
		300,
		150
	],
	"healthicon": "akko",
	"flip_x": false,
	"healthbar_colors": [
		114,
		80,
		81
	],
	"camera_position": [
		-120,
		-40
	],
	"sing_duration": 4,
	"scale": 1.2
}