{
	"animations": [
		{
			"offsets": [
				-5,
				0
			],
			"indices": [],
			"fps": 24,
			"anim": "idle",
			"loop": false,
			"name": "Idle"
		},
		{
			"offsets": [
				-18,
				-9
			],
			"indices": [],
			"fps": 24,
			"anim": "singLEFT",
			"loop": false,
			"name": "BF Left"
		},
		{
			"offsets": [
				16,
				-46
			],
			"indices": [],
			"fps": 24,
			"anim": "singDOWN",
			"loop": false,
			"name": "BF Down"
		},
		{
			"offsets": [
				-30,
				27
			],
			"indices": [],
			"fps": 24,
			"anim": "singUP",
			"loop": false,
			"name": "BF Up"
		},
		{
			"offsets": [
				-32,
				0
			],
			"indices": [],
			"fps": 24,
			"anim": "singRIGHT",
			"loop": false,
			"name": "BF Right"
		},
		{
			"offsets": [
				-19,
				-10
			],
			"indices": [],
			"fps": 24,
			"anim": "singLEFT-alt",
			"loop": false,
			"name": "Aloe Left"
		},
		{
			"offsets": [
				16,
				-46
			],
			"indices": [],
			"fps": 24,
			"anim": "singDOWN-alt",
			"loop": false,
			"name": "Aloe Down"
		},
		{
			"offsets": [
				-30,
				27
			],
			"indices": [],
			"fps": 24,
			"anim": "singUP-alt",
			"loop": false,
			"name": "Aloe Up"
		},
		{
			"offsets": [
				-32,
				0
			],
			"indices": [],
			"fps": 24,
			"anim": "singRIGHT-alt",
			"loop": false,
			"name": "Aloe Right"
		},
		{
			"offsets": [
				-17,
				-2
			],
			"indices": [],
			"fps": 24,
			"anim": "hey",
			"loop": false,
			"name": "Hey"
		},
		{
			"offsets": [
				-19,
				0
			],
			"indices": [],
			"fps": 24,
			"anim": "singLEFTmiss",
			"loop": false,
			"name": "Left Miss"
		},
		{
			"offsets": [
				15,
				-29
			],
			"indices": [],
			"fps": 24,
			"anim": "singDOWNmiss",
			"loop": false,
			"name": "Down Miss"
		},
		{
			"offsets": [
				-29,
				26
			],
			"indices": [],
			"fps": 24,
			"anim": "singUPmiss",
			"loop": false,
			"name": "Up Miss"
		},
		{
			"offsets": [
				-32,
				13
			],
			"indices": [],
			"fps": 24,
			"anim": "singRIGHTmiss",
			"loop": false,
			"name": "Right Miss"
		}
	],
	"no_antialiasing": false,
	"image": "characters/Aloe_BF_Duet",
	"position": [
		0,
		370
	],
	"healthicon": "aloe-bf",
	"flip_x": true,
	"healthbar_colors": [
		140,
		100,
		140
	],
	"camera_position": [
		-50,
		100
	],
	"sing_duration": 4,
	"scale": 1
}