{
	"animations": [
		{
			"loop": false,
			"offsets": [
				79,
				-35
			],
			"anim": "singLEFT",
			"fps": 24,
			"name": "AloeLeft0",
			"indices": []
		},
		{
			"loop": false,
			"offsets": [
				28,
				-16
			],
			"anim": "singRIGHT",
			"fps": 24,
			"name": "AloeRight0",
			"indices": []
		},
		{
			"loop": false,
			"offsets": [
				6,
				-74
			],
			"anim": "singDOWN",
			"fps": 24,
			"name": "AloeDown0",
			"indices": []
		},
		{
			"loop": false,
			"offsets": [
				-100,
				55
			],
			"anim": "singUP",
			"fps": 24,
			"name": "AloeUp0",
			"indices": []
		},
		{
			"loop": false,
			"offsets": [
				-100,
				59
			],
			"anim": "singUPmiss",
			"fps": 24,
			"name": "AloeUpMISS",
			"indices": []
		},
		{
			"loop": false,
			"offsets": [
				24,
				3
			],
			"anim": "singRIGHTmiss",
			"fps": 24,
			"name": "AloeRightMISS",
			"indices": []
		},
		{
			"loop": false,
			"offsets": [
				81,
				-24
			],
			"anim": "singLEFTmiss",
			"fps": 24,
			"name": "AloeLeftMISS",
			"indices": []
		},
		{
			"loop": false,
			"offsets": [
				10,
				-69
			],
			"anim": "singDOWNmiss",
			"fps": 24,
			"name": "AloeDownMISS",
			"indices": []
		},
		{
			"loop": false,
			"offsets": [
				0,
				0
			],
			"anim": "danceLeft",
			"fps": 24,
			"name": "AloeDancingBeat",
			"indices": [
				0,
				1,
				2,
				3,
				4,
				5,
				6,
				7,
				8,
				9,
				10,
				11
			]
		},
		{
			"loop": false,
			"offsets": [
				0,
				0
			],
			"anim": "danceRight",
			"fps": 24,
			"name": "AloeDancingBeat",
			"indices": [
				12,
				13,
				14,
				15,
				16,
				17,
				18,
				19,
				20,
				21,
				22,
				23
			]
		}
	],
	"no_antialiasing": false,
	"image": "characters/NerdAloo",
	"position": [
		200,
		70
	],
	"healthicon": "aloe-nerd",
	"flip_x": true,
	"healthbar_colors": [
		239,
		113,
		177
	],
	"camera_position": [
		120,
		-50
	],
	"sing_duration": 6,
	"scale": 1
}