{
	"animations": [
		{
			"loop": false,
			"offsets": [
				-3,
				-1
			],
			"fps": 24,
			"anim": "idle",
			"indices": [],
			"name": "BF idle dance"
		},
		{
			"loop": false,
			"offsets": [
				-9,
				-10
			],
			"fps": 24,
			"anim": "singLEFT",
			"indices": [],
			"name": "BF NOTE LEFT0"
		},
		{
			"loop": false,
			"offsets": [
				19,
				-48
			],
			"fps": 24,
			"anim": "singDOWN",
			"indices": [],
			"name": "BF NOTE DOWN0"
		},
		{
			"loop": false,
			"offsets": [
				-7,
				21
			],
			"fps": 24,
			"anim": "singUP",
			"indices": [],
			"name": "BF NOTE UP0"
		},
		{
			"loop": false,
			"offsets": [
				-17,
				-1
			],
			"fps": 24,
			"anim": "singRIGHT",
			"indices": [],
			"name": "BF NOTE RIGHT0"
		},
		{
			"loop": false,
			"offsets": [
				-13,
				-3
			],
			"fps": 24,
			"anim": "singLEFTmiss",
			"indices": [],
			"name": "BF NOTE LEFT MISS"
		},
		{
			"loop": false,
			"offsets": [
				16,
				-31
			],
			"fps": 24,
			"anim": "singDOWNmiss",
			"indices": [],
			"name": "BF NOTE DOWN MISS"
		},
		{
			"loop": false,
			"offsets": [
				-4,
				21
			],
			"fps": 24,
			"anim": "singUPmiss",
			"indices": [],
			"name": "BF NOTE UP MISS"
		},
		{
			"loop": false,
			"offsets": [
				-17,
				4
			],
			"fps": 24,
			"anim": "singRIGHTmiss",
			"indices": [],
			"name": "BF NOTE RIGHT MISS"
		},
		{
			"loop": false,
			"offsets": [
				-14,
				-2
			],
			"fps": 24,
			"anim": "hey",
			"indices": [],
			"name": "BF HEY"
		}
	],
	"no_antialiasing": false,
	"image": "characters/AloeChristmas",
	"position": [
		0,
		350
	],
	"healthicon": "aloo-player",
	"flip_x": true,
	"healthbar_colors": [
		235,
		0,
		60
	],
	"camera_position": [
		0,
		0
	],
	"sing_duration": 4,
	"scale": 1
}