{
	"animations": [
		{
			"offsets": [
				-5,
				0
			],
			"loop": false,
			"fps": 24,
			"anim": "idle",
			"indices": [],
			"name": "BF idle dance"
		},
		{
			"offsets": [
				-1,
				-10
			],
			"loop": false,
			"fps": 24,
			"anim": "singLEFT",
			"indices": [],
			"name": "BF NOTE LEFT0"
		},
		{
			"offsets": [
				16,
				-53
			],
			"loop": false,
			"fps": 24,
			"anim": "singDOWN",
			"indices": [],
			"name": "BF NOTE DOWN0"
		},
		{
			"offsets": [
				-27,
				27
			],
			"loop": false,
			"fps": 24,
			"anim": "singUP",
			"indices": [],
			"name": "BF NOTE UP0"
		},
		{
			"offsets": [
				-30,
				0
			],
			"loop": false,
			"fps": 24,
			"anim": "singRIGHT",
			"indices": [],
			"name": "BF NOTE RIGHT0"
		},
		{
			"offsets": [
				-1,
				-4
			],
			"loop": false,
			"fps": 24,
			"anim": "singLEFTmiss",
			"indices": [],
			"name": "BF NOTE LEFT MISS"
		},
		{
			"offsets": [
				15,
				-28
			],
			"loop": false,
			"fps": 24,
			"anim": "singDOWNmiss",
			"indices": [],
			"name": "BF NOTE DOWN MISS"
		},
		{
			"offsets": [
				-29,
				28
			],
			"loop": false,
			"fps": 24,
			"anim": "singUPmiss",
			"indices": [],
			"name": "BF NOTE UP MISS"
		},
		{
			"offsets": [
				-30,
				13
			],
			"loop": false,
			"fps": 24,
			"anim": "singRIGHTmiss",
			"indices": [],
			"name": "BF NOTE RIGHT MISS"
		},
		{
			"loop": false,
			"offsets": [
				-5,
				0
			],
			"anim": "idle-alt",
			"fps": 24,
			"name": "BF idle fard",
			"indices": []
		},
		{
			"loop": false,
			"offsets": [
				-1,
				-10
			],
			"anim": "singLEFT-alt",
			"fps": 24,
			"name": "BF NOTE LEFT alt",
			"indices": []
		},
		{
			"loop": false,
			"offsets": [
				17,
				-52
			],
			"anim": "singDOWN-alt",
			"fps": 24,
			"name": "BF NOTE DOWN alt",
			"indices": []
		},
		{
			"loop": false,
			"offsets": [
				-27,
				27
			],
			"anim": "singUP-alt",
			"fps": 24,
			"name": "BF NOTE UP alt",
			"indices": []
		},
		{
			"loop": false,
			"offsets": [
				-30,
				-1
			],
			"anim": "singRIGHT-alt",
			"fps": 24,
			"name": "BF NOTE RIGHT alt",
			"indices": []
		}
	],
	"no_antialiasing": false,
	"image": "characters/AloeDoki",
	"position": [
		20,
		350
	],
	"healthicon": "icon-aloo-doki-player",
	"flip_x": true,
	"healthbar_colors": [
		235,
		113,
		177
	],
	"camera_position": [
		100,
		0
	],
	"sing_duration": 4,
	"scale": 1
}