{
	"animations": [
		{
			"loop": false,
			"offsets": [
				-11,
				-5
			],
			"fps": 24,
			"anim": "cheer",
			"indices": [],
			"name": "GF Cheer"
		},
		{
			"loop": false,
			"offsets": [
				0,
				-9
			],
			"fps": 24,
			"anim": "danceLeft",
			"indices": [
				30,
				0,
				1,
				2,
				3,
				4,
				5,
				6,
				7,
				8,
				9,
				10,
				11,
				12,
				13,
				14
			],
			"name": "GF Dancing Beat"
		},
		{
			"loop": false,
			"offsets": [
				0,
				-9
			],
			"fps": 24,
			"anim": "danceRight",
			"indices": [
				15,
				16,
				17,
				18,
				19,
				20,
				21,
				22,
				23,
				24,
				25,
				26,
				27,
				28,
				29
			],
			"name": "GF Dancing Beat"
		},
		{
			"loop": true,
			"offsets": [
				189,
				-9
			],
			"fps": 24,
			"anim": "hairBlow",
			"indices": [
				0,
				1,
				2,
				3
			],
			"name": "GF Dancing Beat Hair blowing"
		},
		{
			"loop": false,
			"offsets": [
				94,
				-9
			],
			"fps": 24,
			"anim": "hairFall",
			"indices": [
				0,
				1,
				2,
				3,
				4,
				5,
				6,
				7,
				8,
				9,
				10,
				11
			],
			"name": "GF Dancing Beat Hair Landing"
		},
		{
			"loop": true,
			"offsets": [
				-6,
				-17
			],
			"fps": 24,
			"anim": "scared",
			"indices": [],
			"name": "GF FEAR"
		}
	],
	"no_antialiasing": false,
	"image": "characters/GF_Aloe_assets_nospeaker",
	"position": [
		160,
		300
	],
	"healthicon": "aloe-oppt",
	"flip_x": false,
	"healthbar_colors": [
		239,
		113,
		177
	],
	"camera_position": [
		0,
		0
	],
	"sing_duration": 4,
	"scale": 1
}