{
	"animations": [
		{
			"loop": false,
			"offsets": [
				-5,
				0
			],
			"anim": "idle",
			"fps": 24,
			"name": "BF idle dance",
			"indices": []
		},
		{
			"loop": false,
			"offsets": [
				-1,
				-10
			],
			"anim": "singLEFT",
			"fps": 24,
			"name": "BF NOTE LEFT0",
			"indices": []
		},
		{
			"loop": false,
			"offsets": [
				16,
				-53
			],
			"anim": "singDOWN",
			"fps": 24,
			"name": "BF NOTE DOWN0",
			"indices": []
		},
		{
			"loop": false,
			"offsets": [
				-27,
				27
			],
			"anim": "singUP",
			"fps": 24,
			"name": "BF NOTE UP0",
			"indices": []
		},
		{
			"loop": false,
			"offsets": [
				-30,
				0
			],
			"anim": "singRIGHT",
			"fps": 24,
			"name": "BF NOTE RIGHT0",
			"indices": []
		},
		{
			"loop": false,
			"offsets": [
				-1,
				-4
			],
			"anim": "singLEFTmiss",
			"fps": 24,
			"name": "BF NOTE LEFT MISS",
			"indices": []
		},
		{
			"loop": false,
			"offsets": [
				15,
				-28
			],
			"anim": "singDOWNmiss",
			"fps": 24,
			"name": "BF NOTE DOWN MISS",
			"indices": []
		},
		{
			"loop": false,
			"offsets": [
				-29,
				28
			],
			"anim": "singUPmiss",
			"fps": 24,
			"name": "BF NOTE UP MISS",
			"indices": []
		},
		{
			"loop": false,
			"offsets": [
				-30,
				13
			],
			"anim": "singRIGHTmiss",
			"fps": 24,
			"name": "BF NOTE RIGHT MISS",
			"indices": []
		},
		{
			"loop": false,
			"offsets": [
				-29,
				28
			],
			"anim": "hurt",
			"fps": 24,
			"name": "BF hit",
			"indices": []
		},
		{
			"offsets": [
				-5,
				0
			],
			"indices": [],
			"fps": 24,
			"anim": "idle-alt",
			"loop": false,
			"name": "BF idle fard"
		},
		{
			"offsets": [
				-1,
				-10
			],
			"indices": [],
			"fps": 24,
			"anim": "singLEFT-alt",
			"loop": false,
			"name": "BF NOTE LEFT alt"
		},
		{
			"offsets": [
				17,
				-52
			],
			"indices": [],
			"fps": 24,
			"anim": "singDOWN-alt",
			"loop": false,
			"name": "BF NOTE DOWN alt"
		},
		{
			"offsets": [
				-27,
				27
			],
			"indices": [],
			"fps": 24,
			"anim": "singUP-alt",
			"loop": false,
			"name": "BF NOTE UP alt"
		},
		{
			"offsets": [
				-30,
				-1
			],
			"indices": [],
			"fps": 24,
			"anim": "singRIGHT-alt",
			"loop": false,
			"name": "BF NOTE RIGHT alt"
		}
	],
	"no_antialiasing": false,
	"image": "characters/Aloe_Worried",
	"position": [
		20,
		350
	],
	"healthicon": "icon-aloo-player-worried",
	"flip_x": true,
	"healthbar_colors": [
		239,
		113,
		177
	],
	"camera_position": [
		10,
		40
	],
	"sing_duration": 4,
	"scale": 1
}