{
	"animations": [
		{
			"loop": false,
			"offsets": [
				-5,
				0
			],
			"anim": "idle",
			"fps": 24,
			"name": "BF idle dance",
			"indices": []
		},
		{
			"loop": false,
			"offsets": [
				-5,
				-53
			],
			"anim": "singDOWN",
			"fps": 24,
			"name": "BF NOTE DOWN0",
			"indices": []
		},
		{
			"loop": false,
			"offsets": [
				30,
				25
			],
			"anim": "singUP",
			"fps": 24,
			"name": "BF NOTE UP0",
			"indices": []
		},
		{
			"loop": false,
			"offsets": [
				-7,
				-30
			],
			"anim": "singDOWNmiss",
			"fps": 24,
			"name": "BF NOTE DOWN MISS",
			"indices": []
		},
		{
			"loop": false,
			"offsets": [
				31,
				28
			],
			"anim": "singUPmiss",
			"fps": 24,
			"name": "BF NOTE UP MISS",
			"indices": []
		},
		{
			"loop": false,
			"offsets": [
				55,
				28
			],
			"anim": "hurt",
			"fps": 24,
			"name": "BF hit",
			"indices": []
		},
		{
			"offsets": [
				-4,
				0
			],
			"loop": false,
			"fps": 24,
			"anim": "idle-alt",
			"indices": [],
			"name": "BF idle fard"
		},
		{
			"offsets": [
				-8,
				-53
			],
			"loop": false,
			"fps": 24,
			"anim": "singDOWN-alt",
			"indices": [],
			"name": "BF NOTE DOWN alt"
		},
		{
			"offsets": [
				28,
				27
			],
			"loop": false,
			"fps": 24,
			"anim": "singUP-alt",
			"indices": [],
			"name": "BF NOTE UP alt"
		},
		{
			"loop": false,
			"offsets": [
				21,
				-1
			],
			"anim": "singLEFT",
			"fps": 24,
			"name": "BF NOTE RIGHT0",
			"indices": []
		},
		{
			"loop": false,
			"offsets": [
				-37,
				-10
			],
			"anim": "singRIGHT",
			"fps": 24,
			"name": "BF NOTE LEFT0",
			"indices": []
		},
		{
			"loop": false,
			"offsets": [
				22,
				-2
			],
			"anim": "singLEFT-alt",
			"fps": 24,
			"name": "BF NOTE RIGHT alt",
			"indices": []
		},
		{
			"loop": false,
			"offsets": [
				-35,
				-10
			],
			"anim": "singRIGHT-alt",
			"fps": 24,
			"name": "BF NOTE LEFT alt",
			"indices": []
		},
		{
			"loop": false,
			"offsets": [
				-32,
				-2
			],
			"anim": "singRIGHTmiss",
			"fps": 24,
			"name": "BF NOTE LEFT MISS",
			"indices": []
		},
		{
			"loop": false,
			"offsets": [
				19,
				12
			],
			"anim": "singLEFTmiss",
			"fps": 24,
			"name": "BF NOTE RIGHT MISS",
			"indices": []
		}
	],
	"no_antialiasing": false,
	"image": "characters/Aloe_Worried",
	"position": [
		-640,
		350
	],
	"healthicon": "icon-aloo-player-worried",
	"flip_x": false,
	"healthbar_colors": [
		239,
		113,
		177
	],
	"camera_position": [
		-140,
		40
	],
	"sing_duration": 4,
	"scale": 1
}