{
	"animations": [
		{
			"offsets": [
				125,
				90
			],
			"loop": false,
			"fps": 24,
			"anim": "idle",
			"indices": [],
			"name": "BF idle dance"
		},
		{
			"offsets": [
				146,
				91
			],
			"loop": false,
			"fps": 24,
			"anim": "singLEFT",
			"indices": [],
			"name": "BF NOTE LEFT0"
		},
		{
			"offsets": [
				122,
				65
			],
			"loop": false,
			"fps": 24,
			"anim": "singDOWN",
			"indices": [],
			"name": "BF NOTE DOWN0"
		},
		{
			"offsets": [
				119,
				105
			],
			"loop": false,
			"fps": 24,
			"anim": "singUP",
			"indices": [],
			"name": "BF NOTE UP0"
		},
		{
			"offsets": [
				115,
				76
			],
			"loop": false,
			"fps": 24,
			"anim": "singRIGHT",
			"indices": [],
			"name": "BF NOTE RIGHT0"
		},
		{
			"offsets": [
				119,
				88
			],
			"loop": false,
			"fps": 24,
			"anim": "hey",
			"indices": [],
			"name": "BF HEY"
		},
		{
			"offsets": [
				127,
				116
			],
			"indices": [],
			"fps": 24,
			"anim": "scared",
			"loop": false,
			"name": "BF idle shaking"
		}
	],
	"no_antialiasing": false,
	"image": "characters/Aloe_Mako_Duet",
	"position": [
		50,
		330
	],
	"healthicon": "icon-aloe-mako",
	"flip_x": true,
	"healthbar_colors": [
		239,
		113,
		177
	],
	"camera_position": [
		0,
		0
	],
	"sing_duration": 4,
	"scale": 1
}