{
	"animations": [
		{
			"loop": false,
			"offsets": [
				-5,
				0
			],
			"anim": "idle",
			"fps": 24,
			"name": "BF idle dance",
			"indices": []
		},
		{
			"loop": false,
			"offsets": [
				43,
				-10
			],
			"anim": "singLEFT",
			"fps": 24,
			"name": "BF NOTE LEFT0",
			"indices": []
		},
		{
			"loop": false,
			"offsets": [
				14,
				-45
			],
			"anim": "singDOWN",
			"fps": 24,
			"name": "BF NOTE DOWN0",
			"indices": []
		},
		{
			"loop": false,
			"offsets": [
				-30,
				30
			],
			"anim": "singUP",
			"fps": 24,
			"name": "BF NOTE UP0",
			"indices": []
		},
		{
			"loop": false,
			"offsets": [
				-33,
				0
			],
			"anim": "singRIGHT",
			"fps": 24,
			"name": "BF NOTE RIGHT0",
			"indices": []
		},
		{
			"loop": false,
			"offsets": [
				9,
				-12
			],
			"anim": "singLEFTmiss",
			"fps": 24,
			"name": "BF NOTE LEFT MISS",
			"indices": []
		},
		{
			"loop": false,
			"offsets": [
				15,
				-28
			],
			"anim": "singDOWNmiss",
			"fps": 24,
			"name": "BF NOTE DOWN MISS",
			"indices": []
		},
		{
			"loop": false,
			"offsets": [
				-32,
				30
			],
			"anim": "singUPmiss",
			"fps": 24,
			"name": "BF NOTE UP MISS",
			"indices": []
		},
		{
			"loop": false,
			"offsets": [
				-32,
				13
			],
			"anim": "singRIGHTmiss",
			"fps": 24,
			"name": "BF NOTE RIGHT MISS",
			"indices": []
		},
		{
			"loop": false,
			"offsets": [
				14,
				-2
			],
			"anim": "hey",
			"fps": 24,
			"name": "BF HEY",
			"indices": []
		},
		{
			"loop": false,
			"offsets": [
				-32,
				29
			],
			"anim": "hurt",
			"fps": 24,
			"name": "BF hit",
			"indices": []
		},
		{
			"loop": true,
			"offsets": [
				12,
				0
			],
			"anim": "scared",
			"fps": 24,
			"name": "BF idle shaking",
			"indices": []
		},
		{
			"loop": false,
			"offsets": [
				60,
				9
			],
			"anim": "firstDeath",
			"fps": 24,
			"name": "BF dies",
			"indices": []
		},
		{
			"loop": true,
			"offsets": [
				60,
				6
			],
			"anim": "deathLoop",
			"fps": 24,
			"name": "BF Dead Loop",
			"indices": []
		},
		{
			"loop": false,
			"offsets": [
				60,
				59
			],
			"anim": "deathConfirm",
			"fps": 24,
			"name": "BF Dead confirm",
			"indices": []
		},
		{
			"loop": false,
			"offsets": [
				-26,
				-7
			],
			"anim": "dodge",
			"fps": 24,
			"name": "boyfriend dodge",
			"indices": []
		},
		{
			"loop": false,
			"offsets": [
				323,
				251
			],
			"anim": "attack",
			"fps": 24,
			"name": "boyfriend attack",
			"indices": []
		},
		{
			"loop": false,
			"offsets": [
				-32,
				-47
			],
			"anim": "pre-attack",
			"fps": 24,
			"name": "bf pre attack",
			"indices": []
		}
	],
	"no_antialiasing": false,
	"image": "characters/ManoAloe",
	"position": [
		0,
		350
	],
	"healthicon": "icon-aloe",
	"flip_x": true,
	"healthbar_colors": [
		239,
		113,
		177
	],
	"camera_position": [
		0,
		0
	],
	"sing_duration": 4,
	"scale": 1
}