{
	"animations": [
		{
			"loop": false,
			"offsets": [
				0,
				0
			],
			"anim": "idle",
			"fps": 24,
			"name": "BF idle dance",
			"indices": []
		},
		{
			"loop": false,
			"offsets": [
				57,
				-14
			],
			"anim": "singLEFT",
			"fps": 24,
			"name": "BF NOTE LEFT0",
			"indices": []
		},
		{
			"loop": false,
			"offsets": [
				40,
				-47
			],
			"anim": "singDOWN",
			"fps": 24,
			"name": "BF NOTE DOWN0",
			"indices": []
		},
		{
			"loop": false,
			"offsets": [
				-4,
				28
			],
			"anim": "singUP",
			"fps": 24,
			"name": "BF NOTE UP0",
			"indices": []
		},
		{
			"loop": false,
			"offsets": [
				-8,
				-1
			],
			"anim": "singRIGHT",
			"fps": 24,
			"name": "BF NOTE RIGHT0",
			"indices": []
		},
		{
			"loop": false,
			"offsets": [
				4,
				-3
			],
			"anim": "singLEFTmiss",
			"fps": 24,
			"name": "BF NOTE LEFT MISS",
			"indices": []
		},
		{
			"loop": false,
			"offsets": [
				39,
				-28
			],
			"anim": "singDOWNmiss",
			"fps": 24,
			"name": "BF NOTE DOWN MISS",
			"indices": []
		},
		{
			"loop": false,
			"offsets": [
				-4,
				27
			],
			"anim": "singUPmiss",
			"fps": 24,
			"name": "BF NOTE UP MISS",
			"indices": []
		},
		{
			"loop": false,
			"offsets": [
				-7,
				13
			],
			"anim": "singRIGHTmiss",
			"fps": 24,
			"name": "BF NOTE RIGHT MISS",
			"indices": []
		},
		{
			"loop": true,
			"offsets": [
				0,
				0
			],
			"anim": "idle-loop",
			"fps": 24,
			"name": "BF idle dance",
			"indices": [
				10,
				11,
				12,
				13
			]
		},
		{
			"loop": true,
			"offsets": [
				60,
				-10
			],
			"anim": "singLEFT-loop",
			"fps": 24,
			"name": "BF NOTE LEFT0",
			"indices": [
				12,
				13,
				14,
				15
			]
		},
		{
			"loop": true,
			"offsets": [
				-7,
				-1
			],
			"anim": "singRIGHT-loop",
			"fps": 24,
			"name": "BF NOTE RIGHT0",
			"indices": [
				58,
				59,
				60,
				61
			]
		},
		{
			"loop": true,
			"offsets": [
				-4,
				27
			],
			"anim": "singUP-loop",
			"fps": 24,
			"name": "BF NOTE UP0",
			"indices": [
				11,
				12,
				13,
				14
			]
		},
		{
			"loop": true,
			"offsets": [
				42,
				-46
			],
			"anim": "singDOWN-loop",
			"fps": 24,
			"name": "BF NOTE DOWN0",
			"indices": [
				26,
				27,
				28,
				29
			]
		}
	],
	"no_antialiasing": false,
	"image": "characters/AloeCar",
	"position": [
		0,
		320
	],
	"healthicon": "aloe",
	"flip_x": true,
	"healthbar_colors": [
		215,
		96,
		155
	],
	"camera_position": [
		0,
		0
	],
	"sing_duration": 4,
	"scale": 1
}