{
	"animations": [
		{
			"offsets": [
				-5,
				0
			],
			"loop": false,
			"fps": 24,
			"anim": "idle",
			"indices": [],
			"name": "BF idle dance"
		},
		{
			"offsets": [
				-1,
				-10
			],
			"loop": false,
			"fps": 24,
			"anim": "singLEFT",
			"indices": [],
			"name": "BF NOTE LEFT0"
		},
		{
			"offsets": [
				14,
				-57
			],
			"loop": false,
			"fps": 24,
			"anim": "singDOWN",
			"indices": [],
			"name": "BF NOTE DOWN0"
		},
		{
			"offsets": [
				-27,
				27
			],
			"loop": false,
			"fps": 24,
			"anim": "singUP",
			"indices": [],
			"name": "BF NOTE UP0"
		},
		{
			"offsets": [
				-30,
				0
			],
			"loop": false,
			"fps": 24,
			"anim": "singRIGHT",
			"indices": [],
			"name": "BF NOTE RIGHT0"
		},
		{
			"offsets": [
				-1,
				-4
			],
			"loop": false,
			"fps": 24,
			"anim": "singLEFTmiss",
			"indices": [],
			"name": "BF NOTE LEFT MISS"
		},
		{
			"offsets": [
				15,
				-28
			],
			"loop": false,
			"fps": 24,
			"anim": "singDOWNmiss",
			"indices": [],
			"name": "BF NOTE DOWN MISS"
		},
		{
			"offsets": [
				-31,
				29
			],
			"loop": false,
			"fps": 24,
			"anim": "singUPmiss",
			"indices": [],
			"name": "BF NOTE UP MISS"
		},
		{
			"offsets": [
				-30,
				13
			],
			"loop": false,
			"fps": 24,
			"anim": "singRIGHTmiss",
			"indices": [],
			"name": "BF NOTE RIGHT MISS"
		},
		{
			"offsets": [
				-17,
				-3
			],
			"loop": false,
			"fps": 24,
			"anim": "hey",
			"indices": [],
			"name": "BF HEY"
		}
	],
	"no_antialiasing": false,
	"image": "characters/AloeDokiSad",
	"position": [
		0,
		350
	],
	"healthicon": "icon-aloo-player",
	"flip_x": true,
	"healthbar_colors": [
		239,
		113,
		177
	],
	"camera_position": [
		0,
		0
	],
	"sing_duration": 4,
	"scale": 1
}