{
	"animations": [
		{
			"loop": false,
			"offsets": [
				0,
				3
			],
			"anim": "firstDeath",
			"fps": 24,
			"name": "BF dies",
			"indices": []
		},
		{
			"loop": true,
			"offsets": [
				-1,
				0
			],
			"anim": "deathLoop",
			"fps": 24,
			"name": "BF Dead Loop",
			"indices": []
		},
		{
			"loop": false,
			"offsets": [
				-1,
				53
			],
			"anim": "deathConfirm",
			"fps": 24,
			"name": "BF Dead confirm",
			"indices": []
		},
		{
			"offsets": [
				1,
				1
			],
			"loop": false,
			"fps": 24,
			"anim": "idle",
			"indices": [],
			"name": "AloeGuitarIdle"
		},
		{
			"offsets": [
				-43,
				22
			],
			"loop": false,
			"fps": 24,
			"anim": "singMIDDLE",
			"indices": [],
			"name": "AloeGuitarMiddle0"
		},
		{
			"offsets": [
				-4,
				6
			],
			"loop": false,
			"fps": 24,
			"anim": "hey",
			"indices": [],
			"name": "BF Guitar HEY"
		},
		{
			"offsets": [
				38,
				59
			],
			"loop": false,
			"fps": 24,
			"anim": "guitar",
			"indices": [],
			"name": "Guitar Transition"
		},
		{
			"offsets": [
				-38,
				-1
			],
			"loop": false,
			"fps": 24,
			"anim": "dodge",
			"indices": [],
			"name": "AloeGuitarDodge"
		},
		{
			"offsets": [
				58,
				9
			],
			"loop": false,
			"fps": 24,
			"anim": "singLEFTmiss",
			"indices": [],
			"name": "AloeGuitarLeftMISS"
		},
		{
			"offsets": [
				26,
				0
			],
			"loop": false,
			"fps": 24,
			"anim": "singDOWNmiss",
			"indices": [],
			"name": "AloeGuitarDownMISS"
		},
		{
			"offsets": [
				-20,
				72
			],
			"loop": false,
			"fps": 24,
			"anim": "singUPmiss",
			"indices": [],
			"name": "AloeGuitarUpMISS"
		},
		{
			"offsets": [
				-41,
				21
			],
			"loop": false,
			"fps": 24,
			"anim": "singMIDDLEmiss",
			"indices": [],
			"name": "AloeGuitarMiddleMISS"
		},
		{
			"offsets": [
				-42,
				10
			],
			"loop": false,
			"fps": 24,
			"anim": "singRIGHTmiss",
			"indices": [],
			"name": "AloeGuitarRightMISS"
		},
		{
			"offsets": [
				59,
				10
			],
			"indices": [],
			"fps": 24,
			"anim": "singLEFT",
			"loop": false,
			"name": "AloeGuitarSingLeft0"
		},
		{
			"offsets": [
				28,
				-1
			],
			"indices": [],
			"fps": 24,
			"anim": "singDOWN",
			"loop": false,
			"name": "AloeGuitarSingDown0"
		},
		{
			"offsets": [
				-21,
				59
			],
			"indices": [],
			"fps": 24,
			"anim": "singUP",
			"loop": false,
			"name": "AloeGuitarSingUp0"
		},
		{
			"offsets": [
				-41,
				8
			],
			"indices": [],
			"fps": 24,
			"anim": "singRIGHT",
			"loop": false,
			"name": "AloeGuitarSingRight0"
		},
		{
			"offsets": [
				53,
				10
			],
			"indices": [],
			"fps": 24,
			"anim": "singLEFT-alt",
			"loop": false,
			"name": "AloeGuitarLeft0"
		},
		{
			"offsets": [
				31,
				0
			],
			"indices": [],
			"fps": 24,
			"anim": "singDOWN-alt",
			"loop": false,
			"name": "AloeGuitarDown0"
		},
		{
			"offsets": [
				-22,
				73
			],
			"indices": [],
			"fps": 24,
			"anim": "singUP-alt",
			"loop": false,
			"name": "AloeGuitarUp0"
		},
		{
			"offsets": [
				-41,
				11
			],
			"indices": [],
			"fps": 24,
			"anim": "singRIGHT-alt",
			"loop": false,
			"name": "AloeGuitarRight0"
		}
	],
	"no_antialiasing": false,
	"image": "characters/aloo-guitar",
	"position": [
		100,
		350
	],
	"healthicon": "aloo-player",
	"flip_x": true,
	"healthbar_colors": [
		239,
		113,
		177
	],
	"camera_position": [
		70,
		0
	],
	"sing_duration": 4,
	"scale": 1
}