{
	"animations": [
		{
			"offsets": [
				107,
				-5
			],
			"loop": false,
			"fps": 24,
			"anim": "singLEFT",
			"indices": [],
			"name": "note sing left"
		},
		{
			"offsets": [
				-100,
				-14
			],
			"loop": false,
			"fps": 24,
			"anim": "singRIGHT",
			"indices": [],
			"name": "spooky sing right"
		},
		{
			"offsets": [
				53,
				-140
			],
			"loop": false,
			"fps": 24,
			"anim": "singDOWN",
			"indices": [],
			"name": "spooky DOWN note"
		},
		{
			"offsets": [
				0,
				0
			],
			"loop": false,
			"anim": "danceLeft",
			"fps": 12,
			"name": "spooky dance idle",
			"indices": [
				0,
				2,
				6
			]
		},
		{
			"offsets": [
				0,
				0
			],
			"loop": false,
			"anim": "danceRight",
			"fps": 12,
			"name": "spooky dance idle",
			"indices": [
				8,
				10,
				12,
				14
			]
		},
		{
			"offsets": [
				-20,
				27
			],
			"loop": false,
			"anim": "singUP",
			"fps": 24,
			"name": "spooky UP NOTE",
			"indices": []
		}
	],
	"no_antialiasing": false,
	"image": "characters/Doki",
	"position": [
		0,
		200
	],
	"healthicon": "amesame",
	"flip_x": false,
	"healthbar_colors": [
		255,
		255,
		255
	],
	"camera_position": [
		0,
		0
	],
	"sing_duration": 4,
	"scale": 1
}