{
	"animations": [
		{
			"offsets": [
				0,
				0
			],
			"loop": false,
			"fps": 12,
			"anim": "danceLeft",
			"indices": [
				0,
				2,
				6
			],
			"name": "AmeSame Idle"
		},
		{
			"offsets": [
				0,
				0
			],
			"loop": false,
			"fps": 12,
			"anim": "danceRight",
			"indices": [
				8,
				10,
				12,
				14
			],
			"name": "AmeSame Idle"
		},
		{
			"offsets": [
				-37,
				-141
			],
			"loop": false,
			"fps": 24,
			"anim": "singDOWN",
			"indices": [],
			"name": "Amelia Down Note"
		},
		{
			"offsets": [
				-54,
				27
			],
			"loop": false,
			"fps": 24,
			"anim": "singUP",
			"indices": [],
			"name": "Amelia Up Note"
		},
		{
			"offsets": [
				-37,
				-142
			],
			"loop": false,
			"fps": 24,
			"anim": "singDOWN-alt",
			"indices": [],
			"name": "Gura Down Note"
		},
		{
			"offsets": [
				-55,
				28
			],
			"loop": false,
			"fps": 24,
			"anim": "singUP-alt",
			"indices": [],
			"name": "Gura Up Note"
		},
		{
			"offsets": [
				47,
				-15
			],
			"indices": [],
			"fps": 24,
			"anim": "singLEFT",
			"loop": false,
			"name": "Amelia Right Note"
		},
		{
			"offsets": [
				47,
				-15
			],
			"indices": [],
			"fps": 24,
			"anim": "singLEFT-alt",
			"loop": false,
			"name": "Gura Right Note"
		},
		{
			"offsets": [
				-16,
				-4
			],
			"indices": [],
			"fps": 24,
			"anim": "singRIGHT-alt",
			"loop": false,
			"name": "Gura Left Note"
		},
		{
			"offsets": [
				-30,
				-143
			],
			"indices": [],
			"fps": 24,
			"anim": "singDOWNmiss",
			"loop": false,
			"name": "Amesame Down Miss"
		},
		{
			"offsets": [
				-55,
				28
			],
			"indices": [],
			"fps": 24,
			"anim": "singUPmiss",
			"loop": false,
			"name": "Amesame Up Miss"
		},
		{
			"offsets": [
				-15,
				-5
			],
			"indices": [],
			"fps": 24,
			"anim": "singRIGHT",
			"loop": false,
			"name": "Amelia Left Note"
		},
		{
			"offsets": [
				-15,
				-4
			],
			"indices": [],
			"fps": 24,
			"anim": "singRIGHTmiss",
			"loop": false,
			"name": "Amesame Left Miss"
		},
		{
			"offsets": [
				46,
				-14
			],
			"indices": [],
			"fps": 24,
			"anim": "singLEFTmiss",
			"loop": false,
			"name": "Amesame  Right Miss"
		},
		{
			"offsets": [
				-56,
				27
			],
			"indices": [],
			"fps": 24,
			"anim": "hey",
			"loop": false,
			"name": "Amesame Hey"
		}
	],
	"no_antialiasing": false,
	"image": "characters/AmeSame_player",
	"position": [
		100,
		200
	],
	"healthicon": "amesame",
	"flip_x": false,
	"healthbar_colors": [
		255,
		255,
		255
	],
	"camera_position": [
		70,
		30
	],
	"sing_duration": 4,
	"scale": 1
}