{
	"animations": [
		{
			"loop": false,
			"offsets": [
				0,
				0
			],
			"anim": "danceLeft",
			"fps": 12,
			"name": "AmeSame Idle",
			"indices": [
				0,
				2,
				6
			]
		},
		{
			"loop": false,
			"offsets": [
				0,
				0
			],
			"anim": "danceRight",
			"fps": 12,
			"name": "AmeSame Idle",
			"indices": [
				8,
				10,
				12,
				14
			]
		},
		{
			"loop": false,
			"offsets": [
				107,
				-5
			],
			"anim": "singLEFT",
			"fps": 24,
			"name": "Amelia Left Note",
			"indices": []
		},
		{
			"loop": false,
			"offsets": [
				53,
				-140
			],
			"anim": "singDOWN",
			"fps": 24,
			"name": "Amelia Down Note",
			"indices": []
		},
		{
			"loop": false,
			"offsets": [
				-20,
				27
			],
			"anim": "singUP",
			"fps": 24,
			"name": "Amelia Up Note",
			"indices": []
		},
		{
			"loop": false,
			"offsets": [
				107,
				-5
			],
			"anim": "singLEFT-alt",
			"fps": 24,
			"name": "Gura Left Note",
			"indices": []
		},
		{
			"loop": false,
			"offsets": [
				52,
				-140
			],
			"anim": "singDOWN-alt",
			"fps": 24,
			"name": "Gura Down Note",
			"indices": []
		},
		{
			"loop": false,
			"offsets": [
				-100,
				-14
			],
			"anim": "singRIGHT",
			"fps": 24,
			"name": "Amelia Right Note",
			"indices": []
		},
		{
			"loop": false,
			"offsets": [
				-100,
				-14
			],
			"anim": "singRIGHT-alt",
			"fps": 24,
			"name": "Gura Right Note",
			"indices": []
		},
		{
			"loop": false,
			"offsets": [
				-21,
				28
			],
			"anim": "singUP-alt",
			"fps": 24,
			"name": "Gura Up Note",
			"indices": []
		}
	],
	"no_antialiasing": false,
	"image": "characters/AmeSame_alternative",
	"position": [
		40,
		200
	],
	"healthicon": "amesame",
	"flip_x": false,
	"healthbar_colors": [
		255,
		255,
		255
	],
	"camera_position": [
		0,
		0
	],
	"sing_duration": 4,
	"scale": 1
}