{
	"animations": [
		{
			"loop": false,
			"offsets": [
				13,
				-10
			],
			"anim": "singLEFT",
			"fps": 24,
			"name": "left",
			"indices": []
		},
		{
			"loop": false,
			"offsets": [
				39,
				-48
			],
			"anim": "singRIGHT",
			"fps": 24,
			"name": "right",
			"indices": []
		},
		{
			"loop": false,
			"offsets": [
				25,
				-75
			],
			"anim": "singDOWN",
			"fps": 24,
			"name": "down",
			"indices": []
		},
		{
			"loop": false,
			"offsets": [
				95,
				66
			],
			"anim": "singUP",
			"fps": 24,
			"name": "up",
			"indices": []
		},
		{
			"loop": false,
			"offsets": [
				28,
				2
			],
			"anim": "idle",
			"fps": 24,
			"name": "idle",
			"indices": []
		}
	],
	"no_antialiasing": false,
	"image": "characters/andrux",
	"position": [
		270,
		250
	],
	"healthicon": "david",
	"flip_x": false,
	"healthbar_colors": [
		0,
		0,
		255
	],
	"camera_position": [
		50,
		30
	],
	"sing_duration": 4,
	"scale": 1.2
}