{
	"animations": [
		{
			"loop": false,
			"offsets": [
				7,
				0
			],
			"fps": 24,
			"anim": "idle",
			"indices": [],
			"name": "BF IDLE"
		},
		{
			"loop": false,
			"offsets": [
				0,
				0
			],
			"anim": "singLEFTmiss",
			"fps": 24,
			"name": "BF LEFT MISS",
			"indices": []
		},
		{
			"loop": false,
			"offsets": [
				0,
				0
			],
			"anim": "singLEFT",
			"fps": 24,
			"name": "BF LEFT NOTE",
			"indices": []
		},
		{
			"loop": false,
			"offsets": [
				0,
				0
			],
			"anim": "singUPmiss",
			"fps": 24,
			"name": "BF UP MISS",
			"indices": []
		},
		{
			"loop": false,
			"offsets": [
				0,
				0
			],
			"anim": "singUP",
			"fps": 24,
			"name": "BF UP NOTE",
			"indices": []
		},
		{
			"loop": false,
			"offsets": [
				0,
				0
			],
			"anim": "singRIGHT",
			"fps": 24,
			"name": "BF RIGHT NOTE",
			"indices": []
		},
		{
			"loop": false,
			"offsets": [
				0,
				0
			],
			"anim": "singRIGHTmiss",
			"fps": 24,
			"name": "BF RIGHT MISS",
			"indices": []
		},
		{
			"loop": false,
			"offsets": [
				0,
				0
			],
			"anim": "singDOWN",
			"fps": 24,
			"name": "BF DOWN NOTE",
			"indices": []
		},
		{
			"loop": false,
			"offsets": [
				0,
				0
			],
			"anim": "singDOWNmiss",
			"fps": 24,
			"name": "BF DOWN MISS",
			"indices": []
		}
	],
	"no_antialiasing": true,
	"image": "characters/aquinoPixel",
	"position": [
		0,
		350
	],
	"healthicon": "aquino-pixel",
	"flip_x": true,
	"healthbar_colors": [
		175,
		80,
		80
	],
	"camera_position": [
		300,
		-140
	],
	"sing_duration": 4,
	"scale": 6
}