{
	"animations": [
		{
			"offsets": [
				-5,
				0
			],
			"loop": false,
			"fps": 24,
			"anim": "idle",
			"indices": [],
			"name": "BF idle dance"
		},
		{
			"offsets": [
				2,
				-1
			],
			"indices": [],
			"fps": 24,
			"anim": "singLEFTmiss",
			"loop": false,
			"name": "Left Miss"
		},
		{
			"offsets": [
				-25,
				-14
			],
			"indices": [],
			"fps": 24,
			"anim": "singDOWNmiss",
			"loop": false,
			"name": "Down Miss"
		},
		{
			"offsets": [
				-43,
				33
			],
			"indices": [],
			"fps": 24,
			"anim": "singUPmiss",
			"loop": false,
			"name": "Up Miss"
		},
		{
			"offsets": [
				538,
				28
			],
			"indices": [],
			"fps": 24,
			"anim": "singRIGHTmiss",
			"loop": false,
			"name": "Right Miss"
		},
		{
			"offsets": [
				5,
				1
			],
			"indices": [],
			"fps": 24,
			"anim": "singLEFT",
			"loop": false,
			"name": "Aquino Left"
		},
		{
			"offsets": [
				-25,
				-12
			],
			"indices": [],
			"fps": 24,
			"anim": "singDOWN",
			"loop": false,
			"name": "Aquino Down"
		},
		{
			"offsets": [
				-42,
				36
			],
			"indices": [],
			"fps": 24,
			"anim": "singUP",
			"loop": false,
			"name": "Aquino Up"
		},
		{
			"offsets": [
				-48,
				33
			],
			"indices": [],
			"fps": 24,
			"anim": "singRIGHT",
			"loop": false,
			"name": "Aquino Right"
		},
		{
			"offsets": [
				0,
				0
			],
			"indices": [],
			"fps": 24,
			"anim": "singLEFT-alt",
			"loop": false,
			"name": "Nimu Left"
		},
		{
			"offsets": [
				-26,
				-14
			],
			"indices": [],
			"fps": 24,
			"anim": "singDOWN-alt",
			"loop": false,
			"name": "Nimu Down"
		},
		{
			"offsets": [
				-42,
				36
			],
			"indices": [],
			"fps": 24,
			"anim": "singUP-alt",
			"loop": false,
			"name": "Nimu Up"
		},
		{
			"offsets": [
				-48,
				31
			],
			"indices": [],
			"fps": 24,
			"anim": "singRIGHT-alt",
			"loop": false,
			"name": "Nimu Right"
		}
	],
	"no_antialiasing": false,
	"image": "characters/aquino-holding-nimu-full",
	"position": [
		40,
		300
	],
	"healthicon": "aquino-nimu",
	"flip_x": true,
	"healthbar_colors": [
		180,
		0,
		120
	],
	"camera_position": [
		30,
		40
	],
	"sing_duration": 4,
	"scale": 1
}