{
	"animations": [
		{
			"loop": false,
			"offsets": [
				-3,
				-1
			],
			"fps": 24,
			"anim": "idle",
			"indices": [],
			"name": "BF idle dance"
		},
		{
			"loop": false,
			"offsets": [
				5,
				-11
			],
			"fps": 24,
			"anim": "singLEFT",
			"indices": [],
			"name": "BF NOTE LEFT0"
		},
		{
			"loop": false,
			"offsets": [
				-10,
				-51
			],
			"fps": 24,
			"anim": "singDOWN",
			"indices": [],
			"name": "BF NOTE DOWN0"
		},
		{
			"loop": false,
			"offsets": [
				-45,
				0
			],
			"fps": 24,
			"anim": "singUP",
			"indices": [],
			"name": "BF NOTE UP0"
		},
		{
			"loop": false,
			"offsets": [
				-45,
				-5
			],
			"fps": 24,
			"anim": "singRIGHT",
			"indices": [],
			"name": "BF NOTE RIGHT0"
		},
		{
			"loop": false,
			"offsets": [
				4,
				1
			],
			"fps": 24,
			"anim": "singLEFTmiss",
			"indices": [],
			"name": "BF NOTE LEFT MISS"
		},
		{
			"loop": false,
			"offsets": [
				-10,
				-43
			],
			"fps": 24,
			"anim": "singDOWNmiss",
			"indices": [],
			"name": "BF NOTE DOWN MISS"
		},
		{
			"loop": false,
			"offsets": [
				-39,
				6
			],
			"fps": 24,
			"anim": "singUPmiss",
			"indices": [],
			"name": "BF NOTE UP MISS"
		},
		{
			"loop": false,
			"offsets": [
				-40,
				-1
			],
			"fps": 24,
			"anim": "singRIGHTmiss",
			"indices": [],
			"name": "BF NOTE RIGHT MISS"
		},
		{
			"loop": false,
			"offsets": [
				-1,
				-5
			],
			"fps": 24,
			"anim": "hey",
			"indices": [],
			"name": "BF HEY"
		}
	],
	"no_antialiasing": false,
	"image": "characters/aquino_christmas",
	"position": [
		0,
		350
	],
	"healthicon": "aquino",
	"flip_x": true,
	"healthbar_colors": [
		235,
		0,
		60
	],
	"camera_position": [
		0,
		0
	],
	"sing_duration": 4,
	"scale": 1
}