{
	"animations": [
		{
			"offsets": [
				0,
				0
			],
			"indices": [],
			"fps": 24,
			"anim": "evil",
			"loop": false,
			"name": "IMeanItsKindaHot"
		},
		{
			"offsets": [
				0,
				0
			],
			"indices": [],
			"fps": 24,
			"anim": "idle",
			"loop": false,
			"name": "Idle"
		}
	],
	"no_antialiasing": false,
	"image": "characters/AzulaFrontTransform",
	"position": [
		50,
		0
	],
	"healthicon": "azula",
	"flip_x": false,
	"healthbar_colors": [
		250,
		253,
		255
	],
	"camera_position": [
		-30,
		-70
	],
	"sing_duration": 6.1,
	"scale": 1
}