{
	"animations": [
		{
			"offsets": [
				0,
				0
			],
			"loop": false,
			"fps": 24,
			"anim": "idle",
			"indices": [],
			"name": "Idle"
		},
		{
			"offsets": [
				0,
				1
			],
			"loop": false,
			"fps": 24,
			"anim": "singLEFT",
			"indices": [],
			"name": "Left"
		},
		{
			"offsets": [
				1,
				-3
			],
			"loop": false,
			"fps": 24,
			"anim": "singDOWN",
			"indices": [],
			"name": "Down"
		},
		{
			"offsets": [
				-70,
				53
			],
			"loop": false,
			"fps": 24,
			"anim": "singUP",
			"indices": [],
			"name": "Up"
		},
		{
			"offsets": [
				-20,
				2
			],
			"loop": false,
			"fps": 24,
			"anim": "singRIGHT",
			"indices": [],
			"name": "Right"
		},
		{
			"loop": false,
			"offsets": [
				-5,
				-4
			],
			"anim": "ok-first",
			"fps": 24,
			"name": "OkFirst",
			"indices": []
		},
		{
			"loop": false,
			"offsets": [
				1,
				5
			],
			"anim": "ok-second",
			"fps": 24,
			"name": "OkSecond",
			"indices": []
		},
		{
			"loop": false,
			"offsets": [
				-144,
				9
			],
			"anim": "laugh",
			"fps": 24,
			"name": "LaughAnim",
			"indices": []
		}
	],
	"no_antialiasing": false,
	"image": "characters/AzulaFrontRedHair",
	"position": [
		50,
		0
	],
	"healthicon": "azula",
	"flip_x": false,
	"healthbar_colors": [
		250,
		253,
		255
	],
	"camera_position": [
		-30,
		-70
	],
	"sing_duration": 6.1,
	"scale": 1
}