{
	"animations": [
		{
			"loop": false,
			"offsets": [
				-73,
				-10
			],
			"anim": "idle",
			"fps": 24,
			"name": "Idle",
			"indices": []
		},
		{
			"loop": false,
			"offsets": [
				-2,
				1
			],
			"anim": "singLEFT",
			"fps": 24,
			"name": "Left",
			"indices": []
		},
		{
			"loop": false,
			"offsets": [
				-45,
				-10
			],
			"anim": "singDOWN",
			"fps": 24,
			"name": "Down",
			"indices": []
		},
		{
			"loop": false,
			"offsets": [
				-70,
				41
			],
			"anim": "singUP",
			"fps": 24,
			"name": "Up",
			"indices": []
		},
		{
			"loop": false,
			"offsets": [
				-20,
				-6
			],
			"anim": "singRIGHT",
			"fps": 24,
			"name": "Right",
			"indices": []
		},
		{
			"offsets": [
				-48,
				-14
			],
			"loop": false,
			"fps": 24,
			"anim": "ok-first",
			"indices": [],
			"name": "OkFirst"
		},
		{
			"offsets": [
				-66,
				-5
			],
			"loop": false,
			"fps": 24,
			"anim": "ok-second",
			"indices": [],
			"name": "OkSecond"
		},
		{
			"offsets": [
				-75,
				-1
			],
			"loop": false,
			"fps": 24,
			"anim": "laugh",
			"indices": [],
			"name": "LaughAnim"
		},
		{
			"offsets": [
				-73,
				12
			],
			"loop": false,
			"fps": 24,
			"anim": "devil",
			"indices": [],
			"name": "IMeanItsKindaHot"
		}
	],
	"no_antialiasing": false,
	"image": "characters/AzulaFront_LongHair",
	"position": [
		-200,
		0
	],
	"healthicon": "azula",
	"flip_x": false,
	"healthbar_colors": [
		252,
		241,
		243
	],
	"camera_position": [
		-70,
		-70
	],
	"sing_duration": 6.1,
	"scale": 1
}