{
	"animations": [
		{
			"offsets": [
				-3,
				-1
			],
			"loop": false,
			"anim": "idle",
			"fps": 24,
			"name": "BF idle dance",
			"indices": []
		},
		{
			"offsets": [
				12,
				-6
			],
			"loop": false,
			"anim": "singLEFT",
			"fps": 24,
			"name": "BF NOTE LEFT0",
			"indices": []
		},
		{
			"offsets": [
				-10,
				-50
			],
			"loop": false,
			"anim": "singDOWN",
			"fps": 24,
			"name": "BF NOTE DOWN0",
			"indices": []
		},
		{
			"offsets": [
				-29,
				27
			],
			"loop": false,
			"anim": "singUP",
			"fps": 24,
			"name": "BF NOTE UP0",
			"indices": []
		},
		{
			"offsets": [
				-38,
				-7
			],
			"loop": false,
			"anim": "singRIGHT",
			"fps": 24,
			"name": "BF NOTE RIGHT0",
			"indices": []
		},
		{
			"offsets": [
				12,
				24
			],
			"loop": false,
			"anim": "singLEFTmiss",
			"fps": 24,
			"name": "BF NOTE LEFT MISS",
			"indices": []
		},
		{
			"offsets": [
				-11,
				-19
			],
			"loop": false,
			"anim": "singDOWNmiss",
			"fps": 24,
			"name": "BF NOTE DOWN MISS",
			"indices": []
		},
		{
			"offsets": [
				-29,
				27
			],
			"loop": false,
			"anim": "singUPmiss",
			"fps": 24,
			"name": "BF NOTE UP MISS",
			"indices": []
		},
		{
			"offsets": [
				-30,
				21
			],
			"loop": false,
			"anim": "singRIGHTmiss",
			"fps": 24,
			"name": "BF NOTE RIGHT MISS",
			"indices": []
		},
		{
			"offsets": [
				-3,
				5
			],
			"loop": false,
			"anim": "hey",
			"fps": 24,
			"name": "BF HEY",
			"indices": []
		}
	],
	"no_antialiasing": false,
	"image": "characters/no_char",
	"position": [
		0,
		350
	],
	"healthicon": "azula-player",
	"flip_x": true,
	"healthbar_colors": [
		252,
		241,
		243
	],
	"camera_position": [
		10,
		-40
	],
	"sing_duration": 4,
	"scale": 1
}