{
	"animations": [
		{
			"offsets": [
				0,
				0
			],
			"indices": [],
			"fps": 24,
			"anim": "idle",
			"loop": false,
			"name": "Idle"
		},
		{
			"offsets": [
				90,
				-17
			],
			"indices": [],
			"fps": 24,
			"anim": "singLEFT",
			"loop": false,
			"name": "Left"
		},
		{
			"offsets": [
				1,
				-23
			],
			"indices": [],
			"fps": 24,
			"anim": "singDOWN",
			"loop": false,
			"name": "Down"
		},
		{
			"offsets": [
				3,
				36
			],
			"indices": [],
			"fps": 24,
			"anim": "singUP",
			"loop": false,
			"name": "Up"
		},
		{
			"offsets": [
				-59,
				5
			],
			"indices": [],
			"fps": 24,
			"anim": "singRIGHT",
			"loop": false,
			"name": "Right"
		}
	],
	"no_antialiasing": false,
	"image": "characters/Azuri_1stperson_knife",
	"position": [
		0,
		0
	],
	"healthicon": "azuri",
	"flip_x": false,
	"healthbar_colors": [
		250,
		253,
		255
	],
	"camera_position": [
		-90,
		0
	],
	"sing_duration": 6.1,
	"scale": 1
}