{
	"animations": [
		{
			"offsets": [
				0,
				0
			],
			"loop": false,
			"fps": 24,
			"anim": "idle",
			"indices": [],
			"name": "IDLE"
		},
		{
			"offsets": [
				-70,
				-110
			],
			"loop": false,
			"fps": 24,
			"anim": "singDOWN",
			"indices": [],
			"name": "DOWN Cloud"
		},
		{
			"offsets": [
				-46,
				-89
			],
			"loop": false,
			"fps": 24,
			"anim": "singLEFT",
			"indices": [],
			"name": "LEFT Cloud"
		},
		{
			"offsets": [
				-197,
				-64
			],
			"loop": false,
			"fps": 24,
			"anim": "singRIGHT",
			"indices": [],
			"name": "RIGHT Cloud"
		},
		{
			"offsets": [
				-54,
				-51
			],
			"loop": false,
			"fps": 24,
			"anim": "singUP",
			"indices": [],
			"name": "UP Cloud"
		},
		{
			"loop": false,
			"offsets": [
				-254,
				-96
			],
			"anim": "singDOWN-alt",
			"fps": 24,
			"name": "DOWN gf",
			"indices": []
		},
		{
			"loop": false,
			"offsets": [
				-200,
				5
			],
			"anim": "singUP-alt",
			"fps": 24,
			"name": "UP gf",
			"indices": []
		},
		{
			"loop": false,
			"offsets": [
				-263,
				-80
			],
			"anim": "singLEFT-alt",
			"fps": 24,
			"name": "LEFT gf",
			"indices": []
		},
		{
			"loop": false,
			"offsets": [
				-264,
				-91
			],
			"anim": "singRIGHT-alt",
			"fps": 24,
			"name": "RIGHT gf",
			"indices": []
		}
	],
	"no_antialiasing": false,
	"image": "characters/Azuri_Gura_Fighting",
	"position": [
		-830,
		30
	],
	"healthicon": "icon-azuri",
	"flip_x": true,
	"healthbar_colors": [
		250,
		253,
		255
	],
	"camera_position": [
		-320,
		50
	],
	"sing_duration": 4,
	"scale": 0.8
}