{
	"animations": [
		{
			"offsets": [
				-5,
				0
			],
			"loop": false,
			"fps": 24,
			"anim": "idle",
			"indices": [],
			"name": "beepie idle"
		},
		{
			"offsets": [
				24,
				-11
			],
			"loop": false,
			"fps": 24,
			"anim": "singLEFT",
			"indices": [],
			"name": "beepie left"
		},
		{
			"offsets": [
				-64,
				-94
			],
			"loop": false,
			"fps": 24,
			"anim": "singDOWN",
			"indices": [],
			"name": "beepie down"
		},
		{
			"offsets": [
				-29,
				20
			],
			"loop": false,
			"fps": 24,
			"anim": "singUP",
			"indices": [],
			"name": "beepie up"
		},
		{
			"offsets": [
				-76,
				1
			],
			"loop": false,
			"fps": 24,
			"anim": "singRIGHT",
			"indices": [],
			"name": "beepie right"
		}
	],
	"no_antialiasing": false,
	"image": "characters/beepienormal_assets",
	"position": [
		0,
		190
	],
	"healthicon": "beepie",
	"flip_x": false,
	"healthbar_colors": [
		60,
		175,
		215
	],
	"camera_position": [
		30,
		0
	],
	"sing_duration": 4,
	"scale": 1
}