{
	"animations": [
		{
			"offsets": [
				0,
				0
			],
			"loop": false,
			"fps": 24,
			"anim": "idle",
			"indices": [],
			"name": "Mom Idle"
		},
		{
			"offsets": [
				250,
				-23
			],
			"loop": false,
			"fps": 24,
			"anim": "singLEFT",
			"indices": [],
			"name": "Mom Left Pose"
		},
		{
			"offsets": [
				0,
				-50
			],
			"loop": false,
			"fps": 24,
			"anim": "singRIGHT",
			"indices": [],
			"name": "Mom Pose Left"
		},
		{
			"offsets": [
				20,
				-160
			],
			"loop": false,
			"fps": 24,
			"anim": "singDOWN",
			"indices": [],
			"name": "MOM DOWN POSE"
		},
		{
			"offsets": [
				14,
				71
			],
			"loop": false,
			"fps": 24,
			"anim": "singUP",
			"indices": [],
			"name": "Mom Up Pose"
		}
	],
	"no_antialiasing": false,
	"image": "characters/Belle_assets",
	"position": [
		110,
		-50
	],
	"healthicon": "belle",
	"flip_x": false,
	"healthbar_colors": [
		213,
		12,
		45
	],
	"camera_position": [
		30,
		100
	],
	"sing_duration": 4,
	"scale": 1
}