{
	"animations": [
		{
			"offsets": [
				0,
				0
			],
			"loop": false,
			"fps": 24,
			"anim": "idle",
			"indices": [],
			"name": "Idle"
		},
		{
			"offsets": [
				34,
				-1
			],
			"loop": false,
			"fps": 24,
			"anim": "singLEFT",
			"indices": [],
			"name": "Left"
		},
		{
			"offsets": [
				-45,
				-1
			],
			"loop": false,
			"fps": 24,
			"anim": "singRIGHT",
			"indices": [],
			"name": "Right"
		},
		{
			"offsets": [
				4,
				-14
			],
			"loop": false,
			"fps": 24,
			"anim": "singDOWN",
			"indices": [],
			"name": "Down"
		},
		{
			"offsets": [
				-20,
				37
			],
			"loop": false,
			"fps": 24,
			"anim": "singUP",
			"indices": [],
			"name": "Up"
		},
		{
			"offsets": [
				-7,
				-3
			],
			"loop": false,
			"fps": 24,
			"anim": "hey",
			"indices": [],
			"name": "Hey"
		}
	],
	"no_antialiasing": false,
	"image": "characters/Betazuri_Flashback",
	"position": [
		1280,
		200
	],
	"healthicon": "betazuri",
	"flip_x": true,
	"healthbar_colors": [
		196,
		204,
		255
	],
	"camera_position": [
		350,
		-200
	],
	"sing_duration": 4,
	"scale": 1.5
}