{
	"animations": [
		{
			"loop": false,
			"offsets": [
				105,
				-2
			],
			"anim": "singLEFT",
			"fps": 24,
			"name": "Left instance",
			"indices": []
		},
		{
			"loop": false,
			"offsets": [
				-7,
				-56
			],
			"anim": "singDOWN",
			"fps": 24,
			"name": "down instance",
			"indices": []
		},
		{
			"loop": false,
			"offsets": [
				-5,
				0
			],
			"anim": "idle",
			"fps": 24,
			"name": "idle instance",
			"indices": []
		},
		{
			"loop": false,
			"offsets": [
				-7,
				-53
			],
			"anim": "singDOWNmiss",
			"fps": 24,
			"name": "miss DOWN instance",
			"indices": []
		},
		{
			"loop": false,
			"offsets": [
				107,
				-1
			],
			"anim": "singLEFTmiss",
			"fps": 24,
			"name": "miss LEFT instance",
			"indices": []
		},
		{
			"loop": false,
			"offsets": [
				-24,
				-24
			],
			"anim": "singRIGHTmiss",
			"fps": 24,
			"name": "miss RIGHT instance",
			"indices": []
		},
		{
			"loop": false,
			"offsets": [
				-36,
				27
			],
			"anim": "singUPmiss",
			"fps": 24,
			"name": "miss UP instance",
			"indices": []
		},
		{
			"loop": false,
			"offsets": [
				-28,
				-27
			],
			"anim": "singRIGHT",
			"fps": 24,
			"name": "right instance",
			"indices": []
		},
		{
			"loop": false,
			"offsets": [
				-35,
				37
			],
			"anim": "singUP",
			"fps": 24,
			"name": "up instance",
			"indices": []
		}
	],
	"no_antialiasing": false,
	"image": "characters/ENCORE_BF",
	"position": [
		0,
		270
	],
	"healthicon": "bf",
	"flip_x": true,
	"healthbar_colors": [
		49,
		176,
		209
	],
	"camera_position": [
		0,
		0
	],
	"sing_duration": 4,
	"scale": 1
}