{
	"animations": [
		{
			"loop": false,
			"offsets": [
				0,
				0
			],
			"anim": "idle",
			"fps": 24,
			"name": "BF idle dance",
			"indices": []
		},
		{
			"loop": false,
			"offsets": [
				12,
				3
			],
			"anim": "singLEFT",
			"fps": 24,
			"name": "BF NOTE LEFT0",
			"indices": []
		},
		{
			"loop": false,
			"offsets": [
				-47,
				-46
			],
			"anim": "singDOWN",
			"fps": 24,
			"name": "BF NOTE DOWN0",
			"indices": []
		},
		{
			"loop": false,
			"offsets": [
				-18,
				13
			],
			"anim": "singUP",
			"fps": 24,
			"name": "BF NOTE UP0",
			"indices": []
		},
		{
			"loop": false,
			"offsets": [
				-92,
				6
			],
			"anim": "singRIGHT",
			"fps": 24,
			"name": "BF NOTE RIGHT0",
			"indices": []
		},
		{
			"loop": false,
			"offsets": [
				12,
				27
			],
			"anim": "singLEFTmiss",
			"fps": 24,
			"name": "BF NOTE LEFT MISS",
			"indices": []
		},
		{
			"loop": false,
			"offsets": [
				-34,
				7
			],
			"anim": "singDOWNmiss",
			"fps": 24,
			"name": "BF NOTE DOWN MISS",
			"indices": []
		},
		{
			"loop": false,
			"offsets": [
				-30,
				49
			],
			"anim": "singUPmiss",
			"fps": 24,
			"name": "BF NOTE UP MISS",
			"indices": []
		},
		{
			"loop": false,
			"offsets": [
				-93,
				81
			],
			"anim": "singRIGHTmiss",
			"fps": 24,
			"name": "BF NOTE RIGHT MISS",
			"indices": []
		},
		{
			"loop": false,
			"offsets": [
				1,
				15
			],
			"anim": "hey",
			"fps": 24,
			"name": "BF H",
			"indices": []
		},
		{
			"loop": false,
			"offsets": [
				-29,
				8
			],
			"anim": "hurt",
			"fps": 24,
			"name": "BF Jeringa",
			"indices": []
		},
		{
			"loop": false,
			"offsets": [
				37,
				-32
			],
			"anim": "firstDeath",
			"fps": 24,
			"name": "BF dies",
			"indices": []
		},
		{
			"loop": true,
			"offsets": [
				-65,
				-29
			],
			"anim": "deathLoop",
			"fps": 24,
			"name": "BF Dead Loop",
			"indices": []
		},
		{
			"loop": true,
			"offsets": [
				-57,
				-38
			],
			"anim": "deathConfirm",
			"fps": 24,
			"name": "BF Dead confirm",
			"indices": []
		},
		{
			"loop": false,
			"offsets": [
				10,
				30
			],
			"anim": "dodge",
			"fps": 24,
			"name": "boyfriend dodge",
			"indices": []
		}
	],
	"no_antialiasing": false,
	"image": "characters/BOYFRIEND-RETRO",
	"position": [
		-38,
		333
	],
	"healthicon": "bf-suicide",
	"flip_x": true,
	"healthbar_colors": [
		125,
		128,
		142
	],
	"camera_position": [
		-50,
		20
	],
	"sing_duration": 4,
	"scale": 1
}