{
	"animations": [
		{
			"offsets": [
				-5,
				0
			],
			"loop": false,
			"fps": 24,
			"anim": "idle",
			"indices": [],
			"name": "BF idle dance"
		},
		{
			"offsets": [
				-22,
				-48
			],
			"loop": false,
			"fps": 24,
			"anim": "singDOWN",
			"indices": [],
			"name": "BF NOTE DOWN0"
		},
		{
			"offsets": [
				2,
				32
			],
			"loop": false,
			"fps": 24,
			"anim": "singUP",
			"indices": [],
			"name": "BF NOTE UP0"
		},
		{
			"offsets": [
				-15,
				-18
			],
			"loop": false,
			"fps": 24,
			"anim": "singDOWNmiss",
			"indices": [],
			"name": "BF NOTE DOWN MISS"
		},
		{
			"offsets": [
				-5,
				27
			],
			"loop": false,
			"fps": 24,
			"anim": "singUPmiss",
			"indices": [],
			"name": "BF NOTE UP MISS"
		},
		{
			"offsets": [
				-3,
				5
			],
			"loop": false,
			"fps": 24,
			"anim": "hey",
			"indices": [],
			"name": "BF HEY"
		},
		{
			"offsets": [
				15,
				18
			],
			"loop": false,
			"fps": 24,
			"anim": "hurt",
			"indices": [],
			"name": "BF hit"
		},
		{
			"offsets": [
				-4,
				0
			],
			"loop": true,
			"fps": 24,
			"anim": "scared",
			"indices": [],
			"name": "BF idle shaking"
		},
		{
			"offsets": [
				-35,
				-13
			],
			"loop": false,
			"fps": 24,
			"anim": "dodge",
			"indices": [],
			"name": "boyfriend dodge"
		},
		{
			"offsets": [
				-8,
				270
			],
			"loop": false,
			"fps": 24,
			"anim": "attack",
			"indices": [],
			"name": "boyfriend attack"
		},
		{
			"offsets": [
				-10,
				-40
			],
			"loop": false,
			"fps": 24,
			"anim": "pre-attack",
			"indices": [],
			"name": "bf pre attack"
		},
		{
			"offsets": [
				-37,
				-4
			],
			"indices": [],
			"fps": 24,
			"anim": "singRIGHT",
			"loop": false,
			"name": "BF NOTE LEFT0"
		},
		{
			"offsets": [
				35,
				-6
			],
			"indices": [],
			"fps": 24,
			"anim": "singLEFT",
			"loop": false,
			"name": "BF NOTE RIGHT0"
		},
		{
			"offsets": [
				32,
				21
			],
			"indices": [],
			"fps": 24,
			"anim": "singLEFTmiss",
			"loop": false,
			"name": "BF NOTE RIGHT MISS"
		},
		{
			"offsets": [
				-37,
				20
			],
			"indices": [],
			"fps": 24,
			"anim": "singRIGHTmiss",
			"loop": false,
			"name": "BF NOTE LEFT MISS"
		}
	],
	"no_antialiasing": false,
	"image": "characters/BOYFRIEND",
	"position": [
		70,
		350
	],
	"healthicon": "bf",
	"flip_x": true,
	"healthbar_colors": [
		127,
		229,
		255
	],
	"camera_position": [
		30,
		0
	],
	"sing_duration": 4,
	"scale": 1
}