{
	"animations": [
		{
			"loop": false,
			"offsets": [
				-5,
				0
			],
			"anim": "idle",
			"fps": 24,
			"name": "BF idle dance",
			"indices": []
		},
		{
			"loop": false,
			"offsets": [
				-90,
				35
			],
			"anim": "singLEFT",
			"fps": 24,
			"name": "BF NOTE LEFT0",
			"indices": []
		},
		{
			"loop": false,
			"offsets": [
				-70,
				-10
			],
			"anim": "singDOWN",
			"fps": 24,
			"name": "BF NOTE DOWN0",
			"indices": []
		},
		{
			"loop": false,
			"offsets": [
				-29,
				87
			],
			"anim": "singUP",
			"fps": 24,
			"name": "BF NOTE UP0",
			"indices": []
		},
		{
			"loop": false,
			"offsets": [
				92,
				33
			],
			"anim": "singRIGHT",
			"fps": 24,
			"name": "BF NOTE RIGHT0",
			"indices": []
		}
	],
	"no_antialiasing": false,
	"image": "characters/bfSoul",
	"position": [
		-100,
		50
	],
	"healthicon": "bf",
	"flip_x": true,
	"healthbar_colors": [
		60,
		60,
		60
	],
	"camera_position": [
		40,
		-150
	],
	"sing_duration": 4,
	"scale": 1
}