{
	"animations": [
		{
			"offsets": [
				25,
				0
			],
			"loop": false,
			"fps": 24,
			"anim": "idle",
			"indices": [],
			"name": "BF idle dance"
		},
		{
			"offsets": [
				67,
				-7
			],
			"loop": false,
			"fps": 24,
			"anim": "singLEFT",
			"indices": [],
			"name": "BF NOTE LEFT0"
		},
		{
			"offsets": [
				-13,
				-50
			],
			"loop": false,
			"fps": 24,
			"anim": "singDOWN",
			"indices": [],
			"name": "BF NOTE DOWN0"
		},
		{
			"offsets": [
				-39,
				28
			],
			"loop": false,
			"fps": 24,
			"anim": "singUP",
			"indices": [],
			"name": "BF NOTE UP0"
		},
		{
			"offsets": [
				-49,
				-5
			],
			"loop": false,
			"fps": 24,
			"anim": "singRIGHT",
			"indices": [],
			"name": "BF NOTE RIGHT0"
		},
		{
			"offsets": [
				66,
				16
			],
			"loop": false,
			"fps": 24,
			"anim": "singLEFTmiss",
			"indices": [],
			"name": "BF NOTE LEFT MISS"
		},
		{
			"offsets": [
				-13,
				-17
			],
			"loop": false,
			"fps": 24,
			"anim": "singDOWNmiss",
			"indices": [],
			"name": "BF NOTE DOWN MISS"
		},
		{
			"offsets": [
				-37,
				27
			],
			"loop": false,
			"fps": 24,
			"anim": "singUPmiss",
			"indices": [],
			"name": "BF NOTE UP MISS"
		},
		{
			"offsets": [
				-45,
				24
			],
			"loop": false,
			"fps": 24,
			"anim": "singRIGHTmiss",
			"indices": [],
			"name": "BF NOTE RIGHT MISS"
		}
	],
	"no_antialiasing": false,
	"image": "characters/BoyFriend_Guitar_WTF_Assets",
	"position": [
		0,
		350
	],
	"healthicon": "bf",
	"flip_x": true,
	"healthbar_colors": [
		49,
		176,
		209
	],
	"camera_position": [
		0,
		0
	],
	"sing_duration": 4,
	"scale": 1
}