{
	"animations": [
		{
			"loop": false,
			"offsets": [
				-11,
				8
			],
			"anim": "idle",
			"fps": 24,
			"name": "Big Monika Idle0",
			"indices": []
		},
		{
			"loop": false,
			"offsets": [
				-11,
				8
			],
			"anim": "idle-alt",
			"fps": 24,
			"name": "Big Monika Idle Alt",
			"indices": []
		},
		{
			"loop": false,
			"offsets": [
				40,
				-8
			],
			"anim": "singLEFT",
			"fps": 24,
			"name": "Big Monika Sing Left0",
			"indices": []
		},
		{
			"loop": false,
			"offsets": [
				40,
				-7
			],
			"anim": "singLEFT-alt",
			"fps": 24,
			"name": "Big Monika Sing Left Alt",
			"indices": []
		},
		{
			"loop": false,
			"offsets": [
				-9,
				-47
			],
			"anim": "singDOWN",
			"fps": 24,
			"name": "Big Monika Sing Down0",
			"indices": []
		},
		{
			"loop": false,
			"offsets": [
				-8,
				-47
			],
			"anim": "singDOWN-alt",
			"fps": 24,
			"name": "Big Monika Sing Down Alt",
			"indices": []
		},
		{
			"loop": false,
			"offsets": [
				-11,
				20
			],
			"anim": "singUP",
			"fps": 24,
			"name": "Big Monika Sing Up0",
			"indices": []
		},
		{
			"loop": false,
			"offsets": [
				-11,
				19
			],
			"anim": "singUP-alt",
			"fps": 24,
			"name": "Big Monika Sing Up Alt",
			"indices": []
		},
		{
			"loop": false,
			"offsets": [
				-11,
				8
			],
			"anim": "singRIGHT",
			"fps": 24,
			"name": "Big Monika Sing Right0",
			"indices": []
		},
		{
			"loop": false,
			"offsets": [
				-10,
				9
			],
			"anim": "singRIGHT-alt",
			"fps": 24,
			"name": "Big Monika Sing Right Alt",
			"indices": []
		},
		{
			"loop": false,
			"offsets": [
				-6,
				8
			],
			"anim": "giggle",
			"fps": 24,
			"name": "Big Monikali Giggle",
			"indices": []
		},
		{
			"loop": false,
			"offsets": [
				-6,
				8
			],
			"anim": "giggle-short",
			"fps": 24,
			"name": "Big Monikali Giggle",
			"indices": [
				18,
				19,
				20,
				21,
				22,
				23,
				24,
				25,
				26,
				27,
				28,
				29,
				30,
				31,
				32,
				33,
				34,
				35,
				36,
				37,
				38,
				39,
				40,
				41,
				42,
				43,
				44,
				45,
				46,
				47,
				48,
				49,
				50,
				51,
				52,
				53,
				54,
				55
			]
		}
	],
	"no_antialiasing": false,
	"image": "characters/Doki_Monikali_Closeup",
	"position": [
		110,
		-61
	],
	"healthicon": "monikali",
	"flip_x": false,
	"healthbar_colors": [
		226,
		130,
		109
	],
	"camera_position": [
		-205,
		0
	],
	"sing_duration": 4,
	"scale": 1
}