{
	"animations": [
		{
			"offsets": [
				-5,
				0
			],
			"loop": false,
			"fps": 24,
			"anim": "idle",
			"indices": [],
			"name": "Big Monika Idle"
		},
		{
			"loop": false,
			"offsets": [
				-6,
				-15
			],
			"anim": "singLEFT",
			"fps": 24,
			"name": "Big Monika Left",
			"indices": []
		},
		{
			"loop": false,
			"offsets": [
				-4,
				-49
			],
			"anim": "singDOWN",
			"fps": 24,
			"name": "Big Monika Down",
			"indices": []
		},
		{
			"loop": false,
			"offsets": [
				-6,
				14
			],
			"anim": "singUP",
			"fps": 24,
			"name": "Big Monika Up",
			"indices": []
		},
		{
			"loop": false,
			"offsets": [
				-9,
				-1
			],
			"anim": "singRIGHT",
			"fps": 24,
			"name": "Big Monika Right",
			"indices": []
		},
		{
			"loop": false,
			"offsets": [
				180,
				43
			],
			"anim": "last",
			"fps": 24,
			"name": "Big Monika Last Note",
			"indices": []
		}
	],
	"no_antialiasing": false,
	"image": "characters/Big_Natsuki",
	"position": [
		-190,
		-110
	],
	"healthicon": "monika",
	"flip_x": false,
	"healthbar_colors": [
		0,
		0,
		0
	],
	"camera_position": [
		-10,
		100
	],
	"sing_duration": 4,
	"scale": 1
}