{
	"animations": [
		{
			"loop": false,
			"offsets": [
				-5,
				0
			],
			"anim": "idle",
			"fps": 24,
			"name": "Big Monika Idle",
			"indices": []
		},
		{
			"offsets": [
				-6,
				-15
			],
			"loop": false,
			"fps": 24,
			"anim": "singLEFT",
			"indices": [],
			"name": "Big Monika Left"
		},
		{
			"offsets": [
				-4,
				-49
			],
			"loop": false,
			"fps": 24,
			"anim": "singDOWN",
			"indices": [],
			"name": "Big Monika Down"
		},
		{
			"offsets": [
				-6,
				14
			],
			"loop": false,
			"fps": 24,
			"anim": "singUP",
			"indices": [],
			"name": "Big Monika Up"
		},
		{
			"offsets": [
				-9,
				-1
			],
			"loop": false,
			"fps": 24,
			"anim": "singRIGHT",
			"indices": [],
			"name": "Big Monika Right"
		},
		{
			"offsets": [
				180,
				43
			],
			"loop": false,
			"fps": 24,
			"anim": "last",
			"indices": [],
			"name": "Big Monika Last Note"
		}
	],
	"no_antialiasing": false,
	"image": "characters/big_monikia_base",
	"position": [
		-220,
		-70
	],
	"healthicon": "monika",
	"flip_x": false,
	"healthbar_colors": [
		226,
		130,
		109
	],
	"camera_position": [
		-150,
		-20
	],
	"sing_duration": 4,
	"scale": 1
}