{
	"animations": [
		{
			"offsets": [
				450,
				506
			],
			"indices": [],
			"fps": 24,
			"anim": "firstDeath",
			"loop": false,
			"name": "Big Monika Retry Start"
		},
		{
			"offsets": [
				450,
				470
			],
			"indices": [],
			"fps": 24,
			"anim": "deathLoop",
			"loop": true,
			"name": "Big Monika Retry Loop"
		},
		{
			"offsets": [
				450,
				470
			],
			"indices": [],
			"fps": 24,
			"anim": "deathConfirm",
			"loop": false,
			"name": "Big Monika Retry End"
		}
	],
	"no_antialiasing": false,
	"image": "characters/big_monikia_death",
	"position": [
		0,
		350
	],
	"healthicon": "monika",
	"flip_x": true,
	"healthbar_colors": [
		0,
		0,
		0
	],
	"camera_position": [
		350,
		-370
	],
	"sing_duration": 4,
	"scale": 1
}