{
	"animations": [
		{
			"offsets": [
				-230,
				0
			],
			"loop": false,
			"fps": 24,
			"anim": "idle",
			"indices": [],
			"name": "Tomoe Idle"
		},
		{
			"offsets": [
				-230,
				0
			],
			"loop": false,
			"fps": 24,
			"anim": "singDOWN",
			"indices": [],
			"name": "Tomoe Down"
		},
		{
			"offsets": [
				-120,
				31
			],
			"loop": false,
			"fps": 24,
			"anim": "singLEFT",
			"indices": [],
			"name": "Tomoe Left"
		},
		{
			"offsets": [
				-177,
				26
			],
			"loop": false,
			"fps": 24,
			"anim": "singRIGHT",
			"indices": [],
			"name": "Tomoe Right"
		},
		{
			"offsets": [
				-230,
				5
			],
			"loop": false,
			"fps": 24,
			"anim": "singUP",
			"indices": [],
			"name": "Tomoe Up0"
		},
		{
			"offsets": [
				-230,
				5
			],
			"loop": false,
			"fps": 24,
			"anim": "singUP-alt",
			"indices": [],
			"name": "Tomoe Up Alt"
		},
		{
			"offsets": [
				-230,
				5
			],
			"loop": true,
			"fps": 24,
			"anim": "singUP-alt-loop",
			"indices": [
				14,
				15,
				16,
				17,
				18,
				19,
				20
			],
			"name": "Tomoe Up Alt"
		}
	],
	"no_antialiasing": false,
	"image": "characters/tomoe_big",
	"position": [
		-180,
		230
	],
	"healthicon": "tomoe",
	"flip_x": false,
	"healthbar_colors": [
		232,
		202,
		240
	],
	"camera_position": [
		-240,
		-265
	],
	"sing_duration": 4,
	"scale": 2.2
}