{
	"animations": [
		{
			"offsets": [
				3,
				0
			],
			"loop": false,
			"fps": 24,
			"anim": "idle",
			"indices": [],
			"name": "Pico Idle Dance"
		},
		{
			"offsets": [
				1,
				17
			],
			"loop": false,
			"fps": 24,
			"anim": "singUP",
			"indices": [],
			"name": "pico Up note0"
		},
		{
			"offsets": [
				-20,
				-45
			],
			"loop": false,
			"fps": 24,
			"anim": "singDOWN",
			"indices": [],
			"name": "Pico Down Note0"
		},
		{
			"offsets": [
				-7,
				-36
			],
			"loop": false,
			"fps": 24,
			"anim": "singDOWNmiss",
			"indices": [],
			"name": "Pico Down Note MISS"
		},
		{
			"offsets": [
				-5,
				17
			],
			"loop": false,
			"fps": 24,
			"anim": "singUPmiss",
			"indices": [],
			"name": "pico Up note miss"
		},
		{
			"loop": false,
			"offsets": [
				-53,
				-11
			],
			"anim": "singRIGHT",
			"fps": 24,
			"name": "Pico Note Right0",
			"indices": []
		},
		{
			"loop": false,
			"offsets": [
				-12,
				-10
			],
			"anim": "singLEFT",
			"fps": 24,
			"name": "Pico NOTE LEFT0",
			"indices": []
		},
		{
			"loop": false,
			"offsets": [
				-57,
				-7
			],
			"anim": "singRIGHTmiss",
			"fps": 24,
			"name": "Pico Note Right Miss",
			"indices": []
		},
		{
			"loop": false,
			"offsets": [
				19,
				-12
			],
			"anim": "singLEFTmiss",
			"fps": 24,
			"name": "Pico NOTE LEFT miss",
			"indices": []
		},
		{
			"offsets": [
				0,
				4
			],
			"indices": [],
			"fps": 24,
			"anim": "hey",
			"loop": false,
			"name": "botan PEACE"
		}
	],
	"no_antialiasing": false,
	"image": "characters/Botan_New_lookingUp",
	"position": [
		0,
		270
	],
	"healthicon": "button-player",
	"flip_x": true,
	"healthbar_colors": [
		215,
		215,
		215
	],
	"camera_position": [
		100,
		30
	],
	"sing_duration": 4,
	"scale": 1
}