{
	"animations": [
		{
			"offsets": [
				0,
				0
			],
			"loop": false,
			"anim": "idle",
			"fps": 24,
			"name": "Pico Idle Dance",
			"indices": []
		},
		{
			"offsets": [
				-14,
				15
			],
			"loop": false,
			"anim": "singUP",
			"fps": 24,
			"name": "pico Up note0",
			"indices": []
		},
		{
			"offsets": [
				-40,
				-48
			],
			"loop": false,
			"anim": "singDOWN",
			"fps": 24,
			"name": "Pico Down Note0",
			"indices": []
		},
		{
			"offsets": [
				-11,
				-11
			],
			"indices": [],
			"fps": 25,
			"anim": "singLEFT",
			"loop": false,
			"name": "Pico NOTE LEFT0"
		},
		{
			"offsets": [
				-59,
				-10
			],
			"indices": [],
			"fps": 24,
			"anim": "singRIGHT",
			"loop": false,
			"name": "Pico Note Right0"
		}
	],
	"no_antialiasing": false,
	"image": "characters/Botan_New_01",
	"position": [
		70,
		260
	],
	"healthicon": "button-player",
	"flip_x": false,
	"healthbar_colors": [
		227,
		227,
		223
	],
	"camera_position": [
		-440,
		30
	],
	"sing_duration": 4,
	"scale": 1
}