{
	"animations": [
		{
			"loop": false,
			"offsets": [
				71,
				71
			],
			"anim": "idle",
			"fps": 24,
			"name": "Botan Idle Dance",
			"indices": []
		},
		{
			"loop": false,
			"offsets": [
				151,
				59
			],
			"anim": "hey",
			"fps": 24,
			"name": "Botan Hey",
			"indices": []
		},
		{
			"loop": false,
			"offsets": [
				78,
				101
			],
			"anim": "singUP",
			"fps": 24,
			"name": "Botan Up Note0",
			"indices": []
		},
		{
			"loop": false,
			"offsets": [
				166,
				-42
			],
			"anim": "singDOWN",
			"fps": 24,
			"name": "Botan Down Note0",
			"indices": []
		},
		{
			"offsets": [
				151,
				61
			],
			"loop": false,
			"fps": 24,
			"anim": "singLEFTmiss",
			"indices": [],
			"name": "Botan Right Note MISS"
		},
		{
			"offsets": [
				151,
				58
			],
			"loop": false,
			"fps": 24,
			"anim": "singLEFT",
			"indices": [],
			"name": "Botan Right Note0"
		},
		{
			"offsets": [
				25,
				60
			],
			"loop": false,
			"fps": 24,
			"anim": "singRIGHT",
			"indices": [],
			"name": "Botan Left Note0"
		},
		{
			"offsets": [
				26,
				80
			],
			"loop": false,
			"fps": 24,
			"anim": "singRIGHTmiss",
			"indices": [],
			"name": "Botan Left Note MISS"
		},
		{
			"offsets": [
				74,
				95
			],
			"loop": false,
			"fps": 24,
			"anim": "singUPmiss",
			"indices": [],
			"name": "Botan Up Note MISS"
		},
		{
			"offsets": [
				161,
				-8
			],
			"loop": false,
			"fps": 24,
			"anim": "singDOWNmiss",
			"indices": [],
			"name": "Botan Down Note MISS"
		}
	],
	"no_antialiasing": false,
	"image": "characters/Botan_assets_LINES_01",
	"position": [
		110,
		300
	],
	"healthicon": "botan-lines",
	"flip_x": true,
	"healthbar_colors": [
		0,
		0,
		0
	],
	"camera_position": [
		300,
		-20
	],
	"sing_duration": 4,
	"scale": 1
}