{
	"animations": [
		{
			"loop": false,
			"offsets": [
				0,
				0
			],
			"fps": 24,
			"anim": "idle",
			"indices": [],
			"name": "Pico Idle Dance"
		},
		{
			"loop": false,
			"offsets": [
				44,
				-10
			],
			"fps": 24,
			"anim": "singLEFT",
			"indices": [],
			"name": "Pico Note Right0"
		},
		{
			"loop": false,
			"offsets": [
				-24,
				-10
			],
			"fps": 24,
			"anim": "singRIGHT",
			"indices": [],
			"name": "Pico NOTE LEFT0"
		},
		{
			"loop": false,
			"offsets": [
				11,
				17
			],
			"fps": 24,
			"anim": "singUP",
			"indices": [],
			"name": "pico Up note0"
		},
		{
			"loop": false,
			"offsets": [
				230,
				-48
			],
			"fps": 24,
			"anim": "singDOWN",
			"indices": [],
			"name": "Pico Down Note0"
		}
	],
	"no_antialiasing": false,
	"image": "characters/Botan_New_01",
	"position": [
		70,
		260
	],
	"healthicon": "button-player",
	"flip_x": true,
	"healthbar_colors": [
		227,
		227,
		223
	],
	"camera_position": [
		0,
		120
	],
	"sing_duration": 4,
	"scale": 1
}