{
	"animations": [
		{
			"offsets": [
				0,
				0
			],
			"loop": false,
			"anim": "idle",
			"fps": 24,
			"name": "Pico Idle Dance",
			"indices": []
		},
		{
			"offsets": [
				1,
				17
			],
			"loop": false,
			"anim": "singUP",
			"fps": 24,
			"name": "pico Up note0",
			"indices": []
		},
		{
			"offsets": [
				9,
				-47
			],
			"loop": false,
			"anim": "singDOWN",
			"fps": 24,
			"name": "Pico Down Note0",
			"indices": []
		},
		{
			"offsets": [
				31,
				-9
			],
			"indices": [],
			"fps": 24,
			"anim": "singLEFT",
			"loop": false,
			"name": "Pico NOTE LEFT0"
		},
		{
			"offsets": [
				-7,
				-9
			],
			"indices": [],
			"fps": 24,
			"anim": "singRIGHT",
			"loop": false,
			"name": "Pico Note Right0"
		}
	],
	"no_antialiasing": false,
	"image": "characters/Botan_EXE",
	"position": [
		970,
		300
	],
	"healthicon": "botan-exe",
	"flip_x": false,
	"healthbar_colors": [
		80,
		80,
		80
	],
	"camera_position": [
		-320,
		50
	],
	"sing_duration": 4,
	"scale": 1
}