{
	"animations": [
		{
			"offsets": [
				71,
				71
			],
			"loop": false,
			"fps": 24,
			"anim": "idle",
			"indices": [],
			"name": "Botan Idle Dance"
		},
		{
			"offsets": [
				-20,
				59
			],
			"loop": false,
			"fps": 24,
			"anim": "hey",
			"indices": [],
			"name": "Botan Hey"
		},
		{
			"offsets": [
				87,
				62
			],
			"indices": [],
			"fps": 24,
			"anim": "singLEFT",
			"loop": false,
			"name": "Botan Left Note0"
		},
		{
			"offsets": [
				-25,
				60
			],
			"indices": [],
			"fps": 24,
			"anim": "singRIGHT",
			"loop": false,
			"name": "Botan Right Note0"
		},
		{
			"offsets": [
				31,
				92
			],
			"indices": [],
			"fps": 24,
			"anim": "singUP",
			"loop": false,
			"name": "Botan Up Note0"
		},
		{
			"offsets": [
				241,
				-39
			],
			"indices": [],
			"fps": 24,
			"anim": "singDOWN",
			"loop": false,
			"name": "Botan Down Note0"
		}
	],
	"no_antialiasing": false,
	"image": "characters/Botan_assets_full01",
	"position": [
		0,
		300
	],
	"healthicon": "botan",
	"flip_x": true,
	"healthbar_colors": [
		227,
		227,
		223
	],
	"camera_position": [
		-120,
		-30
	],
	"sing_duration": 4,
	"scale": 1
}