{
	"animations": [
		{
			"loop": false,
			"offsets": [
				30,
				-8
			],
			"fps": 24,
			"anim": "singLEFT",
			"indices": [],
			"name": "Dad Sing Note LEFT"
		},
		{
			"loop": false,
			"offsets": [
				4,
				-38
			],
			"fps": 24,
			"anim": "singDOWN",
			"indices": [],
			"name": "Dad Sing Note DOWN"
		},
		{
			"loop": false,
			"offsets": [
				1,
				24
			],
			"fps": 24,
			"anim": "singUP",
			"indices": [],
			"name": "Dad Sing Note UP"
		},
		{
			"loop": false,
			"offsets": [
				-27,
				4
			],
			"fps": 24,
			"anim": "singRIGHT",
			"indices": [],
			"name": "Dad Sing Note RIGHT"
		},
		{
			"loop": false,
			"offsets": [
				0,
				0
			],
			"fps": 24,
			"anim": "idle",
			"indices": [],
			"name": "Dad idle dance"
		}
	],
	"no_antialiasing": false,
	"image": "characters/MoriCalliope_Rapper",
	"position": [
		0,
		0
	],
	"healthicon": "mori-calliope-rapper",
	"flip_x": false,
	"healthbar_colors": [
		255,
		160,
		180
	],
	"camera_position": [
		0,
		0
	],
	"sing_duration": 6.1,
	"scale": 1
}