{
	"animations": [
		{
			"offsets": [
				30,
				-8
			],
			"loop": false,
			"anim": "singLEFT",
			"fps": 24,
			"name": "Dad Sing Note LEFT",
			"indices": []
		},
		{
			"offsets": [
				4,
				-38
			],
			"loop": false,
			"anim": "singDOWN",
			"fps": 24,
			"name": "Dad Sing Note DOWN",
			"indices": []
		},
		{
			"offsets": [
				1,
				24
			],
			"loop": false,
			"anim": "singUP",
			"fps": 24,
			"name": "Dad Sing Note UP",
			"indices": []
		},
		{
			"offsets": [
				-27,
				4
			],
			"loop": false,
			"anim": "singRIGHT",
			"fps": 24,
			"name": "Dad Sing Note RIGHT",
			"indices": []
		},
		{
			"offsets": [
				0,
				0
			],
			"loop": false,
			"anim": "idle",
			"fps": 24,
			"name": "Dad idle dance",
			"indices": []
		}
	],
	"no_antialiasing": false,
	"image": "characters/CalliopeAndNeneDuet",
	"position": [
		70,
		0
	],
	"healthicon": "calli-nene-duet",
	"flip_x": false,
	"healthbar_colors": [
		255,
		201,
		181
	],
	"camera_position": [
		-70,
		0
	],
	"sing_duration": 4.50000000000001,
	"scale": 1
}