{
	"animations": [
		{
			"loop": false,
			"offsets": [
				-5,
				0
			],
			"anim": "idle",
			"fps": 24,
			"name": "BF idle dance",
			"indices": []
		},
		{
			"loop": false,
			"offsets": [
				-6,
				1
			],
			"anim": "singDOWN",
			"fps": 24,
			"name": "BF NOTE DOWN0",
			"indices": []
		},
		{
			"loop": false,
			"offsets": [
				-6,
				1
			],
			"anim": "singUP",
			"fps": 24,
			"name": "BF NOTE UP0",
			"indices": []
		},
		{
			"loop": false,
			"offsets": [
				-7,
				1
			],
			"anim": "singRIGHT",
			"fps": 24,
			"name": "BF NOTE LEFT0",
			"indices": []
		},
		{
			"loop": false,
			"offsets": [
				-8,
				1
			],
			"anim": "singLEFT",
			"fps": 24,
			"name": "BF NOTE RIGHT0",
			"indices": []
		}
	],
	"no_antialiasing": false,
	"image": "characters/carol",
	"position": [
		50,
		270
	],
	"healthicon": "carol",
	"flip_x": true,
	"healthbar_colors": [
		145,
		83,
		42
	],
	"camera_position": [
		0,
		0
	],
	"sing_duration": 4,
	"scale": 1
}