{
	"animations": [
		{
			"loop": false,
			"offsets": [
				28,
				2
			],
			"anim": "idle",
			"fps": 24,
			"name": "Idle",
			"indices": []
		},
		{
			"loop": false,
			"offsets": [
				63,
				2
			],
			"anim": "singLEFT",
			"fps": 24,
			"name": "Left",
			"indices": []
		},
		{
			"loop": false,
			"offsets": [
				-53,
				13
			],
			"anim": "singRIGHT",
			"fps": 24,
			"name": "Right",
			"indices": []
		},
		{
			"loop": false,
			"offsets": [
				-35,
				12
			],
			"anim": "singDOWN",
			"fps": 24,
			"name": "Down",
			"indices": []
		},
		{
			"loop": false,
			"offsets": [
				4,
				35
			],
			"anim": "singUP",
			"fps": 24,
			"name": "Up",
			"indices": []
		}
	],
	"no_antialiasing": false,
	"image": "characters/Ces4r01BlackSiluete",
	"position": [
		800,
		0
	],
	"healthicon": "ces4r01",
	"flip_x": false,
	"healthbar_colors": [
		0,
		102,
		102
	],
	"camera_position": [
		-350,
		300
	],
	"sing_duration": 4,
	"scale": 0.8
}