{
	"animations": [
		{
			"offsets": [
				0,
				0
			],
			"loop": false,
			"fps": 24,
			"anim": "idle",
			"indices": [],
			"name": "CHAIN IDLE"
		},
		{
			"offsets": [
				40,
				0
			],
			"loop": false,
			"fps": 24,
			"anim": "singLEFT",
			"indices": [],
			"name": "CHAIN LEFT0"
		},
		{
			"offsets": [
				-90,
				-53
			],
			"loop": false,
			"fps": 24,
			"anim": "singDOWN",
			"indices": [],
			"name": "CHAIN DOWN0"
		},
		{
			"offsets": [
				61,
				152
			],
			"loop": false,
			"fps": 24,
			"anim": "singUP",
			"indices": [],
			"name": "CHAIN UP0"
		},
		{
			"offsets": [
				-30,
				0
			],
			"loop": false,
			"fps": 24,
			"anim": "singRIGHT",
			"indices": [],
			"name": "CHAIN RIGHT0"
		},
		{
			"offsets": [
				40,
				0
			],
			"loop": false,
			"fps": 24,
			"anim": "singLEFTmiss",
			"indices": [],
			"name": "CHAIN LEFT MISS"
		},
		{
			"offsets": [
				-20,
				-53
			],
			"loop": false,
			"fps": 24,
			"anim": "singDOWNmiss",
			"indices": [],
			"name": "CHAIN DOWN MISS"
		},
		{
			"offsets": [
				62,
				217
			],
			"loop": false,
			"fps": 24,
			"anim": "singUPmiss",
			"indices": [],
			"name": "CHAIN UP MISS"
		},
		{
			"offsets": [
				-27,
				0
			],
			"loop": false,
			"fps": 24,
			"anim": "singRIGHTmiss",
			"indices": [],
			"name": "CHAIN RIGHT MISS"
		}
	],
	"no_antialiasing": false,
	"image": "characters/CHAINSAW MAN",
	"position": [
		0,
		100
	],
	"healthicon": "blank",
	"flip_x": false,
	"healthbar_colors": [
		195,
		0,
		0
	],
	"camera_position": [
		0,
		0
	],
	"sing_duration": 6.1,
	"scale": 1
}