{
	"animations": [
		{
			"loop": false,
			"offsets": [
				3,
				0
			],
			"anim": "idle",
			"fps": 24,
			"name": "Pico Idle Dance",
			"indices": []
		},
		{
			"loop": false,
			"offsets": [
				21,
				27
			],
			"anim": "singUP",
			"fps": 24,
			"name": "pico Up note0",
			"indices": []
		},
		{
			"loop": false,
			"offsets": [
				84,
				-80
			],
			"anim": "singDOWN",
			"fps": 24,
			"name": "Pico Down Note0",
			"indices": []
		},
		{
			"loop": false,
			"offsets": [
				80,
				-38
			],
			"anim": "singDOWNmiss",
			"fps": 24,
			"name": "Pico Down Note MISS",
			"indices": []
		},
		{
			"loop": false,
			"offsets": [
				28,
				67
			],
			"anim": "singUPmiss",
			"fps": 24,
			"name": "pico Up note miss",
			"indices": []
		},
		{
			"offsets": [
				-48,
				2
			],
			"loop": false,
			"fps": 24,
			"anim": "singRIGHT",
			"indices": [],
			"name": "Pico Note Right0"
		},
		{
			"offsets": [
				85,
				-10
			],
			"loop": false,
			"fps": 24,
			"anim": "singLEFT",
			"indices": [],
			"name": "Pico NOTE LEFT0"
		},
		{
			"offsets": [
				-45,
				50
			],
			"loop": false,
			"fps": 24,
			"anim": "singRIGHTmiss",
			"indices": [],
			"name": "Pico Note Right Miss"
		},
		{
			"offsets": [
				83,
				28
			],
			"loop": false,
			"fps": 24,
			"anim": "singLEFTmiss",
			"indices": [],
			"name": "Pico NOTE LEFT miss"
		}
	],
	"no_antialiasing": false,
	"image": "characters/charles",
	"position": [
		30,
		230
	],
	"healthicon": "charles",
	"flip_x": true,
	"healthbar_colors": [
		235,
		60,
		60
	],
	"camera_position": [
		220,
		0
	],
	"sing_duration": 4,
	"scale": 1
}