{
	"animations": [
		{
			"loop": false,
			"offsets": [
				0,
				0
			],
			"anim": "idle",
			"fps": 24,
			"name": "Idle",
			"indices": []
		},
		{
			"loop": false,
			"offsets": [
				8,
				-22
			],
			"anim": "singLEFT",
			"fps": 24,
			"name": "Left",
			"indices": []
		},
		{
			"loop": false,
			"offsets": [
				-13,
				0
			],
			"anim": "singRIGHT",
			"fps": 24,
			"name": "Right",
			"indices": []
		},
		{
			"loop": false,
			"offsets": [
				0,
				0
			],
			"anim": "singDOWN",
			"fps": 24,
			"name": "Down",
			"indices": []
		},
		{
			"loop": false,
			"offsets": [
				0,
				21
			],
			"anim": "singUP",
			"fps": 24,
			"name": "Up",
			"indices": []
		}
	],
	"no_antialiasing": false,
	"image": "characters/AzuriChikitaFront",
	"position": [
		40,
		-50
	],
	"healthicon": "azuri-chikita",
	"flip_x": false,
	"healthbar_colors": [
		255,
		255,
		255
	],
	"camera_position": [
		-60,
		-10
	],
	"sing_duration": 4,
	"scale": 0.8
}