{
	"animations": [
		{
			"loop": false,
			"offsets": [
				-5,
				0
			],
			"anim": "idle",
			"fps": 24,
			"name": "cj idle dance",
			"indices": []
		},
		{
			"loop": false,
			"offsets": [
				152,
				-18
			],
			"anim": "singDOWN",
			"fps": 24,
			"name": "cj Sing Note DOWN",
			"indices": []
		},
		{
			"loop": false,
			"offsets": [
				-6,
				31
			],
			"anim": "singUP",
			"fps": 24,
			"name": "cj Sing Note UP",
			"indices": []
		},
		{
			"offsets": [
				7,
				11
			],
			"indices": [],
			"fps": 24,
			"anim": "singRIGHT",
			"loop": false,
			"name": "cj Sing Note LEFT"
		},
		{
			"offsets": [
				168,
				41
			],
			"indices": [],
			"fps": 24,
			"anim": "singLEFT",
			"loop": false,
			"name": "cj Sing Note RIGHT"
		},
		{
			"offsets": [
				156,
				-15
			],
			"indices": [],
			"fps": 24,
			"anim": "singDOWNmiss",
			"loop": false,
			"name": "cj Sing Note DOWN"
		},
		{
			"offsets": [
				-10,
				30
			],
			"indices": [],
			"fps": 24,
			"anim": "singUPmiss",
			"loop": false,
			"name": "cj Sing Note UP"
		},
		{
			"offsets": [
				0,
				0
			],
			"indices": [],
			"fps": 24,
			"anim": "singRIGHTmiss",
			"loop": false,
			"name": "cj Sing Note LEFT"
		},
		{
			"offsets": [
				163,
				40
			],
			"indices": [],
			"fps": 24,
			"anim": "singLEFTmiss",
			"loop": false,
			"name": "cj Sing Note RIGHT"
		}
	],
	"no_antialiasing": false,
	"image": "characters/cj_assets",
	"position": [
		100,
		50
	],
	"healthicon": "cj",
	"flip_x": false,
	"healthbar_colors": [
		40,
		120,
		255
	],
	"camera_position": [
		-40,
		40
	],
	"sing_duration": 4,
	"scale": 1
}