{
	"animations": [
		{
			"offsets": [
				-5,
				0
			],
			"indices": [],
			"fps": 24,
			"anim": "idle",
			"loop": false,
			"name": "cj idle dance"
		},
		{
			"offsets": [
				-6,
				-1
			],
			"indices": [],
			"fps": 24,
			"anim": "singLEFT",
			"loop": false,
			"name": "cj Sing Note LEFT"
		},
		{
			"offsets": [
				-59,
				-17
			],
			"indices": [],
			"fps": 24,
			"anim": "singDOWN",
			"loop": false,
			"name": "cj Sing Note DOWN"
		},
		{
			"offsets": [
				-45,
				32
			],
			"indices": [],
			"fps": 24,
			"anim": "singUP",
			"loop": false,
			"name": "cj Sing Note UP"
		},
		{
			"offsets": [
				-44,
				41
			],
			"indices": [],
			"fps": 24,
			"anim": "singRIGHT",
			"loop": false,
			"name": "cj Sing Note RIGHT"
		},
		{
			"offsets": [
				0,
				-30
			],
			"indices": [],
			"fps": 24,
			"anim": "showtime",
			"loop": false,
			"name": "Showtime"
		},
		{
			"offsets": [
				-45,
				31
			],
			"indices": [],
			"fps": 24,
			"anim": "ha",
			"loop": false,
			"name": "cj singleha"
		},
		{
			"offsets": [
				-45,
				31
			],
			"indices": [],
			"fps": 24,
			"anim": "haha",
			"loop": false,
			"name": "cj doubleha"
		}
	],
	"no_antialiasing": false,
	"image": "characters/cj_assets",
	"position": [
		100,
		50
	],
	"healthicon": "cj",
	"flip_x": false,
	"healthbar_colors": [
		40,
		120,
		255
	],
	"camera_position": [
		-40,
		40
	],
	"sing_duration": 4,
	"scale": 1
}