{
	"animations": [
		{
			"offsets": [
				-2,
				150
			],
			"loop": false,
			"fps": 24,
			"anim": "singLEFT",
			"indices": [],
			"name": "Hex crazy left"
		},
		{
			"offsets": [
				2,
				112
			],
			"loop": false,
			"fps": 24,
			"anim": "singDOWN",
			"indices": [],
			"name": "Hex crazy down"
		},
		{
			"offsets": [
				-17,
				189
			],
			"loop": false,
			"fps": 24,
			"anim": "singUP",
			"indices": [],
			"name": "Hex crazy up"
		},
		{
			"offsets": [
				45,
				164
			],
			"loop": false,
			"fps": 24,
			"anim": "singRIGHT",
			"indices": [],
			"name": "Hex crazy right"
		},
		{
			"offsets": [
				-1,
				143
			],
			"loop": false,
			"fps": 24,
			"anim": "idle",
			"indices": [],
			"name": "Hex crazy idle"
		},
		{
			"loop": false,
			"offsets": [
				17,
				81
			],
			"anim": "SHOWTIME",
			"fps": 24,
			"name": "duet SHOWTIME",
			"indices": []
		}
	],
	"no_antialiasing": false,
	"image": "characters/cjandruby",
	"position": [
		0,
		130
	],
	"healthicon": "cjandruby",
	"flip_x": false,
	"healthbar_colors": [
		0,
		103,
		255
	],
	"camera_position": [
		0,
		0
	],
	"sing_duration": 6.1,
	"scale": 1
}