{
	"animations": [
		{
			"loop": false,
			"offsets": [
				0,
				0
			],
			"anim": "idle",
			"fps": 24,
			"name": "Mom Idle",
			"indices": []
		},
		{
			"loop": false,
			"offsets": [
				140,
				-54
			],
			"anim": "singLEFT",
			"fps": 24,
			"name": "Mom Left Pose",
			"indices": []
		},
		{
			"loop": false,
			"offsets": [
				-30,
				-70
			],
			"anim": "singRIGHT",
			"fps": 24,
			"name": "Mom Pose Left",
			"indices": []
		},
		{
			"loop": false,
			"offsets": [
				20,
				-210
			],
			"anim": "singDOWN",
			"fps": 24,
			"name": "MOM DOWN POSE",
			"indices": []
		},
		{
			"loop": false,
			"offsets": [
				37,
				40
			],
			"anim": "singUP",
			"fps": 24,
			"name": "Mom Up Pose",
			"indices": []
		},
		{
			"loop": false,
			"offsets": [
				140,
				-50
			],
			"anim": "singLEFT-alt",
			"fps": 24,
			"name": "Coco Laugh Left",
			"indices": []
		},
		{
			"loop": false,
			"offsets": [
				-38,
				-70
			],
			"anim": "singRIGHT-alt",
			"fps": 24,
			"name": "Coco Laugh Right",
			"indices": []
		},
		{
			"loop": false,
			"offsets": [
				24,
				-202
			],
			"anim": "singDOWN-alt",
			"fps": 24,
			"name": "Coco Laugh Down",
			"indices": []
		},
		{
			"loop": false,
			"offsets": [
				35,
				42
			],
			"anim": "singUP-alt",
			"fps": 24,
			"name": "Coco Laugh Up",
			"indices": []
		}
	],
	"no_antialiasing": false,
	"image": "characters/Coco_Assets",
	"position": [
		50,
		-70
	],
	"healthicon": "cocoa",
	"flip_x": false,
	"healthbar_colors": [
		255,
		125,
		142
	],
	"camera_position": [
		30,
		-30
	],
	"sing_duration": 4,
	"scale": 1
}