{
	"animations": [
		{
			"loop": false,
			"offsets": [
				0,
				0
			],
			"fps": 24,
			"anim": "idle",
			"indices": [],
			"name": "Mom Idle"
		},
		{
			"loop": false,
			"offsets": [
				67,
				-55
			],
			"fps": 24,
			"anim": "singLEFT",
			"indices": [],
			"name": "Mom Left Pose"
		},
		{
			"loop": false,
			"offsets": [
				-32,
				-70
			],
			"fps": 24,
			"anim": "singRIGHT",
			"indices": [],
			"name": "Mom Pose Left"
		},
		{
			"loop": false,
			"offsets": [
				20,
				-210
			],
			"fps": 24,
			"anim": "singDOWN",
			"indices": [],
			"name": "MOM DOWN POSE"
		},
		{
			"loop": false,
			"offsets": [
				38,
				41
			],
			"fps": 24,
			"anim": "singUP",
			"indices": [],
			"name": "Mom Up Pose"
		},
		{
			"loop": true,
			"offsets": [
				0,
				0
			],
			"anim": "idle-loop",
			"fps": 24,
			"name": "Mom Idle",
			"indices": [
				10,
				11,
				12,
				13
			]
		},
		{
			"offsets": [
				67,
				-55
			],
			"indices": [],
			"fps": 24,
			"anim": "singLEFT-alt",
			"loop": false,
			"name": "Coco Laugh Left"
		},
		{
			"offsets": [
				-33,
				-70
			],
			"indices": [],
			"fps": 24,
			"anim": "singRIGHT-alt",
			"loop": false,
			"name": "Coco Laugh Right"
		},
		{
			"offsets": [
				20,
				-210
			],
			"indices": [],
			"fps": 24,
			"anim": "singDOWN-alt",
			"loop": false,
			"name": "Coco Laugh Down"
		},
		{
			"offsets": [
				37,
				41
			],
			"indices": [],
			"fps": 24,
			"anim": "singUP-alt",
			"loop": false,
			"name": "Coco Laugh Up"
		}
	],
	"no_antialiasing": false,
	"image": "characters/cocoCar",
	"position": [
		-70,
		0
	],
	"healthicon": "cocoa",
	"flip_x": false,
	"healthbar_colors": [
		230,
		122,
		52
	],
	"camera_position": [
		0,
		20
	],
	"sing_duration": 4,
	"scale": 1
}