{
	"animations": [
		{
			"offsets": [
				0,
				0
			],
			"loop": false,
			"fps": 24,
			"anim": "idle",
			"indices": [],
			"name": "Mom Idle"
		},
		{
			"offsets": [
				140,
				-54
			],
			"loop": false,
			"fps": 24,
			"anim": "singLEFT",
			"indices": [],
			"name": "Mom Left Pose"
		},
		{
			"offsets": [
				-30,
				-69
			],
			"loop": false,
			"fps": 24,
			"anim": "singRIGHT",
			"indices": [],
			"name": "Mom Pose Left"
		},
		{
			"offsets": [
				20,
				-210
			],
			"loop": false,
			"fps": 24,
			"anim": "singDOWN",
			"indices": [],
			"name": "MOM DOWN POSE"
		},
		{
			"offsets": [
				6,
				38
			],
			"loop": false,
			"fps": 24,
			"anim": "singUP",
			"indices": [],
			"name": "Mom Up Pose"
		}
	],
	"no_antialiasing": false,
	"image": "characters/KiryuCoco_EXE",
	"position": [
		50,
		-70
	],
	"healthicon": "coco-exe",
	"flip_x": false,
	"healthbar_colors": [
		80,
		80,
		80
	],
	"camera_position": [
		0,
		100
	],
	"sing_duration": 4,
	"scale": 1
}