{
	"animations": [
		{
			"loop": false,
			"offsets": [
				0,
				0
			],
			"anim": "idle",
			"fps": 24,
			"name": "Mom Idle",
			"indices": []
		},
		{
			"loop": false,
			"offsets": [
				70,
				-210
			],
			"anim": "singDOWN",
			"fps": 24,
			"name": "MOM DOWN POSE",
			"indices": []
		},
		{
			"loop": false,
			"offsets": [
				-63,
				40
			],
			"anim": "singUP",
			"fps": 24,
			"name": "Mom Up Pose",
			"indices": []
		},
		{
			"loop": false,
			"offsets": [
				71,
				-206
			],
			"anim": "singDOWN-alt",
			"fps": 24,
			"name": "Coco Laugh Down",
			"indices": []
		},
		{
			"loop": false,
			"offsets": [
				-64,
				40
			],
			"anim": "singUP-alt",
			"fps": 24,
			"name": "Coco Laugh Up",
			"indices": []
		},
		{
			"offsets": [
				140,
				-70
			],
			"loop": false,
			"fps": 24,
			"anim": "singLEFT-alt",
			"indices": [],
			"name": "Coco Laugh Right"
		},
		{
			"offsets": [
				27,
				-48
			],
			"loop": false,
			"fps": 24,
			"anim": "singRIGHT-alt",
			"indices": [],
			"name": "Coco Laugh Left"
		},
		{
			"offsets": [
				140,
				-69
			],
			"loop": false,
			"fps": 24,
			"anim": "singLEFT",
			"indices": [],
			"name": "Mom Pose Left"
		},
		{
			"offsets": [
				26,
				-48
			],
			"loop": false,
			"fps": 24,
			"anim": "singRIGHT",
			"indices": [],
			"name": "Mom Left Pose"
		},
		{
			"offsets": [
				70,
				-205
			],
			"loop": false,
			"fps": 24,
			"anim": "singDOWNmiss",
			"indices": [],
			"name": "MOM DOWN POSE"
		},
		{
			"offsets": [
				-62,
				39
			],
			"loop": false,
			"fps": 24,
			"anim": "singUPmiss",
			"indices": [],
			"name": "Mom Up Pose"
		},
		{
			"offsets": [
				140,
				-70
			],
			"loop": false,
			"fps": 24,
			"anim": "singLEFTmiss",
			"indices": [],
			"name": "Mom Pose Left"
		},
		{
			"offsets": [
				27,
				-46
			],
			"loop": false,
			"fps": 24,
			"anim": "singRIGHTmiss",
			"indices": [],
			"name": "Mom Left Pose"
		}
	],
	"no_antialiasing": false,
	"image": "characters/Coco_Assets",
	"position": [
		50,
		-70
	],
	"healthicon": "cocoa",
	"flip_x": false,
	"healthbar_colors": [
		230,
		122,
		52
	],
	"camera_position": [
		50,
		100
	],
	"sing_duration": 4,
	"scale": 1
}