{
	"animations": [
		{
			"loop": false,
			"offsets": [
				30,
				-1
			],
			"fps": 24,
			"anim": "singLEFT",
			"indices": [],
			"name": "Left"
		},
		{
			"loop": false,
			"offsets": [
				-72,
				-110
			],
			"fps": 24,
			"anim": "singDOWN",
			"indices": [],
			"name": "Down"
		},
		{
			"loop": false,
			"offsets": [
				23,
				31
			],
			"fps": 24,
			"anim": "singUP",
			"indices": [],
			"name": "Up"
		},
		{
			"loop": false,
			"offsets": [
				-115,
				-61
			],
			"fps": 24,
			"anim": "singRIGHT",
			"indices": [],
			"name": "Right"
		},
		{
			"loop": false,
			"offsets": [
				-10,
				-12
			],
			"fps": 24,
			"anim": "idle",
			"indices": [],
			"name": "Idle"
		}
	],
	"no_antialiasing": false,
	"image": "characters/curse_nervous",
	"position": [
		30,
		-30
	],
	"healthicon": "curse-happy",
	"flip_x": false,
	"healthbar_colors": [
		52,
		59,
		113
	],
	"camera_position": [
		70,
		70
	],
	"sing_duration": 6.1,
	"scale": 0.8
}