{
	"animations": [
		{
			"loop": false,
			"offsets": [
				55,
				-31
			],
			"fps": 24,
			"anim": "singDOWN",
			"indices": [],
			"name": "Dad Sing Note DOWN"
		},
		{
			"loop": false,
			"offsets": [
				-6,
				50
			],
			"fps": 24,
			"anim": "singUP",
			"indices": [],
			"name": "Dad Sing Note UP"
		},
		{
			"loop": false,
			"offsets": [
				0,
				0
			],
			"fps": 24,
			"anim": "idle",
			"indices": [],
			"name": "Dad idle dance"
		},
		{
			"offsets": [
				-29,
				11
			],
			"indices": [],
			"fps": 24,
			"anim": "singRIGHT",
			"loop": false,
			"name": "Dad Sing Note LEFT"
		},
		{
			"offsets": [
				53,
				27
			],
			"indices": [],
			"fps": 24,
			"anim": "singLEFT",
			"loop": false,
			"name": "Dad Sing Note RIGHT"
		}
	],
	"no_antialiasing": false,
	"image": "characters/DADDY_DEAREST",
	"position": [
		0,
		0
	],
	"healthicon": "dad",
	"flip_x": false,
	"healthbar_colors": [
		175,
		102,
		206
	],
	"camera_position": [
		0,
		0
	],
	"sing_duration": 6.1,
	"scale": 1
}