{
	"animations": [
		{
			"loop": false,
			"offsets": [
				0,
				0
			],
			"anim": "singLEFT",
			"fps": 24,
			"name": "DENJI LEFT0",
			"indices": []
		},
		{
			"loop": false,
			"offsets": [
				0,
				0
			],
			"anim": "singDOWN",
			"fps": 24,
			"name": "DENJI DOWN0",
			"indices": []
		},
		{
			"loop": false,
			"offsets": [
				0,
				0
			],
			"anim": "singUP",
			"fps": 24,
			"name": "DENJI UP0",
			"indices": []
		},
		{
			"loop": false,
			"offsets": [
				0,
				0
			],
			"anim": "singRIGHT",
			"fps": 24,
			"name": "DENJI RIGHT0",
			"indices": []
		},
		{
			"loop": false,
			"offsets": [
				0,
				0
			],
			"anim": "idle",
			"fps": 24,
			"name": "DENJI IDLE",
			"indices": []
		},
		{
			"loop": false,
			"offsets": [
				13,
				0
			],
			"anim": "singLEFTmiss",
			"fps": 24,
			"name": "DENJI LEFT MISS",
			"indices": []
		},
		{
			"loop": false,
			"offsets": [
				0,
				0
			],
			"anim": "singDOWNmiss",
			"fps": 24,
			"name": "DENJI DOWN MISS",
			"indices": []
		},
		{
			"loop": false,
			"offsets": [
				0,
				6
			],
			"anim": "singUPmiss",
			"fps": 24,
			"name": "DENJI UP MISS",
			"indices": []
		},
		{
			"loop": false,
			"offsets": [
				0,
				0
			],
			"anim": "singRIGHTmiss",
			"fps": 24,
			"name": "DENJI RIGHT MISS",
			"indices": []
		},
		{
			"loop": false,
			"offsets": [
				0,
				0
			],
			"anim": "glance",
			"fps": 24,
			"name": "DENJI GLANCE",
			"indices": []
		}
	],
	"no_antialiasing": false,
	"image": "characters/DENJI",
	"position": [
		0,
		100
	],
	"healthicon": "denji",
	"flip_x": true,
	"healthbar_colors": [
		255,
		232,
		139
	],
	"camera_position": [
		0,
		0
	],
	"sing_duration": 6.1,
	"scale": 1
}