{
	"animations": [
		{
			"loop": false,
			"offsets": [
				250,
				-5
			],
			"anim": "idle",
			"fps": 12,
			"name": "DEAD",
			"indices": []
		},
		{
			"loop": false,
			"offsets": [
				250,
				-5
			],
			"anim": "dielol",
			"fps": 12,
			"name": "Shoot himself",
			"indices": []
		}
	],
	"no_antialiasing": false,
	"image": "characters/Hes_fucking_dead",
	"position": [
		60,
		-140
	],
	"healthicon": "darkward",
	"flip_x": false,
	"healthbar_colors": [
		161,
		161,
		161
	],
	"camera_position": [
		-400,
		0
	],
	"sing_duration": 6.1,
	"scale": 1.2
}