{
	"animations": [
		{
			"offsets": [
				-5,
				-42
			],
			"loop": false,
			"fps": 12,
			"anim": "singLEFT",
			"indices": [],
			"name": "left"
		},
		{
			"offsets": [
				-37,
				-195
			],
			"loop": false,
			"fps": 12,
			"anim": "singDOWN",
			"indices": [],
			"name": "Down"
		},
		{
			"offsets": [
				274,
				70
			],
			"loop": false,
			"fps": 12,
			"anim": "singUP",
			"indices": [],
			"name": "Up"
		},
		{
			"offsets": [
				-78,
				-44
			],
			"loop": false,
			"fps": 12,
			"anim": "singRIGHT",
			"indices": [],
			"name": "Right"
		},
		{
			"loop": true,
			"offsets": [
				250,
				-5
			],
			"anim": "idle",
			"fps": 12,
			"name": "Idle",
			"indices": []
		}
	],
	"no_antialiasing": false,
	"image": "characters/DOOMSDAY_SQUIDWARD",
	"position": [
		0,
		0
	],
	"healthicon": "darkward",
	"flip_x": false,
	"healthbar_colors": [
		161,
		161,
		161
	],
	"camera_position": [
		-200,
		40
	],
	"sing_duration": 6.1,
	"scale": 1.2
}