{
	"animations": [
		{
			"offsets": [
				250,
				-5
			],
			"loop": false,
			"fps": 12,
			"anim": "idle",
			"indices": [],
			"name": "SCREAM"
		},
		{
			"offsets": [
				274,
				70
			],
			"loop": false,
			"fps": 12,
			"anim": "singUP",
			"indices": [],
			"name": "SCREAM"
		}
	],
	"no_antialiasing": false,
	"image": "characters/Scream",
	"position": [
		0,
		0
	],
	"healthicon": "darkward",
	"flip_x": false,
	"healthbar_colors": [
		161,
		161,
		161
	],
	"camera_position": [
		-210,
		560
	],
	"sing_duration": 6.1,
	"scale": 1.2
}