{
	"animations": [
		{
			"loop": false,
			"offsets": [
				0,
				0
			],
			"fps": 24,
			"anim": "idle",
			"indices": [],
			"name": "Pico Idle Dance"
		},
		{
			"loop": false,
			"offsets": [
				-44,
				0
			],
			"fps": 24,
			"anim": "singLEFT",
			"indices": [],
			"name": "Pico Note Right0"
		},
		{
			"loop": false,
			"offsets": [
				76,
				-10
			],
			"fps": 24,
			"anim": "singRIGHT",
			"indices": [],
			"name": "Pico NOTE LEFT0"
		},
		{
			"loop": false,
			"offsets": [
				61,
				20
			],
			"fps": 24,
			"anim": "singRIGHTmiss",
			"indices": [],
			"name": "Pico NOTE LEFT miss"
		},
		{
			"loop": false,
			"offsets": [
				-38,
				41
			],
			"fps": 24,
			"anim": "singLEFTmiss",
			"indices": [],
			"name": "Pico Note Right Miss"
		},
		{
			"loop": false,
			"offsets": [
				10,
				27
			],
			"fps": 24,
			"anim": "singUP",
			"indices": [],
			"name": "pico Up note0"
		},
		{
			"loop": false,
			"offsets": [
				103,
				-78
			],
			"fps": 24,
			"anim": "singDOWN",
			"indices": [],
			"name": "Pico Down Note0"
		},
		{
			"loop": false,
			"offsets": [
				88,
				-43
			],
			"fps": 24,
			"anim": "singDOWNmiss",
			"indices": [],
			"name": "Pico Down Note MISS"
		},
		{
			"loop": false,
			"offsets": [
				21,
				49
			],
			"fps": 24,
			"anim": "singUPmiss",
			"indices": [],
			"name": "pico Up note miss"
		}
	],
	"no_antialiasing": false,
	"image": "characters/Duxo_corrupted",
	"position": [
		0,
		300
	],
	"healthicon": "corruptedduxo",
	"flip_x": false,
	"healthbar_colors": [
		40,
		0,
		45
	],
	"camera_position": [
		0,
		0
	],
	"sing_duration": 4,
	"scale": 1
}