{
	"animations": [
		{
			"loop": false,
			"offsets": [
				7,
				4
			],
			"anim": "firstDeath",
			"fps": 24,
			"name": "Duxo DIES",
			"indices": []
		},
		{
			"loop": false,
			"offsets": [
				-5,
				0
			],
			"anim": "idle",
			"fps": 24,
			"name": "Duxo IDL dance",
			"indices": []
		},
		{
			"loop": false,
			"offsets": [
				5,
				-6
			],
			"anim": "singLEFT",
			"fps": 24,
			"name": "Duxo LEFT0",
			"indices": []
		},
		{
			"loop": false,
			"offsets": [
				-13,
				-45
			],
			"anim": "singDOWN",
			"fps": 24,
			"name": "Duxo DOWN0",
			"indices": []
		},
		{
			"loop": false,
			"offsets": [
				-29,
				27
			],
			"anim": "singUP",
			"fps": 24,
			"name": "Duxo UP0",
			"indices": []
		},
		{
			"loop": false,
			"offsets": [
				-35,
				-6
			],
			"anim": "singRIGHT",
			"fps": 24,
			"name": "Duxo RIGHT0",
			"indices": []
		},
		{
			"loop": false,
			"offsets": [
				6,
				5
			],
			"anim": "singLEFTmiss",
			"fps": 24,
			"name": "Duxo LEFT MISS",
			"indices": []
		},
		{
			"loop": false,
			"offsets": [
				-15,
				-19
			],
			"anim": "singDOWNmiss",
			"fps": 24,
			"name": "Duxo DOWN MISS",
			"indices": []
		},
		{
			"loop": false,
			"offsets": [
				-29,
				39
			],
			"anim": "singUPmiss",
			"fps": 24,
			"name": "Duxo UP MISS",
			"indices": []
		},
		{
			"loop": false,
			"offsets": [
				-28,
				25
			],
			"anim": "singRIGHTmiss",
			"fps": 24,
			"name": "Duxo RIGHT MISS",
			"indices": []
		},
		{
			"loop": true,
			"offsets": [
				7,
				-2
			],
			"anim": "deathLoop",
			"fps": 24,
			"name": "Duxo dead loop",
			"indices": []
		},
		{
			"loop": false,
			"offsets": [
				7,
				22
			],
			"anim": "deathConfirm",
			"fps": 24,
			"name": "Duxo dead comfirm",
			"indices": []
		}
	],
	"no_antialiasing": false,
	"image": "characters/duxo_assets",
	"position": [
		0,
		310
	],
	"healthicon": "duxo",
	"flip_x": true,
	"healthbar_colors": [
		111,
		97,
		129
	],
	"camera_position": [
		0,
		0
	],
	"sing_duration": 4,
	"scale": 1
}