{
	"animations": [
		{
			"loop": false,
			"offsets": [
				0,
				0
			],
			"anim": "idle",
			"fps": 24,
			"name": "Idle",
			"indices": []
		},
		{
			"loop": false,
			"offsets": [
				0,
				0
			],
			"anim": "singLEFT",
			"fps": 24,
			"name": "Left",
			"indices": []
		},
		{
			"loop": false,
			"offsets": [
				0,
				0
			],
			"anim": "singRIGHT",
			"fps": 24,
			"name": "Right",
			"indices": []
		},
		{
			"loop": false,
			"offsets": [
				0,
				0
			],
			"anim": "singDOWN",
			"fps": 24,
			"name": "Down",
			"indices": []
		},
		{
			"loop": false,
			"offsets": [
				0,
				0
			],
			"anim": "singUP",
			"fps": 24,
			"name": "Up",
			"indices": []
		},
		{
			"loop": false,
			"offsets": [
				0,
				0
			],
			"anim": "turututu",
			"fps": 24,
			"name": "Dodge",
			"indices": []
		}
	],
	"no_antialiasing": false,
	"image": "characters/Elizabeth D",
	"position": [
		-80,
		-90
	],
	"healthicon": "elizabeth",
	"flip_x": false,
	"healthbar_colors": [
		82,
		124,
		250
	],
	"camera_position": [
		-80,
		0
	],
	"sing_duration": 4,
	"scale": 1.07
}