{
	"animations": [
		{
			"offsets": [
				0,
				0
			],
			"loop": false,
			"anim": "danceLeft",
			"fps": 24,
			"name": "Idle",
			"indices": [
				30,
				0,
				1,
				2,
				3,
				4,
				5,
				6,
				7,
				8,
				9,
				10,
				11,
				12,
				13,
				14
			]
		},
		{
			"offsets": [
				0,
				0
			],
			"loop": false,
			"anim": "danceRight",
			"fps": 24,
			"name": "Idle",
			"indices": [
				15,
				16,
				17,
				18,
				19,
				20,
				21,
				22,
				23,
				24,
				25,
				26,
				27,
				28,
				29
			]
		},
		{
			"offsets": [
				0,
				0
			],
			"loop": false,
			"fps": 24,
			"anim": "singLEFT",
			"indices": [],
			"name": "Left"
		},
		{
			"offsets": [
				0,
				0
			],
			"loop": false,
			"fps": 24,
			"anim": "singRIGHT",
			"indices": [],
			"name": "Right"
		},
		{
			"offsets": [
				0,
				0
			],
			"loop": false,
			"fps": 24,
			"anim": "singDOWN",
			"indices": [],
			"name": "Down"
		},
		{
			"offsets": [
				0,
				0
			],
			"loop": false,
			"fps": 24,
			"anim": "singUP",
			"indices": [],
			"name": "Up"
		},
		{
			"offsets": [
				0,
				0
			],
			"loop": false,
			"anim": "danceLeft-alt",
			"fps": 24,
			"name": "Inactivo",
			"indices": [
				30,
				0,
				1,
				2,
				3,
				4,
				5,
				6,
				7,
				8,
				9,
				10,
				11,
				12,
				13,
				14
			]
		},
		{
			"offsets": [
				0,
				0
			],
			"loop": false,
			"anim": "danceRight-alt",
			"fps": 24,
			"name": "Inactivo",
			"indices": [
				15,
				16,
				17,
				18,
				19,
				20,
				21,
				22,
				23,
				24,
				25,
				26,
				27,
				28,
				29
			]
		},
		{
			"loop": false,
			"offsets": [
				137,
				112
			],
			"fps": 24,
			"anim": "singRIGHT-alt",
			"indices": [],
			"name": "Derecha"
		},
		{
			"loop": false,
			"offsets": [
				137,
				112
			],
			"fps": 24,
			"anim": "singDOWN-alt",
			"indices": [],
			"name": "Abajo"
		},
		{
			"loop": false,
			"offsets": [
				137,
				112
			],
			"fps": 24,
			"anim": "singLEFT-alt",
			"indices": [],
			"name": "Izquierda"
		},
		{
			"loop": false,
			"offsets": [
				137,
				112
			],
			"fps": 24,
			"anim": "singUP-alt",
			"indices": [],
			"name": "Arriba"
		},
		{
			"loop": false,
			"offsets": [
				45,
				102
			],
			"fps": 24,
			"anim": "micflipchallengue",
			"indices": [],
			"name": "Mic"
		}
	],
	"no_antialiasing": false,
	"image": "characters/Elizabeth",
	"position": [
		200,
		-30
	],
	"healthicon": "elizabeth",
	"flip_x": false,
	"healthbar_colors": [
		82,
		124,
		250
	],
	"camera_position": [
		-260,
		-100
	],
	"sing_duration": 4,
	"scale": 1
}