{
	"animations": [
		{
			"offsets": [
				0,
				0
			],
			"loop": false,
			"fps": 24,
			"anim": "idle",
			"indices": [],
			"name": "Monika Returns Idle"
		},
		{
			"offsets": [
				-88,
				15
			],
			"loop": false,
			"fps": 24,
			"anim": "singUP",
			"indices": [],
			"name": "Monika Returns Up"
		},
		{
			"offsets": [
				-29,
				-53
			],
			"loop": false,
			"fps": 24,
			"anim": "singDOWN",
			"indices": [],
			"name": "Monika Returns Down"
		},
		{
			"offsets": [
				-32,
				-10
			],
			"indices": [],
			"fps": 24,
			"anim": "singRIGHT",
			"loop": false,
			"name": "Monika Returns Right"
		},
		{
			"offsets": [
				-58,
				39
			],
			"indices": [],
			"fps": 24,
			"anim": "singLEFT",
			"loop": false,
			"name": "Monika Returns Left"
		}
	],
	"no_antialiasing": false,
	"image": "characters/erikaNonPixel_assets",
	"position": [
		70,
		-10
	],
	"healthicon": "erika",
	"flip_x": false,
	"healthbar_colors": [
		178,
		255,
		209
	],
	"camera_position": [
		80,
		50
	],
	"sing_duration": 4.00000000000001,
	"scale": 0.9
}