{
	"animations": [
		{
			"loop": false,
			"offsets": [
				0,
				0
			],
			"anim": "idle",
			"fps": 24,
			"name": "Monika Returns Idle",
			"indices": []
		},
		{
			"loop": false,
			"offsets": [
				9,
				14
			],
			"anim": "singUP",
			"fps": 24,
			"name": "Monika Returns Up",
			"indices": []
		},
		{
			"loop": false,
			"offsets": [
				-35,
				-52
			],
			"anim": "singDOWN",
			"fps": 24,
			"name": "Monika Returns Down",
			"indices": []
		},
		{
			"loop": false,
			"offsets": [
				-15,
				39
			],
			"anim": "singRIGHT",
			"fps": 24,
			"name": "Monika Returns Left",
			"indices": []
		},
		{
			"loop": false,
			"offsets": [
				46,
				-10
			],
			"anim": "singLEFT",
			"fps": 24,
			"name": "Monika Returns Right",
			"indices": []
		}
	],
	"no_antialiasing": false,
	"image": "characters/erikaNonPixel_assets",
	"position": [
		0,
		0
	],
	"healthicon": "erika",
	"flip_x": false,
	"healthbar_colors": [
		178,
		255,
		209
	],
	"camera_position": [
		80,
		50
	],
	"sing_duration": 6,
	"scale": 0.9
}