{
	"animations": [
		{
			"offsets": [
				0,
				0
			],
			"loop": false,
			"fps": 24,
			"anim": "idle",
			"indices": [],
			"name": "Mom Idle"
		},
		{
			"offsets": [
				244,
				-24
			],
			"loop": false,
			"fps": 24,
			"anim": "singLEFT",
			"indices": [],
			"name": "Mom Left Pose"
		},
		{
			"offsets": [
				6,
				-59
			],
			"loop": false,
			"fps": 24,
			"anim": "singRIGHT",
			"indices": [],
			"name": "Mom Pose Left"
		},
		{
			"offsets": [
				-6,
				-62
			],
			"loop": false,
			"fps": 24,
			"anim": "singDOWN",
			"indices": [],
			"name": "MOM DOWN POSE"
		},
		{
			"offsets": [
				15,
				67
			],
			"loop": false,
			"fps": 24,
			"anim": "singUP",
			"indices": [],
			"name": "Mom Up Pose"
		}
	],
	"no_antialiasing": false,
	"image": "characters/Fl-chan_assets",
	"position": [
		70,
		180
	],
	"healthicon": "fl-chan",
	"flip_x": false,
	"healthbar_colors": [
		175,
		255,
		142
	],
	"camera_position": [
		50,
		20
	],
	"sing_duration": 4,
	"scale": 1
}