{
	"animations": [
		{
			"loop": false,
			"offsets": [
				35,
				22
			],
			"anim": "singLEFT",
			"fps": 24,
			"name": "Fleet left",
			"indices": []
		},
		{
			"loop": false,
			"offsets": [
				35,
				22
			],
			"anim": "idle",
			"fps": 1,
			"name": "Fleet left",
			"indices": []
		},
		{
			"loop": false,
			"offsets": [
				0,
				0
			],
			"anim": "singDOWN",
			"fps": 24,
			"name": "Fleet down",
			"indices": []
		},
		{
			"loop": false,
			"offsets": [
				-22,
				-31
			],
			"anim": "singUP",
			"fps": 24,
			"name": "Fleet up",
			"indices": []
		},
		{
			"loop": false,
			"offsets": [
				-20,
				14
			],
			"anim": "singRIGHT",
			"fps": 24,
			"name": "Fleet right",
			"indices": []
		},
		{
			"loop": false,
			"offsets": [
				-19,
				10
			],
			"anim": "singRIGHTmiss",
			"fps": 24,
			"name": "MISS Fleet right",
			"indices": []
		},
		{
			"loop": false,
			"offsets": [
				47,
				20
			],
			"anim": "singLEFTmiss",
			"fps": 24,
			"name": "MISS Fleet left",
			"indices": []
		},
		{
			"loop": false,
			"offsets": [
				-14,
				3
			],
			"anim": "singUPmiss",
			"fps": 24,
			"name": "MISS Fleet up",
			"indices": []
		},
		{
			"loop": false,
			"offsets": [
				10,
				-10
			],
			"anim": "singDOWNmiss",
			"fps": 24,
			"name": "MISS Fleet down",
			"indices": []
		}
	],
	"no_antialiasing": false,
	"image": "characters/fleetway",
	"position": [
		0,
		0
	],
	"healthicon": "fleetway icons",
	"flip_x": true,
	"healthbar_colors": [
		255,
		170,
		48
	],
	"camera_position": [
		0,
		0
	],
	"sing_duration": 6.1,
	"scale": 1
}