{
	"animations": [
		{
			"loop": false,
			"offsets": [
				1,
				3
			],
			"anim": "singDOWN",
			"fps": 24,
			"name": "BF NOTE DOWN0",
			"indices": []
		},
		{
			"loop": false,
			"offsets": [
				0,
				4
			],
			"anim": "singUP",
			"fps": 24,
			"name": "BF NOTE UP0",
			"indices": []
		},
		{
			"loop": false,
			"offsets": [
				0,
				0
			],
			"anim": "singRIGHT",
			"fps": 24,
			"name": "BF NOTE RIGHT0",
			"indices": []
		},
		{
			"loop": false,
			"offsets": [
				0,
				0
			],
			"anim": "singLEFT",
			"fps": 24,
			"name": "BF NOTE LEFT0",
			"indices": []
		},
		{
			"loop": false,
			"offsets": [
				0,
				0
			],
			"anim": "idle",
			"fps": 24,
			"name": "BF idle dance",
			"indices": []
		},
		{
			"loop": false,
			"offsets": [
				0,
				3
			],
			"anim": "singDOWNmiss",
			"fps": 24,
			"name": "BF NOTE DOWN MISS",
			"indices": []
		},
		{
			"loop": false,
			"offsets": [
				0,
				4
			],
			"anim": "singUPmiss",
			"fps": 24,
			"name": "BF NOTE UP MISS",
			"indices": []
		},
		{
			"loop": false,
			"offsets": [
				0,
				0
			],
			"anim": "singLEFTmiss",
			"fps": 24,
			"name": "BF NOTE LEFT MISS",
			"indices": []
		},
		{
			"loop": false,
			"offsets": [
				0,
				1
			],
			"anim": "singRIGHTmiss",
			"fps": 24,
			"name": "BF NOTE RIGHT MISS",
			"indices": []
		},
		{
			"offsets": [
				0,
				0
			],
			"loop": false,
			"fps": 24,
			"anim": "hey",
			"indices": [],
			"name": "BF HEY"
		},
		{
			"offsets": [
				0,
				0
			],
			"loop": false,
			"fps": 24,
			"anim": "cheer",
			"indices": [],
			"name": "BF HEY"
		},
		{
			"offsets": [
				7,
				9
			],
			"indices": [],
			"fps": 24,
			"anim": "firstDeath",
			"loop": false,
			"name": "BF dies"
		},
		{
			"offsets": [
				0,
				0
			],
			"indices": [],
			"fps": 24,
			"anim": "deathLoop",
			"loop": false,
			"name": "BF Dead Loop"
		},
		{
			"offsets": [
				0,
				1
			],
			"indices": [],
			"fps": 24,
			"anim": "deathConfirm",
			"loop": false,
			"name": "BF Dead confirm"
		}
	],
	"no_antialiasing": false,
	"image": "characters/Foob",
	"position": [
		-30,
		290
	],
	"healthicon": "foob",
	"flip_x": true,
	"healthbar_colors": [
		55,
		192,
		253
	],
	"camera_position": [
		50,
		30
	],
	"sing_duration": 4,
	"scale": 1
}