{
	"animations": [
		{
			"offsets": [
				-3,
				-1
			],
			"loop": false,
			"anim": "idle",
			"fps": 24,
			"name": "BF idle dance",
			"indices": []
		},
		{
			"offsets": [
				1,
				3
			],
			"loop": false,
			"anim": "singLEFT",
			"fps": 24,
			"name": "BF NOTE LEFT0",
			"indices": []
		},
		{
			"offsets": [
				10,
				9
			],
			"loop": false,
			"anim": "singDOWN",
			"fps": 24,
			"name": "BF NOTE DOWN0",
			"indices": []
		},
		{
			"offsets": [
				-7,
				8
			],
			"loop": false,
			"anim": "singUP",
			"fps": 24,
			"name": "BF NOTE UP0",
			"indices": []
		},
		{
			"offsets": [
				0,
				-1
			],
			"loop": false,
			"anim": "singRIGHT",
			"fps": 24,
			"name": "BF NOTE RIGHT0",
			"indices": []
		},
		{
			"offsets": [
				0,
				3
			],
			"loop": false,
			"anim": "singLEFTmiss",
			"fps": 24,
			"name": "BF NOTE LEFT MISS",
			"indices": []
		},
		{
			"offsets": [
				10,
				10
			],
			"loop": false,
			"anim": "singDOWNmiss",
			"fps": 24,
			"name": "BF NOTE DOWN MISS",
			"indices": []
		},
		{
			"offsets": [
				-6,
				9
			],
			"loop": false,
			"anim": "singUPmiss",
			"fps": 24,
			"name": "BF NOTE UP MISS",
			"indices": []
		},
		{
			"offsets": [
				0,
				-1
			],
			"loop": false,
			"anim": "singRIGHTmiss",
			"fps": 24,
			"name": "BF NOTE RIGHT MISS",
			"indices": []
		},
		{
			"offsets": [
				-3,
				-1
			],
			"loop": false,
			"anim": "hey",
			"fps": 24,
			"name": "BF HEY",
			"indices": []
		}
	],
	"no_antialiasing": false,
	"image": "characters/FoobChristmas",
	"position": [
		130,
		280
	],
	"healthicon": "foob-krima",
	"flip_x": true,
	"healthbar_colors": [
		235,
		0,
		60
	],
	"camera_position": [
		70,
		10
	],
	"sing_duration": 4,
	"scale": 1
}