{
	"animations": [
		{
			"loop": false,
			"offsets": [
				0,
				0
			],
			"anim": "idle",
			"fps": 24,
			"name": "Idle",
			"indices": []
		},
		{
			"loop": false,
			"offsets": [
				23,
				3
			],
			"anim": "singLEFT",
			"fps": 24,
			"name": "Left",
			"indices": []
		},
		{
			"loop": false,
			"offsets": [
				0,
				-2
			],
			"anim": "singRIGHT",
			"fps": 24,
			"name": "Right",
			"indices": []
		},
		{
			"loop": false,
			"offsets": [
				0,
				-14
			],
			"anim": "singDOWN",
			"fps": 24,
			"name": "Down",
			"indices": []
		},
		{
			"loop": false,
			"offsets": [
				0,
				27
			],
			"anim": "singUP",
			"fps": 24,
			"name": "Up",
			"indices": []
		}
	],
	"no_antialiasing": false,
	"image": "characters/FukuiBubble",
	"position": [
		-370,
		100
	],
	"healthicon": "fukui",
	"flip_x": true,
	"healthbar_colors": [
		255,
		235,
		235
	],
	"camera_position": [
		470,
		-150
	],
	"sing_duration": 4,
	"scale": 1
}