{
	"animations": [
		{
			"loop": false,
			"offsets": [
				37,
				11
			],
			"anim": "firstDeath",
			"fps": 24,
			"name": "BF dies",
			"indices": []
		},
		{
			"loop": true,
			"offsets": [
				37,
				5
			],
			"anim": "deathLoop",
			"fps": 24,
			"name": "BF Dead Loop",
			"indices": []
		},
		{
			"loop": false,
			"offsets": [
				37,
				69
			],
			"anim": "deathConfirm",
			"fps": 24,
			"name": "BF Dead confirm",
			"indices": []
		}
	],
	"no_antialiasing": false,
	"image": "characters/gameover_bf_floorMIC",
	"position": [
		0,
		350
	],
	"healthicon": "bf",
	"flip_x": true,
	"healthbar_colors": [
		49,
		176,
		209
	],
	"camera_position": [
		0,
		0
	],
	"sing_duration": 4,
	"scale": 1
}