{
	"animations": [
		{
			"loop": false,
			"offsets": [
				0,
				-25
			],
			"fps": 24,
			"anim": "singLEFT",
			"indices": [],
			"name": "GF left note"
		},
		{
			"loop": false,
			"offsets": [
				0,
				-19
			],
			"fps": 24,
			"anim": "singDOWN",
			"indices": [],
			"name": "GF Down Note"
		},
		{
			"loop": false,
			"offsets": [
				0,
				6
			],
			"fps": 24,
			"anim": "singUP",
			"indices": [],
			"name": "GF Up Note"
		},
		{
			"loop": false,
			"offsets": [
				0,
				-12
			],
			"fps": 24,
			"anim": "singRIGHT",
			"indices": [],
			"name": "GF Right Note"
		},
		{
			"loop": false,
			"offsets": [
				-2,
				-24
			],
			"fps": 24,
			"anim": "sad",
			"indices": [
				0,
				1,
				2,
				3,
				4,
				5,
				6,
				7,
				8,
				9,
				10,
				11,
				12
			],
			"name": "gf sad"
		},
		{
			"loop": false,
			"offsets": [
				0,
				-9
			],
			"fps": 24,
			"anim": "danceLeft",
			"indices": [
				30,
				0,
				1,
				2,
				3,
				4,
				5,
				6,
				7,
				8,
				9,
				10,
				11,
				12,
				13,
				14
			],
			"name": "GF Dancing Beat"
		},
		{
			"loop": false,
			"offsets": [
				0,
				-9
			],
			"fps": 24,
			"anim": "danceRight",
			"indices": [
				15,
				16,
				17,
				18,
				19,
				20,
				21,
				22,
				23,
				24,
				25,
				26,
				27,
				28,
				29
			],
			"name": "GF Dancing Beat"
		},
		{
			"loop": true,
			"offsets": [
				45,
				-9
			],
			"fps": 24,
			"anim": "hairBlow",
			"indices": [
				0,
				1,
				2,
				3
			],
			"name": "GF Dancing Beat Hair blowing"
		},
		{
			"loop": false,
			"offsets": [
				0,
				-9
			],
			"fps": 24,
			"anim": "hairFall",
			"indices": [
				0,
				1,
				2,
				3,
				4,
				5,
				6,
				7,
				8,
				9,
				10,
				11
			],
			"name": "GF Dancing Beat Hair Landing"
		},
		{
			"loop": true,
			"offsets": [
				-2,
				-10
			],
			"fps": 24,
			"anim": "scared",
			"indices": [],
			"name": "GF FEAR"
		},
		{
			"loop": false,
			"offsets": [
				0,
				-12
			],
			"anim": "cheer",
			"fps": 24,
			"name": "GF Cheer0",
			"indices": []
		},
		{
			"loop": false,
			"offsets": [
				0,
				-12
			],
			"anim": "wink",
			"fps": 24,
			"name": "GF Cheer Wink",
			"indices": []
		},
		{
			"loop": false,
			"offsets": [
				-1,
				6
			],
			"anim": "yay",
			"fps": 24,
			"name": "GF Cheer Yay",
			"indices": []
		},
		{
			"loop": false,
			"offsets": [
				3,
				-98
			],
			"anim": "duck",
			"fps": 24,
			"name": "GF Duck",
			"indices": []
		},
		{
			"loop": false,
			"offsets": [
				0,
				-25
			],
			"anim": "ugh",
			"fps": 24,
			"name": "GF ugh",
			"indices": []
		}
	],
	"no_antialiasing": false,
	"image": "characters/Mako7w7_GF_assets",
	"position": [
		0,
		-10
	],
	"healthicon": "makovt",
	"flip_x": false,
	"healthbar_colors": [
		245,
		100,
		100
	],
	"camera_position": [
		0,
		0
	],
	"sing_duration": 4,
	"scale": 1
}