{
	"animations": [
		{
			"offsets": [
				0,
				-9
			],
			"loop": false,
			"fps": 24,
			"anim": "danceLeft",
			"indices": [],
			"name": "GF Markov Idle"
		},
		{
			"offsets": [
				0,
				-9
			],
			"loop": false,
			"fps": 24,
			"anim": "danceRight",
			"indices": [],
			"name": "GF Markov Idle"
		},
		{
			"offsets": [
				-87,
				2
			],
			"indices": [],
			"fps": 24,
			"anim": "end",
			"loop": false,
			"name": "GF Markov End"
		},
		{
			"offsets": [
				-86,
				-38
			],
			"indices": [],
			"fps": 24,
			"anim": "home",
			"loop": true,
			"name": "GF Home"
		}
	],
	"no_antialiasing": false,
	"image": "characters/DDLCGF_Markov",
	"position": [
		-70,
		0
	],
	"healthicon": "gf",
	"flip_x": false,
	"healthbar_colors": [
		165,
		0,
		77
	],
	"camera_position": [
		0,
		0
	],
	"sing_duration": 4,
	"scale": 1
}