{
	"animations": [
		{
			"loop": false,
			"offsets": [
				0,
				-7
			],
			"fps": 24,
			"anim": "cheer",
			"indices": [],
			"name": "GF Cheer"
		},
		{
			"loop": false,
			"offsets": [
				0,
				-12
			],
			"fps": 24,
			"anim": "singLEFT",
			"indices": [],
			"name": "GF left note"
		},
		{
			"loop": false,
			"offsets": [
				0,
				-17
			],
			"fps": 24,
			"anim": "singDOWN",
			"indices": [],
			"name": "GF Down Note"
		},
		{
			"loop": false,
			"offsets": [
				0,
				4
			],
			"fps": 24,
			"anim": "singUP",
			"indices": [],
			"name": "GF Up Note"
		},
		{
			"loop": false,
			"offsets": [
				0,
				-38
			],
			"fps": 24,
			"anim": "singRIGHT",
			"indices": [],
			"name": "GF Right Note"
		},
		{
			"loop": false,
			"offsets": [
				-2,
				-14
			],
			"fps": 24,
			"anim": "sad",
			"indices": [
				0,
				1,
				2,
				3,
				4,
				5,
				6,
				7,
				8,
				9,
				10,
				11,
				12
			],
			"name": "gf sad"
		},
		{
			"loop": false,
			"offsets": [
				0,
				-9
			],
			"fps": 24,
			"anim": "danceLeft",
			"indices": [
				30,
				0,
				1,
				2,
				3,
				4,
				5,
				6,
				7,
				8,
				9,
				10,
				11,
				12,
				13,
				14
			],
			"name": "GF Dancing Beat"
		},
		{
			"loop": false,
			"offsets": [
				0,
				-9
			],
			"fps": 24,
			"anim": "danceRight",
			"indices": [
				15,
				16,
				17,
				18,
				19,
				20,
				21,
				22,
				23,
				24,
				25,
				26,
				27,
				28,
				29
			],
			"name": "GF Dancing Beat"
		},
		{
			"loop": true,
			"offsets": [
				-2,
				-28
			],
			"fps": 24,
			"anim": "scared",
			"indices": [],
			"name": "GF FEAR"
		}
	],
	"no_antialiasing": false,
	"image": "characters/Nimu_assets_gf",
	"position": [
		-15,
		-20
	],
	"healthicon": "nimu2",
	"flip_x": false,
	"healthbar_colors": [
		131,
		95,
		95
	],
	"camera_position": [
		-170,
		10
	],
	"sing_duration": 4,
	"scale": 1
}