{
	"animations": [
		{
			"offsets": [
				-2,
				-14
			],
			"loop": false,
			"anim": "sad",
			"fps": 24,
			"name": "gf sad",
			"indices": [
				0,
				1,
				2,
				3,
				4,
				5,
				6,
				7,
				8,
				9,
				10,
				11,
				12
			]
		},
		{
			"offsets": [
				0,
				-9
			],
			"loop": false,
			"anim": "danceLeft",
			"fps": 24,
			"name": "GF Dancing Beat",
			"indices": [
				30,
				0,
				1,
				2,
				3,
				4,
				5,
				6,
				7,
				8,
				9,
				10,
				11,
				12,
				13,
				14
			]
		},
		{
			"offsets": [
				0,
				-9
			],
			"loop": false,
			"anim": "danceRight",
			"fps": 24,
			"name": "GF Dancing Beat",
			"indices": [
				15,
				16,
				17,
				18,
				19,
				20,
				21,
				22,
				23,
				24,
				25,
				26,
				27,
				28,
				29
			]
		}
	],
	"no_antialiasing": false,
	"image": "characters/Nimu_assets_gf_enojada",
	"position": [
		-15,
		-20
	],
	"healthicon": "nimu2",
	"flip_x": false,
	"healthbar_colors": [
		131,
		95,
		95
	],
	"camera_position": [
		-170,
		10
	],
	"sing_duration": 4,
	"scale": 1
}