{
	"animations": [
		{
			"loop": false,
			"offsets": [
				-6,
				-1
			],
			"anim": "idle",
			"fps": 24,
			"name": "GF Idle dance",
			"indices": []
		},
		{
			"loop": false,
			"offsets": [
				-6,
				-75
			],
			"anim": "singDOWN",
			"fps": 24,
			"name": "GF Down",
			"indices": []
		},
		{
			"loop": false,
			"offsets": [
				-20,
				17
			],
			"anim": "singUP",
			"fps": 24,
			"name": "GF Up",
			"indices": []
		},
		{
			"loop": false,
			"offsets": [
				-23,
				1
			],
			"anim": "hey",
			"fps": 24,
			"name": "GF Hey",
			"indices": []
		},
		{
			"loop": true,
			"offsets": [
				-26,
				-3
			],
			"anim": "scared",
			"fps": 24,
			"name": "GF Scared",
			"indices": []
		},
		{
			"loop": false,
			"offsets": [
				178,
				-23
			],
			"anim": "dodgeUP",
			"fps": 24,
			"name": "GF Dodge",
			"indices": []
		},
		{
			"loop": false,
			"offsets": [
				178,
				-24
			],
			"anim": "dodgeLEFT",
			"fps": 24,
			"name": "GF Dodge",
			"indices": []
		},
		{
			"loop": false,
			"offsets": [
				177,
				-24
			],
			"anim": "dodgeDOWN",
			"fps": 24,
			"name": "GF Dodge",
			"indices": []
		},
		{
			"loop": false,
			"offsets": [
				177,
				-24
			],
			"anim": "dodgeRIGHT",
			"fps": 24,
			"name": "GF Dodge",
			"indices": []
		},
		{
			"offsets": [
				177,
				-24
			],
			"loop": false,
			"fps": 24,
			"anim": "dodge",
			"indices": [],
			"name": "GF Dodge"
		},
		{
			"loop": false,
			"offsets": [
				21,
				-8
			],
			"anim": "singLEFT",
			"fps": 24,
			"name": "GF Right",
			"indices": []
		},
		{
			"loop": false,
			"offsets": [
				-96,
				-23
			],
			"anim": "singRIGHT",
			"fps": 24,
			"name": "GF Left",
			"indices": []
		}
	],
	"no_antialiasing": false,
	"image": "characters/Playable GF V2",
	"position": [
		0,
		230
	],
	"healthicon": "gf",
	"flip_x": true,
	"healthbar_colors": [
		165,
		0,
		77
	],
	"camera_position": [
		0,
		30
	],
	"sing_duration": 4,
	"scale": 1
}