{
	"animations": [
		{
			"offsets": [
				-5,
				0
			],
			"indices": [],
			"fps": 24,
			"anim": "idle",
			"loop": false,
			"name": "Idle"
		},
		{
			"offsets": [
				101,
				-17
			],
			"indices": [],
			"fps": 24,
			"anim": "singLEFT",
			"loop": false,
			"name": "Left"
		},
		{
			"offsets": [
				-8,
				-176
			],
			"indices": [],
			"fps": 24,
			"anim": "singDOWN",
			"loop": false,
			"name": "Down"
		},
		{
			"offsets": [
				-202,
				77
			],
			"indices": [],
			"fps": 24,
			"anim": "singUP",
			"loop": false,
			"name": "Up"
		},
		{
			"offsets": [
				-171,
				2
			],
			"indices": [],
			"fps": 24,
			"anim": "singRIGHT",
			"loop": false,
			"name": "Right"
		}
	],
	"no_antialiasing": false,
	"image": "characters/GuitarBG",
	"position": [
		50,
		30
	],
	"healthicon": "bf",
	"flip_x": false,
	"healthbar_colors": [
		127,
		229,
		255
	],
	"camera_position": [
		0,
		0
	],
	"sing_duration": 4,
	"scale": 1
}