{
	"animations": [
		{
			"offsets": [
				1,
				0
			],
			"loop": false,
			"fps": 24,
			"anim": "idle",
			"indices": [],
			"name": "monster idle"
		},
		{
			"offsets": [
				7,
				28
			],
			"loop": false,
			"fps": 24,
			"anim": "singUP",
			"indices": [],
			"name": "monster up note"
		},
		{
			"offsets": [
				0,
				-4
			],
			"loop": false,
			"fps": 24,
			"anim": "singLEFT",
			"indices": [],
			"name": "Monster left note"
		},
		{
			"offsets": [
				-55,
				-12
			],
			"loop": false,
			"fps": 24,
			"anim": "singRIGHT",
			"indices": [],
			"name": "Monster Right note"
		},
		{
			"offsets": [
				20,
				-71
			],
			"loop": false,
			"fps": 24,
			"anim": "singDOWN",
			"indices": [],
			"name": "monster down"
		}
	],
	"no_antialiasing": false,
	"image": "characters/ChamaChristmas",
	"position": [
		100,
		170
	],
	"healthicon": "haachama-krima",
	"flip_x": false,
	"healthbar_colors": [
		255,
		0,
		0
	],
	"camera_position": [
		70,
		50
	],
	"sing_duration": 4,
	"scale": 1
}