{
	"animations": [
		{
			"loop": false,
			"offsets": [
				-5,
				0
			],
			"anim": "idle",
			"fps": 24,
			"name": "Miku idle dance",
			"indices": []
		},
		{
			"loop": false,
			"offsets": [
				33,
				2
			],
			"anim": "singLEFT",
			"fps": 24,
			"name": "Miku Sing Note LEFT",
			"indices": []
		},
		{
			"loop": false,
			"offsets": [
				5,
				2
			],
			"anim": "singDOWN",
			"fps": 24,
			"name": "Miku Sing Note DOWN",
			"indices": []
		},
		{
			"loop": false,
			"offsets": [
				-4,
				2
			],
			"anim": "singUP",
			"fps": 24,
			"name": "Miku Sing Note UP",
			"indices": []
		},
		{
			"loop": false,
			"offsets": [
				-29,
				3
			],
			"anim": "singRIGHT",
			"fps": 24,
			"name": "Miku Sing Note RIGHT",
			"indices": []
		},
		{
			"offsets": [
				40,
				1
			],
			"indices": [],
			"fps": 24,
			"anim": "singLEFT-alt",
			"loop": false,
			"name": "Miku Scream Sing Note LEFT"
		},
		{
			"offsets": [
				6,
				1
			],
			"indices": [],
			"fps": 24,
			"anim": "singDOWN-alt",
			"loop": false,
			"name": "Miku Scream Sing Note DOWN"
		},
		{
			"offsets": [
				5,
				1
			],
			"indices": [],
			"fps": 24,
			"anim": "singUP-alt",
			"loop": false,
			"name": "Miku Scream Sing Note UP"
		},
		{
			"offsets": [
				-27,
				1
			],
			"indices": [],
			"fps": 24,
			"anim": "singRIGHT-alt",
			"loop": false,
			"name": "Miku Scream Sing Note RIGHT"
		}
	],
	"no_antialiasing": false,
	"image": "characters/Miku_Mad",
	"position": [
		30,
		0
	],
	"healthicon": "hatsune-miku-mad",
	"flip_x": false,
	"healthbar_colors": [
		50,
		205,
		204
	],
	"camera_position": [
		70,
		70
	],
	"sing_duration": 4,
	"scale": 1
}