{
	"animations": [
		{
			"offsets": [
				-5,
				0
			],
			"loop": false,
			"fps": 24,
			"anim": "idle",
			"indices": [],
			"name": "Miku idle dance"
		},
		{
			"offsets": [
				18,
				5
			],
			"loop": false,
			"fps": 24,
			"anim": "singLEFT",
			"indices": [],
			"name": "Miku Sing Note LEFT"
		},
		{
			"offsets": [
				-25,
				-38
			],
			"loop": false,
			"fps": 24,
			"anim": "singDOWN",
			"indices": [],
			"name": "Miku Sing Note DOWN"
		},
		{
			"offsets": [
				3,
				51
			],
			"loop": false,
			"fps": 24,
			"anim": "singUP",
			"indices": [],
			"name": "Miku Sing Note UP"
		},
		{
			"offsets": [
				-29,
				26
			],
			"loop": false,
			"fps": 24,
			"anim": "singRIGHT",
			"indices": [],
			"name": "Miku Sing Note RIGHT"
		}
	],
	"no_antialiasing": false,
	"image": "characters/HatsuneMiku_assets",
	"position": [
		30,
		0
	],
	"healthicon": "hatsune-miku",
	"flip_x": false,
	"healthbar_colors": [
		50,
		205,
		204
	],
	"camera_position": [
		50,
		40
	],
	"sing_duration": 4,
	"scale": 1
}