{
	"animations": [
		{
			"offsets": [
				121,
				10
			],
			"loop": false,
			"fps": 24,
			"anim": "singLEFT",
			"indices": [],
			"name": "note sing left"
		},
		{
			"offsets": [
				-33,
				-4
			],
			"loop": false,
			"fps": 24,
			"anim": "singRIGHT",
			"indices": [],
			"name": "spooky sing right"
		},
		{
			"offsets": [
				-50,
				-130
			],
			"loop": false,
			"fps": 24,
			"anim": "singDOWN",
			"indices": [],
			"name": "spooky DOWN note"
		},
		{
			"offsets": [
				-20,
				26
			],
			"loop": false,
			"anim": "singUP",
			"fps": 24,
			"name": "spooky UP NOTE",
			"indices": []
		},
		{
			"loop": false,
			"offsets": [
				30,
				0
			],
			"anim": "idle",
			"fps": 24,
			"name": "spooky dance idle",
			"indices": []
		}
	],
	"no_antialiasing": false,
	"image": "characters/henry_stickmin_mad",
	"position": [
		-30,
		150
	],
	"healthicon": "henry",
	"flip_x": false,
	"healthbar_colors": [
		215,
		215,
		215
	],
	"camera_position": [
		0,
		0
	],
	"sing_duration": 4,
	"scale": 1
}