{
	"animations": [
		{
			"loop": false,
			"offsets": [
				43,
				1
			],
			"fps": 24,
			"anim": "singLEFT",
			"indices": [],
			"name": "Dad Sing Note LEFT"
		},
		{
			"loop": false,
			"offsets": [
				-11,
				-37
			],
			"fps": 24,
			"anim": "singDOWN",
			"indices": [],
			"name": "Dad Sing Note DOWN"
		},
		{
			"loop": false,
			"offsets": [
				27,
				45
			],
			"fps": 24,
			"anim": "singUP",
			"indices": [],
			"name": "Dad Sing Note UP"
		},
		{
			"loop": false,
			"offsets": [
				-10,
				21
			],
			"fps": 24,
			"anim": "singRIGHT",
			"indices": [],
			"name": "Dad Sing Note RIGHT"
		},
		{
			"loop": false,
			"offsets": [
				0,
				0
			],
			"fps": 24,
			"anim": "idle",
			"indices": [],
			"name": "Dad idle dance"
		}
	],
	"no_antialiasing": false,
	"image": "characters/hex",
	"position": [
		30,
		0
	],
	"healthicon": "hex",
	"flip_x": false,
	"healthbar_colors": [
		120,
		120,
		160
	],
	"camera_position": [
		40,
		30
	],
	"sing_duration": 6.1,
	"scale": 1
}