{
	"animations": [
		{
			"loop": false,
			"offsets": [
				-5,
				58
			],
			"anim": "idle",
			"fps": 24,
			"name": "Ichika Idle Dance",
			"indices": []
		},
		{
			"offsets": [
				-48,
				-37
			],
			"loop": false,
			"fps": 24,
			"anim": "singDOWN",
			"indices": [],
			"name": "Ichika Sing Down0"
		},
		{
			"offsets": [
				-5,
				92
			],
			"loop": false,
			"fps": 24,
			"anim": "singUP",
			"indices": [],
			"name": "Ichika Sing Up0"
		},
		{
			"offsets": [
				-6,
				58
			],
			"loop": false,
			"fps": 24,
			"anim": "singRIGHT",
			"indices": [],
			"name": "Ichika Sing Right0"
		},
		{
			"offsets": [
				7,
				58
			],
			"loop": false,
			"fps": 24,
			"anim": "singLEFT",
			"indices": [],
			"name": "Ichika Sing Left0"
		}
	],
	"no_antialiasing": false,
	"image": "characters/Ichika_assetsv3",
	"position": [
		120,
		150
	],
	"healthicon": "ichika-s2",
	"flip_x": false,
	"healthbar_colors": [
		254,
		199,
		213
	],
	"camera_position": [
		50,
		-100
	],
	"sing_duration": 4,
	"scale": 1
}