{
	"animations": [
		{
			"loop": false,
			"offsets": [
				-5,
				0
			],
			"anim": "idle",
			"fps": 24,
			"name": "Ichika Idle Dance",
			"indices": []
		},
		{
			"loop": false,
			"offsets": [
				-13,
				-24
			],
			"anim": "singDOWN",
			"fps": 24,
			"name": "Ichika Sing Down",
			"indices": []
		},
		{
			"loop": false,
			"offsets": [
				33,
				36
			],
			"anim": "singUP",
			"fps": 24,
			"name": "Ichika Sing Up",
			"indices": []
		},
		{
			"loop": false,
			"offsets": [
				-34,
				1
			],
			"anim": "singRIGHT",
			"fps": 24,
			"name": "Ichika Sing Right",
			"indices": []
		},
		{
			"loop": false,
			"offsets": [
				8,
				-3
			],
			"anim": "singLEFT",
			"fps": 24,
			"name": "Ichika Sing Left",
			"indices": []
		}
	],
	"no_antialiasing": false,
	"image": "characters/Ichika_assets",
	"position": [
		110,
		110
	],
	"healthicon": "ichika-s2",
	"flip_x": false,
	"healthbar_colors": [
		253,
		232,
		113
	],
	"camera_position": [
		-70,
		-140
	],
	"sing_duration": 4,
	"scale": 1.2
}