{
	"animations": [
		{
			"offsets": [
				-5,
				3
			],
			"loop": false,
			"fps": 24,
			"anim": "idle",
			"indices": [],
			"name": "Ichika Idle Dance"
		},
		{
			"offsets": [
				93,
				-92
			],
			"loop": false,
			"fps": 24,
			"anim": "singDOWN",
			"indices": [],
			"name": "Ichika Sing Down0"
		},
		{
			"offsets": [
				41,
				38
			],
			"loop": false,
			"fps": 24,
			"anim": "singUP",
			"indices": [],
			"name": "Ichika Sing Up0"
		},
		{
			"offsets": [
				23,
				3
			],
			"loop": false,
			"fps": 24,
			"anim": "singRIGHT",
			"indices": [],
			"name": "Ichika Sing Left0"
		},
		{
			"offsets": [
				39,
				3
			],
			"loop": false,
			"fps": 24,
			"anim": "singLEFT",
			"indices": [],
			"name": "Ichika Sing Right0"
		}
	],
	"no_antialiasing": false,
	"image": "characters/ichika_assetsv3",
	"position": [
		0,
		80
	],
	"healthicon": "ichika-s2",
	"flip_x": false,
	"healthbar_colors": [
		254,
		199,
		213
	],
	"camera_position": [
		60,
		-60
	],
	"sing_duration": 4,
	"scale": 1
}