{
	"animations": [
		{
			"offsets": [
				-5,
				3
			],
			"indices": [],
			"fps": 24,
			"anim": "idle",
			"loop": true,
			"name": "Idle"
		},
		{
			"offsets": [
				-37,
				118
			],
			"indices": [],
			"fps": 24,
			"anim": "singDOWN",
			"loop": false,
			"name": "Down"
		},
		{
			"offsets": [
				-33,
				164
			],
			"indices": [],
			"fps": 24,
			"anim": "singUP",
			"loop": false,
			"name": "Up"
		},
		{
			"offsets": [
				33,
				3
			],
			"indices": [],
			"fps": 24,
			"anim": "singRIGHT",
			"loop": false,
			"name": "Left"
		},
		{
			"offsets": [
				159,
				-47
			],
			"indices": [],
			"fps": 24,
			"anim": "singLEFT",
			"loop": false,
			"name": "Right"
		}
	],
	"no_antialiasing": false,
	"image": "characters/Murder_Ichika_Phase_2",
	"position": [
		0,
		80
	],
	"healthicon": "ichika-murder",
	"flip_x": false,
	"healthbar_colors": [
		254,
		199,
		213
	],
	"camera_position": [
		60,
		-60
	],
	"sing_duration": 4,
	"scale": 1
}