{
	"animations": [
		{
			"offsets": [
				-5,
				0
			],
			"loop": false,
			"fps": 24,
			"anim": "idle",
			"indices": [],
			"name": "Ichika Idle Dance"
		},
		{
			"offsets": [
				4,
				-24
			],
			"loop": false,
			"fps": 24,
			"anim": "singDOWN",
			"indices": [],
			"name": "Ichika Sing Down"
		},
		{
			"offsets": [
				-11,
				36
			],
			"loop": false,
			"fps": 24,
			"anim": "singUP",
			"indices": [],
			"name": "Ichika Sing Up"
		},
		{
			"offsets": [
				-36,
				-3
			],
			"indices": [],
			"fps": 24,
			"anim": "singRIGHT",
			"loop": false,
			"name": "Ichika Sing Left"
		},
		{
			"offsets": [
				14,
				0
			],
			"indices": [],
			"fps": 24,
			"anim": "singLEFT",
			"loop": false,
			"name": "Ichika Sing Right"
		}
	],
	"no_antialiasing": false,
	"image": "characters/Ichika_assets",
	"position": [
		110,
		110
	],
	"healthicon": "ichika-s2",
	"flip_x": false,
	"healthbar_colors": [
		254,
		199,
		213
	],
	"camera_position": [
		120,
		-100
	],
	"sing_duration": 4,
	"scale": 1.2
}