{
	"animations": [
		{
			"offsets": [
				0,
				0
			],
			"indices": [],
			"fps": 24,
			"anim": "idle",
			"loop": false,
			"name": "Idle"
		},
		{
			"offsets": [
				-137,
				163
			],
			"indices": [],
			"fps": 24,
			"anim": "singLEFT",
			"loop": false,
			"name": "Left"
		},
		{
			"offsets": [
				-219,
				-110
			],
			"indices": [],
			"fps": 24,
			"anim": "singDOWN",
			"loop": false,
			"name": "Down"
		},
		{
			"offsets": [
				-270,
				110
			],
			"indices": [],
			"fps": 24,
			"anim": "singUP",
			"loop": false,
			"name": "Up"
		},
		{
			"offsets": [
				-260,
				-60
			],
			"indices": [],
			"fps": 24,
			"anim": "singRIGHT",
			"loop": false,
			"name": "Right"
		}
	],
	"no_antialiasing": false,
	"image": "characters/IronmouseMic",
	"position": [
		-730,
		230
	],
	"healthicon": "mousey",
	"flip_x": true,
	"healthbar_colors": [
		255,
		172,
		202
	],
	"camera_position": [
		-630,
		-170
	],
	"sing_duration": 6.1,
	"scale": 1
}