{
	"animations": [
		{
			"loop": false,
			"offsets": [
				-5,
				0
			],
			"anim": "idle",
			"fps": 24,
			"name": "Itsuki Idle Dance",
			"indices": []
		},
		{
			"loop": false,
			"offsets": [
				80,
				-38
			],
			"anim": "singDOWN",
			"fps": 24,
			"name": "Itsuki Sing Down",
			"indices": []
		},
		{
			"loop": false,
			"offsets": [
				-45,
				4
			],
			"anim": "singUP",
			"fps": 24,
			"name": "Itsuki Sing Up",
			"indices": []
		},
		{
			"offsets": [
				152,
				15
			],
			"indices": [],
			"fps": 24,
			"anim": "singLEFT",
			"loop": false,
			"name": "Itsuki Sing Right"
		},
		{
			"offsets": [
				-51,
				25
			],
			"indices": [],
			"fps": 24,
			"anim": "singRIGHT",
			"loop": false,
			"name": "Itsuki Sing Left"
		}
	],
	"no_antialiasing": false,
	"image": "characters/itsuki_assets",
	"position": [
		80,
		30
	],
	"healthicon": "itsuki-s2",
	"flip_x": false,
	"healthbar_colors": [
		217,
		90,
		84
	],
	"camera_position": [
		70,
		-120
	],
	"sing_duration": 4,
	"scale": 1.2
}