{
	"animations": [
		{
			"offsets": [
				-5,
				40
			],
			"loop": false,
			"fps": 24,
			"anim": "idle",
			"indices": [],
			"name": "Itsuki Idle Dance"
		},
		{
			"offsets": [
				105,
				-26
			],
			"loop": false,
			"fps": 24,
			"anim": "singDOWN",
			"indices": [],
			"name": "Itsuki Sing Down"
		},
		{
			"offsets": [
				42,
				57
			],
			"loop": false,
			"fps": 24,
			"anim": "singUP",
			"indices": [],
			"name": "Itsuki Sing Up"
		},
		{
			"offsets": [
				-15,
				32
			],
			"indices": [],
			"fps": 24,
			"anim": "singRIGHT",
			"loop": false,
			"name": "Itsuki Sing Left"
		},
		{
			"offsets": [
				20,
				32
			],
			"indices": [],
			"fps": 24,
			"anim": "singLEFT",
			"loop": false,
			"name": "Itsuki Sing Right"
		}
	],
	"no_antialiasing": false,
	"image": "characters/itsuki_assetsv3",
	"position": [
		80,
		30
	],
	"healthicon": "itsuki-s2",
	"flip_x": false,
	"healthbar_colors": [
		217,
		90,
		84
	],
	"camera_position": [
		70,
		-70
	],
	"sing_duration": 4,
	"scale": 1
}