{
	"animations": [
		{
			"offsets": [
				-5,
				0
			],
			"indices": [],
			"fps": 24,
			"anim": "idle",
			"loop": false,
			"name": "Itsuki Idle Dance"
		},
		{
			"offsets": [
				-97,
				-39
			],
			"indices": [],
			"fps": 24,
			"anim": "singDOWN",
			"loop": false,
			"name": "Itsuki Sing Down"
		},
		{
			"offsets": [
				27,
				3
			],
			"indices": [],
			"fps": 24,
			"anim": "singUP",
			"loop": false,
			"name": "Itsuki Sing Up"
		},
		{
			"offsets": [
				-145,
				14
			],
			"indices": [],
			"fps": 24,
			"anim": "singRIGHT",
			"loop": false,
			"name": "Itsuki Sing Right"
		},
		{
			"offsets": [
				62,
				29
			],
			"indices": [],
			"fps": 24,
			"anim": "singLEFT",
			"loop": false,
			"name": "Itsuki Sing Left"
		}
	],
	"no_antialiasing": false,
	"image": "characters/itsuki_assets",
	"position": [
		80,
		30
	],
	"healthicon": "itsuki-s2",
	"flip_x": false,
	"healthbar_colors": [
		217,
		90,
		84
	],
	"camera_position": [
		-20,
		-70
	],
	"sing_duration": 4,
	"scale": 1.2
}