{
	"animations": [
		{
			"loop": false,
			"offsets": [
				-5,
				40
			],
			"anim": "idle",
			"fps": 24,
			"name": "Itsuki Idle Dance",
			"indices": []
		},
		{
			"loop": false,
			"offsets": [
				-41,
				-26
			],
			"anim": "singDOWN",
			"fps": 24,
			"name": "Itsuki Sing Down",
			"indices": []
		},
		{
			"loop": false,
			"offsets": [
				13,
				57
			],
			"anim": "singUP",
			"fps": 24,
			"name": "Itsuki Sing Up",
			"indices": []
		},
		{
			"loop": false,
			"offsets": [
				-19,
				32
			],
			"anim": "singRIGHT",
			"fps": 24,
			"name": "Itsuki Sing Right",
			"indices": []
		},
		{
			"loop": false,
			"offsets": [
				5,
				32
			],
			"anim": "singLEFT",
			"fps": 24,
			"name": "Itsuki Sing Left",
			"indices": []
		}
	],
	"no_antialiasing": false,
	"image": "characters/itsuki_assetsv3",
	"position": [
		80,
		30
	],
	"healthicon": "itsuki-s2",
	"flip_x": false,
	"healthbar_colors": [
		217,
		90,
		84
	],
	"camera_position": [
		10,
		-70
	],
	"sing_duration": 4,
	"scale": 1
}