{
	"animations": [
		{
			"loop": false,
			"offsets": [
				0,
				-18
			],
			"anim": "singLEFT",
			"fps": 24,
			"name": "left",
			"indices": []
		},
		{
			"loop": false,
			"offsets": [
				0,
				-15
			],
			"anim": "singDOWN",
			"fps": 24,
			"name": "down",
			"indices": []
		},
		{
			"loop": false,
			"offsets": [
				28,
				50
			],
			"anim": "singUP",
			"fps": 24,
			"name": "up",
			"indices": []
		},
		{
			"loop": false,
			"offsets": [
				0,
				48
			],
			"anim": "singRIGHT",
			"fps": 24,
			"name": "right",
			"indices": []
		},
		{
			"offsets": [
				0,
				0
			],
			"loop": true,
			"fps": 24,
			"anim": "idle",
			"indices": [
				0,
				1,
				2,
				3,
				4,
				5,
				6,
				7,
				8,
				9,
				10,
				11,
				12,
				13,
				14,
				15,
				17,
				18
			],
			"name": "Pico Dual Wield on Speaker idle"
		},
		{
			"offsets": [
				21,
				1377
			],
			"loop": false,
			"fps": 24,
			"anim": "jump",
			"indices": [
				0,
				1,
				2,
				3,
				4,
				5,
				6,
				7,
				8,
				9,
				10
			],
			"name": "jump"
		},
		{
			"loop": true,
			"offsets": [
				21,
				1377
			],
			"anim": "prejump",
			"fps": 24,
			"name": "jump",
			"indices": [
				11,
				12,
				13,
				14,
				15,
				16,
				11,
				12,
				13,
				14,
				15,
				16,
				11,
				12,
				13,
				14,
				15,
				16,
				11,
				12,
				13,
				14,
				15,
				16
			]
		},
		{
			"offsets": [
				21,
				1377
			],
			"loop": false,
			"fps": 24,
			"anim": "jump2",
			"indices": [
				34,
				35,
				36,
				37,
				38,
				39,
				40,
				41,
				42
			],
			"name": "jump"
		}
	],
	"no_antialiasing": false,
	"image": "characters/helltaker",
	"position": [
		100,
		-260
	],
	"healthicon": "judgethmentor",
	"flip_x": false,
	"healthbar_colors": [
		122,
		112,
		122
	],
	"camera_position": [
		-100,
		60
	],
	"sing_duration": 6.1,
	"scale": 1.4
}