{
	"animations": [
		{
			"offsets": [
				80,
				-30
			],
			"loop": false,
			"fps": 24,
			"anim": "singLEFT",
			"indices": [],
			"name": "left0"
		},
		{
			"offsets": [
				-7,
				128
			],
			"loop": false,
			"fps": 24,
			"anim": "singDOWN",
			"indices": [],
			"name": "down0"
		},
		{
			"offsets": [
				53,
				27
			],
			"loop": false,
			"fps": 24,
			"anim": "singUP",
			"indices": [],
			"name": "up0"
		},
		{
			"offsets": [
				56,
				50
			],
			"loop": false,
			"fps": 24,
			"anim": "singRIGHT",
			"indices": [],
			"name": "right0"
		},
		{
			"offsets": [
				0,
				0
			],
			"loop": false,
			"fps": 30,
			"anim": "idle",
			"indices": [],
			"name": "idle"
		},
		{
			"offsets": [
				135,
				188
			],
			"loop": false,
			"fps": 24,
			"anim": "singLEFTmiss",
			"indices": [],
			"name": "leftMiss"
		},
		{
			"offsets": [
				74,
				150
			],
			"loop": false,
			"fps": 24,
			"anim": "singDOWNmiss",
			"indices": [],
			"name": "downMiss"
		},
		{
			"offsets": [
				170,
				237
			],
			"loop": false,
			"fps": 24,
			"anim": "singUPmiss",
			"indices": [],
			"name": "upMiss"
		},
		{
			"offsets": [
				238,
				250
			],
			"loop": false,
			"fps": 24,
			"anim": "singRIGHTmiss",
			"indices": [],
			"name": "rightMiss"
		}
	],
	"no_antialiasing": false,
	"image": "characters/just",
	"position": [
		370,
		-130
	],
	"healthicon": "justic",
	"flip_x": true,
	"healthbar_colors": [
		116,
		38,
		51
	],
	"camera_position": [
		170,
		-170
	],
	"sing_duration": 6.1,
	"scale": 1
}