{
	"animations": [
		{
			"offsets": [
				0,
				0
			],
			"loop": false,
			"fps": 24,
			"anim": "idle",
			"indices": [],
			"name": "Idle"
		},
		{
			"offsets": [
				-103,
				13
			],
			"loop": false,
			"fps": 24,
			"anim": "singLEFT",
			"indices": [],
			"name": "Left"
		},
		{
			"offsets": [
				-97,
				0
			],
			"loop": false,
			"fps": 24,
			"anim": "singDOWN",
			"indices": [],
			"name": "Down"
		},
		{
			"offsets": [
				-104,
				122
			],
			"loop": false,
			"fps": 24,
			"anim": "singUP",
			"indices": [],
			"name": "Up"
		},
		{
			"offsets": [
				-70,
				7
			],
			"loop": false,
			"fps": 24,
			"anim": "singRIGHT",
			"indices": [],
			"name": "Right"
		}
	],
	"no_antialiasing": false,
	"image": "characters/BjKali_closeup",
	"position": [
		-150,
		-70
	],
	"healthicon": "kaliuwur",
	"flip_x": false,
	"healthbar_colors": [
		96,
		79,
		72
	],
	"camera_position": [
		-140,
		0
	],
	"sing_duration": 4,
	"scale": 1
}