{
	"animations": [
		{
			"offsets": [
				-5,
				0
			],
			"loop": false,
			"fps": 24,
			"anim": "idle",
			"indices": [],
			"name": "Kano Idle Dance"
		},
		{
			"offsets": [
				68,
				-170
			],
			"loop": false,
			"fps": 24,
			"anim": "singDOWN",
			"indices": [],
			"name": "Kano Sing Down"
		},
		{
			"offsets": [
				6,
				37
			],
			"loop": false,
			"fps": 24,
			"anim": "singUP",
			"indices": [],
			"name": "Kano Sing Pose Up"
		},
		{
			"offsets": [
				17,
				-2
			],
			"loop": false,
			"fps": 24,
			"anim": "singRIGHT",
			"indices": [],
			"name": "Kano Sing Pose Right"
		},
		{
			"offsets": [
				121,
				-2
			],
			"loop": false,
			"fps": 24,
			"anim": "singLEFT",
			"indices": [],
			"name": "Kano Sing Pose Left"
		}
	],
	"no_antialiasing": false,
	"image": "characters/kano_assets",
	"position": [
		30,
		70
	],
	"healthicon": "kano",
	"flip_x": true,
	"healthbar_colors": [
		100,
		17,
		13
	],
	"camera_position": [
		250,
		-90
	],
	"sing_duration": 4,
	"scale": 1.1
}