{
	"animations": [
		{
			"loop": false,
			"offsets": [
				1,
				60
			],
			"anim": "singLEFT",
			"fps": 24,
			"name": "kapi left",
			"indices": []
		},
		{
			"loop": false,
			"offsets": [
				0,
				-61
			],
			"anim": "singDOWN",
			"fps": 24,
			"name": "kapi down",
			"indices": []
		},
		{
			"loop": false,
			"offsets": [
				0,
				-4
			],
			"anim": "singUP",
			"fps": 24,
			"name": "kapi up",
			"indices": []
		},
		{
			"loop": false,
			"offsets": [
				1,
				-29
			],
			"anim": "singRIGHT",
			"fps": 24,
			"name": "kapi right",
			"indices": []
		},
		{
			"loop": false,
			"offsets": [
				0,
				0
			],
			"anim": "idle",
			"fps": 24,
			"name": "kapi idle",
			"indices": []
		}
	],
	"no_antialiasing": false,
	"image": "characters/Emo_Kapi_assets",
	"position": [
		-70,
		50
	],
	"healthicon": "kapi-emo",
	"flip_x": false,
	"healthbar_colors": [
		116,
		117,
		133
	],
	"camera_position": [
		0,
		0
	],
	"sing_duration": 6.1,
	"scale": 1
}