{
	"animations": [
		{
			"offsets": [
				4,
				-105
			],
			"indices": [],
			"fps": 24,
			"anim": "singDOWN",
			"loop": false,
			"name": "Kapi Down0"
		},
		{
			"offsets": [
				5,
				-3
			],
			"indices": [],
			"fps": 24,
			"anim": "singUP",
			"loop": false,
			"name": "Kapi Up0"
		},
		{
			"offsets": [
				2,
				43
			],
			"indices": [],
			"fps": 24,
			"anim": "singRIGHT",
			"loop": false,
			"name": "Kapi Right0"
		},
		{
			"offsets": [
				3,
				-41
			],
			"indices": [],
			"fps": 24,
			"anim": "singLEFT",
			"loop": false,
			"name": "Kapi Left0"
		},
		{
			"offsets": [
				5,
				-104
			],
			"indices": [],
			"fps": 24,
			"anim": "singDOWNmiss",
			"loop": false,
			"name": "Kapi Down Miss"
		},
		{
			"offsets": [
				5,
				-4
			],
			"indices": [],
			"fps": 24,
			"anim": "singUPmiss",
			"loop": false,
			"name": "Kapi Up Miss"
		},
		{
			"offsets": [
				6,
				44
			],
			"indices": [],
			"fps": 24,
			"anim": "singRIGHTmiss",
			"loop": false,
			"name": "Kapi Right Miss"
		},
		{
			"offsets": [
				6,
				-42
			],
			"indices": [],
			"fps": 24,
			"anim": "singLEFTmiss",
			"loop": false,
			"name": "Kapi Left Miss"
		},
		{
			"offsets": [
				0,
				0
			],
			"indices": [],
			"fps": 14,
			"anim": "idle",
			"loop": false,
			"name": "Kapi Idle"
		}
	],
	"no_antialiasing": false,
	"image": "characters/Kapi_assets_full",
	"position": [
		30,
		200
	],
	"healthicon": "kapi",
	"flip_x": false,
	"healthbar_colors": [
		116,
		117,
		133
	],
	"camera_position": [
		150,
		30
	],
	"sing_duration": 6.1,
	"scale": 1
}