{
	"animations": [
		{
			"offsets": [
				-9,
				10
			],
			"loop": false,
			"anim": "singLEFT",
			"fps": 24,
			"name": "Dad Sing Note LEFT",
			"indices": []
		},
		{
			"offsets": [
				0,
				-30
			],
			"loop": false,
			"anim": "singDOWN",
			"fps": 24,
			"name": "Dad Sing Note DOWN",
			"indices": []
		},
		{
			"offsets": [
				-6,
				50
			],
			"loop": false,
			"anim": "singUP",
			"fps": 24,
			"name": "Dad Sing Note UP",
			"indices": []
		},
		{
			"offsets": [
				0,
				25
			],
			"loop": false,
			"anim": "singRIGHT",
			"fps": 24,
			"name": "Dad Sing Note RIGHT",
			"indices": []
		},
		{
			"offsets": [
				0,
				0
			],
			"loop": false,
			"anim": "idle",
			"fps": 24,
			"name": "Dad idle dance",
			"indices": []
		},
		{
			"loop": false,
			"offsets": [
				0,
				0
			],
			"anim": "meow",
			"fps": 24,
			"name": "Dad meow",
			"indices": []
		},
		{
			"loop": false,
			"offsets": [
				0,
				-1
			],
			"anim": "fail",
			"fps": 24,
			"name": "Dad stare",
			"indices": []
		}
	],
	"no_antialiasing": false,
	"image": "characters/Kapi_assets",
	"position": [
		160,
		-40
	],
	"healthicon": "kapi",
	"flip_x": false,
	"healthbar_colors": [
		116,
		117,
		133
	],
	"camera_position": [
		-100,
		-50
	],
	"sing_duration": 6.1,
	"scale": 1
}