{
	"animations": [
		{
			"loop": false,
			"offsets": [
				0,
				0
			],
			"anim": "idle",
			"fps": 24,
			"name": "Sonic idle",
			"indices": []
		},
		{
			"loop": false,
			"offsets": [
				-1,
				-29
			],
			"anim": "singDOWN",
			"fps": 24,
			"name": "Sonic down",
			"indices": []
		},
		{
			"loop": false,
			"offsets": [
				0,
				15
			],
			"anim": "singUP",
			"fps": 24,
			"name": "Sonic up",
			"indices": []
		},
		{
			"offsets": [
				-2,
				-12
			],
			"indices": [],
			"fps": 24,
			"anim": "singRIGHT",
			"loop": false,
			"name": "Sonic left"
		},
		{
			"offsets": [
				14,
				5
			],
			"indices": [],
			"fps": 24,
			"anim": "singLEFT",
			"loop": false,
			"name": "Sonic right"
		}
	],
	"no_antialiasing": false,
	"image": "characters/KoronePhantasm",
	"position": [
		140,
		330
	],
	"healthicon": "korone-alt",
	"flip_x": false,
	"healthbar_colors": [
		255,
		255,
		255
	],
	"camera_position": [
		-220,
		70
	],
	"sing_duration": 6.1,
	"scale": 1
}