{
	"animations": [
		{
			"offsets": [
				0,
				0
			],
			"loop": false,
			"fps": 24,
			"anim": "idle",
			"indices": [],
			"name": "Sonic idle"
		},
		{
			"offsets": [
				-1,
				-28
			],
			"loop": false,
			"fps": 24,
			"anim": "singDOWN",
			"indices": [],
			"name": "Sonic down"
		},
		{
			"offsets": [
				-1,
				17
			],
			"loop": false,
			"fps": 24,
			"anim": "singUP",
			"indices": [],
			"name": "Sonic up"
		},
		{
			"offsets": [
				-3,
				-10
			],
			"indices": [],
			"fps": 24,
			"anim": "singRIGHT",
			"loop": false,
			"name": "Sonic left"
		},
		{
			"offsets": [
				13,
				6
			],
			"indices": [],
			"fps": 24,
			"anim": "singLEFT",
			"loop": false,
			"name": "Sonic right"
		}
	],
	"no_antialiasing": false,
	"image": "characters/KoronePhantasm",
	"position": [
		140,
		330
	],
	"healthicon": "korone-alt",
	"flip_x": true,
	"healthbar_colors": [
		255,
		255,
		255
	],
	"camera_position": [
		0,
		70
	],
	"sing_duration": 4.00000000000001,
	"scale": 1
}