{
	"animations": [
		{
			"offsets": [
				0,
				0
			],
			"loop": false,
			"fps": 24,
			"anim": "idle",
			"indices": [],
			"name": "Sonic idle"
		},
		{
			"offsets": [
				16,
				-10
			],
			"loop": false,
			"fps": 24,
			"anim": "singLEFT",
			"indices": [],
			"name": "Sonic left"
		},
		{
			"offsets": [
				-19,
				-29
			],
			"loop": false,
			"fps": 24,
			"anim": "singDOWN",
			"indices": [],
			"name": "Sonic down"
		},
		{
			"offsets": [
				-33,
				17
			],
			"loop": false,
			"fps": 24,
			"anim": "singUP",
			"indices": [],
			"name": "Sonic up"
		},
		{
			"loop": false,
			"offsets": [
				-36,
				4
			],
			"anim": "singRIGHT",
			"fps": 24,
			"name": "Sonic right",
			"indices": []
		}
	],
	"no_antialiasing": false,
	"image": "characters/KoronePhantasm",
	"position": [
		140,
		330
	],
	"healthicon": "korone-alt",
	"flip_x": true,
	"healthbar_colors": [
		255,
		255,
		255
	],
	"camera_position": [
		0,
		70
	],
	"sing_duration": 6.1,
	"scale": 1
}