{
	"animations": [
		{
			"loop": false,
			"offsets": [
				15,
				6
			],
			"fps": 24,
			"anim": "singLEFT",
			"indices": [],
			"name": "KoroneLeft"
		},
		{
			"loop": false,
			"offsets": [
				-3,
				-68
			],
			"fps": 24,
			"anim": "singDOWN",
			"indices": [],
			"name": "KoroneDown"
		},
		{
			"loop": false,
			"offsets": [
				-6,
				42
			],
			"fps": 24,
			"anim": "singUP",
			"indices": [],
			"name": "KoroneUp"
		},
		{
			"loop": false,
			"offsets": [
				-7,
				8
			],
			"fps": 24,
			"anim": "singRIGHT",
			"indices": [],
			"name": "KoroneRight"
		},
		{
			"loop": false,
			"offsets": [
				0,
				0
			],
			"fps": 24,
			"anim": "idle",
			"indices": [],
			"name": "KoroneIdle"
		},
		{
			"loop": true,
			"offsets": [
				0,
				0
			],
			"fps": 24,
			"anim": "idle-loop",
			"indices": [
				9,
				10,
				11,
				12
			],
			"name": "KoroneIdle"
		},
		{
			"loop": false,
			"offsets": [
				130,
				210
			],
			"fps": 24,
			"anim": "attack",
			"indices": [],
			"name": "KoroneChainsawAttack"
		},
		{
			"loop": false,
			"offsets": [
				347,
				27
			],
			"fps": 24,
			"anim": "punch",
			"indices": [],
			"name": "KoroneFalconPunch"
		},
		{
			"loop": false,
			"offsets": [
				200,
				30
			],
			"fps": 24,
			"anim": "prepunch",
			"indices": [],
			"name": "KoronePrePunch"
		},
		{
			"loop": true,
			"offsets": [
				278,
				29
			],
			"fps": 24,
			"anim": "windUP",
			"indices": [],
			"name": "KoronePunchWindUp"
		},
		{
			"loop": false,
			"offsets": [
				-4,
				-68
			],
			"anim": "punchAfter",
			"fps": 24,
			"name": "afterpunchnaim",
			"indices": []
		}
	],
	"no_antialiasing": false,
	"image": "characters/Korone",
	"position": [
		20,
		80
	],
	"healthicon": "doog",
	"flip_x": false,
	"healthbar_colors": [
		171,
		100,
		88
	],
	"camera_position": [
		-170,
		-200
	],
	"sing_duration": 6.1,
	"scale": 1
}