{
	"animations": [
		{
			"offsets": [
				15,
				8
			],
			"loop": false,
			"fps": 24,
			"anim": "hurt",
			"indices": [],
			"name": "BF hit"
		},
		{
			"offsets": [
				-4,
				0
			],
			"loop": true,
			"fps": 24,
			"anim": "scared",
			"indices": [],
			"name": "BF idle shaking"
		},
		{
			"offsets": [
				-10,
				-16
			],
			"loop": false,
			"fps": 24,
			"anim": "dodge",
			"indices": [],
			"name": "boyfriend dodge"
		},
		{
			"offsets": [
				294,
				267
			],
			"loop": false,
			"fps": 24,
			"anim": "attack",
			"indices": [],
			"name": "boyfriend attack"
		},
		{
			"offsets": [
				-40,
				-40
			],
			"loop": false,
			"fps": 24,
			"anim": "pre-attack",
			"indices": [],
			"name": "bf pre attack"
		},
		{
			"loop": false,
			"offsets": [
				-5,
				1
			],
			"anim": "hey",
			"fps": 24,
			"name": "kyle",
			"indices": []
		},
		{
			"loop": false,
			"offsets": [
				3,
				9
			],
			"anim": "singLEFT",
			"fps": 24,
			"name": "kyle left",
			"indices": []
		},
		{
			"loop": false,
			"offsets": [
				-9,
				-4
			],
			"anim": "singDOWN",
			"fps": 24,
			"name": "kyle down",
			"indices": []
		},
		{
			"loop": false,
			"offsets": [
				-4,
				16
			],
			"anim": "singUP",
			"fps": 24,
			"name": "kyle up",
			"indices": []
		},
		{
			"loop": false,
			"offsets": [
				21,
				8
			],
			"anim": "singRIGHT",
			"fps": 24,
			"name": "kyle right",
			"indices": []
		},
		{
			"loop": false,
			"offsets": [
				-5,
				0
			],
			"anim": "idle",
			"fps": 24,
			"name": "kyle idle",
			"indices": []
		},
		{
			"loop": false,
			"offsets": [
				-1,
				8
			],
			"anim": "Talking",
			"fps": 24,
			"name": "kyle talking",
			"indices": []
		},
		{
			"offsets": [
				3,
				11
			],
			"loop": false,
			"fps": 24,
			"anim": "singLEFTmiss",
			"indices": [],
			"name": "miss left"
		},
		{
			"offsets": [
				-9,
				-3
			],
			"loop": false,
			"fps": 24,
			"anim": "singDOWNmiss",
			"indices": [],
			"name": "miss down"
		},
		{
			"offsets": [
				-4,
				16
			],
			"loop": false,
			"fps": 24,
			"anim": "singUPmiss",
			"indices": [],
			"name": "miss up"
		},
		{
			"offsets": [
				13,
				8
			],
			"loop": false,
			"fps": 23,
			"anim": "singRIGHTmiss",
			"indices": [],
			"name": "miss right"
		},
		{
			"offsets": [
				-7,
				2
			],
			"loop": false,
			"fps": 24,
			"anim": "Animation",
			"indices": [],
			"name": "kyle anim1"
		},
		{
			"loop": false,
			"offsets": [
				141,
				249
			],
			"anim": "Death",
			"fps": 24,
			"name": "kenny dies",
			"indices": []
		},
		{
			"loop": false,
			"offsets": [
				-21,
				-101
			],
			"anim": "Dust",
			"fps": 24,
			"name": "dust",
			"indices": []
		},
		{
			"loop": false,
			"offsets": [
				-25,
				-104
			],
			"anim": "confirm",
			"fps": 24,
			"name": "confirm",
			"indices": []
		},
		{
			"offsets": [
				-2,
				1
			],
			"loop": false,
			"fps": 24,
			"anim": "Punch",
			"indices": [],
			"name": "kyle punch"
		},
		{
			"loop": false,
			"offsets": [
				-7,
				0
			],
			"anim": "Animation2",
			"fps": 24,
			"name": "kyle anim2",
			"indices": []
		}
	],
	"no_antialiasing": false,
	"image": "characters/kyle",
	"position": [
		170,
		470
	],
	"healthicon": "kyle",
	"flip_x": true,
	"healthbar_colors": [
		0,
		255,
		0
	],
	"camera_position": [
		70,
		-30
	],
	"sing_duration": 4,
	"scale": 1.1
}