{
	"animations": [
		{
			"offsets": [
				30,
				0
			],
			"loop": false,
			"fps": 24,
			"anim": "idle",
			"indices": [],
			"name": "Idle"
		},
		{
			"offsets": [
				-8,
				-15
			],
			"loop": false,
			"fps": 24,
			"anim": "singDOWN",
			"indices": [],
			"name": "Down"
		},
		{
			"offsets": [
				3,
				22
			],
			"loop": false,
			"fps": 24,
			"anim": "singUP",
			"indices": [],
			"name": "Up"
		},
		{
			"offsets": [
				-12,
				-4
			],
			"indices": [],
			"fps": 24,
			"anim": "singLEFT",
			"loop": false,
			"name": "Right"
		},
		{
			"offsets": [
				-16,
				0
			],
			"indices": [],
			"fps": 24,
			"anim": "singRIGHT",
			"loop": false,
			"name": "Left"
		}
	],
	"no_antialiasing": false,
	"image": "characters/Lamy_Holo_assets",
	"position": [
		130,
		250
	],
	"healthicon": "wamy",
	"flip_x": false,
	"healthbar_colors": [
		101,
		201,
		255
	],
	"camera_position": [
		20,
		50
	],
	"sing_duration": 4,
	"scale": 1
}