{
	"animations": [
		{
			"loop": false,
			"offsets": [
				30,
				0
			],
			"anim": "idle",
			"fps": 24,
			"name": "Idle",
			"indices": []
		},
		{
			"loop": false,
			"offsets": [
				38,
				-1
			],
			"anim": "singLEFT",
			"fps": 24,
			"name": "Left",
			"indices": []
		},
		{
			"loop": false,
			"offsets": [
				36,
				1
			],
			"anim": "singRIGHT",
			"fps": 24,
			"name": "Right",
			"indices": []
		},
		{
			"loop": false,
			"offsets": [
				49,
				-9
			],
			"anim": "singDOWN",
			"fps": 24,
			"name": "Down",
			"indices": []
		},
		{
			"loop": false,
			"offsets": [
				53,
				27
			],
			"anim": "singUP",
			"fps": 24,
			"name": "Up",
			"indices": []
		}
	],
	"no_antialiasing": false,
	"image": "characters/Lamy_Holo_assets",
	"position": [
		130,
		200
	],
	"healthicon": "wamy",
	"flip_x": false,
	"healthbar_colors": [
		101,
		201,
		255
	],
	"camera_position": [
		-70,
		50
	],
	"sing_duration": 4,
	"scale": 1
}