{
	"animations": [
		{
			"offsets": [
				0,
				0
			],
			"loop": false,
			"fps": 24,
			"anim": "idle",
			"indices": [],
			"name": "Idle"
		},
		{
			"offsets": [
				-1,
				-1
			],
			"loop": false,
			"fps": 24,
			"anim": "singLEFT",
			"indices": [],
			"name": "Left"
		},
		{
			"offsets": [
				-55,
				-2
			],
			"loop": false,
			"fps": 24,
			"anim": "singRIGHT",
			"indices": [],
			"name": "Right"
		},
		{
			"offsets": [
				0,
				2
			],
			"loop": false,
			"fps": 24,
			"anim": "singDOWN",
			"indices": [],
			"name": "Down"
		},
		{
			"offsets": [
				0,
				2
			],
			"loop": false,
			"fps": 24,
			"anim": "singUP",
			"indices": [],
			"name": "Up"
		}
	],
	"no_antialiasing": false,
	"image": "characters/Loona_assets",
	"position": [
		-270,
		0
	],
	"healthicon": "loony",
	"flip_x": false,
	"healthbar_colors": [
		211,
		209,
		219
	],
	"camera_position": [
		-130,
		-200
	],
	"sing_duration": 4,
	"scale": 1.2
}