{
	"animations": [
		{
			"loop": false,
			"offsets": [
				-9,
				3
			],
			"anim": "singRIGHT",
			"fps": 24,
			"name": "right0",
			"indices": []
		},
		{
			"loop": false,
			"offsets": [
				53,
				-5
			],
			"anim": "singLEFT",
			"fps": 24,
			"name": "left0",
			"indices": []
		},
		{
			"loop": false,
			"offsets": [
				-24,
				-21
			],
			"anim": "singDOWN",
			"fps": 24,
			"name": "down0",
			"indices": []
		},
		{
			"loop": false,
			"offsets": [
				68,
				25
			],
			"anim": "singUP",
			"fps": 24,
			"name": "up0",
			"indices": []
		},
		{
			"loop": false,
			"offsets": [
				0,
				1
			],
			"anim": "danceRight",
			"fps": 24,
			"name": "danceR",
			"indices": []
		},
		{
			"loop": false,
			"offsets": [
				5,
				-1
			],
			"anim": "danceLeft",
			"fps": 24,
			"name": "danceL",
			"indices": []
		},
		{
			"loop": false,
			"offsets": [
				315,
				405
			],
			"anim": "singRIGHTmiss",
			"fps": 24,
			"name": "right MISS",
			"indices": []
		},
		{
			"loop": false,
			"offsets": [
				74,
				-3
			],
			"anim": "singLEFTmiss",
			"fps": 24,
			"name": "left MISS",
			"indices": []
		},
		{
			"loop": false,
			"offsets": [
				73,
				388
			],
			"anim": "singDOWNmiss",
			"fps": 24,
			"name": "down MISS",
			"indices": []
		},
		{
			"loop": false,
			"offsets": [
				100,
				40
			],
			"anim": "singUPmiss",
			"fps": 24,
			"name": "up MISS",
			"indices": []
		}
	],
	"no_antialiasing": false,
	"image": "characters/lucy",
	"position": [
		70,
		-150
	],
	"healthicon": "lucy",
	"flip_x": false,
	"healthbar_colors": [
		170,
		52,
		63
	],
	"camera_position": [
		130,
		-70
	],
	"sing_duration": 4,
	"scale": 1
}