{
	"animations": [
		{
			"offsets": [
				0,
				0
			],
			"loop": false,
			"fps": 24,
			"anim": "idle",
			"indices": [],
			"name": "matpat idle",
			"playerOffsets": [
				0,
				0
			]
		},
		{
			"offsets": [
				166,
				-98
			],
			"loop": false,
			"fps": 24,
			"anim": "singLEFT",
			"indices": [],
			"name": "matpat left",
			"playerOffsets": [
				150,
				-18
			]
		},
		{
			"offsets": [
				60,
				-18
			],
			"loop": false,
			"fps": 24,
			"anim": "singRIGHT",
			"indices": [],
			"name": "matpat right",
			"playerOffsets": [
				80,
				-98
			]
		},
		{
			"offsets": [
				91,
				-190
			],
			"loop": false,
			"fps": 24,
			"anim": "singDOWN",
			"indices": [],
			"name": "matpat down",
			"playerOffsets": [
				110,
				-190
			]
		},
		{
			"offsets": [
				45,
				120
			],
			"loop": false,
			"fps": 24,
			"anim": "singUP",
			"indices": [],
			"name": "matpat up",
			"playerOffsets": [
				30,
				120
			]
		},
		{
			"loop": true,
			"offsets": [
				0,
				0
			],
			"anim": "idle-loop",
			"fps": 24,
			"name": "matpat idle",
			"indices": [
				10,
				11,
				12,
				13
			],
			"playerOffsets": [
				0,
				0
			]
		}
	],
	"no_antialiasing": false,
	"image": "characters/mack",
	"position": [
		0,
		85
	],
	"healthicon": "mack",
	"flip_x": false,
	"healthbar_colors": [
		130,
		86,
		71
	],
	"camera_position": [
		-50,
		140
	],
	"sing_duration": 4,
	"scale": 1
}