{
	"animations": [
		{
			"loop": false,
			"offsets": [
				-102,
				-109
			],
			"anim": "danceLeft",
			"fps": 20,
			"name": "DanceLeft",
			"indices": []
		},
		{
			"loop": false,
			"offsets": [
				-106,
				-109
			],
			"anim": "danceRight",
			"fps": 20,
			"name": "DanceRight",
			"indices": []
		}
	],
	"no_antialiasing": false,
	"image": "characters/Main2GF",
	"position": [
		60,
		-110
	],
	"healthicon": "gf",
	"flip_x": false,
	"healthbar_colors": [
		165,
		0,
		77
	],
	"camera_position": [
		0,
		0
	],
	"sing_duration": 4,
	"scale": 0.9
}