{
	"animations": [
		{
			"offsets": [
				275,
				54
			],
			"loop": false,
			"fps": 24,
			"anim": "singLEFT",
			"indices": [],
			"name": "SONICFUNLEFT"
		},
		{
			"offsets": [
				39,
				196
			],
			"loop": false,
			"fps": 24,
			"anim": "singUP",
			"indices": [],
			"name": "SONICFUNUP"
		},
		{
			"offsets": [
				51,
				45
			],
			"loop": false,
			"fps": 24,
			"anim": "singDOWN",
			"indices": [],
			"name": "SONICFUNDOWN"
		},
		{
			"offsets": [
				-51,
				133
			],
			"loop": false,
			"fps": 24,
			"anim": "singRIGHT",
			"indices": [],
			"name": "SONICFUNRIGHT"
		},
		{
			"offsets": [
				-42,
				183
			],
			"indices": [],
			"fps": 24,
			"anim": "idle",
			"loop": true,
			"name": "SONICFUNIDLE"
		}
	],
	"no_antialiasing": false,
	"image": "characters/SonicFunAssets",
	"position": [
		0,
		350
	],
	"healthicon": "majin",
	"flip_x": false,
	"healthbar_colors": [
		0,
		15,
		255
	],
	"camera_position": [
		-140,
		-50
	],
	"sing_duration": 4,
	"scale": 1
}