{
	"animations": [
		{
			"loop": false,
			"offsets": [
				136,
				190
			],
			"anim": "singLEFT",
			"fps": 32,
			"name": "Majin_LEFT",
			"indices": []
		},
		{
			"loop": false,
			"offsets": [
				9,
				280
			],
			"anim": "singUP",
			"fps": 32,
			"name": "Majin_UP",
			"indices": []
		},
		{
			"loop": false,
			"offsets": [
				36,
				91
			],
			"anim": "singDOWN",
			"fps": 32,
			"name": "Majin_DOWN",
			"indices": []
		},
		{
			"loop": false,
			"offsets": [
				-93,
				139
			],
			"anim": "singRIGHT",
			"fps": 32,
			"name": "Majin_RIGHT",
			"indices": []
		},
		{
			"loop": true,
			"offsets": [
				-32,
				173
			],
			"anim": "idle",
			"fps": 32,
			"name": "Majin_IDLE",
			"indices": []
		}
	],
	"no_antialiasing": false,
	"image": "characters/majinOG",
	"position": [
		170,
		400
	],
	"healthicon": "majin-og",
	"flip_x": false,
	"healthbar_colors": [
		1,
		2,
		214
	],
	"camera_position": [
		-160,
		-220
	],
	"sing_duration": 4,
	"scale": 1.5
}