{
	"animations": [
		{
			"loop": false,
			"offsets": [
				195,
				-122
			],
			"anim": "singLEFT",
			"fps": 24,
			"name": "LEFT instance",
			"indices": []
		},
		{
			"loop": false,
			"offsets": [
				0,
				-114
			],
			"anim": "singDOWN",
			"fps": 24,
			"name": "DOWN instance",
			"indices": []
		},
		{
			"loop": false,
			"offsets": [
				-6,
				50
			],
			"anim": "singUP",
			"fps": 24,
			"name": "UP instance",
			"indices": []
		},
		{
			"loop": false,
			"offsets": [
				0,
				0
			],
			"anim": "idle",
			"fps": 24,
			"name": "idle instance",
			"indices": []
		},
		{
			"loop": false,
			"offsets": [
				0,
				-25
			],
			"anim": "singRIGHT",
			"fps": 24,
			"name": "RIGHT instance",
			"indices": []
		}
	],
	"no_antialiasing": false,
	"image": "characters/majin sonic",
	"position": [
		-40,
		110
	],
	"healthicon": "majin sonic",
	"flip_x": false,
	"healthbar_colors": [
		55,
		0,
		255
	],
	"camera_position": [
		0,
		0
	],
	"sing_duration": 6.1,
	"scale": 1
}