{
	"animations": [
		{
			"offsets": [
				-50,
				10
			],
			"loop": false,
			"fps": 24,
			"anim": "singDOWN",
			"indices": [],
			"name": "mako down"
		},
		{
			"offsets": [
				80,
				11
			],
			"loop": false,
			"fps": 24,
			"anim": "singLEFT",
			"indices": [],
			"name": "mako left"
		},
		{
			"offsets": [
				40,
				40
			],
			"loop": false,
			"fps": 24,
			"anim": "singUP",
			"indices": [],
			"name": "mako up"
		},
		{
			"offsets": [
				-4,
				6
			],
			"loop": false,
			"fps": 24,
			"anim": "singRIGHT",
			"indices": [],
			"name": "mako right"
		},
		{
			"offsets": [
				0,
				0
			],
			"loop": false,
			"fps": 24,
			"anim": "idle",
			"indices": [],
			"name": "mako idle"
		}
	],
	"no_antialiasing": false,
	"image": "characters/Mako7w7_assets",
	"position": [
		100,
		110
	],
	"healthicon": "mako7w7",
	"flip_x": false,
	"healthbar_colors": [
		202,
		87,
		89
	],
	"camera_position": [
		100,
		-170
	],
	"sing_duration": 6.1,
	"scale": 1.2
}