{
	"animations": [
		{
			"loop": false,
			"offsets": [
				1,
				4
			],
			"anim": "singDOWN",
			"fps": 24,
			"name": "Down",
			"indices": []
		},
		{
			"loop": false,
			"offsets": [
				150,
				0
			],
			"anim": "singLEFT",
			"fps": 24,
			"name": "Left",
			"indices": []
		},
		{
			"loop": false,
			"offsets": [
				-1,
				86
			],
			"anim": "singUP",
			"fps": 24,
			"name": "Up",
			"indices": []
		},
		{
			"loop": false,
			"offsets": [
				122,
				3
			],
			"anim": "singRIGHT",
			"fps": 24,
			"name": "Right",
			"indices": []
		},
		{
			"loop": false,
			"offsets": [
				0,
				0
			],
			"anim": "idle",
			"fps": 24,
			"name": "Idle",
			"indices": []
		},
		{
			"offsets": [
				1,
				4
			],
			"indices": [
				0,
				1
			],
			"fps": 24,
			"anim": "singDOWN-loop",
			"loop": true,
			"name": "Down"
		},
		{
			"offsets": [
				150,
				0
			],
			"indices": [
				0,
				1
			],
			"fps": 24,
			"anim": "singLEFT-loop",
			"loop": true,
			"name": "Left"
		},
		{
			"offsets": [
				-1,
				86
			],
			"indices": [
				0,
				1
			],
			"fps": 24,
			"anim": "singUP-loop",
			"loop": true,
			"name": "Up"
		},
		{
			"offsets": [
				122,
				3
			],
			"indices": [
				0,
				1
			],
			"fps": 24,
			"anim": "singRIGHT-loop",
			"loop": true,
			"name": "Right"
		}
	],
	"no_antialiasing": false,
	"image": "characters/Mako7w7_closeup",
	"position": [
		170,
		70
	],
	"healthicon": "mako7w7",
	"flip_x": false,
	"healthbar_colors": [
		202,
		87,
		89
	],
	"camera_position": [
		-160,
		-130
	],
	"sing_duration": 6.1,
	"scale": 1
}