{
	"animations": [
		{
			"loop": false,
			"offsets": [
				-259,
				120
			],
			"anim": "idle",
			"fps": 24,
			"name": "mako idle",
			"indices": []
		},
		{
			"loop": false,
			"offsets": [
				-230,
				125
			],
			"anim": "singLEFT",
			"fps": 24,
			"name": "mako right",
			"indices": []
		},
		{
			"loop": false,
			"offsets": [
				-259,
				128
			],
			"anim": "singRIGHT",
			"fps": 24,
			"name": "mako left",
			"indices": []
		},
		{
			"loop": false,
			"offsets": [
				-193,
				118
			],
			"anim": "singDOWN",
			"fps": 24,
			"name": "mako down",
			"indices": []
		},
		{
			"loop": false,
			"offsets": [
				-258,
				153
			],
			"anim": "singUP",
			"fps": 24,
			"name": "mako up",
			"indices": []
		}
	],
	"no_antialiasing": false,
	"image": "characters/MAKO_7w7_player _virtualboy",
	"position": [
		-70,
		270
	],
	"healthicon": "mako7w7-player-virtualboy",
	"flip_x": false,
	"healthbar_colors": [
		225,
		0,
		0
	],
	"camera_position": [
		-220,
		-150
	],
	"sing_duration": 6,
	"scale": 1
}