{
	"animations": [
		{
			"offsets": [
				-259,
				120
			],
			"loop": false,
			"fps": 24,
			"anim": "idle",
			"indices": [],
			"name": "mako idle"
		},
		{
			"offsets": [
				-230,
				125
			],
			"loop": false,
			"fps": 24,
			"anim": "singLEFT",
			"indices": [],
			"name": "mako right"
		},
		{
			"offsets": [
				-259,
				128
			],
			"loop": false,
			"fps": 24,
			"anim": "singRIGHT",
			"indices": [],
			"name": "mako left"
		},
		{
			"offsets": [
				-193,
				118
			],
			"loop": false,
			"fps": 24,
			"anim": "singDOWN",
			"indices": [],
			"name": "mako down"
		},
		{
			"offsets": [
				-258,
				153
			],
			"loop": false,
			"fps": 24,
			"anim": "singUP",
			"indices": [],
			"name": "mako up"
		}
	],
	"no_antialiasing": false,
	"image": "characters/MAKO_7w7_player",
	"position": [
		-70,
		270
	],
	"healthicon": "mako7w7-player",
	"flip_x": false,
	"healthbar_colors": [
		202,
		87,
		89
	],
	"camera_position": [
		-100,
		-170
	],
	"sing_duration": 6,
	"scale": 1
}