{
	"animations": [
		{
			"loop": false,
			"offsets": [
				15,
				4
			],
			"anim": "singLEFT",
			"fps": 24,
			"name": "left",
			"indices": []
		},
		{
			"loop": false,
			"offsets": [
				-5,
				0
			],
			"anim": "idle",
			"fps": 24,
			"name": "idle",
			"indices": []
		},
		{
			"loop": false,
			"offsets": [
				-11,
				-23
			],
			"anim": "singDOWN",
			"fps": 24,
			"name": "down",
			"indices": []
		},
		{
			"loop": false,
			"offsets": [
				-10,
				16
			],
			"anim": "singUP",
			"fps": 24,
			"name": "up",
			"indices": []
		},
		{
			"loop": false,
			"offsets": [
				-15,
				-13
			],
			"anim": "singRIGHT",
			"fps": 24,
			"name": "right",
			"indices": []
		},
		{
			"loop": false,
			"offsets": [
				15,
				5
			],
			"anim": "singLEFTmiss",
			"fps": 24,
			"name": "left",
			"indices": []
		},
		{
			"loop": false,
			"offsets": [
				-11,
				-22
			],
			"anim": "singDOWNmiss",
			"fps": 24,
			"name": "down",
			"indices": []
		},
		{
			"loop": false,
			"offsets": [
				-11,
				16
			],
			"anim": "singUPmiss",
			"fps": 24,
			"name": "up",
			"indices": []
		},
		{
			"loop": false,
			"offsets": [
				-15,
				-13
			],
			"anim": "singRIGHTmiss",
			"fps": 24,
			"name": "right",
			"indices": []
		}
	],
	"no_antialiasing": false,
	"image": "characters/makovtplayer",
	"position": [
		120,
		220
	],
	"healthicon": "makovt",
	"flip_x": true,
	"healthbar_colors": [
		240,
		100,
		100
	],
	"camera_position": [
		0,
		90
	],
	"sing_duration": 4,
	"scale": 1
}