{
	"animations": [
		{
			"loop": false,
			"offsets": [
				-50,
				20
			],
			"anim": "singDOWN",
			"fps": 24,
			"name": "mako down",
			"indices": []
		},
		{
			"loop": false,
			"offsets": [
				68,
				9
			],
			"anim": "singLEFT",
			"fps": 24,
			"name": "mako left",
			"indices": []
		},
		{
			"loop": false,
			"offsets": [
				41,
				34
			],
			"anim": "singUP",
			"fps": 24,
			"name": "mako up",
			"indices": []
		},
		{
			"loop": false,
			"offsets": [
				-2,
				5
			],
			"anim": "singRIGHT",
			"fps": 24,
			"name": "mako right",
			"indices": []
		},
		{
			"loop": false,
			"offsets": [
				0,
				0
			],
			"anim": "idle",
			"fps": 24,
			"name": "mako idle",
			"indices": []
		}
	],
	"no_antialiasing": false,
	"image": "characters/Mako7w7_angry1",
	"position": [
		130,
		110
	],
	"healthicon": "mako7w7-angry",
	"flip_x": false,
	"healthbar_colors": [
		255,
		123,
		124
	],
	"camera_position": [
		10,
		-150
	],
	"sing_duration": 6.1,
	"scale": 1.2
}