{
	"animations": [
		{
			"loop": false,
			"offsets": [
				0,
				0
			],
			"anim": "idle",
			"fps": 24,
			"name": "Idle",
			"indices": []
		},
		{
			"loop": false,
			"offsets": [
				2,
				-1
			],
			"anim": "singLEFT",
			"fps": 24,
			"name": "Left",
			"indices": []
		},
		{
			"loop": false,
			"offsets": [
				0,
				-5
			],
			"anim": "singDOWN",
			"fps": 24,
			"name": "Down",
			"indices": []
		},
		{
			"loop": false,
			"offsets": [
				0,
				22
			],
			"anim": "singUP",
			"fps": 24,
			"name": "Up",
			"indices": []
		},
		{
			"loop": false,
			"offsets": [
				0,
				-5
			],
			"anim": "singRIGHT",
			"fps": 24,
			"name": "Right",
			"indices": []
		}
	],
	"no_antialiasing": false,
	"image": "characters/MaMiChikitaBackward",
	"position": [
		-110,
		270
	],
	"healthicon": "nanami-mami",
	"flip_x": false,
	"healthbar_colors": [
		251,
		225,
		128
	],
	"camera_position": [
		-60,
		-90
	],
	"sing_duration": 6.1,
	"scale": 1.2
}