{
	"animations": [
		{
			"loop": false,
			"offsets": [
				-3,
				-1
			],
			"fps": 24,
			"anim": "idle",
			"indices": [],
			"name": "BF idle dance"
		},
		{
			"loop": false,
			"offsets": [
				12,
				-6
			],
			"fps": 24,
			"anim": "singLEFT",
			"indices": [],
			"name": "BF NOTE LEFT0"
		},
		{
			"loop": false,
			"offsets": [
				-10,
				-50
			],
			"fps": 24,
			"anim": "singDOWN",
			"indices": [],
			"name": "BF NOTE DOWN0"
		},
		{
			"loop": false,
			"offsets": [
				-29,
				27
			],
			"fps": 24,
			"anim": "singUP",
			"indices": [],
			"name": "BF NOTE UP0"
		},
		{
			"loop": false,
			"offsets": [
				-38,
				-7
			],
			"fps": 24,
			"anim": "singRIGHT",
			"indices": [],
			"name": "BF NOTE RIGHT0"
		},
		{
			"loop": false,
			"offsets": [
				12,
				24
			],
			"fps": 24,
			"anim": "singLEFTmiss",
			"indices": [],
			"name": "BF NOTE LEFT MISS"
		},
		{
			"loop": false,
			"offsets": [
				-11,
				-19
			],
			"fps": 24,
			"anim": "singDOWNmiss",
			"indices": [],
			"name": "BF NOTE DOWN MISS"
		},
		{
			"loop": false,
			"offsets": [
				-29,
				27
			],
			"fps": 24,
			"anim": "singUPmiss",
			"indices": [],
			"name": "BF NOTE UP MISS"
		},
		{
			"loop": false,
			"offsets": [
				-30,
				21
			],
			"fps": 24,
			"anim": "singRIGHTmiss",
			"indices": [],
			"name": "BF NOTE RIGHT MISS"
		},
		{
			"loop": false,
			"offsets": [
				-3,
				5
			],
			"fps": 24,
			"anim": "hey",
			"indices": [],
			"name": "BF HEY"
		}
	],
	"no_antialiasing": false,
	"image": "characters/no_char",
	"position": [
		0,
		350
	],
	"healthicon": "megumin",
	"flip_x": true,
	"healthbar_colors": [
		89,
		62,
		67
	],
	"camera_position": [
		10,
		-40
	],
	"sing_duration": 4,
	"scale": 1
}