{
	"animations": [
		{
			"loop": false,
			"offsets": [
				-5,
				2
			],
			"anim": "idle",
			"fps": 24,
			"name": "Miku Idle Dance",
			"indices": []
		},
		{
			"loop": false,
			"offsets": [
				-83,
				-2
			],
			"anim": "singDOWN",
			"fps": 24,
			"name": "Miku Sing Down",
			"indices": []
		},
		{
			"loop": false,
			"offsets": [
				2,
				27
			],
			"anim": "singUP",
			"fps": 24,
			"name": "Miku Sing Up",
			"indices": []
		},
		{
			"loop": false,
			"offsets": [
				-13,
				0
			],
			"anim": "singRIGHT",
			"fps": 24,
			"name": "Miku Sing Right",
			"indices": []
		},
		{
			"loop": false,
			"offsets": [
				-27,
				1
			],
			"anim": "singLEFT",
			"fps": 24,
			"name": "Miku Sing Left",
			"indices": []
		},
		{
			"loop": false,
			"offsets": [
				-38,
				10
			],
			"anim": "scared",
			"fps": 24,
			"name": "Miku Idle Fear",
			"indices": []
		},
		{
			"loop": true,
			"offsets": [
				-38,
				10
			],
			"anim": "scared-loop",
			"fps": 24,
			"name": "Miku Idle Fear",
			"indices": [
				12,
				13,
				14,
				15,
				16,
				17,
				18,
				19
			]
		},
		{
			"offsets": [
				-35,
				9
			],
			"indices": [],
			"fps": 15,
			"anim": "giggle",
			"loop": false,
			"name": "Miku Giggles"
		}
	],
	"no_antialiasing": false,
	"image": "characters/miku_VARIANT_angry_assets",
	"position": [
		110,
		110
	],
	"healthicon": "miku-v2",
	"flip_x": false,
	"healthbar_colors": [
		95,
		156,
		205
	],
	"camera_position": [
		-50,
		-130
	],
	"sing_duration": 4,
	"scale": 1.2
}