{
	"animations": [
		{
			"offsets": [
				-5,
				0
			],
			"loop": false,
			"fps": 24,
			"anim": "idle",
			"indices": [],
			"name": "Miku idle dance"
		},
		{
			"offsets": [
				59,
				0
			],
			"loop": false,
			"fps": 24,
			"anim": "singLEFT",
			"indices": [],
			"name": "Miku Sing Note RIGHT0"
		},
		{
			"offsets": [
				0,
				0
			],
			"loop": false,
			"fps": 24,
			"anim": "singDOWN",
			"indices": [],
			"name": "Miku Sing Note DOWN0"
		},
		{
			"offsets": [
				-37,
				52
			],
			"loop": false,
			"fps": 24,
			"anim": "singUP",
			"indices": [],
			"name": "Miku Sing Note UP0"
		},
		{
			"offsets": [
				-70,
				0
			],
			"loop": false,
			"fps": 24,
			"anim": "singRIGHT",
			"indices": [],
			"name": "Miku Sing Note LEFT0"
		},
		{
			"offsets": [
				71,
				4
			],
			"loop": false,
			"fps": 24,
			"anim": "singLEFTmiss",
			"indices": [],
			"name": "Miku Sing Note RIGHT MISS"
		},
		{
			"offsets": [
				9,
				2
			],
			"loop": false,
			"fps": 24,
			"anim": "singDOWNmiss",
			"indices": [],
			"name": "Miku Sing Note DOWN MISS"
		},
		{
			"offsets": [
				-28,
				55
			],
			"loop": false,
			"fps": 24,
			"anim": "singUPmiss",
			"indices": [],
			"name": "Miku Sing Note UP MISS"
		},
		{
			"offsets": [
				-72,
				3
			],
			"loop": false,
			"fps": 24,
			"anim": "singRIGHTmiss",
			"indices": [],
			"name": "Miku Sing Note LEFT MISS"
		},
		{
			"offsets": [
				-14,
				6
			],
			"loop": false,
			"fps": 24,
			"anim": "hey",
			"indices": [],
			"name": "miku hey"
		}
	],
	"no_antialiasing": false,
	"image": "characters/miku_assets",
	"position": [
		50,
		-30
	],
	"healthicon": "hatsune-miku",
	"flip_x": false,
	"healthbar_colors": [
		50,
		205,
		204
	],
	"camera_position": [
		0,
		20
	],
	"sing_duration": 4,
	"scale": 1
}