{
	"animations": [
		{
			"loop": false,
			"offsets": [
				-5,
				0
			],
			"anim": "idle",
			"fps": 24,
			"name": "Idle",
			"indices": []
		},
		{
			"loop": false,
			"offsets": [
				23,
				0
			],
			"anim": "singLEFT",
			"fps": 24,
			"name": "Right",
			"indices": []
		},
		{
			"loop": false,
			"offsets": [
				-32,
				-7
			],
			"anim": "singDOWN",
			"fps": 24,
			"name": "Down",
			"indices": []
		},
		{
			"loop": false,
			"offsets": [
				-5,
				25
			],
			"anim": "singUP",
			"fps": 24,
			"name": "Up",
			"indices": []
		},
		{
			"loop": false,
			"offsets": [
				-27,
				2
			],
			"anim": "singRIGHT",
			"fps": 24,
			"name": "Left",
			"indices": []
		},
		{
			"offsets": [
				33,
				4
			],
			"loop": false,
			"fps": 24,
			"anim": "hey",
			"indices": [],
			"name": "Hey"
		}
	],
	"no_antialiasing": true,
	"image": "characters/MikuNakano_pixel",
	"position": [
		0,
		-40
	],
	"healthicon": "miku-nakano-pixel",
	"flip_x": false,
	"healthbar_colors": [
		175,
		88,
		78
	],
	"camera_position": [
		50,
		20
	],
	"sing_duration": 4,
	"scale": 0.9
}