{
	"animations": [
		{
			"loop": false,
			"offsets": [
				-5,
				2
			],
			"anim": "idle",
			"fps": 24,
			"name": "Miku Idle Dance",
			"indices": []
		},
		{
			"loop": false,
			"offsets": [
				-26,
				-97
			],
			"anim": "singDOWN",
			"fps": 24,
			"name": "Miku Sing Down",
			"indices": []
		},
		{
			"loop": false,
			"offsets": [
				-17,
				22
			],
			"anim": "singUP",
			"fps": 24,
			"name": "Miku Sing Up",
			"indices": []
		},
		{
			"loop": false,
			"offsets": [
				-20,
				-1
			],
			"anim": "singRIGHT",
			"fps": 24,
			"name": "Miku Sing Right",
			"indices": []
		},
		{
			"loop": false,
			"offsets": [
				-3,
				-1
			],
			"anim": "singLEFT",
			"fps": 24,
			"name": "Miku Sing Left",
			"indices": []
		},
		{
			"loop": false,
			"offsets": [
				-42,
				17
			],
			"anim": "sad",
			"fps": 24,
			"name": "Miku sad",
			"indices": []
		},
		{
			"loop": true,
			"offsets": [
				-42,
				17
			],
			"anim": "sad-loop",
			"fps": 24,
			"name": "Miku sad",
			"indices": [
				14,
				15,
				16,
				17,
				18,
				19,
				20
			]
		},
		{
			"loop": false,
			"offsets": [
				-38,
				10
			],
			"anim": "scared",
			"fps": 24,
			"name": "Miku Idle Fear",
			"indices": []
		},
		{
			"loop": true,
			"offsets": [
				-38,
				10
			],
			"anim": "scared-loop",
			"fps": 24,
			"name": "Miku Idle Fear",
			"indices": [
				12,
				13,
				14,
				15,
				16,
				17,
				18,
				19
			]
		}
	],
	"no_antialiasing": false,
	"image": "characters/miku_assetsv3",
	"position": [
		110,
		70
	],
	"healthicon": "miku-s2",
	"flip_x": false,
	"healthbar_colors": [
		147,
		77,
		73
	],
	"camera_position": [
		-20,
		-100
	],
	"sing_duration": 4,
	"scale": 1
}