{
	"animations": [
		{
			"loop": false,
			"offsets": [
				-5,
				2
			],
			"anim": "idle",
			"fps": 24,
			"name": "Miku Idle Dance",
			"indices": []
		},
		{
			"loop": false,
			"offsets": [
				35,
				-2
			],
			"anim": "singDOWN",
			"fps": 24,
			"name": "Miku Sing Down",
			"indices": []
		},
		{
			"loop": false,
			"offsets": [
				-54,
				27
			],
			"anim": "singUP",
			"fps": 24,
			"name": "Miku Sing Up",
			"indices": []
		},
		{
			"loop": false,
			"offsets": [
				-45,
				0
			],
			"anim": "singRIGHT",
			"fps": 24,
			"name": "Miku Sing Left",
			"indices": []
		},
		{
			"loop": false,
			"offsets": [
				-27,
				1
			],
			"anim": "singLEFT",
			"fps": 24,
			"name": "Miku Sing Right",
			"indices": []
		}
	],
	"no_antialiasing": false,
	"image": "characters/miku-s2_assets",
	"position": [
		110,
		110
	],
	"healthicon": "miku-s2",
	"flip_x": false,
	"healthbar_colors": [
		147,
		77,
		73
	],
	"camera_position": [
		10,
		-130
	],
	"sing_duration": 4,
	"scale": 1.2
}