{
	"animations": [
		{
			"offsets": [
				-5,
				2
			],
			"loop": false,
			"fps": 24,
			"anim": "idle",
			"indices": [],
			"name": "Miku Idle Dance"
		},
		{
			"offsets": [
				-83,
				-2
			],
			"loop": false,
			"fps": 24,
			"anim": "singDOWN",
			"indices": [],
			"name": "Miku Sing Down"
		},
		{
			"offsets": [
				2,
				27
			],
			"loop": false,
			"fps": 24,
			"anim": "singUP",
			"indices": [],
			"name": "Miku Sing Up"
		},
		{
			"offsets": [
				-13,
				0
			],
			"loop": false,
			"fps": 24,
			"anim": "singRIGHT",
			"indices": [],
			"name": "Miku Sing Right"
		},
		{
			"offsets": [
				-27,
				1
			],
			"loop": false,
			"fps": 24,
			"anim": "singLEFT",
			"indices": [],
			"name": "Miku Sing Left"
		}
	],
	"no_antialiasing": false,
	"image": "characters/miku-s2_assets",
	"position": [
		110,
		130
	],
	"healthicon": "miku-s2",
	"flip_x": false,
	"healthbar_colors": [
		189,
		228,
		235
	],
	"camera_position": [
		-50,
		-130
	],
	"sing_duration": 4,
	"scale": 1.2
}