{
	"animations": [
		{
			"offsets": [
				-5,
				2
			],
			"loop": false,
			"fps": 24,
			"anim": "idle",
			"indices": [],
			"name": "Miku Idle Dance"
		},
		{
			"offsets": [
				-39,
				-93
			],
			"loop": false,
			"fps": 24,
			"anim": "singDOWN",
			"indices": [],
			"name": "Miku Sing Down"
		},
		{
			"offsets": [
				-29,
				24
			],
			"loop": false,
			"fps": 24,
			"anim": "singUP",
			"indices": [],
			"name": "Miku Sing Up"
		},
		{
			"offsets": [
				-32,
				0
			],
			"loop": false,
			"fps": 24,
			"anim": "singRIGHT",
			"indices": [],
			"name": "Miku Sing Right"
		},
		{
			"offsets": [
				-14,
				0
			],
			"loop": false,
			"fps": 24,
			"anim": "singLEFT",
			"indices": [],
			"name": "Miku Sing Left"
		}
	],
	"no_antialiasing": false,
	"image": "characters/miku_assetsv3",
	"position": [
		110,
		70
	],
	"healthicon": "miku-s2",
	"flip_x": true,
	"healthbar_colors": [
		147,
		77,
		73
	],
	"camera_position": [
		-340,
		-100
	],
	"sing_duration": 4,
	"scale": 1
}