{
	"animations": [
		{
			"offsets": [
				-5,
				2
			],
			"loop": false,
			"fps": 24,
			"anim": "idle",
			"indices": [],
			"name": "Miku Idle Dance"
		},
		{
			"offsets": [
				-83,
				-2
			],
			"loop": false,
			"fps": 24,
			"anim": "singDOWN",
			"indices": [],
			"name": "Miku Sing Down"
		},
		{
			"offsets": [
				2,
				27
			],
			"loop": false,
			"fps": 24,
			"anim": "singUP",
			"indices": [],
			"name": "Miku Sing Up"
		},
		{
			"offsets": [
				-13,
				0
			],
			"loop": false,
			"fps": 24,
			"anim": "singRIGHT",
			"indices": [],
			"name": "Miku Sing Right"
		},
		{
			"offsets": [
				-27,
				1
			],
			"loop": false,
			"fps": 24,
			"anim": "singLEFT",
			"indices": [],
			"name": "Miku Sing Left"
		},
		{
			"offsets": [
				-38,
				10
			],
			"loop": false,
			"fps": 24,
			"anim": "scared",
			"indices": [],
			"name": "Miku Idle Fear"
		},
		{
			"offsets": [
				-38,
				10
			],
			"loop": true,
			"fps": 24,
			"anim": "scared-loop",
			"indices": [
				12,
				13,
				14,
				15,
				16,
				17,
				18,
				19
			],
			"name": "Miku Idle Fear"
		},
		{
			"loop": false,
			"offsets": [
				-35,
				9
			],
			"anim": "giggle",
			"fps": 15,
			"name": "Miku Giggles",
			"indices": []
		}
	],
	"no_antialiasing": true,
	"image": "characters/miku_VARIANT_angry_assets",
	"position": [
		-600,
		110
	],
	"healthicon": "miku-s2",
	"flip_x": true,
	"healthbar_colors": [
		147,
		77,
		73
	],
	"camera_position": [
		-200,
		-130
	],
	"sing_duration": 4,
	"scale": 1.2
}