{
	"animations": [
		{
			"offsets": [
				-5,
				0
			],
			"indices": [],
			"fps": 24,
			"anim": "idle",
			"loop": false,
			"name": "Idle"
		},
		{
			"offsets": [
				12,
				0
			],
			"indices": [],
			"fps": 24,
			"anim": "singLEFT",
			"loop": false,
			"name": "Left"
		},
		{
			"offsets": [
				-5,
				-8
			],
			"indices": [],
			"fps": 24,
			"anim": "singDOWN",
			"loop": false,
			"name": "Down"
		},
		{
			"offsets": [
				-5,
				25
			],
			"indices": [],
			"fps": 24,
			"anim": "singUP",
			"loop": false,
			"name": "Up"
		},
		{
			"offsets": [
				40,
				2
			],
			"indices": [],
			"fps": 24,
			"anim": "singRIGHT",
			"loop": false,
			"name": "Right"
		}
	],
	"no_antialiasing": false,
	"image": "characters/MikuNakano_assets",
	"position": [
		70,
		30
	],
	"healthicon": "miku-nakano",
	"flip_x": false,
	"healthbar_colors": [
		175,
		88,
		78
	],
	"camera_position": [
		20,
		-80
	],
	"sing_duration": 4,
	"scale": 1
}