{
	"animations": [
		{
			"loop": false,
			"offsets": [
				0,
				0
			],
			"anim": "singLEFTmiss",
			"fps": 22,
			"name": "MIKU LEFT MISS",
			"indices": []
		},
		{
			"loop": false,
			"offsets": [
				0,
				0
			],
			"anim": "singLEFT",
			"fps": 22,
			"name": "MIKU LEFT NOTE",
			"indices": []
		},
		{
			"loop": false,
			"offsets": [
				0,
				0
			],
			"anim": "singUPmiss",
			"fps": 22,
			"name": "MIKU UP MISS",
			"indices": []
		},
		{
			"loop": false,
			"offsets": [
				0,
				0
			],
			"anim": "singUP",
			"fps": 22,
			"name": "MIKU UP NOTE",
			"indices": []
		},
		{
			"loop": false,
			"offsets": [
				0,
				0
			],
			"anim": "singRIGHT",
			"fps": 23,
			"name": "MIKU RIGHT NOTE",
			"indices": []
		},
		{
			"loop": false,
			"offsets": [
				0,
				0
			],
			"anim": "singRIGHTmiss",
			"fps": 22,
			"name": "MIKU RIGHT MISS",
			"indices": []
		},
		{
			"loop": false,
			"offsets": [
				0,
				0
			],
			"anim": "singDOWN",
			"fps": 22,
			"name": "MIKU DOWN NOTE",
			"indices": []
		},
		{
			"loop": false,
			"offsets": [
				0,
				0
			],
			"anim": "singDOWNmiss",
			"fps": 22,
			"name": "MIKU DOWN MISS",
			"indices": []
		},
		{
			"loop": false,
			"offsets": [
				-1,
				0
			],
			"fps": 20,
			"anim": "scared",
			"indices": [],
			"name": "MIKU scared"
		},
		{
			"loop": false,
			"offsets": [
				0,
				0
			],
			"anim": "singLEFT-alt",
			"fps": 22,
			"name": "MIKU ALT LEFT NOTE",
			"indices": []
		},
		{
			"loop": false,
			"offsets": [
				0,
				0
			],
			"anim": "singUP-alt",
			"fps": 22,
			"name": "MIKU ALT UP NOTE",
			"indices": []
		},
		{
			"loop": false,
			"offsets": [
				0,
				0
			],
			"anim": "singRIGHT-alt",
			"fps": 23,
			"name": "MIKU ALT RIGHT NOTE",
			"indices": []
		},
		{
			"loop": false,
			"offsets": [
				0,
				0
			],
			"anim": "singDOWN-alt",
			"fps": 22,
			"name": "MIKU ALT DOWN NOTE",
			"indices": []
		},
		{
			"loop": false,
			"offsets": [
				-1,
				0
			],
			"fps": 22,
			"anim": "hey",
			"indices": [],
			"name": "MIKU Yeah"
		},
		{
			"offsets": [
				2,
				0
			],
			"indices": [],
			"fps": 20,
			"anim": "idle",
			"loop": false,
			"name": "MIKU IDLE"
		}
	],
	"no_antialiasing": true,
	"image": "characters/miku-pixel",
	"position": [
		10,
		380
	],
	"healthicon": "mikuPixel",
	"flip_x": false,
	"healthbar_colors": [
		127,
		226,
		243
	],
	"camera_position": [
		-190,
		-200
	],
	"sing_duration": 4,
	"scale": 6
}