{
	"animations": [
		{
			"offsets": [
				1,
				0
			],
			"loop": false,
			"fps": 24,
			"anim": "danceLeft",
			"indices": [],
			"name": "OP idle dance1"
		},
		{
			"offsets": [
				0,
				0
			],
			"loop": false,
			"fps": 24,
			"anim": "danceRight",
			"indices": [],
			"name": "OP idle dance2"
		},
		{
			"offsets": [
				-32,
				-35
			],
			"loop": false,
			"fps": 24,
			"anim": "singDOWN",
			"indices": [],
			"name": "OP NOTE DOWN0"
		},
		{
			"offsets": [
				-17,
				13
			],
			"loop": false,
			"fps": 24,
			"anim": "singUP",
			"indices": [],
			"name": "OP NOTE UP0"
		},
		{
			"offsets": [
				60,
				0
			],
			"indices": [],
			"fps": 24,
			"anim": "singLEFT",
			"loop": false,
			"name": "OP NOTE RIGHT0"
		},
		{
			"offsets": [
				-41,
				-1
			],
			"indices": [],
			"fps": 24,
			"anim": "singRIGHT",
			"loop": false,
			"name": "OP NOTE LEFT0"
		}
	],
	"no_antialiasing": false,
	"image": "characters/mion",
	"position": [
		70,
		190
	],
	"healthicon": "mion",
	"flip_x": true,
	"healthbar_colors": [
		255,
		232,
		227
	],
	"camera_position": [
		100,
		-30
	],
	"sing_duration": 4,
	"scale": 1
}