{
	"animations": [
		{
			"offsets": [
				81,
				-75
			],
			"loop": false,
			"fps": 24,
			"anim": "singLEFT",
			"indices": [],
			"name": "MissaPensandoLEFT"
		},
		{
			"offsets": [
				44,
				-73
			],
			"loop": false,
			"fps": 24,
			"anim": "singRIGHT",
			"indices": [],
			"name": "MissaPensandoRIGHT"
		},
		{
			"offsets": [
				-25,
				-163
			],
			"loop": false,
			"fps": 24,
			"anim": "singDOWN",
			"indices": [],
			"name": "MissaPensandoDOWN"
		},
		{
			"offsets": [
				29,
				-91
			],
			"loop": false,
			"fps": 24,
			"anim": "singUP",
			"indices": [],
			"name": "MissaPensandoUP"
		},
		{
			"loop": true,
			"offsets": [
				-1,
				-70
			],
			"anim": "idle-loop",
			"fps": 24,
			"name": "MissaPensandoIdle",
			"indices": []
		},
		{
			"loop": false,
			"offsets": [
				0,
				-70
			],
			"anim": "idle",
			"fps": 24,
			"name": "MissaPensandoIdle",
			"indices": []
		}
	],
	"no_antialiasing": false,
	"image": "characters/Missa_Navidad_1",
	"position": [
		0,
		0
	],
	"healthicon": "missa",
	"flip_x": false,
	"healthbar_colors": [
		40,
		40,
		40
	],
	"camera_position": [
		-60,
		170
	],
	"sing_duration": 4,
	"scale": 1
}