{
	"animations": [
		{
			"offsets": [
				290,
				501
			],
			"loop": false,
			"fps": 24,
			"anim": "firstDeath",
			"indices": [],
			"name": "Missa dies"
		},
		{
			"offsets": [
				-263,
				89
			],
			"loop": false,
			"fps": 24,
			"anim": "deathConfirm",
			"indices": [],
			"name": "Missa Dead confirm"
		},
		{
			"offsets": [
				-283,
				32
			],
			"loop": true,
			"fps": 24,
			"anim": "deathLoop",
			"indices": [],
			"name": "Missa Dead Loop"
		}
	],
	"no_antialiasing": false,
	"image": "characters/Missa_Dead",
	"position": [
		0,
		350
	],
	"healthicon": "missa",
	"flip_x": true,
	"healthbar_colors": [
		40,
		40,
		40
	],
	"camera_position": [
		0,
		0
	],
	"sing_duration": 4,
	"scale": 1
}