{
	"animations": [
		{
			"loop": false,
			"offsets": [
				-24,
				-162
			],
			"anim": "singDOWN",
			"fps": 24,
			"name": "Missa ABAJO",
			"indices": []
		},
		{
			"loop": false,
			"offsets": [
				30,
				-90
			],
			"anim": "singUP",
			"fps": 24,
			"name": "Missa ARRIBA",
			"indices": []
		},
		{
			"loop": true,
			"offsets": [
				-1,
				-70
			],
			"anim": "idle-loop",
			"fps": 24,
			"name": "MissaIdle2",
			"indices": []
		},
		{
			"loop": false,
			"offsets": [
				-1,
				-70
			],
			"anim": "idle",
			"fps": 24,
			"name": "MissaIdle2",
			"indices": []
		},
		{
			"offsets": [
				42,
				-75
			],
			"indices": [],
			"fps": 24,
			"anim": "singRIGHT",
			"loop": false,
			"name": "Missa IZQUIERDA"
		},
		{
			"offsets": [
				83,
				-78
			],
			"indices": [],
			"fps": 24,
			"anim": "singLEFT",
			"loop": false,
			"name": "Missa DERECHA"
		}
	],
	"no_antialiasing": false,
	"image": "characters/Missa_Navidad_2",
	"position": [
		0,
		0
	],
	"healthicon": "missa",
	"flip_x": true,
	"healthbar_colors": [
		40,
		40,
		40
	],
	"camera_position": [
		-60,
		170
	],
	"sing_duration": 4,
	"scale": 1
}