{
	"animations": [
		{
			"loop": true,
			"offsets": [
				-12,
				2
			],
			"anim": "idle",
			"fps": 24,
			"name": "missingno idle",
			"indices": []
		},
		{
			"loop": false,
			"offsets": [
				-2,
				2
			],
			"anim": "singDOWN",
			"fps": 24,
			"name": "missingno down",
			"indices": []
		},
		{
			"loop": false,
			"offsets": [
				-21,
				3
			],
			"anim": "singUP",
			"fps": 24,
			"name": "missingno up",
			"indices": []
		},
		{
			"loop": false,
			"offsets": [
				-10,
				-1
			],
			"anim": "singLEFT",
			"fps": 24,
			"name": "missingno left",
			"indices": []
		},
		{
			"loop": false,
			"offsets": [
				-11,
				3
			],
			"anim": "singRIGHT",
			"fps": 24,
			"name": "missingno right",
			"indices": []
		}
	],
	"no_antialiasing": true,
	"image": "characters/Missingno",
	"position": [
		350,
		340
	],
	"healthicon": "missingno",
	"flip_x": false,
	"healthbar_colors": [
		255,
		254,
		248
	],
	"camera_position": [
		-300,
		-150
	],
	"sing_duration": 4,
	"scale": 5
}