{
	"animations": [
		{
			"loop": true,
			"offsets": [
				-67,
				273
			],
			"anim": "scared",
			"fps": 24,
			"name": "BF idle shaking",
			"indices": []
		},
		{
			"loop": false,
			"offsets": [
				37,
				11
			],
			"anim": "firstDeath",
			"fps": 24,
			"name": "BF dies",
			"indices": []
		},
		{
			"loop": true,
			"offsets": [
				37,
				5
			],
			"anim": "deathLoop",
			"fps": 24,
			"name": "BF Dead Loop",
			"indices": []
		},
		{
			"loop": false,
			"offsets": [
				37,
				69
			],
			"anim": "deathConfirm",
			"fps": 24,
			"name": "BF Dead confirm",
			"indices": []
		},
		{
			"loop": true,
			"offsets": [
				-5,
				280
			],
			"anim": "idle",
			"fps": 24,
			"name": "MissaIdle",
			"indices": []
		},
		{
			"loop": false,
			"offsets": [
				44,
				278
			],
			"anim": "singLEFT",
			"fps": 24,
			"name": "Missa IZQUIERDA",
			"indices": []
		},
		{
			"loop": false,
			"offsets": [
				15,
				174
			],
			"anim": "singDOWN",
			"fps": 24,
			"name": "Missa ABAJO",
			"indices": []
		},
		{
			"loop": false,
			"offsets": [
				-24,
				295
			],
			"anim": "singUP",
			"fps": 24,
			"name": "Missa ARRIBA",
			"indices": []
		},
		{
			"loop": false,
			"offsets": [
				-62,
				270
			],
			"anim": "singRIGHT",
			"fps": 24,
			"name": "Missa DERECHA",
			"indices": []
		},
		{
			"loop": false,
			"offsets": [
				49,
				278
			],
			"anim": "singLEFTmiss",
			"fps": 24,
			"name": "MissaLEFTMISS",
			"indices": []
		},
		{
			"loop": false,
			"offsets": [
				11,
				169
			],
			"anim": "singDOWNmiss",
			"fps": 24,
			"name": "MissaDOWNMISS",
			"indices": []
		},
		{
			"loop": false,
			"offsets": [
				-18,
				293
			],
			"anim": "singUPmiss",
			"fps": 24,
			"name": "MissaUPMISS",
			"indices": []
		},
		{
			"loop": false,
			"offsets": [
				-69,
				273
			],
			"anim": "singRIGHTmiss",
			"fps": 24,
			"name": "MissaRIGHTMISS",
			"indices": []
		}
	],
	"no_antialiasing": false,
	"image": "characters/Missa_Player",
	"position": [
		0,
		350
	],
	"healthicon": "missa",
	"flip_x": true,
	"healthbar_colors": [
		40,
		40,
		40
	],
	"camera_position": [
		-130,
		-160
	],
	"sing_duration": 4,
	"scale": 1
}