{
	"animations": [
		{
			"loop": false,
			"offsets": [
				0,
				0
			],
			"anim": "idle",
			"fps": 24,
			"name": "IdleDance",
			"indices": [
				0,
				1,
				2,
				3,
				4
			]
		},
		{
			"loop": true,
			"offsets": [
				0,
				0
			],
			"anim": "idle-loop",
			"fps": 24,
			"name": "IdleDance",
			"indices": [
				5,
				6,
				7,
				8,
				9,
				10
			]
		},
		{
			"offsets": [
				1,
				0
			],
			"loop": true,
			"fps": 24,
			"anim": "idle-alt",
			"indices": [],
			"name": "IdleColorBlacc"
		},
		{
			"offsets": [
				184,
				-40
			],
			"loop": false,
			"fps": 24,
			"anim": "singLEFT",
			"indices": [],
			"name": "LeftNote"
		},
		{
			"offsets": [
				-38,
				-234
			],
			"loop": false,
			"fps": 24,
			"anim": "singDOWN",
			"indices": [],
			"name": "DownNote"
		},
		{
			"offsets": [
				129,
				393
			],
			"loop": false,
			"fps": 24,
			"anim": "singUP",
			"indices": [],
			"name": "UpNote"
		},
		{
			"offsets": [
				-12,
				58
			],
			"loop": false,
			"fps": 24,
			"anim": "singRIGHT",
			"indices": [],
			"name": "RightNote"
		},
		{
			"offsets": [
				130,
				93
			],
			"loop": true,
			"fps": 24,
			"anim": "die",
			"indices": [],
			"name": "AnimationShit"
		},
		{
			"loop": false,
			"offsets": [
				5,
				151
			],
			"anim": "laugh",
			"fps": 24,
			"name": "Laugh",
			"indices": []
		}
	],
	"no_antialiasing": false,
	"image": "characters/Sad_Mokey_Crazy_Lmao_Assets",
	"position": [
		-120,
		235
	],
	"healthicon": "crazy-mokey",
	"flip_x": false,
	"healthbar_colors": [
		84,
		84,
		104
	],
	"camera_position": [
		-50,
		0
	],
	"sing_duration": 4.00000000000001,
	"scale": 1
}