{
	"animations": [
		{
			"offsets": [
				-5,
				0
			],
			"loop": true,
			"fps": 24,
			"anim": "idle",
			"indices": [],
			"name": "BF idle dance"
		},
		{
			"offsets": [
				-30,
				-30
			],
			"loop": false,
			"fps": 24,
			"anim": "singDOWN",
			"indices": [],
			"name": "BF NOTE DOWN0"
		},
		{
			"offsets": [
				-71,
				45
			],
			"loop": false,
			"fps": 24,
			"anim": "singUP",
			"indices": [],
			"name": "BF NOTE UP0"
		},
		{
			"loop": false,
			"offsets": [
				26,
				3
			],
			"anim": "singLEFT",
			"fps": 24,
			"name": "BF NOTE RIGHT0",
			"indices": []
		},
		{
			"loop": false,
			"offsets": [
				-47,
				13
			],
			"anim": "singRIGHT",
			"fps": 24,
			"name": "BF NOTE LEFT0",
			"indices": []
		}
	],
	"no_antialiasing": false,
	"image": "characters/MomosuzuNeneCrazy-BadEnding",
	"position": [
		50,
		300
	],
	"healthicon": "momosuzu-nene-crazy",
	"flip_x": true,
	"healthbar_colors": [
		255,
		215,
		120
	],
	"camera_position": [
		0,
		0
	],
	"sing_duration": 4,
	"scale": 1
}