{
	"animations": [
		{
			"loop": false,
			"offsets": [
				-5,
				0
			],
			"anim": "idle",
			"fps": 24,
			"name": "BF idle dance",
			"indices": []
		},
		{
			"loop": false,
			"offsets": [
				9,
				-26
			],
			"anim": "singDOWN",
			"fps": 24,
			"name": "BF NOTE DOWN0",
			"indices": []
		},
		{
			"loop": false,
			"offsets": [
				-54,
				36
			],
			"anim": "singUP",
			"fps": 24,
			"name": "BF NOTE UP0",
			"indices": []
		},
		{
			"loop": false,
			"offsets": [
				-5,
				-1
			],
			"anim": "hey",
			"fps": 24,
			"name": "BF HEY",
			"indices": []
		},
		{
			"offsets": [
				-13,
				12
			],
			"indices": [],
			"fps": 24,
			"anim": "singRIGHT",
			"loop": false,
			"name": "BF NOTE LEFT0"
		},
		{
			"offsets": [
				47,
				11
			],
			"indices": [],
			"fps": 24,
			"anim": "singLEFT",
			"loop": false,
			"name": "BF NOTE RIGHT0"
		}
	],
	"no_antialiasing": false,
	"image": "characters/Momosuzu_Nene_EXE",
	"position": [
		50,
		300
	],
	"healthicon": "momosuzu-nene-exe",
	"flip_x": true,
	"healthbar_colors": [
		80,
		80,
		80
	],
	"camera_position": [
		0,
		0
	],
	"sing_duration": 4,
	"scale": 1
}