{
	"animations": [
		{
			"loop": false,
			"offsets": [
				-5,
				0
			],
			"anim": "idle",
			"fps": 24,
			"name": "BF idle dance",
			"indices": []
		},
		{
			"loop": false,
			"offsets": [
				7,
				13
			],
			"anim": "singLEFT",
			"fps": 24,
			"name": "BF NOTE LEFT0",
			"indices": []
		},
		{
			"loop": false,
			"offsets": [
				-30,
				-30
			],
			"anim": "singDOWN",
			"fps": 24,
			"name": "BF NOTE DOWN0",
			"indices": []
		},
		{
			"loop": false,
			"offsets": [
				-34,
				36
			],
			"anim": "singUP",
			"fps": 24,
			"name": "BF NOTE UP0",
			"indices": []
		},
		{
			"loop": false,
			"offsets": [
				-43,
				4
			],
			"anim": "singRIGHT",
			"fps": 24,
			"name": "BF NOTE RIGHT0",
			"indices": []
		},
		{
			"loop": false,
			"offsets": [
				7,
				13
			],
			"anim": "singLEFTmiss",
			"fps": 24,
			"name": "BF NOTE LEFT MISS",
			"indices": []
		},
		{
			"loop": false,
			"offsets": [
				-28,
				-16
			],
			"anim": "singDOWNmiss",
			"fps": 24,
			"name": "BF NOTE DOWN MISS",
			"indices": []
		},
		{
			"loop": false,
			"offsets": [
				11,
				45
			],
			"anim": "singUPmiss",
			"fps": 24,
			"name": "BF NOTE UP MISS",
			"indices": []
		},
		{
			"loop": false,
			"offsets": [
				-42,
				10
			],
			"anim": "singRIGHTmiss",
			"fps": 24,
			"name": "BF NOTE RIGHT MISS",
			"indices": []
		},
		{
			"loop": false,
			"offsets": [
				-5,
				-1
			],
			"anim": "hey",
			"fps": 24,
			"name": "BF HEY",
			"indices": []
		},
		{
			"loop": true,
			"offsets": [
				-15,
				0
			],
			"anim": "scared",
			"fps": 24,
			"name": "BF idle shaking",
			"indices": []
		},
		{
			"loop": false,
			"offsets": [
				-7,
				0
			],
			"anim": "scream",
			"fps": 24,
			"name": "Nene Scream",
			"indices": []
		},
		{
			"loop": false,
			"offsets": [
				-4,
				-1
			],
			"anim": "idle-alt",
			"fps": 24,
			"name": "Nene Idle Alt",
			"indices": []
		},
		{
			"loop": true,
			"offsets": [
				0,
				0
			],
			"anim": "scared-alt",
			"fps": 24,
			"name": "Nene Scared Alt",
			"indices": []
		}
	],
	"no_antialiasing": false,
	"image": "characters/Momosuzu_Nene_01take",
	"position": [
		70,
		300
	],
	"healthicon": "momosuzu-nene",
	"flip_x": true,
	"healthbar_colors": [
		255,
		215,
		120
	],
	"camera_position": [
		140,
		-30
	],
	"sing_duration": 4,
	"scale": 1
}