{
	"animations": [
		{
			"offsets": [
				-4,
				0
			],
			"loop": false,
			"fps": 24,
			"anim": "idle",
			"indices": [],
			"name": "BF idle dance"
		},
		{
			"offsets": [
				-30,
				-30
			],
			"loop": false,
			"fps": 24,
			"anim": "singDOWN",
			"indices": [],
			"name": "BF NOTE DOWN0"
		},
		{
			"offsets": [
				-71,
				43
			],
			"loop": false,
			"fps": 24,
			"anim": "singUP",
			"indices": [],
			"name": "BF NOTE UP0"
		},
		{
			"loop": false,
			"offsets": [
				46,
				2
			],
			"anim": "singLEFT",
			"fps": 24,
			"name": "BF NOTE RIGHT0",
			"indices": []
		},
		{
			"loop": false,
			"offsets": [
				-47,
				13
			],
			"anim": "singRIGHT",
			"fps": 24,
			"name": "BF NOTE LEFT0",
			"indices": []
		},
		{
			"offsets": [
				-17,
				0
			],
			"indices": [],
			"fps": 24,
			"anim": "pre-scream",
			"loop": false,
			"name": "preScream"
		},
		{
			"offsets": [
				-16,
				0
			],
			"indices": [],
			"fps": 24,
			"anim": "face-in",
			"loop": false,
			"name": "faceIn"
		},
		{
			"offsets": [
				345,
				3
			],
			"indices": [],
			"fps": 24,
			"anim": "crazy",
			"loop": false,
			"name": "EyesOff"
		}
	],
	"no_antialiasing": false,
	"image": "characters/MomosuzuNeneNoFace-BadEnding",
	"position": [
		50,
		300
	],
	"healthicon": "momosuzu-nene",
	"flip_x": true,
	"healthbar_colors": [
		255,
		215,
		120
	],
	"camera_position": [
		0,
		0
	],
	"sing_duration": 4,
	"scale": 1
}