{
	"animations": [
		{
			"offsets": [
				-5,
				0
			],
			"loop": false,
			"fps": 24,
			"anim": "idle",
			"indices": [],
			"name": "BF idle dance"
		},
		{
			"offsets": [
				-30,
				-30
			],
			"loop": false,
			"fps": 24,
			"anim": "singDOWN",
			"indices": [],
			"name": "BF NOTE DOWN0"
		},
		{
			"offsets": [
				-46,
				41
			],
			"loop": false,
			"fps": 24,
			"anim": "singUP",
			"indices": [],
			"name": "BF NOTE UP0"
		},
		{
			"offsets": [
				7,
				13
			],
			"loop": false,
			"fps": 24,
			"anim": "singLEFTmiss",
			"indices": [],
			"name": "BF NOTE LEFT MISS"
		},
		{
			"offsets": [
				-28,
				-16
			],
			"loop": false,
			"fps": 24,
			"anim": "singDOWNmiss",
			"indices": [],
			"name": "BF NOTE DOWN MISS"
		},
		{
			"offsets": [
				11,
				45
			],
			"loop": false,
			"fps": 24,
			"anim": "singUPmiss",
			"indices": [],
			"name": "BF NOTE UP MISS"
		},
		{
			"offsets": [
				-42,
				10
			],
			"loop": false,
			"fps": 24,
			"anim": "singRIGHTmiss",
			"indices": [],
			"name": "BF NOTE RIGHT MISS"
		},
		{
			"offsets": [
				-16,
				-1
			],
			"loop": false,
			"fps": 24,
			"anim": "hey",
			"indices": [],
			"name": "BF HEY"
		},
		{
			"offsets": [
				-12,
				0
			],
			"loop": true,
			"fps": 24,
			"anim": "scared",
			"indices": [],
			"name": "BF idle shaking"
		},
		{
			"offsets": [
				-15,
				0
			],
			"loop": false,
			"fps": 24,
			"anim": "scream",
			"indices": [],
			"name": "Nene Scream"
		},
		{
			"offsets": [
				-4,
				-1
			],
			"loop": false,
			"fps": 24,
			"anim": "idle-alt",
			"indices": [],
			"name": "Nene Idle Alt"
		},
		{
			"offsets": [
				0,
				0
			],
			"loop": true,
			"fps": 24,
			"anim": "scared-alt",
			"indices": [],
			"name": "Nene Scared Alt"
		},
		{
			"loop": false,
			"offsets": [
				27,
				3
			],
			"anim": "singLEFT",
			"fps": 24,
			"name": "BF NOTE RIGHT0",
			"indices": []
		},
		{
			"loop": false,
			"offsets": [
				-24,
				14
			],
			"anim": "singRIGHT",
			"fps": 24,
			"name": "BF NOTE LEFT0",
			"indices": []
		}
	],
	"no_antialiasing": false,
	"image": "characters/Momosuzu_Nene_01take",
	"position": [
		50,
		300
	],
	"healthicon": "momosuzu-nene",
	"flip_x": true,
	"healthbar_colors": [
		255,
		215,
		120
	],
	"camera_position": [
		30,
		0
	],
	"sing_duration": 4,
	"scale": 1
}