{
	"animations": [
		{
			"offsets": [
				861,
				650
			],
			"loop": false,
			"anim": "singLEFT",
			"fps": 24,
			"name": "monikap2 left",
			"indices": []
		},
		{
			"offsets": [
				740,
				640
			],
			"loop": false,
			"anim": "singDOWN",
			"fps": 24,
			"name": "monikap2 down",
			"indices": []
		},
		{
			"offsets": [
				744,
				670
			],
			"loop": false,
			"anim": "singUP",
			"fps": 24,
			"name": "monikap2 up",
			"indices": []
		},
		{
			"offsets": [
				740,
				637
			],
			"loop": false,
			"anim": "singRIGHT",
			"fps": 24,
			"name": "monikap2 right",
			"indices": []
		},
		{
			"offsets": [
				750,
				640
			],
			"loop": false,
			"anim": "idle",
			"fps": 24,
			"name": "monikap2 idle",
			"indices": []
		},
		{
			"offsets": [
				0,
				0
			],
			"loop": true,
			"fps": 24,
			"anim": "idle-loop",
			"indices": [
				10,
				11,
				12,
				12
			],
			"name": "Dad idle dance"
		},
		{
			"offsets": [
				-9,
				10
			],
			"loop": true,
			"fps": 24,
			"anim": "singLEFT-loop",
			"indices": [
				12,
				13,
				14,
				15
			],
			"name": "Dad Sing Note LEFT"
		},
		{
			"offsets": [
				0,
				27
			],
			"loop": true,
			"fps": 24,
			"anim": "singRIGHT-loop",
			"indices": [
				15,
				16,
				17,
				18
			],
			"name": "Dad Sing Note RIGHT"
		},
		{
			"offsets": [
				-6,
				50
			],
			"loop": true,
			"fps": 24,
			"anim": "singUP-loop",
			"indices": [
				56,
				57,
				58,
				59
			],
			"name": "Dad Sing Note UP"
		},
		{
			"loop": false,
			"offsets": [
				741,
				640
			],
			"anim": "hey",
			"fps": 24,
			"name": "monikap2 hey",
			"indices": []
		}
	],
	"no_antialiasing": false,
	"image": "characters/monikap2",
	"position": [
		0,
		0
	],
	"healthicon": "icon-monikap2",
	"flip_x": false,
	"healthbar_colors": [
		60,
		120,
		55
	],
	"camera_position": [
		0,
		0
	],
	"sing_duration": 6.1,
	"scale": 0.4
}