{
	"animations": [
		{
			"loop": false,
			"offsets": [
				1,
				50
			],
			"fps": 24,
			"anim": "idle",
			"indices": [],
			"name": "Angry Senpai Idle instance"
		},
		{
			"loop": false,
			"offsets": [
				-15,
				97
			],
			"anim": "singUP",
			"fps": 24,
			"name": "Angry Senpai UP NOTE",
			"indices": []
		},
		{
			"loop": false,
			"offsets": [
				-60,
				50
			],
			"anim": "singRIGHT",
			"fps": 24,
			"name": "Angry Senpai RIGHT NOTE",
			"indices": []
		},
		{
			"loop": false,
			"offsets": [
				50,
				60
			],
			"anim": "singLEFT",
			"fps": 24,
			"name": "Angry Senpai LEFT NOTE",
			"indices": []
		},
		{
			"loop": false,
			"offsets": [
				34,
				60
			],
			"anim": "singDOWN",
			"fps": 24,
			"name": "Angry Senpai DOWN NOTE",
			"indices": []
		}
	],
	"no_antialiasing": true,
	"image": "characters/monika_exe_pixel",
	"position": [
		150,
		360
	],
	"healthicon": "icon-monika-exe-pixel",
	"flip_x": false,
	"healthbar_colors": [
		235,
		190,
		0
	],
	"camera_position": [
		-240,
		-330
	],
	"sing_duration": 4,
	"scale": 6
}