{
	"animations": [
		{
			"loop": false,
			"offsets": [
				1,
				0
			],
			"fps": 24,
			"anim": "idle",
			"indices": [],
			"name": "Senpai Idle"
		},
		{
			"loop": false,
			"offsets": [
				5,
				36
			],
			"anim": "singUP",
			"fps": 24,
			"name": "SENPAI UP NOTE",
			"indices": []
		},
		{
			"loop": false,
			"offsets": [
				5,
				36
			],
			"anim": "singUP-alt",
			"fps": 24,
			"name": "Angry Senpai UP NOTE instance",
			"indices": []
		},
		{
			"loop": false,
			"offsets": [
				1,
				0
			],
			"anim": "idle-alt",
			"fps": 24,
			"name": "Angry Senpai Idle instance",
			"indices": []
		},
		{
			"loop": false,
			"offsets": [
				13,
				6
			],
			"anim": "singDOWN-alt",
			"fps": 24,
			"name": "Angry Senpai DOWN NOTE instance",
			"indices": []
		},
		{
			"loop": false,
			"offsets": [
				13,
				6
			],
			"anim": "singLEFT-alt",
			"fps": 24,
			"name": "Angry Senpai RIGHT NOTE instance",
			"indices": []
		},
		{
			"loop": false,
			"offsets": [
				1,
				6
			],
			"anim": "singRIGHT-alt",
			"fps": 24,
			"name": "Angry Senpai LEFT NOTE instance",
			"indices": []
		},
		{
			"offsets": [
				5,
				36
			],
			"loop": false,
			"fps": 24,
			"anim": "singUPmiss",
			"indices": [],
			"name": "Green Senpai UP NOTE"
		},
		{
			"offsets": [
				0,
				0
			],
			"loop": false,
			"fps": 24,
			"anim": "glitch",
			"indices": [],
			"name": "Green Senpai Idle"
		},
		{
			"loop": false,
			"offsets": [
				13,
				0
			],
			"anim": "singDOWN",
			"fps": 24,
			"name": "SENPAI DOWN NOTE",
			"indices": []
		},
		{
			"loop": false,
			"offsets": [
				13,
				6
			],
			"anim": "singLEFT",
			"fps": 24,
			"name": "SENPAI RIGHT NOTE",
			"indices": []
		},
		{
			"loop": false,
			"offsets": [
				7,
				0
			],
			"anim": "singRIGHT",
			"fps": 24,
			"name": "SENPAI LEFT NOTE",
			"indices": []
		},
		{
			"loop": false,
			"offsets": [
				0,
				0
			],
			"anim": "singDOWNmiss",
			"fps": 24,
			"name": "Green Senpai DOWN NOTE",
			"indices": []
		},
		{
			"loop": false,
			"offsets": [
				0,
				0
			],
			"anim": "singLEFTmiss",
			"fps": 24,
			"name": "Green Senpai RIGHT NOTE",
			"indices": []
		},
		{
			"loop": false,
			"offsets": [
				0,
				0
			],
			"anim": "singRIGHTmiss",
			"fps": 24,
			"name": "Green Senpai LEFT NOTE",
			"indices": []
		}
	],
	"no_antialiasing": true,
	"image": "characters/monikapixel",
	"position": [
		150,
		360
	],
	"healthicon": "monika-pixel",
	"flip_x": false,
	"healthbar_colors": [
		204,
		124,
		71
	],
	"camera_position": [
		330,
		-440
	],
	"sing_duration": 4,
	"scale": 6
}