{
	"animations": [
		{
			"loop": false,
			"offsets": [
				-3,
				0
			],
			"anim": "idle",
			"fps": 24,
			"name": "MonikaIdle",
			"indices": []
		},
		{
			"loop": false,
			"offsets": [
				-21,
				-8
			],
			"anim": "singRIGHT",
			"fps": 24,
			"name": "MonikaRight",
			"indices": []
		},
		{
			"loop": false,
			"offsets": [
				17,
				7
			],
			"anim": "singLEFT",
			"fps": 24,
			"name": "MonikaLeft",
			"indices": []
		},
		{
			"loop": false,
			"offsets": [
				-22,
				-7
			],
			"anim": "singUP",
			"fps": 24,
			"name": "MonikaUp",
			"indices": []
		},
		{
			"loop": false,
			"offsets": [
				-21,
				-13
			],
			"anim": "singDOWN",
			"fps": 24,
			"name": "MonikaDown",
			"indices": []
		}
	],
	"no_antialiasing": false,
	"image": "characters/Monika_024",
	"position": [
		0,
		0
	],
	"healthicon": "monika_024",
	"flip_x": false,
	"healthbar_colors": [
		225,
		62,
		83
	],
	"camera_position": [
		0,
		0
	],
	"sing_duration": 6.1,
	"scale": 1.2
}