{
	"animations": [
		{
			"loop": false,
			"offsets": [
				811,
				650
			],
			"fps": 24,
			"anim": "singLEFT",
			"indices": [],
			"name": "monika.exe left"
		},
		{
			"loop": false,
			"offsets": [
				740,
				640
			],
			"fps": 24,
			"anim": "singDOWN",
			"indices": [],
			"name": "monika.exe down"
		},
		{
			"loop": false,
			"offsets": [
				744,
				650
			],
			"fps": 24,
			"anim": "singUP",
			"indices": [],
			"name": "monika.exe up"
		},
		{
			"loop": false,
			"offsets": [
				750,
				637
			],
			"fps": 24,
			"anim": "singRIGHT",
			"indices": [],
			"name": "monika.exe right"
		},
		{
			"loop": false,
			"offsets": [
				750,
				640
			],
			"fps": 24,
			"anim": "idle",
			"indices": [],
			"name": "monika.exe idle"
		},
		{
			"loop": true,
			"offsets": [
				0,
				0
			],
			"anim": "idle-loop",
			"fps": 24,
			"name": "Dad idle dance",
			"indices": [
				10,
				11,
				12,
				12
			]
		},
		{
			"loop": true,
			"offsets": [
				-9,
				10
			],
			"anim": "singLEFT-loop",
			"fps": 24,
			"name": "Dad Sing Note LEFT",
			"indices": [
				12,
				13,
				14,
				15
			]
		},
		{
			"loop": true,
			"offsets": [
				0,
				27
			],
			"anim": "singRIGHT-loop",
			"fps": 24,
			"name": "Dad Sing Note RIGHT",
			"indices": [
				15,
				16,
				17,
				18
			]
		},
		{
			"loop": true,
			"offsets": [
				-6,
				50
			],
			"anim": "singUP-loop",
			"fps": 24,
			"name": "Dad Sing Note UP",
			"indices": [
				56,
				57,
				58,
				59
			]
		},
		{
			"offsets": [
				741,
				640
			],
			"loop": false,
			"fps": 24,
			"anim": "hey",
			"indices": [],
			"name": "monika.exe hey"
		}
	],
	"no_antialiasing": false,
	"image": "characters/monika.exe",
	"position": [
		0,
		0
	],
	"healthicon": "icon-monika.exe",
	"flip_x": false,
	"healthbar_colors": [
		60,
		140,
		55
	],
	"camera_position": [
		0,
		0
	],
	"sing_duration": 6.1,
	"scale": 0.4
}