{
	"animations": [
		{
			"loop": false,
			"offsets": [
				0,
				0
			],
			"anim": "idle",
			"fps": 24,
			"name": "Monika Returns Idle",
			"indices": []
		},
		{
			"loop": false,
			"offsets": [
				-111,
				-60
			],
			"anim": "singDOWN",
			"fps": 24,
			"name": "Monika Returns Down",
			"indices": []
		},
		{
			"loop": false,
			"offsets": [
				-52,
				15
			],
			"anim": "singUP",
			"fps": 24,
			"name": "Monika Returns Up",
			"indices": []
		},
		{
			"offsets": [
				-9,
				-13
			],
			"loop": false,
			"fps": 24,
			"anim": "singLEFT",
			"indices": [],
			"name": "Monika Returns Right"
		},
		{
			"offsets": [
				-67,
				41
			],
			"loop": false,
			"fps": 24,
			"anim": "singRIGHT",
			"indices": [],
			"name": "Monika Returns Left"
		},
		{
			"offsets": [
				-9,
				-10
			],
			"loop": false,
			"fps": 24,
			"anim": "singLEFTmiss",
			"indices": [],
			"name": "Monika Returns Right"
		},
		{
			"offsets": [
				-112,
				-60
			],
			"loop": false,
			"fps": 24,
			"anim": "singDOWNmiss",
			"indices": [],
			"name": "Monika Returns Down"
		},
		{
			"offsets": [
				-53,
				16
			],
			"loop": false,
			"fps": 24,
			"anim": "singUPmiss",
			"indices": [],
			"name": "Monika Returns Up"
		},
		{
			"offsets": [
				-69,
				42
			],
			"loop": false,
			"fps": 24,
			"anim": "singRIGHTmiss",
			"indices": [],
			"name": "Monika Returns Left"
		}
	],
	"no_antialiasing": false,
	"image": "characters/Doki_MonikaNonPixel_Assets",
	"position": [
		-70,
		-30
	],
	"healthicon": "monika",
	"flip_x": false,
	"healthbar_colors": [
		226,
		130,
		109
	],
	"camera_position": [
		70,
		-70
	],
	"sing_duration": 4,
	"scale": 1
}