{
	"animations": [
		{
			"offsets": [
				0,
				0
			],
			"loop": false,
			"fps": 24,
			"anim": "idle",
			"indices": [],
			"name": "Monika Returns Idle"
		},
		{
			"offsets": [
				-13,
				35
			],
			"loop": false,
			"fps": 24,
			"anim": "singLEFT",
			"indices": [],
			"name": "Monika Returns Left"
		},
		{
			"offsets": [
				-27,
				-9
			],
			"loop": false,
			"fps": 24,
			"anim": "singRIGHT",
			"indices": [],
			"name": "Monika Returns Right"
		},
		{
			"offsets": [
				-7,
				-50
			],
			"loop": false,
			"fps": 24,
			"anim": "singDOWN",
			"indices": [],
			"name": "Monika Returns Down"
		},
		{
			"offsets": [
				-77,
				15
			],
			"loop": false,
			"fps": 24,
			"anim": "singUP",
			"indices": [],
			"name": "Monika Returns Up"
		}
	],
	"no_antialiasing": false,
	"image": "characters/Doki_MonikaNonPixel_Assets",
	"position": [
		-70,
		-50
	],
	"healthicon": "monika",
	"flip_x": false,
	"healthbar_colors": [
		226,
		130,
		109
	],
	"camera_position": [
		0,
		0
	],
	"sing_duration": 4,
	"scale": 1
}