{
	"animations": [
		{
			"offsets": [
				0,
				0
			],
			"loop": false,
			"fps": 24,
			"anim": "idle",
			"indices": [],
			"name": "Idle"
		},
		{
			"offsets": [
				-10,
				-59
			],
			"loop": false,
			"fps": 24,
			"anim": "singLEFT",
			"indices": [],
			"name": "Left"
		},
		{
			"offsets": [
				-99,
				-173
			],
			"loop": false,
			"fps": 24,
			"anim": "singDOWN",
			"indices": [],
			"name": "Down"
		},
		{
			"offsets": [
				-70,
				43
			],
			"loop": false,
			"fps": 24,
			"anim": "singUP",
			"indices": [],
			"name": "Up"
		},
		{
			"offsets": [
				-180,
				-88
			],
			"loop": false,
			"fps": 24,
			"anim": "singRIGHT",
			"indices": [],
			"name": "Right"
		}
	],
	"no_antialiasing": true,
	"image": "characters/MonikaPngRap",
	"position": [
		50,
		0
	],
	"healthicon": "moni-png",
	"flip_x": true,
	"healthbar_colors": [
		254,
		212,
		222
	],
	"camera_position": [
		-60,
		80
	],
	"sing_duration": 6.1,
	"scale": 1
}