{
	"animations": [
		{
			"offsets": [
				1,
				0
			],
			"loop": false,
			"fps": 24,
			"anim": "idle",
			"indices": [],
			"name": "monster idle"
		},
		{
			"offsets": [
				-20,
				50
			],
			"loop": false,
			"fps": 24,
			"anim": "singUP",
			"indices": [],
			"name": "monster up note"
		},
		{
			"offsets": [
				-30,
				0
			],
			"loop": false,
			"fps": 24,
			"anim": "singLEFT",
			"indices": [],
			"name": "Monster left note"
		},
		{
			"offsets": [
				-51,
				0
			],
			"loop": false,
			"fps": 24,
			"anim": "singRIGHT",
			"indices": [],
			"name": "Monster Right note"
		},
		{
			"offsets": [
				-40,
				-94
			],
			"loop": false,
			"fps": 24,
			"anim": "singDOWN",
			"indices": [],
			"name": "monster down"
		},
		{
			"offsets": [
				-20,
				50
			],
			"indices": [
				21,
				22,
				23
			],
			"fps": 24,
			"anim": "singUP-loop",
			"loop": true,
			"name": "monster up note"
		},
		{
			"offsets": [
				-40,
				-94
			],
			"indices": [
				27,
				28,
				29
			],
			"fps": 24,
			"anim": "singDOWN-loop",
			"loop": true,
			"name": "monster down"
		},
		{
			"offsets": [
				-51,
				0
			],
			"indices": [
				12,
				13,
				14
			],
			"fps": 24,
			"anim": "singRIGHT-loop",
			"loop": true,
			"name": "Monster Right note"
		},
		{
			"offsets": [
				-30,
				0
			],
			"indices": [
				17,
				18,
				19
			],
			"fps": 24,
			"anim": "singLEFT-loop",
			"loop": true,
			"name": "Monster left note"
		},
		{
			"offsets": [
				1,
				0
			],
			"indices": [
				12,
				13,
				14
			],
			"fps": 24,
			"anim": "idle-loop",
			"loop": true,
			"name": "monster idle"
		}
	],
	"no_antialiasing": false,
	"image": "characters/monsterChristmas",
	"position": [
		0,
		130
	],
	"healthicon": "monster",
	"flip_x": false,
	"healthbar_colors": [
		243,
		255,
		110
	],
	"camera_position": [
		0,
		0
	],
	"sing_duration": 4,
	"scale": 1
}