{
	"animations": [
		{
			"loop": false,
			"offsets": [
				1,
				-36
			],
			"fps": 24,
			"anim": "singDOWN",
			"indices": [],
			"name": "Dad Sing Note DOWN"
		},
		{
			"loop": false,
			"offsets": [
				-7,
				26
			],
			"fps": 24,
			"anim": "singUP",
			"indices": [],
			"name": "Dad Sing Note UP"
		},
		{
			"loop": false,
			"offsets": [
				0,
				1
			],
			"fps": 24,
			"anim": "idle",
			"indices": [],
			"name": "Dad idle dance"
		},
		{
			"offsets": [
				-4,
				-6
			],
			"indices": [],
			"fps": 24,
			"anim": "singRIGHT",
			"loop": false,
			"name": "Dad Sing Note LEFT"
		},
		{
			"offsets": [
				1,
				5
			],
			"indices": [],
			"fps": 24,
			"anim": "singLEFT",
			"loop": false,
			"name": "Dad Sing Note RIGHT"
		}
	],
	"no_antialiasing": false,
	"image": "characters/MoriCalliope_EXE",
	"position": [
		870,
		0
	],
	"healthicon": "mori-calliope-rapper-exe",
	"flip_x": true,
	"healthbar_colors": [
		80,
		80,
		80
	],
	"camera_position": [
		-250,
		0
	],
	"sing_duration": 6.1,
	"scale": 1
}