{
	"animations": [
		{
			"loop": false,
			"offsets": [
				43,
				-6
			],
			"fps": 24,
			"anim": "singLEFT",
			"indices": [],
			"name": "Dad Sing Note LEFT"
		},
		{
			"loop": false,
			"offsets": [
				-6,
				-37
			],
			"fps": 24,
			"anim": "singDOWN",
			"indices": [],
			"name": "Dad Sing Note DOWN"
		},
		{
			"loop": false,
			"offsets": [
				13,
				24
			],
			"fps": 24,
			"anim": "singUP",
			"indices": [],
			"name": "Dad Sing Note UP"
		},
		{
			"loop": false,
			"offsets": [
				-29,
				5
			],
			"fps": 24,
			"anim": "singRIGHT",
			"indices": [],
			"name": "Dad Sing Note RIGHT"
		},
		{
			"loop": false,
			"offsets": [
				0,
				1
			],
			"fps": 24,
			"anim": "idle",
			"indices": [],
			"name": "Dad idle dance"
		}
	],
	"no_antialiasing": false,
	"image": "characters/MoriCalliope_EXE",
	"position": [
		0,
		0
	],
	"healthicon": "mori-calliope-rapper-exe",
	"flip_x": false,
	"healthbar_colors": [
		80,
		80,
		80
	],
	"camera_position": [
		0,
		0
	],
	"sing_duration": 6.1,
	"scale": 1
}