{
	"animations": [
		{
			"offsets": [
				0,
				0
			],
			"loop": false,
			"fps": 24,
			"anim": "idle",
			"indices": [],
			"name": "MAD MIKI IDLE"
		},
		{
			"offsets": [
				4,
				15
			],
			"loop": false,
			"fps": 24,
			"anim": "singLEFT",
			"indices": [],
			"name": "MAD MIKI LEFT"
		},
		{
			"offsets": [
				8,
				-29
			],
			"loop": false,
			"fps": 24,
			"anim": "singDOWN",
			"indices": [],
			"name": "MAD MIKI DOWN"
		},
		{
			"offsets": [
				-45,
				54
			],
			"loop": false,
			"fps": 24,
			"anim": "singUP",
			"indices": [],
			"name": "MAD MIKI UP"
		},
		{
			"offsets": [
				-34,
				46
			],
			"loop": false,
			"fps": 24,
			"anim": "singRIGHT",
			"indices": [],
			"name": "MAD MIKI RIGHT"
		}
	],
	"no_antialiasing": false,
	"image": "characters/Prisoner-Mickey-Phase2",
	"position": [
		50,
		330
	],
	"healthicon": "face",
	"flip_x": true,
	"healthbar_colors": [
		82,
		89,
		81
	],
	"camera_position": [
		145,
		3
	],
	"sing_duration": 3.90000000000001,
	"scale": 1.2
}