{
	"animations": [
		{
			"loop": false,
			"offsets": [
				0,
				0
			],
			"anim": "idle",
			"fps": 24,
			"name": "idle",
			"indices": []
		},
		{
			"loop": false,
			"offsets": [
				66,
				-7
			],
			"anim": "singLEFT",
			"fps": 24,
			"name": "left",
			"indices": []
		},
		{
			"loop": false,
			"offsets": [
				-67,
				-13
			],
			"anim": "singRIGHT",
			"fps": 24,
			"name": "right",
			"indices": []
		},
		{
			"loop": false,
			"offsets": [
				-43,
				33
			],
			"anim": "singUP",
			"fps": 24,
			"name": "up",
			"indices": []
		},
		{
			"loop": false,
			"offsets": [
				8,
				-130
			],
			"anim": "singDOWN",
			"fps": 24,
			"name": "down",
			"indices": []
		},
		{
			"offsets": [
				-37,
				12
			],
			"loop": false,
			"fps": 24,
			"anim": "singUPmiss",
			"indices": [],
			"name": "miss-up"
		},
		{
			"offsets": [
				163,
				22
			],
			"loop": false,
			"fps": 24,
			"anim": "singLEFTmiss",
			"indices": [],
			"name": "miss-left"
		},
		{
			"offsets": [
				-72,
				0
			],
			"loop": false,
			"fps": 24,
			"anim": "singRIGHTmiss",
			"indices": [],
			"name": "miss-right"
		},
		{
			"offsets": [
				10,
				-130
			],
			"loop": false,
			"fps": 24,
			"anim": "singDOWNmiss",
			"indices": [],
			"name": "miss-down"
		}
	],
	"no_antialiasing": false,
	"image": "characters/moxxieplayable",
	"position": [
		200,
		200
	],
	"healthicon": "moxxie",
	"flip_x": true,
	"healthbar_colors": [
		206,
		43,
		48
	],
	"camera_position": [
		170,
		30
	],
	"sing_duration": 4,
	"scale": 1
}