{
	"animations": [
		{
			"offsets": [
				0,
				450
			],
			"loop": false,
			"fps": 24,
			"anim": "idle",
			"indices": [],
			"name": "VIdle"
		},
		{
			"offsets": [
				200,
				420
			],
			"loop": false,
			"fps": 24,
			"anim": "singRIGHT",
			"indices": [],
			"name": "VRight"
		},
		{
			"offsets": [
				336,
				524
			],
			"loop": false,
			"fps": 24,
			"anim": "singLEFT",
			"indices": [],
			"name": "VLeft"
		},
		{
			"offsets": [
				400,
				110
			],
			"loop": false,
			"fps": 24,
			"anim": "singDOWN",
			"indices": [],
			"name": "VDown"
		},
		{
			"offsets": [
				90,
				1160
			],
			"loop": false,
			"fps": 24,
			"anim": "singUP",
			"indices": [],
			"name": "VUp"
		},
		{
			"offsets": [
				-5,
				450
			],
			"loop": false,
			"fps": 24,
			"anim": "transform",
			"indices": [],
			"name": "VTransformation"
		}
	],
	"no_antialiasing": false,
	"image": "characters/Mr_Virtual_V2_Assets",
	"position": [
		-100,
		130
	],
	"healthicon": "v",
	"flip_x": false,
	"healthbar_colors": [
		255,
		0,
		0
	],
	"camera_position": [
		340,
		-470
	],
	"sing_duration": 6.1,
	"scale": 1
}