{
	"animations": [
		{
			"offsets": [
				-5,
				0
			],
			"loop": false,
			"fps": 24,
			"anim": "idle",
			"indices": [],
			"name": "Mutsumi Idle Dance"
		},
		{
			"offsets": [
				-92,
				-21
			],
			"loop": false,
			"fps": 24,
			"anim": "singDOWN",
			"indices": [],
			"name": "Mutsumi Sing Down"
		},
		{
			"offsets": [
				-4,
				30
			],
			"loop": false,
			"fps": 24,
			"anim": "singUP",
			"indices": [],
			"name": "Mutsumi Sing Up"
		},
		{
			"offsets": [
				-84,
				0
			],
			"loop": false,
			"fps": 24,
			"anim": "singRIGHT",
			"indices": [],
			"name": "Mutsumi Sing Right"
		},
		{
			"offsets": [
				-24,
				0
			],
			"loop": false,
			"fps": 24,
			"anim": "singLEFT",
			"indices": [],
			"name": "Mutsumi Sing Left"
		}
	],
	"no_antialiasing": false,
	"image": "characters/mutsumi_assets",
	"position": [
		110,
		110
	],
	"healthicon": "mutsumi-v2",
	"flip_x": false,
	"healthbar_colors": [
		237,
		127,
		164
	],
	"camera_position": [
		-60,
		-140
	],
	"sing_duration": 4,
	"scale": 1.2
}