{
	"animations": [
		{
			"loop": false,
			"offsets": [
				-5,
				0
			],
			"anim": "idle",
			"fps": 24,
			"name": "Mutsumi Idle Dance",
			"indices": []
		},
		{
			"loop": false,
			"offsets": [
				32,
				-21
			],
			"anim": "singDOWN",
			"fps": 24,
			"name": "Mutsumi Sing Down",
			"indices": []
		},
		{
			"loop": false,
			"offsets": [
				-49,
				29
			],
			"anim": "singUP",
			"fps": 24,
			"name": "Mutsumi Sing Up",
			"indices": []
		},
		{
			"offsets": [
				-50,
				0
			],
			"loop": false,
			"fps": 24,
			"anim": "singRIGHT",
			"indices": [],
			"name": "Mutsumi Sing Left"
		},
		{
			"offsets": [
				49,
				4
			],
			"loop": false,
			"fps": 24,
			"anim": "singLEFT",
			"indices": [],
			"name": "Mutsumi Sing Right"
		}
	],
	"no_antialiasing": false,
	"image": "characters/mutsumi_assets",
	"position": [
		110,
		110
	],
	"healthicon": "mutsumi",
	"flip_x": true,
	"healthbar_colors": [
		244,
		133,
		135
	],
	"camera_position": [
		-300,
		-180
	],
	"sing_duration": 4,
	"scale": 1.2
}