{
	"animations": [
		{
			"loop": false,
			"offsets": [
				25,
				300
			],
			"anim": "idle",
			"fps": 24,
			"name": "Idle",
			"indices": []
		},
		{
			"loop": false,
			"offsets": [
				24,
				300
			],
			"anim": "singLEFT",
			"fps": 24,
			"name": "Right",
			"indices": []
		},
		{
			"loop": false,
			"offsets": [
				21,
				300
			],
			"anim": "singDOWN",
			"fps": 24,
			"name": "Down",
			"indices": []
		},
		{
			"loop": false,
			"offsets": [
				21,
				303
			],
			"anim": "singUP",
			"fps": 24,
			"name": "Up",
			"indices": []
		},
		{
			"loop": false,
			"offsets": [
				21,
				301
			],
			"anim": "singRIGHT",
			"fps": 24,
			"name": "Left",
			"indices": []
		}
	],
	"no_antialiasing": false,
	"image": "characters/Mutsumi-Icon-assets",
	"position": [
		900,
		1000
	],
	"healthicon": "mutsumi",
	"flip_x": false,
	"healthbar_colors": [
		244,
		133,
		135
	],
	"camera_position": [
		70,
		-300
	],
	"sing_duration": 4,
	"scale": 0.5
}