{
	"animations": [
		{
			"offsets": [
				-5,
				0
			],
			"loop": false,
			"fps": 24,
			"anim": "idle",
			"indices": [],
			"name": "Mutsumi Idle Dance"
		},
		{
			"offsets": [
				32,
				-21
			],
			"loop": false,
			"fps": 24,
			"anim": "singDOWN",
			"indices": [],
			"name": "Mutsumi Sing Down"
		},
		{
			"offsets": [
				-49,
				29
			],
			"loop": false,
			"fps": 24,
			"anim": "singUP",
			"indices": [],
			"name": "Mutsumi Sing Up"
		},
		{
			"loop": false,
			"offsets": [
				-50,
				0
			],
			"anim": "singRIGHT",
			"fps": 24,
			"name": "Mutsumi Sing Left",
			"indices": []
		},
		{
			"loop": false,
			"offsets": [
				49,
				4
			],
			"anim": "singLEFT",
			"fps": 24,
			"name": "Mutsumi Sing Right",
			"indices": []
		}
	],
	"no_antialiasing": false,
	"image": "characters/No_Char",
	"position": [
		110,
		110
	],
	"healthicon": "mutsumi",
	"flip_x": false,
	"healthbar_colors": [
		244,
		133,
		135
	],
	"camera_position": [
		100,
		-100
	],
	"sing_duration": 4,
	"scale": 1.2
}