{
	"animations": [
		{
			"loop": false,
			"offsets": [
				0,
				0
			],
			"anim": "idle",
			"fps": 24,
			"name": "Idle",
			"indices": []
		},
		{
			"loop": false,
			"offsets": [
				-18,
				0
			],
			"anim": "singLEFT",
			"fps": 24,
			"name": "Left",
			"indices": []
		},
		{
			"loop": false,
			"offsets": [
				-70,
				-1
			],
			"anim": "singDOWN",
			"fps": 24,
			"name": "Down",
			"indices": []
		},
		{
			"loop": false,
			"offsets": [
				1,
				80
			],
			"anim": "singUP",
			"fps": 24,
			"name": "Up",
			"indices": []
		},
		{
			"loop": false,
			"offsets": [
				-34,
				4
			],
			"anim": "singRIGHT",
			"fps": 24,
			"name": "Right",
			"indices": []
		}
	],
	"no_antialiasing": false,
	"image": "characters/NandaTayo_front",
	"position": [
		-120,
		0
	],
	"healthicon": "nanda",
	"flip_x": false,
	"healthbar_colors": [
		241,
		194,
		225
	],
	"camera_position": [
		-80,
		-70
	],
	"sing_duration": 4.00000000000001,
	"scale": 1
}