{
	"animations": [
		{
			"offsets": [
				31,
				-5
			],
			"indices": [],
			"fps": 24,
			"anim": "singLEFT",
			"loop": false,
			"name": "LEFT"
		},
		{
			"offsets": [
				15,
				-1
			],
			"indices": [],
			"fps": 24,
			"anim": "singRIGHT",
			"loop": false,
			"name": "RIGHT"
		},
		{
			"offsets": [
				30,
				-15
			],
			"indices": [],
			"fps": 24,
			"anim": "singDOWN",
			"loop": false,
			"name": "DOWN"
		},
		{
			"offsets": [
				32,
				6
			],
			"indices": [],
			"fps": 24,
			"anim": "singUP",
			"loop": false,
			"name": "UP"
		},
		{
			"offsets": [
				30,
				0
			],
			"indices": [],
			"fps": 24,
			"anim": "idle",
			"loop": false,
			"name": "IDL"
		}
	],
	"no_antialiasing": false,
	"image": "characters/natalan_assets",
	"position": [
		130,
		-70
	],
	"healthicon": "natalan",
	"flip_x": false,
	"healthbar_colors": [
		53,
		48,
		84
	],
	"camera_position": [
		-100,
		-100
	],
	"sing_duration": 4,
	"scale": 1
}