{
	"animations": [
		{
			"offsets": [
				-5,
				0
			],
			"loop": false,
			"fps": 24,
			"anim": "idle",
			"indices": [],
			"name": "Nat Idle"
		},
		{
			"offsets": [
				26,
				-26
			],
			"loop": false,
			"fps": 24,
			"anim": "singDOWN",
			"indices": [],
			"name": "Nat Sing Note DOWN0"
		},
		{
			"offsets": [
				40,
				1
			],
			"loop": false,
			"fps": 24,
			"anim": "singUP",
			"indices": [],
			"name": "Nat Sing Note Up0"
		},
		{
			"offsets": [
				25,
				-26
			],
			"loop": false,
			"fps": 24,
			"anim": "singDOWN-alt",
			"indices": [],
			"name": "Nat Sing Note DOWN Alt"
		},
		{
			"offsets": [
				39,
				102
			],
			"loop": false,
			"fps": 24,
			"anim": "singUP-alt",
			"indices": [],
			"name": "Nat Sing Note Up Alt"
		},
		{
			"offsets": [
				40,
				1
			],
			"loop": false,
			"fps": 24,
			"anim": "wot",
			"indices": [],
			"name": "Nat Wot"
		},
		{
			"loop": false,
			"offsets": [
				-4,
				0
			],
			"anim": "idle-alt",
			"fps": 24,
			"name": "Nat Alt Idle",
			"indices": []
		},
		{
			"loop": false,
			"offsets": [
				-38,
				-32
			],
			"anim": "singLEFT",
			"fps": 24,
			"name": "Nat Sing Note Left0",
			"indices": []
		},
		{
			"loop": false,
			"offsets": [
				-34,
				-32
			],
			"anim": "singLEFT-alt",
			"fps": 24,
			"name": "Nat Sing Note Left Alt",
			"indices": []
		},
		{
			"loop": false,
			"offsets": [
				-38,
				9
			],
			"anim": "singRIGHT",
			"fps": 24,
			"name": "Nat Sing Note Right0",
			"indices": []
		},
		{
			"loop": false,
			"offsets": [
				-37,
				8
			],
			"anim": "singRIGHT-alt",
			"fps": 24,
			"name": "Nat Sing Note Right Alt",
			"indices": []
		}
	],
	"no_antialiasing": false,
	"image": "characters/Doki_Nat_Assets_01take",
	"position": [
		180,
		170
	],
	"healthicon": "natsuki",
	"flip_x": false,
	"healthbar_colors": [
		252,
		149,
		211
	],
	"camera_position": [
		100,
		-70
	],
	"sing_duration": 4,
	"scale": 1
}