{
	"animations": [
		{
			"loop": false,
			"offsets": [
				-5,
				0
			],
			"anim": "idle",
			"fps": 24,
			"name": "Nat Idle",
			"indices": []
		},
		{
			"loop": false,
			"offsets": [
				32,
				8
			],
			"anim": "singLEFT",
			"fps": 24,
			"name": "Nat Sing Note Right0",
			"indices": []
		},
		{
			"loop": false,
			"offsets": [
				-30,
				-30
			],
			"anim": "singDOWN",
			"fps": 24,
			"name": "Nat Sing Note DOWN0",
			"indices": []
		},
		{
			"loop": false,
			"offsets": [
				-39,
				2
			],
			"anim": "singUP",
			"fps": 24,
			"name": "Nat Sing Note Up0",
			"indices": []
		},
		{
			"loop": false,
			"offsets": [
				-28,
				-31
			],
			"anim": "singRIGHT",
			"fps": 24,
			"name": "Nat Sing Note Left0",
			"indices": []
		},
		{
			"loop": false,
			"offsets": [
				31,
				9
			],
			"anim": "singLEFT-alt",
			"fps": 24,
			"name": "Nat Sing Note Right Alt",
			"indices": []
		},
		{
			"loop": false,
			"offsets": [
				-30,
				-28
			],
			"anim": "singDOWN-alt",
			"fps": 24,
			"name": "Nat Sing Note DOWN Alt",
			"indices": []
		},
		{
			"loop": false,
			"offsets": [
				72,
				102
			],
			"anim": "singUP-alt",
			"fps": 24,
			"name": "Nat Sing Note Up Alt",
			"indices": []
		},
		{
			"loop": false,
			"offsets": [
				-28,
				-32
			],
			"anim": "singRIGHT-alt",
			"fps": 24,
			"name": "Nat Sing Note Left0",
			"indices": []
		},
		{
			"loop": false,
			"offsets": [
				-40,
				1
			],
			"anim": "wot",
			"fps": 24,
			"name": "Nat Wot",
			"indices": []
		},
		{
			"offsets": [
				30,
				10
			],
			"loop": false,
			"fps": 24,
			"anim": "singLEFTmiss",
			"indices": [],
			"name": "Nat Sing Note Right Miss"
		},
		{
			"offsets": [
				4,
				-27
			],
			"loop": false,
			"fps": 24,
			"anim": "singDOWNmiss",
			"indices": [],
			"name": "Nat Sing Note DOWN Miss"
		},
		{
			"offsets": [
				-36,
				1
			],
			"loop": false,
			"fps": 24,
			"anim": "singUPmiss",
			"indices": [],
			"name": "Nat Sing Note Up Miss"
		},
		{
			"offsets": [
				-29,
				-31
			],
			"loop": false,
			"fps": 24,
			"anim": "singRIGHTmiss",
			"indices": [],
			"name": "Nat Sing Note Left Miss"
		},
		{
			"offsets": [
				-4,
				0
			],
			"loop": false,
			"fps": 24,
			"anim": "idle-alt",
			"indices": [],
			"name": "Nat Alt Idle"
		}
	],
	"no_antialiasing": false,
	"image": "characters/Doki_Nat_Assets_01take",
	"position": [
		180,
		130
	],
	"healthicon": "natsuki",
	"flip_x": false,
	"healthbar_colors": [
		252,
		149,
		211
	],
	"camera_position": [
		0,
		0
	],
	"sing_duration": 4,
	"scale": 1
}