{
	"animations": [
		{
			"offsets": [
				-3,
				0
			],
			"loop": false,
			"fps": 24,
			"anim": "idle",
			"indices": [],
			"name": "NikkuIDLE"
		},
		{
			"offsets": [
				-13,
				0
			],
			"loop": false,
			"fps": 24,
			"anim": "singUP",
			"indices": [],
			"name": "NikkuUP"
		},
		{
			"offsets": [
				68,
				-157
			],
			"loop": false,
			"fps": 24,
			"anim": "singDOWN",
			"indices": [],
			"name": "NikkuDOWN"
		},
		{
			"loop": false,
			"offsets": [
				50,
				-10
			],
			"anim": "ugh",
			"fps": 24,
			"name": "NikkuUGH",
			"indices": []
		},
		{
			"offsets": [
				130,
				-20
			],
			"indices": [],
			"fps": 24,
			"anim": "singLEFT",
			"loop": false,
			"name": "NikkuRIGHT"
		},
		{
			"offsets": [
				-20,
				-40
			],
			"indices": [],
			"fps": 24,
			"anim": "singRIGHT",
			"loop": false,
			"name": "NikkuLEFT"
		}
	],
	"no_antialiasing": false,
	"image": "characters/NikkuAssets",
	"position": [
		70,
		-40
	],
	"healthicon": "nikku",
	"flip_x": false,
	"healthbar_colors": [
		204,
		0,
		83
	],
	"camera_position": [
		70,
		50
	],
	"sing_duration": 6.1,
	"scale": 0.9
}