{
	"animations": [
		{
			"loop": false,
			"offsets": [
				95,
				400
			],
			"anim": "idle",
			"fps": 24,
			"name": "nimu idle",
			"indices": []
		},
		{
			"loop": false,
			"offsets": [
				45,
				368
			],
			"anim": "singLEFT",
			"fps": 24,
			"name": "nimu right",
			"indices": []
		},
		{
			"loop": false,
			"offsets": [
				151,
				283
			],
			"anim": "singDOWN",
			"fps": 24,
			"name": "nimu down",
			"indices": []
		},
		{
			"loop": false,
			"offsets": [
				79,
				393
			],
			"anim": "singUP",
			"fps": 24,
			"name": "nimu up",
			"indices": []
		},
		{
			"loop": false,
			"offsets": [
				-24,
				409
			],
			"anim": "singRIGHT",
			"fps": 24,
			"name": "nimu left",
			"indices": []
		}
	],
	"no_antialiasing": false,
	"image": "characters/nimuwhats",
	"position": [
		0,
		190
	],
	"healthicon": "nimu",
	"flip_x": false,
	"healthbar_colors": [
		74,
		57,
		42
	],
	"camera_position": [
		0,
		-320
	],
	"sing_duration": 4,
	"scale": 0.7
}