{
	"animations": [
		{
			"offsets": [
				-5,
				-1
			],
			"loop": false,
			"fps": 24,
			"anim": "idle",
			"indices": [],
			"name": "Nimu Idle"
		},
		{
			"offsets": [
				46,
				-27
			],
			"loop": false,
			"fps": 24,
			"anim": "singLEFT",
			"indices": [],
			"name": "Nimu Left"
		},
		{
			"offsets": [
				-17,
				-20
			],
			"loop": false,
			"fps": 24,
			"anim": "singDOWN",
			"indices": [],
			"name": "Nimu Down"
		},
		{
			"offsets": [
				7,
				21
			],
			"loop": false,
			"fps": 24,
			"anim": "singUP",
			"indices": [],
			"name": "Nimu Up"
		},
		{
			"offsets": [
				-45,
				-4
			],
			"loop": false,
			"fps": 24,
			"anim": "singRIGHT",
			"indices": [],
			"name": "Nimu Right"
		},
		{
			"loop": false,
			"offsets": [
				-45,
				-4
			],
			"anim": "SCREAM-right",
			"fps": 24,
			"name": "Nimu Scream Right",
			"indices": []
		},
		{
			"loop": false,
			"offsets": [
				-21,
				-18
			],
			"anim": "SCREAM-down",
			"fps": 24,
			"name": "Nimu Scream Down",
			"indices": []
		},
		{
			"loop": false,
			"offsets": [
				6,
				21
			],
			"anim": "SCREAM-up",
			"fps": 24,
			"name": "Nimu Scream Up",
			"indices": []
		},
		{
			"offsets": [
				48,
				-26
			],
			"loop": false,
			"fps": 24,
			"anim": "SCREAM-left",
			"indices": [],
			"name": "Nimu Scream Left"
		}
	],
	"no_antialiasing": false,
	"image": "characters/Nimu_Assets_Standing",
	"position": [
		150,
		270
	],
	"healthicon": "nimu2",
	"flip_x": true,
	"healthbar_colors": [
		195,
		135,
		215
	],
	"camera_position": [
		20,
		100
	],
	"sing_duration": 4,
	"scale": 1.4
}