{
	"animations": [
		{
			"offsets": [
				-18,
				39
			],
			"loop": false,
			"anim": "singLEFT",
			"fps": 24,
			"name": "Dad Sing Note LEFT",
			"indices": []
		},
		{
			"offsets": [
				-8,
				-35
			],
			"loop": false,
			"anim": "singDOWN",
			"fps": 24,
			"name": "Dad Sing Note DOWN",
			"indices": []
		},
		{
			"offsets": [
				33,
				48
			],
			"loop": false,
			"anim": "singUP",
			"fps": 24,
			"name": "Dad Sing Note UP",
			"indices": []
		},
		{
			"offsets": [
				-4,
				34
			],
			"loop": false,
			"anim": "singRIGHT",
			"fps": 24,
			"name": "Dad Sing Note RIGHT",
			"indices": []
		},
		{
			"offsets": [
				0,
				0
			],
			"loop": false,
			"anim": "idle",
			"fps": 24,
			"name": "Dad idle dance",
			"indices": []
		},
		{
			"offsets": [
				0,
				0
			],
			"loop": true,
			"fps": 24,
			"anim": "idle-loop",
			"indices": [
				10,
				11,
				12,
				12
			],
			"name": "Dad idle dance"
		}
	],
	"no_antialiasing": false,
	"image": "characters/Nimu",
	"position": [
		80,
		-90
	],
	"healthicon": "nimu3",
	"flip_x": false,
	"healthbar_colors": [
		74,
		57,
		42
	],
	"camera_position": [
		0,
		0
	],
	"sing_duration": 6.1,
	"scale": 1.3
}