{
	"animations": [
		{
			"offsets": [
				-5,
				0
			],
			"loop": false,
			"fps": 24,
			"anim": "idle",
			"indices": [],
			"name": "Nino Idle Dance"
		},
		{
			"offsets": [
				-33,
				0
			],
			"loop": false,
			"fps": 24,
			"anim": "singDOWN",
			"indices": [],
			"name": "Nino Sing Down"
		},
		{
			"offsets": [
				-19,
				1
			],
			"loop": false,
			"fps": 24,
			"anim": "singRIGHT",
			"indices": [],
			"name": "Nino Sing Right"
		},
		{
			"offsets": [
				30,
				18
			],
			"loop": false,
			"fps": 24,
			"anim": "singLEFT",
			"indices": [],
			"name": "Nino Sing Left"
		},
		{
			"offsets": [
				56,
				47
			],
			"loop": false,
			"fps": 24,
			"anim": "singUP",
			"indices": [],
			"name": "Nino Sing Up"
		},
		{
			"loop": false,
			"offsets": [
				20,
				18
			],
			"anim": "hey",
			"fps": 24,
			"name": "Nino HEY!!",
			"indices": []
		}
	],
	"no_antialiasing": false,
	"image": "characters/nino_guitar_assets",
	"position": [
		110,
		110
	],
	"healthicon": "nino-s2",
	"flip_x": false,
	"healthbar_colors": [
		255,
		141,
		169
	],
	"camera_position": [
		-30,
		-160
	],
	"sing_duration": 4,
	"scale": 1.2
}