{
	"animations": [
		{
			"offsets": [
				-5,
				0
			],
			"loop": false,
			"fps": 24,
			"anim": "idle",
			"indices": [],
			"name": "Nino Idle Dance"
		},
		{
			"offsets": [
				8,
				0
			],
			"loop": false,
			"fps": 24,
			"anim": "singDOWN",
			"indices": [],
			"name": "Nino Sing Down"
		},
		{
			"offsets": [
				-51,
				0
			],
			"loop": false,
			"fps": 24,
			"anim": "singRIGHT",
			"indices": [],
			"name": "Nino Sing Right"
		},
		{
			"offsets": [
				-2,
				18
			],
			"loop": false,
			"fps": 24,
			"anim": "singLEFT",
			"indices": [],
			"name": "Nino Sing Left"
		},
		{
			"offsets": [
				24,
				33
			],
			"loop": false,
			"fps": 24,
			"anim": "singUP",
			"indices": [],
			"name": "Nino Sing Up"
		},
		{
			"loop": false,
			"offsets": [
				-12,
				18
			],
			"anim": "hey",
			"fps": 24,
			"name": "Nino HEY!!",
			"indices": []
		}
	],
	"no_antialiasing": false,
	"image": "characters/nino_guitar_VARIANT_assets",
	"position": [
		-640,
		110
	],
	"healthicon": "nino-s2",
	"flip_x": true,
	"healthbar_colors": [
		255,
		141,
		169
	],
	"camera_position": [
		-200,
		-160
	],
	"sing_duration": 4,
	"scale": 1.2
}