{
	"animations": [
		{
			"offsets": [
				-5,
				3
			],
			"loop": false,
			"fps": 24,
			"anim": "idle",
			"indices": [],
			"name": "Nino Idle Dance"
		},
		{
			"offsets": [
				-79,
				-68
			],
			"loop": false,
			"fps": 24,
			"anim": "singDOWN",
			"indices": [],
			"name": "Nino Sing Down0"
		},
		{
			"offsets": [
				6,
				33
			],
			"loop": false,
			"fps": 24,
			"anim": "singUP",
			"indices": [],
			"name": "Nino Sing Up0"
		},
		{
			"offsets": [
				-14,
				3
			],
			"indices": [],
			"fps": 24,
			"anim": "singRIGHT",
			"loop": false,
			"name": "Nino Sing Right0"
		},
		{
			"offsets": [
				-3,
				3
			],
			"indices": [],
			"fps": 24,
			"anim": "singLEFT",
			"loop": false,
			"name": "Nino Sing Left0"
		}
	],
	"no_antialiasing": false,
	"image": "characters/nino_assetsv3",
	"position": [
		0,
		80
	],
	"healthicon": "nino-s2",
	"flip_x": true,
	"healthbar_colors": [
		255,
		141,
		169
	],
	"camera_position": [
		-270,
		-50
	],
	"sing_duration": 4,
	"scale": 1
}