{
	"animations": [
		{
			"loop": false,
			"offsets": [
				0,
				0
			],
			"anim": "idle",
			"fps": 24,
			"name": "Idle",
			"indices": []
		},
		{
			"loop": false,
			"offsets": [
				-62,
				4
			],
			"anim": "singLEFT",
			"fps": 24,
			"name": "Left",
			"indices": []
		},
		{
			"loop": false,
			"offsets": [
				-11,
				-2
			],
			"anim": "singRIGHT",
			"fps": 24,
			"name": "Right",
			"indices": []
		},
		{
			"loop": false,
			"offsets": [
				-20,
				-37
			],
			"anim": "singDOWN",
			"fps": 24,
			"name": "Down",
			"indices": []
		},
		{
			"loop": false,
			"offsets": [
				7,
				216
			],
			"anim": "singUP",
			"fps": 24,
			"name": "Up",
			"indices": []
		},
		{
			"loop": false,
			"offsets": [
				-60,
				0
			],
			"anim": "singLEFTmiss",
			"fps": 24,
			"name": "Miss",
			"indices": []
		},
		{
			"loop": false,
			"offsets": [
				-60,
				0
			],
			"anim": "singRIGHTmiss",
			"fps": 24,
			"name": "Miss",
			"indices": []
		},
		{
			"loop": false,
			"offsets": [
				-60,
				0
			],
			"anim": "singDOWNmiss",
			"fps": 24,
			"name": "Miss",
			"indices": []
		},
		{
			"loop": false,
			"offsets": [
				-60,
				0
			],
			"anim": "singUPmiss",
			"fps": 24,
			"name": "Miss",
			"indices": []
		}
	],
	"no_antialiasing": false,
	"image": "characters/NinoBackAlt",
	"position": [
		100,
		200
	],
	"healthicon": "nino-s2",
	"flip_x": true,
	"healthbar_colors": [
		255,
		141,
		169
	],
	"camera_position": [
		-450,
		-150
	],
	"sing_duration": 4,
	"scale": 1
}