{
	"animations": [
		{
			"loop": false,
			"offsets": [
				-5,
				0
			],
			"anim": "idle",
			"fps": 24,
			"name": "Nino Idle Dance",
			"indices": []
		},
		{
			"loop": false,
			"offsets": [
				31,
				-2
			],
			"anim": "singDOWN",
			"fps": 24,
			"name": "Nino Sing Down",
			"indices": []
		},
		{
			"loop": false,
			"offsets": [
				-50,
				30
			],
			"anim": "singUP",
			"fps": 24,
			"name": "Nino Sing Up",
			"indices": []
		},
		{
			"loop": false,
			"offsets": [
				-43,
				16
			],
			"anim": "singRIGHT",
			"fps": 24,
			"name": "Nino Sing Left",
			"indices": []
		},
		{
			"loop": false,
			"offsets": [
				-5,
				0
			],
			"anim": "singLEFT",
			"fps": 24,
			"name": "Nino Sing Right",
			"indices": []
		}
	],
	"no_antialiasing": false,
	"image": "characters/nino_assets",
	"position": [
		110,
		110
	],
	"healthicon": "nino-s2",
	"flip_x": true,
	"healthbar_colors": [
		255,
		141,
		169
	],
	"camera_position": [
		-300,
		-160
	],
	"sing_duration": 4,
	"scale": 1.2
}