{
	"animations": [
		{
			"offsets": [
				-5,
				0
			],
			"loop": false,
			"fps": 24,
			"anim": "idle",
			"indices": [],
			"name": "Nino Idle Dance"
		},
		{
			"offsets": [
				-70,
				-66
			],
			"loop": false,
			"fps": 24,
			"anim": "singDOWN",
			"indices": [],
			"name": "Nino Sing Down"
		},
		{
			"offsets": [
				-23,
				3
			],
			"loop": false,
			"fps": 24,
			"anim": "singRIGHT",
			"indices": [],
			"name": "Nino Sing Right"
		},
		{
			"offsets": [
				-11,
				3
			],
			"loop": false,
			"fps": 24,
			"anim": "singLEFT",
			"indices": [],
			"name": "Nino Sing Left"
		},
		{
			"offsets": [
				-5,
				34
			],
			"loop": false,
			"fps": 24,
			"anim": "singUP",
			"indices": [],
			"name": "Nino Sing Up"
		},
		{
			"loop": false,
			"offsets": [
				4,
				16
			],
			"anim": "hey",
			"fps": 24,
			"name": "Nino HEY!!",
			"indices": []
		}
	],
	"no_antialiasing": false,
	"image": "characters/nino_assetsv3",
	"position": [
		110,
		50
	],
	"healthicon": "nino-s2",
	"flip_x": false,
	"healthbar_colors": [
		161,
		100,
		157
	],
	"camera_position": [
		10,
		-70
	],
	"sing_duration": 4,
	"scale": 1
}