{
	"animations": [
		{
			"loop": false,
			"offsets": [
				-5,
				3
			],
			"anim": "idle",
			"fps": 24,
			"name": "Nino Idle Dance",
			"indices": []
		},
		{
			"loop": false,
			"offsets": [
				33,
				-68
			],
			"anim": "singDOWN",
			"fps": 24,
			"name": "Nino Sing Down0",
			"indices": []
		},
		{
			"loop": false,
			"offsets": [
				-30,
				33
			],
			"anim": "singUP",
			"fps": 24,
			"name": "Nino Sing Up0",
			"indices": []
		},
		{
			"offsets": [
				-40,
				3
			],
			"loop": false,
			"fps": 24,
			"anim": "singRIGHT",
			"indices": [],
			"name": "Nino Sing Left0"
		},
		{
			"offsets": [
				-19,
				3
			],
			"loop": false,
			"fps": 24,
			"anim": "singLEFT",
			"indices": [],
			"name": "Nino Sing Right0"
		}
	],
	"no_antialiasing": false,
	"image": "characters/nino_assetsv3",
	"position": [
		0,
		80
	],
	"healthicon": "nino-s2",
	"flip_x": true,
	"healthbar_colors": [
		255,
		141,
		169
	],
	"camera_position": [
		-370,
		-50
	],
	"sing_duration": 4,
	"scale": 1
}