{
	"animations": [
		{
			"loop": false,
			"offsets": [
				-5,
				0
			],
			"anim": "idle",
			"fps": 24,
			"name": "Nino Idle Dance",
			"indices": []
		},
		{
			"loop": false,
			"offsets": [
				-33,
				0
			],
			"anim": "singDOWN",
			"fps": 24,
			"name": "Nino Sing Down",
			"indices": []
		},
		{
			"loop": false,
			"offsets": [
				-19,
				1
			],
			"anim": "singRIGHT",
			"fps": 24,
			"name": "Nino Sing Right",
			"indices": []
		},
		{
			"loop": false,
			"offsets": [
				30,
				18
			],
			"anim": "singLEFT",
			"fps": 24,
			"name": "Nino Sing Left",
			"indices": []
		},
		{
			"loop": false,
			"offsets": [
				56,
				47
			],
			"anim": "singUP",
			"fps": 24,
			"name": "Nino Sing Up",
			"indices": []
		},
		{
			"offsets": [
				20,
				18
			],
			"loop": false,
			"fps": 24,
			"anim": "hey",
			"indices": [],
			"name": "Nino HEY!!"
		}
	],
	"no_antialiasing": false,
	"image": "characters/nino_guitar_assets",
	"position": [
		-640,
		110
	],
	"healthicon": "nino-s2",
	"flip_x": true,
	"healthbar_colors": [
		255,
		141,
		169
	],
	"camera_position": [
		-200,
		-160
	],
	"sing_duration": 4,
	"scale": 1.2
}