{
	"animations": [
		{
			"offsets": [
				-5,
				0
			],
			"loop": false,
			"fps": 24,
			"anim": "idle",
			"indices": [],
			"name": "Nino Idle Dance"
		},
		{
			"offsets": [
				-70,
				-1
			],
			"loop": false,
			"fps": 24,
			"anim": "singDOWN",
			"indices": [],
			"name": "Nino Sing Down"
		},
		{
			"offsets": [
				-23,
				0
			],
			"loop": false,
			"fps": 24,
			"anim": "singRIGHT",
			"indices": [],
			"name": "Nino Sing Right"
		},
		{
			"offsets": [
				29,
				16
			],
			"loop": false,
			"fps": 24,
			"anim": "singLEFT",
			"indices": [],
			"name": "Nino Sing Left"
		},
		{
			"offsets": [
				55,
				30
			],
			"loop": false,
			"fps": 24,
			"anim": "singUP",
			"indices": [],
			"name": "Nino Sing Up"
		}
	],
	"no_antialiasing": false,
	"image": "characters/nino_hmm",
	"position": [
		110,
		110
	],
	"healthicon": "nino-s2",
	"flip_x": false,
	"healthbar_colors": [
		255,
		103,
		158
	],
	"camera_position": [
		-30,
		-160
	],
	"sing_duration": 4,
	"scale": 1.2
}