{
	"animations": [
		{
			"loop": false,
			"offsets": [
				-5,
				0
			],
			"anim": "idle",
			"fps": 24,
			"name": "Nino Idle Dance",
			"indices": []
		},
		{
			"loop": false,
			"offsets": [
				39,
				0
			],
			"anim": "singDOWN",
			"fps": 24,
			"name": "Nino Sing Down",
			"indices": []
		},
		{
			"loop": false,
			"offsets": [
				-57,
				47
			],
			"anim": "singUP",
			"fps": 24,
			"name": "Nino Sing Up",
			"indices": []
		},
		{
			"offsets": [
				-163,
				18
			],
			"loop": false,
			"fps": 24,
			"anim": "hey",
			"indices": [],
			"name": "Nino HEY!!"
		},
		{
			"offsets": [
				-14,
				18
			],
			"indices": [],
			"fps": 24,
			"anim": "singRIGHT",
			"loop": false,
			"name": "Nino Sing Left"
		},
		{
			"offsets": [
				68,
				1
			],
			"indices": [],
			"fps": 24,
			"anim": "singLEFT",
			"loop": false,
			"name": "Nino Sing Right"
		}
	],
	"no_antialiasing": false,
	"image": "characters/nino_guitar_assets",
	"position": [
		-100,
		70
	],
	"healthicon": "nino-s2",
	"flip_x": true,
	"healthbar_colors": [
		255,
		141,
		169
	],
	"camera_position": [
		-130,
		-160
	],
	"sing_duration": 4,
	"scale": 1.2
}