{
	"animations": [
		{
			"loop": false,
			"offsets": [
				-5,
				0
			],
			"anim": "idle",
			"fps": 24,
			"name": "Nino Idle Dance",
			"indices": []
		},
		{
			"loop": false,
			"offsets": [
				104,
				0
			],
			"anim": "singDOWN",
			"fps": 24,
			"name": "Nino Sing Down",
			"indices": []
		},
		{
			"loop": false,
			"offsets": [
				-35,
				33
			],
			"anim": "singUP",
			"fps": 24,
			"name": "Nino Sing Up",
			"indices": []
		},
		{
			"offsets": [
				0,
				19
			],
			"loop": false,
			"fps": 24,
			"anim": "hey",
			"indices": [],
			"name": "Nino HEY!!"
		},
		{
			"loop": false,
			"offsets": [
				-22,
				19
			],
			"anim": "singRIGHT",
			"fps": 24,
			"name": "Nino Sing Left",
			"indices": []
		},
		{
			"loop": false,
			"offsets": [
				61,
				2
			],
			"anim": "singLEFT",
			"fps": 24,
			"name": "Nino Sing Right",
			"indices": []
		}
	],
	"no_antialiasing": false,
	"image": "characters/nino_guitar_VARIANT_assets",
	"position": [
		110,
		110
	],
	"healthicon": "nino-s2",
	"flip_x": true,
	"healthbar_colors": [
		255,
		141,
		169
	],
	"camera_position": [
		-300,
		-160
	],
	"sing_duration": 4,
	"scale": 1.2
}