{
	"animations": [
		{
			"loop": false,
			"offsets": [
				-100,
				-6
			],
			"anim": "idle",
			"fps": 24,
			"name": "Idle",
			"indices": []
		},
		{
			"offsets": [
				-100,
				-6
			],
			"loop": false,
			"fps": 24,
			"anim": "singLEFT",
			"indices": [],
			"name": "Left"
		},
		{
			"offsets": [
				-100,
				-6
			],
			"loop": false,
			"fps": 24,
			"anim": "singDOWN",
			"indices": [],
			"name": "Down"
		},
		{
			"offsets": [
				-100,
				-6
			],
			"loop": false,
			"fps": 24,
			"anim": "singUP",
			"indices": [],
			"name": "Up"
		},
		{
			"offsets": [
				-100,
				-7
			],
			"loop": false,
			"fps": 24,
			"anim": "singRIGHT",
			"indices": [],
			"name": "Right"
		}
	],
	"no_antialiasing": false,
	"image": "characters/normality",
	"position": [
		-300,
		-1100
	],
	"healthicon": "squidward",
	"flip_x": false,
	"healthbar_colors": [
		103,
		174,
		175
	],
	"camera_position": [
		300,
		770
	],
	"sing_duration": 6.1,
	"scale": 0.5
}