{
	"animations": [
		{
			"loop": false,
			"offsets": [
				38,
				-21
			],
			"anim": "singRIGHT",
			"fps": 24,
			"name": "Right",
			"indices": []
		},
		{
			"loop": false,
			"offsets": [
				243,
				-24
			],
			"anim": "singLEFT",
			"fps": 24,
			"name": "Left",
			"indices": []
		},
		{
			"loop": false,
			"offsets": [
				3,
				-102
			],
			"anim": "singDOWN",
			"fps": 24,
			"name": "Down",
			"indices": []
		},
		{
			"loop": false,
			"offsets": [
				22,
				126
			],
			"anim": "singUP",
			"fps": 24,
			"name": "Up",
			"indices": []
		},
		{
			"offsets": [
				6,
				0
			],
			"loop": false,
			"fps": 24,
			"anim": "idle",
			"indices": [],
			"name": "Idle"
		}
	],
	"no_antialiasing": false,
	"image": "characters/velmaog",
	"position": [
		250,
		0
	],
	"healthicon": "mom",
	"flip_x": true,
	"healthbar_colors": [
		216,
		85,
		142
	],
	"camera_position": [
		350,
		-220
	],
	"sing_duration": 4,
	"scale": 1.8
}