{
	"animations": [
		{
			"loop": false,
			"offsets": [
				-38,
				0
			],
			"anim": "singDOWN",
			"fps": 24,
			"name": "OgalloDown",
			"indices": []
		},
		{
			"loop": false,
			"offsets": [
				-46,
				62
			],
			"anim": "singUP",
			"fps": 24,
			"name": "OgalloUp",
			"indices": []
		},
		{
			"loop": false,
			"offsets": [
				0,
				0
			],
			"anim": "danceLeft",
			"fps": 24,
			"name": "OgalloIdle",
			"indices": [
				0,
				1,
				2,
				3,
				4,
				5,
				6,
				7,
				8,
				9,
				10,
				11,
				12
			]
		},
		{
			"loop": false,
			"offsets": [
				0,
				0
			],
			"anim": "danceRight",
			"fps": 24,
			"name": "OgalloIdle",
			"indices": [
				13,
				14,
				15,
				16,
				17,
				18,
				19,
				20,
				21,
				22,
				23,
				24
			]
		},
		{
			"loop": false,
			"offsets": [
				-18,
				24
			],
			"anim": "singRIGHT",
			"fps": 24,
			"name": "OgalloLeft",
			"indices": []
		},
		{
			"loop": false,
			"offsets": [
				120,
				10
			],
			"anim": "singLEFT",
			"fps": 24,
			"name": "OgalloRight",
			"indices": []
		}
	],
	"no_antialiasing": false,
	"image": "characters/Okayu_Sinner_SiluetteColor",
	"position": [
		100,
		70
	],
	"healthicon": "okayu-sinner",
	"flip_x": false,
	"healthbar_colors": [
		255,
		188,
		255
	],
	"camera_position": [
		170,
		0
	],
	"sing_duration": 4,
	"scale": 1
}