{
	"animations": [
		{
			"offsets": [
				0,
				0
			],
			"indices": [],
			"fps": 24,
			"anim": "idle",
			"loop": false,
			"name": "OgayuIdle"
		},
		{
			"offsets": [
				143,
				13
			],
			"indices": [],
			"fps": 24,
			"anim": "singLEFT",
			"loop": false,
			"name": "OgayuLeft"
		},
		{
			"offsets": [
				40,
				-15
			],
			"indices": [],
			"fps": 24,
			"anim": "singDOWN",
			"loop": false,
			"name": "OkayuDown"
		},
		{
			"offsets": [
				28,
				46
			],
			"indices": [],
			"fps": 24,
			"anim": "singUP",
			"loop": false,
			"name": "Okayu Up"
		},
		{
			"offsets": [
				-65,
				7
			],
			"indices": [],
			"fps": 24,
			"anim": "singRIGHT",
			"loop": false,
			"name": "Okayu Right"
		}
	],
	"no_antialiasing": false,
	"image": "characters/Okayu",
	"position": [
		100,
		70
	],
	"healthicon": "okayu-calm",
	"flip_x": false,
	"healthbar_colors": [
		255,
		188,
		255
	],
	"camera_position": [
		100,
		30
	],
	"sing_duration": 4.00000000000001,
	"scale": 1
}