{
	"animations": [
		{
			"loop": false,
			"offsets": [
				49,
				-28
			],
			"anim": "singLEFT",
			"fps": 24,
			"name": "okayu left",
			"indices": []
		},
		{
			"loop": false,
			"offsets": [
				81,
				-31
			],
			"anim": "singDOWN",
			"fps": 24,
			"name": "okayu down",
			"indices": []
		},
		{
			"loop": false,
			"offsets": [
				165,
				22
			],
			"anim": "singUP",
			"fps": 24,
			"name": "okayu up",
			"indices": []
		},
		{
			"loop": false,
			"offsets": [
				2,
				-1
			],
			"anim": "singRIGHT",
			"fps": 24,
			"name": "okayu right",
			"indices": []
		},
		{
			"loop": true,
			"offsets": [
				0,
				0
			],
			"anim": "idle",
			"fps": 24,
			"name": "okayu idle",
			"indices": []
		},
		{
			"offsets": [
				49,
				-28
			],
			"loop": false,
			"fps": 24,
			"anim": "singLEFT-alt",
			"indices": [],
			"name": "okayu cool left"
		},
		{
			"offsets": [
				0,
				0
			],
			"loop": false,
			"fps": 24,
			"anim": "singRIGHT-alt",
			"indices": [],
			"name": "okayu cool right"
		},
		{
			"offsets": [
				-23,
				7
			],
			"loop": false,
			"fps": 24,
			"anim": "singUP-alt",
			"indices": [],
			"name": "okayu cool up"
		},
		{
			"offsets": [
				48,
				-30
			],
			"loop": false,
			"fps": 24,
			"anim": "singDOWN-alt",
			"indices": [],
			"name": "okayu cool down"
		},
		{
			"offsets": [
				0,
				0
			],
			"loop": true,
			"fps": 24,
			"anim": "idle-alt",
			"indices": [],
			"name": "okayu cool idle"
		}
	],
	"no_antialiasing": false,
	"image": "characters/okayu_assets",
	"position": [
		0,
		40
	],
	"healthicon": "icon-okayu",
	"flip_x": false,
	"healthbar_colors": [
		237,
		168,
		243
	],
	"camera_position": [
		0,
		0
	],
	"sing_duration": 6.1,
	"scale": 1
}