{
	"animations": [
		{
			"offsets": [
				0,
				0
			],
			"loop": false,
			"fps": 24,
			"anim": "idle",
			"indices": [],
			"name": "SUICIDE OSWALD IDLE"
		},
		{
			"offsets": [
				139,
				82
			],
			"loop": false,
			"fps": 24,
			"anim": "singLEFT",
			"indices": [],
			"name": "SUICIDE OSWALD LEFT"
		},
		{
			"offsets": [
				-3,
				40
			],
			"loop": false,
			"fps": 24,
			"anim": "singDOWN",
			"indices": [],
			"name": "SUICIDE OSWALD DOWN"
		},
		{
			"offsets": [
				-141,
				189
			],
			"loop": false,
			"fps": 24,
			"anim": "singUP",
			"indices": [],
			"name": "SUICIDE OSWALD UP"
		},
		{
			"offsets": [
				-42,
				-47
			],
			"loop": false,
			"fps": 24,
			"anim": "singRIGHT",
			"indices": [],
			"name": "SUICIDE OSWALD RIGHT"
		},
		{
			"loop": false,
			"offsets": [
				26,
				29
			],
			"anim": "scream",
			"fps": 24,
			"name": "SUICIDE OSWALD SCREAM",
			"indices": []
		}
	],
	"no_antialiasing": false,
	"image": "characters/OSWALD_SUICIDE",
	"position": [
		-60,
		110
	],
	"healthicon": "oswald-suicide",
	"flip_x": false,
	"healthbar_colors": [
		73,
		72,
		93
	],
	"camera_position": [
		0,
		10
	],
	"sing_duration": 4.5,
	"scale": 1
}