{
	"animations": [
		{
			"loop": false,
			"offsets": [
				0,
				0
			],
			"anim": "idle",
			"fps": 24,
			"name": "OSWALD IDLE",
			"indices": []
		},
		{
			"loop": false,
			"offsets": [
				-51,
				9
			],
			"anim": "singDOWN",
			"fps": 24,
			"name": "Oswald Down",
			"indices": []
		},
		{
			"loop": false,
			"offsets": [
				-216,
				30
			],
			"anim": "singUP",
			"fps": 24,
			"name": "Oswald Up",
			"indices": []
		},
		{
			"offsets": [
				117,
				91
			],
			"loop": false,
			"fps": 24,
			"anim": "intro",
			"indices": [],
			"name": "OSWALD DIALOGUE INTRO"
		},
		{
			"offsets": [
				-99,
				46
			],
			"indices": [],
			"fps": 24,
			"anim": "singRIGHT",
			"loop": false,
			"name": "Oswald Left"
		},
		{
			"offsets": [
				335,
				-71
			],
			"indices": [],
			"fps": 24,
			"anim": "singLEFT",
			"loop": false,
			"name": "OSWALD RIGHT"
		}
	],
	"no_antialiasing": false,
	"image": "characters/OSWALD PHASE 1",
	"position": [
		-250,
		75
	],
	"healthicon": "oswald-suicide",
	"flip_x": false,
	"healthbar_colors": [
		83,
		85,
		82
	],
	"camera_position": [
		120,
		0
	],
	"sing_duration": 4,
	"scale": 1
}