{
	"animations": [
		{
			"offsets": [
				-5,
				0
			],
			"loop": false,
			"fps": 24,
			"anim": "idle",
			"indices": [],
			"name": "Otori Idle"
		},
		{
			"offsets": [
				-5,
				5
			],
			"loop": false,
			"fps": 24,
			"anim": "singDOWN",
			"indices": [],
			"name": "Otori Down"
		},
		{
			"offsets": [
				-5,
				7
			],
			"loop": false,
			"fps": 24,
			"anim": "singUP",
			"indices": [],
			"name": "Otori Up"
		},
		{
			"offsets": [
				-5,
				13
			],
			"indices": [],
			"fps": 24,
			"anim": "singRIGHT",
			"loop": false,
			"name": "Otori Right"
		},
		{
			"offsets": [
				5,
				4
			],
			"indices": [],
			"fps": 24,
			"anim": "singLEFT",
			"loop": false,
			"name": "Otori Left"
		}
	],
	"no_antialiasing": false,
	"image": "characters/otori_assets",
	"position": [
		110,
		50
	],
	"healthicon": "otori",
	"flip_x": false,
	"healthbar_colors": [
		178,
		178,
		232
	],
	"camera_position": [
		70,
		-90
	],
	"sing_duration": 4,
	"scale": 1
}