{
	"animations": [
		{
			"loop": false,
			"offsets": [
				0,
				0
			],
			"fps": 24,
			"anim": "idle",
			"indices": [],
			"name": "Pico Idle Dance"
		},
		{
			"loop": false,
			"offsets": [
				65,
				9
			],
			"fps": 24,
			"anim": "singLEFT",
			"indices": [],
			"name": "Pico Note Right0"
		},
		{
			"loop": false,
			"offsets": [
				-68,
				-7
			],
			"fps": 24,
			"anim": "singRIGHT",
			"indices": [],
			"name": "Pico NOTE LEFT0"
		},
		{
			"loop": false,
			"offsets": [
				-60,
				41
			],
			"fps": 24,
			"anim": "singRIGHTmiss",
			"indices": [],
			"name": "Pico NOTE LEFT miss"
		},
		{
			"loop": false,
			"offsets": [
				62,
				64
			],
			"fps": 24,
			"anim": "singLEFTmiss",
			"indices": [],
			"name": "Pico Note Right Miss"
		},
		{
			"loop": false,
			"offsets": [
				-29,
				27
			],
			"fps": 24,
			"anim": "singUP",
			"indices": [],
			"name": "pico Up note0"
		},
		{
			"loop": false,
			"offsets": [
				200,
				-70
			],
			"fps": 24,
			"anim": "singDOWN",
			"indices": [],
			"name": "Pico Down Note0"
		},
		{
			"loop": false,
			"offsets": [
				210,
				-28
			],
			"fps": 24,
			"anim": "singDOWNmiss",
			"indices": [],
			"name": "Pico Down Note MISS"
		},
		{
			"loop": false,
			"offsets": [
				-19,
				67
			],
			"fps": 24,
			"anim": "singUPmiss",
			"indices": [],
			"name": "pico Up note miss"
		}
	],
	"no_antialiasing": false,
	"image": "characters/Pico_GREEN_LINES",
	"position": [
		0,
		300
	],
	"healthicon": "pico-lines",
	"flip_x": true,
	"healthbar_colors": [
		0,
		0,
		0
	],
	"camera_position": [
		0,
		0
	],
	"sing_duration": 4,
	"scale": 1
}