{
	"animations": [
		{
			"offsets": [
				-350,
				-10
			],
			"loop": false,
			"fps": 24,
			"anim": "idle",
			"indices": [],
			"name": "pico idle alt"
		},
		{
			"offsets": [
				-45,
				-18
			],
			"loop": false,
			"fps": 24,
			"anim": "singLEFT",
			"indices": [],
			"name": "pico left alt0"
		},
		{
			"offsets": [
				-240,
				208
			],
			"loop": false,
			"fps": 24,
			"anim": "singUP",
			"indices": [],
			"name": "pico up alt0"
		},
		{
			"offsets": [
				-563,
				24
			],
			"loop": false,
			"fps": 24,
			"anim": "singRIGHT",
			"indices": [],
			"name": "pico right alt0"
		},
		{
			"offsets": [
				-161,
				-151
			],
			"loop": false,
			"fps": 24,
			"anim": "singDOWN",
			"indices": [],
			"name": "pico down alt0"
		},
		{
			"offsets": [
				-49,
				-21
			],
			"loop": false,
			"fps": 24,
			"anim": "singLEFTmiss",
			"indices": [],
			"name": "pico left alt miss"
		},
		{
			"offsets": [
				-191,
				215
			],
			"loop": false,
			"fps": 24,
			"anim": "singUPmiss",
			"indices": [],
			"name": "pico up alt miss"
		},
		{
			"offsets": [
				-561,
				21
			],
			"loop": false,
			"fps": 24,
			"anim": "singRIGHTmiss",
			"indices": [],
			"name": "pico right alt miss"
		},
		{
			"offsets": [
				-156,
				-123
			],
			"loop": false,
			"fps": 24,
			"anim": "singDOWNmiss",
			"indices": [],
			"name": "pico down alt miss"
		},
		{
			"offsets": [
				66,
				-9
			],
			"loop": false,
			"fps": 24,
			"anim": "shoot",
			"indices": [],
			"name": "pico shoot"
		},
		{
			"offsets": [
				-350,
				-10
			],
			"indices": [
				15,
				16,
				17,
				18,
				19,
				20,
				21,
				22
			],
			"fps": 24,
			"anim": "fall",
			"loop": false,
			"name": "pico fall"
		}
	],
	"no_antialiasing": false,
	"image": "characters/picoCOOL",
	"position": [
		0,
		0
	],
	"healthicon": "picoGB",
	"flip_x": true,
	"healthbar_colors": [
		253,
		105,
		34
	],
	"camera_position": [
		50,
		-100
	],
	"sing_duration": 6.1,
	"scale": 1
}