{
	"animations": [
		{
			"offsets": [
				-3,
				-1
			],
			"loop": false,
			"anim": "idle",
			"fps": 24,
			"name": "BF idle dance",
			"indices": []
		},
		{
			"offsets": [
				-60,
				-79
			],
			"loop": false,
			"anim": "singDOWN",
			"fps": 24,
			"name": "BF NOTE DOWN0",
			"indices": []
		},
		{
			"offsets": [
				-29,
				10
			],
			"loop": false,
			"anim": "singUP",
			"fps": 24,
			"name": "BF NOTE UP0",
			"indices": []
		},
		{
			"offsets": [
				-75,
				-12
			],
			"indices": [],
			"fps": 24,
			"anim": "singRIGHT",
			"loop": false,
			"name": "BF NOTE LEFT0"
		},
		{
			"offsets": [
				52,
				1
			],
			"indices": [],
			"fps": 24,
			"anim": "singLEFT",
			"loop": false,
			"name": "BF NOTE RIGHT0"
		}
	],
	"no_antialiasing": false,
	"image": "characters/picoChristmas",
	"position": [
		160,
		290
	],
	"healthicon": "pico",
	"flip_x": true,
	"healthbar_colors": [
		49,
		176,
		209
	],
	"camera_position": [
		-20,
		0
	],
	"sing_duration": 4,
	"scale": 1
}