{
	"animations": [
		{
			"offsets": [
				-343,
				-18
			],
			"loop": false,
			"fps": 24,
			"anim": "singLEFT",
			"indices": [],
			"name": "pico left0"
		},
		{
			"offsets": [
				-361,
				136
			],
			"loop": false,
			"fps": 24,
			"anim": "singUP",
			"indices": [],
			"name": "pico up0"
		},
		{
			"offsets": [
				-413,
				24
			],
			"loop": false,
			"fps": 24,
			"anim": "singRIGHT",
			"indices": [],
			"name": "pico right0"
		},
		{
			"offsets": [
				-337,
				-11
			],
			"loop": false,
			"fps": 24,
			"anim": "singDOWN",
			"indices": [],
			"name": "pico down0"
		},
		{
			"offsets": [
				-284,
				-21
			],
			"loop": false,
			"fps": 24,
			"anim": "singLEFTmiss",
			"indices": [],
			"name": "pico left miss"
		},
		{
			"offsets": [
				-312,
				163
			],
			"loop": false,
			"fps": 24,
			"anim": "singUPmiss",
			"indices": [],
			"name": "pico up miss"
		},
		{
			"offsets": [
				-391,
				21
			],
			"loop": false,
			"fps": 24,
			"anim": "singRIGHTmiss",
			"indices": [],
			"name": "pico right miss"
		},
		{
			"offsets": [
				-306,
				-3
			],
			"loop": false,
			"fps": 24,
			"anim": "singDOWNmiss",
			"indices": [],
			"name": "pico down miss"
		},
		{
			"loop": false,
			"offsets": [
				-350,
				-10
			],
			"anim": "idle",
			"fps": 24,
			"name": "pico idle0",
			"indices": []
		}
	],
	"no_antialiasing": false,
	"image": "characters/pico_mobian",
	"position": [
		0,
		0
	],
	"healthicon": "picoGB",
	"flip_x": true,
	"healthbar_colors": [
		253,
		105,
		34
	],
	"camera_position": [
		100,
		0
	],
	"sing_duration": 6.1,
	"scale": 1
}