{
	"animations": [
		{
			"offsets": [
				25,
				300
			],
			"loop": false,
			"fps": 24,
			"anim": "idle",
			"indices": [],
			"name": "idle"
		},
		{
			"loop": false,
			"offsets": [
				25,
				297
			],
			"anim": "singLEFT",
			"fps": 24,
			"name": "left",
			"indices": []
		},
		{
			"loop": false,
			"offsets": [
				24,
				301
			],
			"anim": "singDOWN",
			"fps": 24,
			"name": "down",
			"indices": []
		},
		{
			"loop": false,
			"offsets": [
				27,
				303
			],
			"anim": "singUP",
			"fps": 24,
			"name": "up",
			"indices": []
		},
		{
			"loop": false,
			"offsets": [
				26,
				300
			],
			"anim": "singRIGHT",
			"fps": 24,
			"name": "right",
			"indices": []
		}
	],
	"no_antialiasing": false,
	"image": "characters/PiracySonic",
	"position": [
		470,
		310
	],
	"healthicon": "piracy",
	"flip_x": false,
	"healthbar_colors": [
		56,
		48,
		75
	],
	"camera_position": [
		-330,
		-410
	],
	"sing_duration": 4,
	"scale": 1.4
}