{
	"animations": [
		{
			"loop": false,
			"offsets": [
				0,
				0
			],
			"anim": "idle",
			"fps": 24,
			"name": "Miku idle dance",
			"indices": []
		},
		{
			"loop": false,
			"offsets": [
				30,
				1
			],
			"anim": "singDOWN",
			"fps": 24,
			"name": "Miku Sing Note DOWN",
			"indices": []
		},
		{
			"loop": false,
			"offsets": [
				-35,
				51
			],
			"anim": "singUP",
			"fps": 24,
			"name": "Miku Sing Note UP",
			"indices": []
		},
		{
			"offsets": [
				25,
				3
			],
			"loop": false,
			"fps": 24,
			"anim": "singDOWNmiss",
			"indices": [],
			"name": "miss Miku Sing Note DOWN MISS"
		},
		{
			"loop": false,
			"offsets": [
				-19,
				51
			],
			"anim": "singUPmiss",
			"fps": 24,
			"name": "miss Miku Sing Note UP MISS",
			"indices": []
		},
		{
			"loop": false,
			"offsets": [
				-9,
				7
			],
			"anim": "hey",
			"fps": 24,
			"name": "miku hey",
			"indices": []
		},
		{
			"loop": false,
			"offsets": [
				-9,
				-84
			],
			"anim": "ew",
			"fps": 24,
			"name": "ew miku",
			"indices": []
		},
		{
			"loop": false,
			"offsets": [
				76,
				2
			],
			"anim": "singLEFTmiss",
			"fps": 24,
			"name": "miss Miku Sing Note RIGHT MISS",
			"indices": []
		},
		{
			"loop": false,
			"offsets": [
				-44,
				2
			],
			"anim": "singRIGHT",
			"fps": 24,
			"name": "Miku Sing Note LEFT",
			"indices": []
		},
		{
			"loop": false,
			"offsets": [
				66,
				1
			],
			"anim": "singLEFT",
			"fps": 24,
			"name": "Miku Sing Note RIGHT",
			"indices": []
		},
		{
			"loop": false,
			"offsets": [
				-36,
				3
			],
			"anim": "singRIGHTmiss",
			"fps": 24,
			"name": "miss Miku Sing Note LEFT MISS",
			"indices": []
		}
	],
	"no_antialiasing": false,
	"image": "characters/ev_miku_assets",
	"position": [
		0,
		0
	],
	"healthicon": "hatsune-miku",
	"flip_x": false,
	"healthbar_colors": [
		50,
		205,
		184
	],
	"camera_position": [
		-60,
		-40
	],
	"sing_duration": 6.1,
	"scale": 1
}