{
	"animations": [
		{
			"offsets": [
				0,
				0
			],
			"loop": false,
			"fps": 24,
			"anim": "idle",
			"indices": [],
			"name": "polka idle"
		},
		{
			"loop": false,
			"offsets": [
				25,
				4
			],
			"anim": "singLEFT",
			"fps": 24,
			"name": "polka left",
			"indices": []
		},
		{
			"loop": false,
			"offsets": [
				3,
				-27
			],
			"anim": "singDOWN",
			"fps": 24,
			"name": "polka down",
			"indices": []
		},
		{
			"loop": false,
			"offsets": [
				-45,
				51
			],
			"anim": "singUP",
			"fps": 24,
			"name": "polka up",
			"indices": []
		},
		{
			"loop": false,
			"offsets": [
				-60,
				-2
			],
			"anim": "singRIGHT",
			"fps": 24,
			"name": "polka right",
			"indices": []
		}
	],
	"no_antialiasing": false,
	"image": "characters/OMARU_POLKA_FANMADE",
	"position": [
		0,
		230
	],
	"healthicon": "poruka",
	"flip_x": false,
	"healthbar_colors": [
		249,
		233,
		154
	],
	"camera_position": [
		30,
		40
	],
	"sing_duration": 4,
	"scale": 1
}