{
	"animations": [
		{
			"loop": false,
			"offsets": [
				-5,
				0
			],
			"anim": "idle",
			"fps": 24,
			"name": "Ram Idle Dance",
			"indices": []
		},
		{
			"loop": false,
			"offsets": [
				0,
				0
			],
			"anim": "singLEFT",
			"fps": 24,
			"name": "Ram Sing Left",
			"indices": []
		},
		{
			"loop": false,
			"offsets": [
				56,
				-88
			],
			"anim": "singDOWN",
			"fps": 24,
			"name": "Ram Sing Down",
			"indices": []
		},
		{
			"loop": false,
			"offsets": [
				-15,
				32
			],
			"anim": "singUP",
			"fps": 24,
			"name": "Ram Sing Up",
			"indices": []
		},
		{
			"loop": false,
			"offsets": [
				-36,
				5
			],
			"anim": "singRIGHT",
			"fps": 24,
			"name": "Ram Sing Right",
			"indices": []
		}
	],
	"no_antialiasing": false,
	"image": "characters/Ram_assetsV2",
	"position": [
		50,
		100
	],
	"healthicon": "ramv2",
	"flip_x": true,
	"healthbar_colors": [
		244,
		150,
		255
	],
	"camera_position": [
		20,
		-10
	],
	"sing_duration": 4,
	"scale": 1
}