{
	"animations": [
		{
			"loop": false,
			"offsets": [
				-120,
				-67
			],
			"anim": "singDOWN",
			"fps": 24,
			"name": "Ram Sing Down0",
			"indices": []
		},
		{
			"loop": false,
			"offsets": [
				-164,
				-8
			],
			"anim": "singUP",
			"fps": 24,
			"name": "Ram Sing Up0",
			"indices": []
		},
		{
			"loop": false,
			"offsets": [
				-148,
				-57
			],
			"anim": "idle",
			"fps": 24,
			"name": "Ram Idle",
			"indices": []
		},
		{
			"loop": false,
			"offsets": [
				-166,
				-38
			],
			"anim": "singLEFTMISS",
			"fps": 24,
			"name": "Ram Sing Right MISS0",
			"indices": []
		},
		{
			"loop": false,
			"offsets": [
				-122,
				-76
			],
			"anim": "singDOWNMISS",
			"fps": 24,
			"name": "Ram Sing Down MISS0",
			"indices": []
		},
		{
			"loop": false,
			"offsets": [
				-169,
				-4
			],
			"anim": "singUPMISS",
			"fps": 24,
			"name": "Ram Sing Up MISS0",
			"indices": []
		},
		{
			"loop": false,
			"offsets": [
				-79,
				-74
			],
			"anim": "singRIGHTMISS",
			"fps": 24,
			"name": "Ram Sing Left MISS0",
			"indices": []
		},
		{
			"offsets": [
				-77,
				-66
			],
			"loop": false,
			"fps": 24,
			"anim": "singLEFT",
			"indices": [],
			"name": "Ram Sing Left0"
		},
		{
			"offsets": [
				-163,
				-41
			],
			"loop": false,
			"fps": 24,
			"anim": "singRIGHT",
			"indices": [],
			"name": "Ram Sing Right0"
		}
	],
	"no_antialiasing": false,
	"image": "characters/Ram_assets",
	"position": [
		10,
		20
	],
	"healthicon": "ram",
	"flip_x": true,
	"healthbar_colors": [
		248,
		178,
		188
	],
	"camera_position": [
		-140,
		20
	],
	"sing_duration": 6.1,
	"scale": 1
}