{
	"animations": [
		{
			"loop": false,
			"offsets": [
				1,
				0
			],
			"anim": "singLEFT",
			"fps": 24,
			"name": "Rem Sing Left",
			"indices": []
		},
		{
			"loop": false,
			"offsets": [
				53,
				-85
			],
			"anim": "singDOWN",
			"fps": 24,
			"name": "Rem Sing Down",
			"indices": []
		},
		{
			"loop": false,
			"offsets": [
				-17,
				31
			],
			"anim": "singUP",
			"fps": 24,
			"name": "Rem Sing Up",
			"indices": []
		},
		{
			"loop": false,
			"offsets": [
				-37,
				7
			],
			"anim": "singRIGHT",
			"fps": 24,
			"name": "Rem Sing Right",
			"indices": []
		},
		{
			"offsets": [
				-5,
				0
			],
			"loop": false,
			"fps": 24,
			"anim": "idle",
			"indices": [],
			"name": "Rem Idle Dance"
		}
	],
	"no_antialiasing": false,
	"image": "characters/Rem_assetsV2",
	"position": [
		100,
		100
	],
	"healthicon": "remv2-player",
	"flip_x": true,
	"healthbar_colors": [
		113,
		148,
		223
	],
	"camera_position": [
		100,
		0
	],
	"sing_duration": 4,
	"scale": 1
}