{
	"animations": [
		{
			"offsets": [
				0,
				0
			],
			"indices": [],
			"fps": 24,
			"anim": "idle",
			"loop": true,
			"name": "Twins Idle Dance"
		},
		{
			"offsets": [
				35,
				7
			],
			"indices": [],
			"fps": 24,
			"anim": "singLEFT",
			"loop": false,
			"name": "Twins Sing Right"
		},
		{
			"offsets": [
				-24,
				1
			],
			"indices": [],
			"fps": 24,
			"anim": "singRIGHT",
			"loop": false,
			"name": "Twins Sing Left"
		},
		{
			"offsets": [
				0,
				-105
			],
			"indices": [],
			"fps": 24,
			"anim": "singDOWN",
			"loop": false,
			"name": "Twins Sing Down"
		},
		{
			"offsets": [
				77,
				39
			],
			"indices": [],
			"fps": 24,
			"anim": "singUP",
			"loop": false,
			"name": "Twins Sing Up"
		}
	],
	"no_antialiasing": false,
	"image": "characters/Twins_assets",
	"position": [
		0,
		0
	],
	"healthicon": "ram",
	"flip_x": true,
	"healthbar_colors": [
		248,
		178,
		255
	],
	"camera_position": [
		-70,
		-110
	],
	"sing_duration": 4,
	"scale": 1.2
}