{
	"animations": [
		{
			"loop": false,
			"offsets": [
				-72,
				-47
			],
			"anim": "singLEFT",
			"fps": 24,
			"name": "Rem Sing Left",
			"indices": []
		},
		{
			"loop": false,
			"offsets": [
				-160,
				-70
			],
			"anim": "singDOWN",
			"fps": 24,
			"name": "Rem Sing Down",
			"indices": []
		},
		{
			"loop": false,
			"offsets": [
				-110,
				-8
			],
			"anim": "singUP",
			"fps": 24,
			"name": "Rem Sing Up",
			"indices": []
		},
		{
			"loop": false,
			"offsets": [
				-166,
				-63
			],
			"anim": "singRIGHT",
			"fps": 24,
			"name": "Rem Sing Right",
			"indices": []
		},
		{
			"loop": false,
			"offsets": [
				-148,
				-61
			],
			"anim": "idle",
			"fps": 24,
			"name": "Rem Idle",
			"indices": []
		}
	],
	"no_antialiasing": false,
	"image": "characters/Rem_assets",
	"position": [
		10,
		20
	],
	"healthicon": "rem-MS",
	"flip_x": false,
	"healthbar_colors": [
		146,
		177,
		242
	],
	"camera_position": [
		90,
		30
	],
	"sing_duration": 6.1,
	"scale": 1
}