{
	"animations": [
		{
			"loop": false,
			"offsets": [
				0,
				0
			],
			"anim": "idle",
			"fps": 24,
			"name": "Rizo Idle",
			"indices": []
		},
		{
			"loop": false,
			"offsets": [
				53,
				-7
			],
			"anim": "singLEFT",
			"fps": 24,
			"name": "Rizo left",
			"indices": []
		},
		{
			"loop": false,
			"offsets": [
				-14,
				-12
			],
			"anim": "singRIGHT",
			"fps": 24,
			"name": "Rizo right",
			"indices": []
		},
		{
			"loop": false,
			"offsets": [
				8,
				-38
			],
			"anim": "singDOWN",
			"fps": 24,
			"name": "Rizo down",
			"indices": []
		},
		{
			"loop": false,
			"offsets": [
				15,
				20
			],
			"anim": "singUP",
			"fps": 24,
			"name": "Rizo up",
			"indices": []
		},
		{
			"loop": false,
			"offsets": [
				-3,
				44
			],
			"anim": "hey",
			"fps": 24,
			"name": "Hey",
			"indices": []
		}
	],
	"no_antialiasing": false,
	"image": "characters/Rizo_V2",
	"position": [
		100,
		375
	],
	"healthicon": "rizo",
	"flip_x": false,
	"healthbar_colors": [
		109,
		109,
		255
	],
	"camera_position": [
		-50,
		-50
	],
	"sing_duration": 4,
	"scale": 1
}