{
	"animations": [
		{
			"offsets": [
				95,
				400
			],
			"indices": [],
			"fps": 24,
			"anim": "idle",
			"loop": false,
			"name": "Idle"
		},
		{
			"offsets": [
				294,
				378
			],
			"indices": [],
			"fps": 24,
			"anim": "singLEFT",
			"loop": false,
			"name": "Sing Left"
		},
		{
			"offsets": [
				151,
				283
			],
			"indices": [],
			"fps": 24,
			"anim": "singDOWN",
			"loop": false,
			"name": "Sing Down"
		},
		{
			"offsets": [
				149,
				433
			],
			"indices": [],
			"fps": 24,
			"anim": "singUP",
			"loop": false,
			"name": "Sing Up"
		},
		{
			"offsets": [
				-54,
				369
			],
			"indices": [],
			"fps": 24,
			"anim": "singRIGHT",
			"loop": false,
			"name": "Sing Right"
		}
	],
	"no_antialiasing": false,
	"image": "characters/ron_assets",
	"position": [
		190,
		640
	],
	"healthicon": "ron",
	"flip_x": false,
	"healthbar_colors": [
		60,
		175,
		215
	],
	"camera_position": [
		-50,
		-400
	],
	"sing_duration": 4,
	"scale": 1
}