{
  "animations": [
    {
      "loop": false,
      "offsets": [
        -9,
        10
      ],
      "fps": 24,
      "anim": "singLEFT",
      "indices": [],
      "name": "Dad Sing Note LEFT"
    },
    {
      "loop": false,
      "offsets": [
        0,
        -30
      ],
      "fps": 24,
      "anim": "singDOWN",
      "indices": [],
      "name": "Dad Sing Note DOWN"
    },
    {
      "loop": false,
      "offsets": [
        -6,
        50
      ],
      "fps": 24,
      "anim": "singUP",
      "indices": [],
      "name": "Dad Sing Note UP"
    },
    {
      "loop": false,
      "offsets": [
        0,
        27
      ],
      "fps": 24,
      "anim": "singRIGHT",
      "indices": [],
      "name": "Dad Sing Note RIGHT"
    },
    {
      "loop": false,
      "offsets": [
        0,
        0
      ],
      "fps": 24,
      "anim": "idle",
      "indices": [],
      "name": "Dad idle dance"
    },
    {
      "loop": true,
      "offsets": [
        0,
        0
      ],
      "anim": "idle-loop",
      "fps": 24,
      "name": "Dad idle dance",
      "indices": [
        10,
        11,
        12,
        12
      ]
    },
    {
      "loop": true,
      "offsets": [
        -9,
        10
      ],
      "anim": "singLEFT-loop",
      "fps": 24,
      "name": "Dad Sing Note LEFT",
      "indices": [
        12,
        13,
        14,
        15
      ]
    },
    {
      "loop": true,
      "offsets": [
        0,
        27
      ],
      "anim": "singRIGHT-loop",
      "fps": 24,
      "name": "Dad Sing Note RIGHT",
      "indices": [
        15,
        16,
        17,
        18
      ]
    },
    {
      "loop": true,
      "offsets": [
        -6,
        50
      ],
      "anim": "singUP-loop",
      "fps": 24,
      "name": "Dad Sing Note UP",
      "indices": [
        56,
        57,
        58,
        59
      ]
    },
    {
      "offsets": [
        140,
        -100
      ],
      "loop": false,
      "fps": 24,
      "anim": "hey",
      "indices": [],
      "name": "WhatYouKnowAboutRollingDownInTheDeep"
    }
  ],
  "no_antialiasing": false,
  "image": "characters/RUBY",
  "position": [
    0,
    0
  ],
  "healthicon": "ruby",
  "flip_x": false,
  "healthbar_colors": [
    145,
    0,
    202
  ],
  "camera_position": [
    0,
    0
  ],
  "sing_duration": 6.1,
  "scale": 1
}