{
	"animations": [
		{
			"offsets": [
				12,
				-38
			],
			"loop": false,
			"anim": "singDOWN",
			"fps": 24,
			"name": "Dad Sing Note DOWN",
			"indices": []
		},
		{
			"offsets": [
				-2,
				43
			],
			"loop": false,
			"anim": "singUP",
			"fps": 24,
			"name": "Dad Sing Note UP",
			"indices": []
		},
		{
			"offsets": [
				0,
				0
			],
			"loop": false,
			"anim": "idle",
			"fps": 24,
			"name": "Dad idle dance",
			"indices": []
		},
		{
			"offsets": [
				20,
				0
			],
			"indices": [],
			"fps": 24,
			"anim": "singRIGHT",
			"loop": false,
			"name": "Dad Sing Note LEFT"
		},
		{
			"offsets": [
				7,
				17
			],
			"indices": [],
			"fps": 24,
			"anim": "singLEFT",
			"loop": false,
			"name": "Dad Sing Note RIGHT"
		}
	],
	"no_antialiasing": false,
	"image": "characters/RUBY",
	"position": [
		0,
		0
	],
	"healthicon": "ruby",
	"flip_x": false,
	"healthbar_colors": [
		145,
		0,
		202
	],
	"camera_position": [
		0,
		0
	],
	"sing_duration": 6.1,
	"scale": 1
}