{
	"animations": [
		{
			"offsets": [
				-5,
				0
			],
			"indices": [],
			"fps": 24,
			"anim": "idle",
			"loop": false,
			"name": "Ruka Idle Dance"
		},
		{
			"offsets": [
				-84,
				-123
			],
			"indices": [],
			"fps": 24,
			"anim": "singDOWN",
			"loop": false,
			"name": "Ruka Sing Down"
		},
		{
			"offsets": [
				-21,
				25
			],
			"indices": [],
			"fps": 24,
			"anim": "singUP",
			"loop": false,
			"name": "Ruka Sing Up"
		},
		{
			"offsets": [
				-80,
				1
			],
			"indices": [],
			"fps": 24,
			"anim": "singRIGHT",
			"loop": false,
			"name": "Ruka Sing Left"
		},
		{
			"offsets": [
				-14,
				0
			],
			"indices": [],
			"fps": 24,
			"anim": "singLEFT",
			"loop": false,
			"name": "Ruka Sing Right"
		}
	],
	"no_antialiasing": false,
	"image": "characters/ruka_assets",
	"position": [
		110,
		70
	],
	"healthicon": "ruka",
	"flip_x": false,
	"healthbar_colors": [
		45,
		44,
		50
	],
	"camera_position": [
		120,
		-100
	],
	"sing_duration": 4,
	"scale": 1
}