{
	"animations": [
		{
			"loop": false,
			"offsets": [
				-5,
				0
			],
			"anim": "idle",
			"fps": 24,
			"name": "Ruka Idle Dance",
			"indices": []
		},
		{
			"loop": false,
			"offsets": [
				159,
				-125
			],
			"anim": "singDOWN",
			"fps": 24,
			"name": "Ruka Sing Down",
			"indices": []
		},
		{
			"loop": false,
			"offsets": [
				16,
				25
			],
			"anim": "singUP",
			"fps": 24,
			"name": "Ruka Sing Up",
			"indices": []
		},
		{
			"offsets": [
				29,
				-1
			],
			"indices": [],
			"fps": 24,
			"anim": "singRIGHT",
			"loop": false,
			"name": "Ruka Sing Right"
		},
		{
			"offsets": [
				18,
				0
			],
			"indices": [],
			"fps": 24,
			"anim": "singLEFT",
			"loop": false,
			"name": "Ruka Sing Left"
		}
	],
	"no_antialiasing": false,
	"image": "characters/ruka_assets",
	"position": [
		110,
		70
	],
	"healthicon": "ruka",
	"flip_x": false,
	"healthbar_colors": [
		45,
		44,
		50
	],
	"camera_position": [
		0,
		-70
	],
	"sing_duration": 4,
	"scale": 1
}