{
	"animations": [
		{
			"loop": false,
			"offsets": [
				-5,
				0
			],
			"anim": "idle",
			"fps": 24,
			"name": "Idle",
			"indices": []
		},
		{
			"loop": false,
			"offsets": [
				2,
				-5
			],
			"anim": "singLEFT",
			"fps": 24,
			"name": "Left",
			"indices": []
		},
		{
			"loop": false,
			"offsets": [
				-2,
				-22
			],
			"anim": "singDOWN",
			"fps": 24,
			"name": "Down",
			"indices": []
		},
		{
			"loop": false,
			"offsets": [
				-8,
				-4
			],
			"anim": "singUP",
			"fps": 24,
			"name": "Up",
			"indices": []
		},
		{
			"loop": false,
			"offsets": [
				-9,
				-11
			],
			"anim": "singRIGHT",
			"fps": 24,
			"name": "Right",
			"indices": []
		}
	],
	"no_antialiasing": false,
	"image": "characters/RukaChikitaBackward",
	"position": [
		0,
		470
	],
	"healthicon": "ruka",
	"flip_x": true,
	"healthbar_colors": [
		45,
		44,
		50
	],
	"camera_position": [
		-80,
		-70
	],
	"sing_duration": 4,
	"scale": 1.5
}