{
	"animations": [
		{
			"offsets": [
				-135,
				-40
			],
			"loop": false,
			"fps": 24,
			"anim": "laugh",
			"indices": [],
			"name": "NewPhase2Sonic Laugh"
		},
		{
			"offsets": [
				-5,
				-10
			],
			"loop": false,
			"fps": 24,
			"anim": "idle",
			"indices": [],
			"name": "NewPhase2Sonic Idle"
		},
		{
			"offsets": [
				95,
				-186
			],
			"loop": false,
			"fps": 24,
			"anim": "singLEFT",
			"indices": [],
			"name": "NewPhase2Sonic Left"
		},
		{
			"offsets": [
				-30,
				-140
			],
			"loop": false,
			"fps": 24,
			"anim": "singDOWN",
			"indices": [],
			"name": "NewPhase2Sonic Down"
		},
		{
			"offsets": [
				-89,
				-23
			],
			"loop": false,
			"fps": 24,
			"anim": "singUP",
			"indices": [],
			"name": "NewPhase2Sonic Up"
		},
		{
			"offsets": [
				-38,
				-177
			],
			"loop": false,
			"fps": 24,
			"anim": "singRIGHT",
			"indices": [],
			"name": "NewPhase2Sonic Right"
		}
	],
	"no_antialiasing": false,
	"image": "characters/P2Sonic_Assets",
	"position": [
		0,
		260
	],
	"healthicon": "ycr",
	"flip_x": false,
	"healthbar_colors": [
		0,
		0,
		209
	],
	"camera_position": [
		0,
		140
	],
	"sing_duration": 4,
	"scale": 1
}