{
	"animations": [
		{
			"offsets": [
				10,
				20
			],
			"loop": false,
			"fps": 24,
			"anim": "idle",
			"indices": [],
			"name": "Russia idle"
		},
		{
			"offsets": [
				42,
				14
			],
			"loop": false,
			"fps": 24,
			"anim": "singLEFT",
			"indices": [],
			"name": "Russia left"
		},
		{
			"offsets": [
				40,
				95
			],
			"loop": false,
			"fps": 24,
			"anim": "singDOWN",
			"indices": [],
			"name": "Russia down"
		},
		{
			"offsets": [
				-36,
				120
			],
			"loop": false,
			"fps": 24,
			"anim": "singUP",
			"indices": [],
			"name": "Russia up"
		},
		{
			"offsets": [
				1,
				77
			],
			"loop": false,
			"fps": 24,
			"anim": "singRIGHT",
			"indices": [],
			"name": "Russia right"
		},
		{
			"offsets": [
				185,
				18
			],
			"loop": false,
			"fps": 24,
			"anim": "singLEFT-alt",
			"indices": [],
			"name": "Russia alt left"
		},
		{
			"offsets": [
				75,
				36
			],
			"loop": false,
			"fps": 24,
			"anim": "singDOWN-alt",
			"indices": [],
			"name": "Russia alt down"
		},
		{
			"offsets": [
				-51,
				63
			],
			"loop": false,
			"fps": 24,
			"anim": "singUP-alt",
			"indices": [],
			"name": "Russia alt up"
		},
		{
			"offsets": [
				-41,
				65
			],
			"loop": false,
			"fps": 24,
			"anim": "singRIGHT-alt",
			"indices": [],
			"name": "Russia alt right"
		},
		{
			"offsets": [
				-85,
				87
			],
			"loop": false,
			"fps": 24,
			"anim": "singUPmiss",
			"indices": [],
			"name": "Russia miss up"
		},
		{
			"offsets": [
				27,
				3
			],
			"loop": false,
			"fps": 24,
			"anim": "singDOWNmiss",
			"indices": [],
			"name": "Russia miss down"
		},
		{
			"offsets": [
				13,
				-11
			],
			"loop": false,
			"fps": 24,
			"anim": "singLEFTmiss",
			"indices": [],
			"name": "Russia miss left"
		},
		{
			"offsets": [
				-28,
				56
			],
			"loop": false,
			"fps": 24,
			"anim": "singRIGHTmiss",
			"indices": [],
			"name": "Russia miss right"
		}
	],
	"no_antialiasing": false,
	"image": "characters/Rushia_playable",
	"position": [
		-70,
		300
	],
	"healthicon": "russia",
	"flip_x": true,
	"healthbar_colors": [
		140,
		231,
		196
	],
	"camera_position": [
		20,
		0
	],
	"sing_duration": 3,
	"scale": 0.85
}