{
	"animations": [
		{
			"loop": false,
			"offsets": [
				-5,
				0
			],
			"anim": "idle",
			"fps": 24,
			"name": "RuvIdle",
			"indices": []
		},
		{
			"loop": false,
			"offsets": [
				70,
				5
			],
			"anim": "singLEFT",
			"fps": 24,
			"name": "RuvRight",
			"indices": []
		},
		{
			"loop": false,
			"offsets": [
				142,
				4
			],
			"anim": "singDOWN",
			"fps": 24,
			"name": "RuvDown",
			"indices": []
		},
		{
			"loop": false,
			"offsets": [
				150,
				3
			],
			"anim": "singUP",
			"fps": 24,
			"name": "RuvUp",
			"indices": []
		},
		{
			"loop": false,
			"offsets": [
				42,
				-64
			],
			"anim": "singRIGHT",
			"fps": 24,
			"name": "RuvLeft",
			"indices": []
		},
		{
			"offsets": [
				70,
				0
			],
			"indices": [],
			"fps": 24,
			"anim": "singLEFTmiss",
			"loop": false,
			"name": "RuvRight"
		},
		{
			"offsets": [
				142,
				0
			],
			"indices": [],
			"fps": 24,
			"anim": "singDOWNmiss",
			"loop": false,
			"name": "RuvDown"
		},
		{
			"offsets": [
				150,
				0
			],
			"indices": [],
			"fps": 24,
			"anim": "singUPmiss",
			"loop": false,
			"name": "RuvUp"
		},
		{
			"offsets": [
				38,
				-66
			],
			"indices": [],
			"fps": 24,
			"anim": "singRIGHTmiss",
			"loop": false,
			"name": "RuvLeft"
		}
	],
	"no_antialiasing": false,
	"image": "characters/Ruv",
	"position": [
		0,
		-70
	],
	"healthicon": "ruv",
	"flip_x": false,
	"healthbar_colors": [
		128,
		128,
		163
	],
	"camera_position": [
		70,
		70
	],
	"sing_duration": 4,
	"scale": 1
}