{
	"animations": [
		{
			"loop": false,
			"offsets": [
				-5,
				1
			],
			"anim": "idle",
			"fps": 24,
			"name": "BF idle dance",
			"indices": []
		},
		{
			"loop": false,
			"offsets": [
				-4,
				2
			],
			"anim": "singLEFTmiss",
			"fps": 24,
			"name": "BF NOTE LEFT MISS",
			"indices": []
		},
		{
			"loop": false,
			"offsets": [
				-5,
				1
			],
			"anim": "singDOWNmiss",
			"fps": 24,
			"name": "BF NOTE DOWN MISS",
			"indices": []
		},
		{
			"loop": false,
			"offsets": [
				-5,
				36
			],
			"anim": "singUPmiss",
			"fps": 24,
			"name": "BF NOTE UP MISS",
			"indices": []
		},
		{
			"loop": false,
			"offsets": [
				-4,
				35
			],
			"anim": "singRIGHTmiss",
			"fps": 24,
			"name": "BF NOTE RIGHT MISS",
			"indices": []
		},
		{
			"loop": false,
			"offsets": [
				-3,
				-7
			],
			"anim": "hey",
			"fps": 24,
			"name": "BF HEY",
			"indices": []
		},
		{
			"loop": true,
			"offsets": [
				-1,
				0
			],
			"anim": "scared",
			"fps": 24,
			"name": "BF idle shaking",
			"indices": []
		},
		{
			"offsets": [
				-5,
				3
			],
			"indices": [
				2,
				3,
				4,
				5,
				6,
				7,
				8,
				9,
				10,
				11,
				12,
				13,
				14
			],
			"fps": 24,
			"anim": "singLEFT",
			"loop": false,
			"name": "BF NOTE LEFT0"
		},
		{
			"offsets": [
				-5,
				-18
			],
			"indices": [
				2,
				3,
				4,
				5,
				6,
				7,
				8,
				9,
				10,
				11,
				12,
				13,
				14
			],
			"fps": 24,
			"anim": "singDOWN",
			"loop": false,
			"name": "BF NOTE DOWN0"
		},
		{
			"offsets": [
				-5,
				35
			],
			"indices": [
				2,
				3,
				4,
				5,
				6,
				7,
				8,
				9,
				10,
				11,
				12,
				13,
				14
			],
			"fps": 24,
			"anim": "singUP",
			"loop": false,
			"name": "BF NOTE UP0"
		},
		{
			"offsets": [
				-5,
				1
			],
			"indices": [
				2,
				3,
				4,
				5,
				6,
				7,
				8,
				9,
				10,
				11,
				12,
				13,
				14
			],
			"fps": 24,
			"anim": "singRIGHT",
			"loop": false,
			"name": "BF NOTE RIGHT0"
		}
	],
	"no_antialiasing": false,
	"image": "characters/SadBF_Assets",
	"position": [
		0,
		370
	],
	"healthicon": "bfsad",
	"flip_x": true,
	"healthbar_colors": [
		82,
		115,
		145
	],
	"camera_position": [
		20,
		-40
	],
	"sing_duration": 4,
	"scale": 1,
	"gameover_Character": "gameover-bf-floormic",
	"death_Sound": "ddto_loss_sfx"
}