{
	"animations": [
		{
			"loop": true,
			"offsets": [
				-4,
				-4
			],
			"anim": "idle",
			"fps": 24,
			"name": "Sans FNF instance",
			"indices": []
		},
		{
			"loop": false,
			"offsets": [
				0,
				-7
			],
			"anim": "singDOWN",
			"fps": 24,
			"name": "Donw instance",
			"indices": []
		},
		{
			"loop": false,
			"offsets": [
				41,
				-9
			],
			"anim": "singLEFT",
			"fps": 24,
			"name": "Lefft instance 1",
			"indices": []
		},
		{
			"loop": false,
			"offsets": [
				-12,
				18
			],
			"anim": "singUP",
			"fps": 24,
			"name": "Upo instance 1",
			"indices": []
		},
		{
			"loop": false,
			"offsets": [
				-22,
				1
			],
			"anim": "singRIGHT",
			"fps": 24,
			"name": "S-Right copy instance",
			"indices": []
		}
	],
	"no_antialiasing": false,
	"image": "characters/Sans",
	"position": [
		40,
		230
	],
	"healthicon": "sans",
	"flip_x": false,
	"healthbar_colors": [
		255,
		255,
		255
	],
	"camera_position": [
		70,
		-70
	],
	"sing_duration": 4,
	"scale": 1
}