{
	"animations": [
		{
			"offsets": [
				0,
				0
			],
			"indices": [],
			"fps": 24,
			"anim": "idle",
			"loop": false,
			"name": "Duet Idle"
		},
		{
			"offsets": [
				1,
				-19
			],
			"indices": [],
			"fps": 24,
			"anim": "singLEFT",
			"loop": false,
			"name": "Ruv Duet Left"
		},
		{
			"offsets": [
				-28,
				-65
			],
			"indices": [],
			"fps": 24,
			"anim": "singDOWN",
			"loop": false,
			"name": "Ruv Duet Down"
		},
		{
			"offsets": [
				0,
				67
			],
			"indices": [],
			"fps": 24,
			"anim": "singUP",
			"loop": false,
			"name": "Ruv Duet Up"
		},
		{
			"offsets": [
				-7,
				7
			],
			"indices": [],
			"fps": 24,
			"anim": "singRIGHT",
			"loop": false,
			"name": "Ruv Duet Right"
		},
		{
			"offsets": [
				0,
				-19
			],
			"indices": [],
			"fps": 24,
			"anim": "singLEFT-alt",
			"loop": false,
			"name": "Sarv Duet Left"
		},
		{
			"offsets": [
				-28,
				-64
			],
			"indices": [],
			"fps": 24,
			"anim": "singDOWN-alt",
			"loop": false,
			"name": "Sarv Duet Down"
		},
		{
			"offsets": [
				-8,
				8
			],
			"indices": [],
			"fps": 24,
			"anim": "singRIGHT-alt",
			"loop": false,
			"name": "Sarv Duet Right"
		},
		{
			"offsets": [
				-1,
				67
			],
			"indices": [],
			"fps": 24,
			"anim": "singUP-alt",
			"loop": false,
			"name": "Sarv Duet Up"
		},
		{
			"offsets": [
				35,
				3
			],
			"indices": [],
			"fps": 24,
			"anim": "hey",
			"loop": false,
			"name": "Sarv 3"
		}
	],
	"no_antialiasing": false,
	"image": "characters/Duet_Assets_SR",
	"position": [
		80,
		20
	],
	"healthicon": "sarv-ruv",
	"flip_x": false,
	"healthbar_colors": [
		255,
		195,
		195
	],
	"camera_position": [
		0,
		0
	],
	"sing_duration": 4,
	"scale": 1
}