{
	"animations": [
		{
			"offsets": [
				1,
				0
			],
			"indices": [],
			"fps": 24,
			"anim": "idle",
			"loop": false,
			"name": "SarventeIdle"
		},
		{
			"offsets": [
				-33,
				-2
			],
			"indices": [],
			"fps": 24,
			"anim": "singUP",
			"loop": false,
			"name": "SarventeUp"
		},
		{
			"offsets": [
				50,
				-4
			],
			"indices": [],
			"fps": 24,
			"anim": "singLEFT",
			"loop": false,
			"name": "SarventeLeft"
		},
		{
			"offsets": [
				-26,
				2
			],
			"indices": [],
			"fps": 24,
			"anim": "singRIGHT",
			"loop": false,
			"name": "SarventeRight"
		},
		{
			"offsets": [
				110,
				9
			],
			"indices": [],
			"fps": 24,
			"anim": "singDOWN",
			"loop": false,
			"name": "SarventeDown"
		}
	],
	"no_antialiasing": false,
	"image": "characters/sarvente_sheet",
	"position": [
		70,
		-30
	],
	"healthicon": "sarvente",
	"flip_x": false,
	"healthbar_colors": [
		60,
		22,
		40
	],
	"camera_position": [
		30,
		-40
	],
	"sing_duration": 4,
	"scale": 1
}