{
	"animations": [
		{
			"offsets": [
				0,
				0
			],
			"indices": [],
			"fps": 24,
			"anim": "idle",
			"loop": false,
			"name": "Duet Idle"
		},
		{
			"offsets": [
				1,
				-19
			],
			"indices": [],
			"fps": 24,
			"anim": "singLEFT",
			"loop": false,
			"name": "Duet Left"
		},
		{
			"offsets": [
				-28,
				-65
			],
			"indices": [],
			"fps": 24,
			"anim": "singDOWN",
			"loop": false,
			"name": "Duet Down"
		},
		{
			"offsets": [
				0,
				67
			],
			"indices": [],
			"fps": 24,
			"anim": "singUP",
			"loop": false,
			"name": "Duet Up"
		},
		{
			"offsets": [
				-7,
				7
			],
			"indices": [],
			"fps": 24,
			"anim": "singRIGHT",
			"loop": false,
			"name": "Duet Right"
		}
	],
	"no_antialiasing": false,
	"image": "characters/Duet_Assets_SR_Both",
	"position": [
		80,
		20
	],
	"healthicon": "sarv-ruv",
	"flip_x": false,
	"healthbar_colors": [
		255,
		195,
		195
	],
	"camera_position": [
		0,
		0
	],
	"sing_duration": 4,
	"scale": 1
}