{
	"animations": [
		{
			"loop": false,
			"offsets": [
				0,
				0
			],
			"anim": "idle",
			"fps": 24,
			"name": "Idle",
			"indices": []
		},
		{
			"loop": false,
			"offsets": [
				190,
				-249
			],
			"anim": "singLEFT",
			"fps": 24,
			"name": "Left",
			"indices": []
		},
		{
			"loop": false,
			"offsets": [
				51,
				-263
			],
			"anim": "singDOWN",
			"fps": 24,
			"name": "Down",
			"indices": []
		},
		{
			"loop": false,
			"offsets": [
				90,
				-117
			],
			"anim": "singUP",
			"fps": 24,
			"name": "Up",
			"indices": []
		},
		{
			"loop": false,
			"offsets": [
				-110,
				-228
			],
			"anim": "singRIGHT",
			"fps": 24,
			"name": "Right",
			"indices": []
		}
	],
	"no_antialiasing": true,
	"image": "characters/SayoriPngRap",
	"position": [
		50,
		0
	],
	"healthicon": "sayo-png",
	"flip_x": false,
	"healthbar_colors": [
		199,
		180,
		143
	],
	"camera_position": [
		0,
		70
	],
	"sing_duration": 6.1,
	"scale": 1
}