{
	"animations": [
		{
			"loop": false,
			"offsets": [
				0,
				263
			],
			"anim": "idle",
			"fps": 24,
			"name": "Sayo Idle nrw test",
			"indices": []
		},
		{
			"loop": false,
			"offsets": [
				-95,
				259
			],
			"anim": "singRIGHT",
			"fps": 24,
			"name": "Sayo Sing Note Right",
			"indices": []
		},
		{
			"loop": false,
			"offsets": [
				-34,
				257
			],
			"anim": "singLEFT",
			"fps": 24,
			"name": "Sayo Sing Note Left",
			"indices": []
		},
		{
			"loop": false,
			"offsets": [
				-58,
				309
			],
			"anim": "singUP",
			"fps": 24,
			"name": "Sayo Sing Note Up",
			"indices": []
		},
		{
			"loop": false,
			"offsets": [
				-23,
				246
			],
			"anim": "singDOWN",
			"fps": 24,
			"name": "Sayo Sing Note Down",
			"indices": []
		}
	],
	"no_antialiasing": false,
	"image": "characters/SayotsubaDuet",
	"position": [
		0,
		300
	],
	"healthicon": "sayotsuba",
	"flip_x": false,
	"healthbar_colors": [
		255,
		160,
		141
	],
	"camera_position": [
		-70,
		-270
	],
	"sing_duration": 4,
	"scale": 1
}