{
	"animations": [
		{
			"offsets": [
				0,
				-221
			],
			"indices": [
				30,
				0,
				1,
				2,
				3,
				4,
				5,
				6,
				7,
				8,
				9,
				10,
				11,
				12,
				13,
				14
			],
			"fps": 24,
			"anim": "idle-alt",
			"loop": false,
			"name": "Sayo_Idle_gone"
		},
		{
			"offsets": [
				0,
				-9
			],
			"indices": [
				30,
				0,
				1,
				2,
				3,
				4,
				5,
				6,
				7,
				8,
				9,
				10,
				11,
				12,
				13,
				14
			],
			"fps": 24,
			"anim": "danceLeft",
			"loop": false,
			"name": "Sayo_Idle0"
		},
		{
			"offsets": [
				0,
				-9
			],
			"indices": [
				15,
				16,
				17,
				18,
				19,
				20,
				21,
				22,
				23,
				24,
				25,
				26,
				27,
				28,
				29
			],
			"fps": 24,
			"anim": "danceRight",
			"loop": false,
			"name": "Sayo_Idle0"
		},
		{
			"offsets": [
				0,
				-14
			],
			"indices": [],
			"fps": 24,
			"anim": "singRIGHT",
			"loop": false,
			"name": "Sayo_singRIGHT"
		},
		{
			"offsets": [
				0,
				0
			],
			"indices": [],
			"fps": 24,
			"anim": "singLEFT",
			"loop": false,
			"name": "Sayo_singLEFT"
		},
		{
			"offsets": [
				0,
				60
			],
			"indices": [],
			"fps": 24,
			"anim": "singUP",
			"loop": false,
			"name": "Sayo_singUP"
		},
		{
			"offsets": [
				0,
				-11
			],
			"indices": [],
			"fps": 24,
			"anim": "singDOWN",
			"loop": false,
			"name": "Sayo_singDOWN"
		},
		{
			"offsets": [
				0,
				-5
			],
			"indices": [],
			"fps": 24,
			"anim": "scared",
			"loop": false,
			"name": "Sayo_scared"
		},
		{
			"offsets": [
				0,
				-5
			],
			"indices": [
				5,
				6,
				7,
				8
			],
			"fps": 24,
			"anim": "loop-scared",
			"loop": true,
			"name": "Sayo_scared"
		},
		{
			"offsets": [
				0,
				2
			],
			"indices": [],
			"fps": 24,
			"anim": "pop",
			"loop": false,
			"name": "Sayo_popout"
		}
	],
	"no_antialiasing": false,
	"image": "characters/Sayo_Speaker",
	"position": [
		0,
		100
	],
	"healthicon": "sayori",
	"flip_x": false,
	"healthbar_colors": [
		243,
		180,
		161
	],
	"camera_position": [
		0,
		0
	],
	"sing_duration": 4,
	"scale": 1
}