{
	"animations": [
		{
			"loop": false,
			"offsets": [
				0,
				263
			],
			"anim": "idle",
			"fps": 24,
			"name": "Sayo Idle nrw test",
			"indices": []
		},
		{
			"loop": false,
			"offsets": [
				44,
				266
			],
			"anim": "sayonara",
			"fps": 24,
			"name": "Sayo Nara animated",
			"indices": []
		},
		{
			"loop": false,
			"offsets": [
				-6,
				307
			],
			"anim": "singUP",
			"fps": 24,
			"name": "Sayo Sing Note Up",
			"indices": []
		},
		{
			"loop": false,
			"offsets": [
				-31,
				217
			],
			"anim": "singDOWN",
			"fps": 24,
			"name": "Sayo Sing Note Down",
			"indices": []
		},
		{
			"offsets": [
				41,
				255
			],
			"indices": [],
			"fps": 24,
			"anim": "singLEFT",
			"loop": false,
			"name": "Sayo Sing Note Right"
		},
		{
			"offsets": [
				-60,
				261
			],
			"indices": [],
			"fps": 24,
			"anim": "singRIGHT",
			"loop": false,
			"name": "Sayo Sing Note Left"
		},
		{
			"offsets": [
				-54,
				263
			],
			"indices": [],
			"fps": 24,
			"anim": "singRIGHTmiss",
			"loop": false,
			"name": "Sayo Sing Note Left"
		},
		{
			"offsets": [
				-6,
				306
			],
			"indices": [],
			"fps": 24,
			"anim": "singUPmiss",
			"loop": false,
			"name": "Sayo Sing Note Up"
		},
		{
			"offsets": [
				-32,
				222
			],
			"indices": [],
			"fps": 24,
			"anim": "singDOWNmiss",
			"loop": false,
			"name": "Sayo Sing Note Down"
		},
		{
			"offsets": [
				40,
				256
			],
			"indices": [],
			"fps": 24,
			"anim": "singLEFTmiss",
			"loop": false,
			"name": "Sayo Sing Note Right"
		}
	],
	"no_antialiasing": false,
	"image": "characters/Doki_Sayo_Assets",
	"position": [
		0,
		300
	],
	"healthicon": "sayori",
	"flip_x": false,
	"healthbar_colors": [
		243,
		180,
		161
	],
	"camera_position": [
		100,
		-220
	],
	"sing_duration": 4,
	"scale": 1
}