{
	"animations": [
		{
			"loop": false,
			"offsets": [
				-5,
				0
			],
			"anim": "idle",
			"fps": 24,
			"name": "idle",
			"indices": []
		},
		{
			"offsets": [
				60,
				72
			],
			"indices": [],
			"fps": 24,
			"anim": "singLEFT",
			"loop": false,
			"name": "left"
		},
		{
			"offsets": [
				10,
				120
			],
			"indices": [],
			"fps": 24,
			"anim": "singDOWN",
			"loop": false,
			"name": "down"
		},
		{
			"offsets": [
				41,
				67
			],
			"indices": [],
			"fps": 24,
			"anim": "singUP",
			"loop": false,
			"name": "up"
		},
		{
			"offsets": [
				42,
				143
			],
			"indices": [],
			"fps": 24,
			"anim": "singRIGHT",
			"loop": false,
			"name": "right"
		}
	],
	"no_antialiasing": false,
	"image": "characters/Sayori_Deleted",
	"position": [
		70,
		70
	],
	"healthicon": "sayori-deleted",
	"flip_x": false,
	"healthbar_colors": [
		228,
		110,
		97
	],
	"camera_position": [
		-30,
		-170
	],
	"sing_duration": 4,
	"scale": 1
}