{
	"animations": [
		{
			"offsets": [
				0,
				263
			],
			"loop": false,
			"fps": 24,
			"anim": "idle",
			"indices": [],
			"name": "Sayo Idle nrw test"
		},
		{
			"offsets": [
				-23,
				266
			],
			"loop": false,
			"fps": 24,
			"anim": "sayonara",
			"indices": [],
			"name": "Sayo Nara animated"
		},
		{
			"offsets": [
				-97,
				256
			],
			"loop": false,
			"fps": 24,
			"anim": "singRIGHT",
			"indices": [],
			"name": "Sayo Sing Note Right"
		},
		{
			"offsets": [
				-41,
				260
			],
			"loop": false,
			"fps": 24,
			"anim": "singLEFT",
			"indices": [],
			"name": "Sayo Sing Note Left"
		},
		{
			"offsets": [
				-59,
				307
			],
			"loop": false,
			"fps": 24,
			"anim": "singUP",
			"indices": [],
			"name": "Sayo Sing Note Up"
		},
		{
			"offsets": [
				-84,
				217
			],
			"loop": false,
			"fps": 24,
			"anim": "singDOWN",
			"indices": [],
			"name": "Sayo Sing Note Down"
		}
	],
	"no_antialiasing": false,
	"image": "characters/Doki_Sayo_Assets",
	"position": [
		0,
		300
	],
	"healthicon": "sayori",
	"flip_x": false,
	"healthbar_colors": [
		243,
		180,
		161
	],
	"camera_position": [
		0,
		-320
	],
	"sing_duration": 4,
	"scale": 1
}