{
	"animations": [
		{
			"offsets": [
				3,
				0
			],
			"loop": true,
			"fps": 12,
			"anim": "idle",
			"indices": [],
			"name": "Idle"
		},
		{
			"offsets": [
				2,
				-5
			],
			"loop": false,
			"fps": 24,
			"anim": "singRIGHT",
			"indices": [],
			"name": "Right"
		},
		{
			"offsets": [
				13,
				-9
			],
			"loop": false,
			"fps": 24,
			"anim": "singLEFT",
			"indices": [],
			"name": "Left"
		},
		{
			"offsets": [
				3,
				-32
			],
			"loop": false,
			"fps": 24,
			"anim": "singDOWN",
			"indices": [],
			"name": "Down"
		},
		{
			"offsets": [
				2,
				1
			],
			"loop": false,
			"fps": 24,
			"anim": "singUP",
			"indices": [],
			"name": "Up"
		}
	],
	"no_antialiasing": false,
	"image": "characters/BlackDawg",
	"position": [
		750,
		500
	],
	"healthicon": "mom",
	"flip_x": false,
	"healthbar_colors": [
		216,
		85,
		142
	],
	"camera_position": [
		-470,
		-80
	],
	"sing_duration": 4,
	"scale": 1.2
}