{
	"animations": [
		{
			"loop": true,
			"offsets": [
				5,
				0
			],
			"anim": "idle",
			"fps": 12,
			"name": "Idle",
			"indices": []
		},
		{
			"loop": false,
			"offsets": [
				18,
				-51
			],
			"anim": "singRIGHT",
			"fps": 24,
			"name": "Right",
			"indices": []
		},
		{
			"loop": false,
			"offsets": [
				73,
				-49
			],
			"anim": "singLEFT",
			"fps": 24,
			"name": "Left",
			"indices": []
		},
		{
			"loop": false,
			"offsets": [
				3,
				-92
			],
			"anim": "singDOWN",
			"fps": 24,
			"name": "Down",
			"indices": []
		},
		{
			"loop": false,
			"offsets": [
				-1,
				21
			],
			"anim": "singUP",
			"fps": 24,
			"name": "Up",
			"indices": []
		}
	],
	"no_antialiasing": false,
	"image": "characters/dawgshow",
	"position": [
		250,
		0
	],
	"healthicon": "scoob-show",
	"flip_x": false,
	"healthbar_colors": [
		133,
		42,
		20
	],
	"camera_position": [
		-280,
		-150
	],
	"sing_duration": 4,
	"scale": 1.3
}