{
	"animations": [
		{
			"offsets": [
				-5,
				0
			],
			"loop": false,
			"fps": 24,
			"anim": "idle",
			"indices": [],
			"name": "Selever Idle"
		},
		{
			"offsets": [
				-5,
				0
			],
			"loop": false,
			"fps": 24,
			"anim": "singLEFT",
			"indices": [],
			"name": "Selever Left"
		},
		{
			"offsets": [
				-120,
				0
			],
			"loop": false,
			"fps": 24,
			"anim": "singDOWN",
			"indices": [],
			"name": "Selever Down"
		},
		{
			"offsets": [
				-124,
				1
			],
			"loop": false,
			"fps": 24,
			"anim": "singUP",
			"indices": [],
			"name": "Selever Up"
		},
		{
			"offsets": [
				-137,
				3
			],
			"loop": false,
			"fps": 24,
			"anim": "singRIGHT",
			"indices": [],
			"name": "Selever Right"
		}
	],
	"no_antialiasing": false,
	"image": "characters/Selever",
	"position": [
		0,
		-40
	],
	"healthicon": "selever",
	"flip_x": false,
	"healthbar_colors": [
		255,
		234,
		228
	],
	"camera_position": [
		40,
		-150
	],
	"sing_duration": 4,
	"scale": 1
}