{
	"animations": [
		{
			"loop": false,
			"offsets": [
				-5,
				0
			],
			"anim": "idle",
			"fps": 24,
			"name": "shaggy_idle",
			"indices": []
		},
		{
			"loop": false,
			"offsets": [
				160,
				-125
			],
			"anim": "singLEFT",
			"fps": 24,
			"name": "shaggy_left",
			"indices": []
		},
		{
			"loop": false,
			"offsets": [
				-10,
				-170
			],
			"anim": "singDOWN",
			"fps": 24,
			"name": "shaggy_down",
			"indices": []
		},
		{
			"loop": false,
			"offsets": [
				-29,
				27
			],
			"anim": "singUP",
			"fps": 24,
			"name": "shaggy_up",
			"indices": []
		},
		{
			"loop": false,
			"offsets": [
				-18,
				-44
			],
			"anim": "singRIGHT",
			"fps": 24,
			"name": "shaggy_right",
			"indices": []
		}
	],
	"no_antialiasing": false,
	"image": "characters/shaggy",
	"position": [
		50,
		-50
	],
	"healthicon": "shaggy",
	"flip_x": false,
	"healthbar_colors": [
		150,
		98,
		14
	],
	"camera_position": [
		0,
		0
	],
	"sing_duration": 4,
	"scale": 1
}