{
	"animations": [
		{
			"loop": false,
			"offsets": [
				-1,
				0
			],
			"anim": "danceLeft",
			"fps": 24,
			"name": "bf sitting still instance 1",
			"indices": []
		},
		{
			"loop": false,
			"offsets": [
				0,
				0
			],
			"anim": "danceRight",
			"fps": 24,
			"name": "bf sitting still instance 1",
			"indices": []
		},
		{
			"loop": false,
			"offsets": [
				0,
				0
			],
			"anim": "lookCloud",
			"fps": 24,
			"name": "bf cloud look instance 1",
			"indices": []
		},
		{
			"loop": false,
			"offsets": [
				0,
				0
			],
			"anim": "lookGF",
			"fps": 24,
			"name": "bf gf look instance 1",
			"indices": []
		}
	],
	"no_antialiasing": false,
	"image": "characters/no_char",
	"position": [
		0,
		0
	],
	"healthicon": "shiona",
	"flip_x": false,
	"healthbar_colors": [
		237,
		109,
		74
	],
	"camera_position": [
		-20,
		80
	],
	"sing_duration": 4,
	"scale": 1
}