{
	"animations": [
		{
			"loop": false,
			"offsets": [
				14,
				19
			],
			"fps": 24,
			"anim": "singDOWN",
			"indices": [],
			"name": "ShishigamiStyle down"
		},
		{
			"loop": false,
			"offsets": [
				14,
				19
			],
			"fps": 24,
			"anim": "singUP",
			"indices": [],
			"name": "ShishigamiStyle up"
		},
		{
			"loop": false,
			"offsets": [
				13,
				19
			],
			"fps": 24,
			"anim": "idle",
			"indices": [],
			"name": "ShishigamiStyle idle"
		},
		{
			"offsets": [
				13,
				20
			],
			"indices": [],
			"fps": 24,
			"anim": "singLEFT",
			"loop": false,
			"name": "ShishigamiStyle right"
		},
		{
			"offsets": [
				14,
				19
			],
			"indices": [],
			"fps": 24,
			"anim": "singRIGHT",
			"loop": false,
			"name": "ShishigamiStyle left"
		}
	],
	"no_antialiasing": false,
	"image": "characters/ShishigamiStyle",
	"position": [
		230,
		40
	],
	"healthicon": "shishigamikiseiju",
	"flip_x": false,
	"healthbar_colors": [
		0,
		100,
		204
	],
	"camera_position": [
		130,
		-140
	],
	"sing_duration": 4.00000000000001,
	"scale": 1.2
}