{
	"animations": [
		{
			"offsets": [
				0,
				0
			],
			"indices": [],
			"fps": 24,
			"anim": "idle",
			"loop": false,
			"name": "Yuri Idle0"
		},
		{
			"offsets": [
				-4,
				-22
			],
			"indices": [],
			"fps": 24,
			"anim": "singLEFT",
			"loop": false,
			"name": "Yuri Sing Note Left"
		},
		{
			"offsets": [
				16,
				1
			],
			"indices": [],
			"fps": 24,
			"anim": "singRIGHT",
			"loop": false,
			"name": "Yuri Sing Note Right"
		},
		{
			"offsets": [
				23,
				24
			],
			"indices": [],
			"fps": 24,
			"anim": "singUP",
			"loop": false,
			"name": "Yuri Sing Note Up"
		},
		{
			"offsets": [
				-8,
				-21
			],
			"indices": [],
			"fps": 24,
			"anim": "singDOWN",
			"loop": false,
			"name": "Yuri Sing Note Down"
		}
	],
	"no_antialiasing": false,
	"image": "characters/silhouette_yuri",
	"position": [
		10,
		100
	],
	"healthicon": "yuri",
	"flip_x": false,
	"healthbar_colors": [
		158,
		114,
		210
	],
	"camera_position": [
		0,
		0
	],
	"sing_duration": 6,
	"scale": 1
}