{
	"animations": [
		{
			"offsets": [
				0,
				0
			],
			"loop": true,
			"fps": 24,
			"anim": "idle",
			"indices": [],
			"name": "SINK IDLE"
		},
		{
			"offsets": [
				192,
				4
			],
			"loop": false,
			"fps": 24,
			"anim": "singLEFT",
			"indices": [],
			"name": "SINK LEFT"
		},
		{
			"offsets": [
				2,
				-31
			],
			"loop": false,
			"fps": 24,
			"anim": "singDOWN",
			"indices": [],
			"name": "SINK DOWN"
		},
		{
			"offsets": [
				1,
				223
			],
			"loop": false,
			"fps": 24,
			"anim": "singUP",
			"indices": [
				1,
				2,
				3,
				4,
				5,
				6,
				7,
				8,
				9,
				10,
				11,
				12,
				13,
				14,
				15,
				16,
				17,
				18,
				19,
				20,
				21,
				22,
				23
			],
			"name": "SINK UP"
		},
		{
			"offsets": [
				13,
				-7
			],
			"loop": false,
			"fps": 24,
			"anim": "singRIGHT",
			"indices": [
				1,
				2,
				3,
				4,
				5,
				6,
				7,
				8,
				9,
				10,
				11,
				12,
				13,
				14,
				15,
				16,
				17,
				18,
				19,
				20,
				21,
				22,
				23
			],
			"name": "SINK RIGHT"
		},
		{
			"offsets": [
				1,
				-31
			],
			"loop": false,
			"fps": 24,
			"anim": "singDOWNmiss",
			"indices": [],
			"name": "MISS SINK DOWN"
		},
		{
			"offsets": [
				79,
				318
			],
			"loop": false,
			"fps": 24,
			"anim": "singRIGHTmiss",
			"indices": [],
			"name": "MISS SINK RIGHT"
		},
		{
			"offsets": [
				252,
				266
			],
			"loop": false,
			"fps": 24,
			"anim": "singLEFTmiss",
			"indices": [],
			"name": "MISS SINK LEFT"
		},
		{
			"offsets": [
				20,
				516
			],
			"loop": false,
			"fps": 24,
			"anim": "singUPmiss",
			"indices": [],
			"name": "MISS SINK UP"
		}
	],
	"no_antialiasing": false,
	"image": "characters/sink",
	"position": [
		0,
		0
	],
	"healthicon": "sink_icons",
	"flip_x": true,
	"healthbar_colors": [
		48,
		138,
		104
	],
	"camera_position": [
		0,
		0
	],
	"sing_duration": 6.1,
	"scale": 1.2
}