{
	"animations": [
		{
			"offsets": [
				0,
				173
			],
			"loop": false,
			"anim": "idle",
			"fps": 24,
			"name": "Pico Idle Dance",
			"indices": []
		},
		{
			"offsets": [
				11,
				257
			],
			"loop": false,
			"anim": "singUP",
			"fps": 24,
			"name": "pico Up note0",
			"indices": []
		},
		{
			"offsets": [
				0,
				120
			],
			"loop": false,
			"anim": "singDOWN",
			"fps": 24,
			"name": "Pico Down Note0",
			"indices": []
		},
		{
			"offsets": [
				25,
				169
			],
			"loop": false,
			"fps": 24,
			"anim": "singLEFT",
			"indices": [],
			"name": "Pico NOTE LEFT"
		},
		{
			"offsets": [
				-198,
				194
			],
			"loop": false,
			"fps": 24,
			"anim": "singRIGHT",
			"indices": [],
			"name": "Pico Note Right"
		}
	],
	"no_antialiasing": false,
	"image": "characters/Soft_GF_Assets",
	"position": [
		0,
		300
	],
	"healthicon": "softgf",
	"flip_x": true,
	"healthbar_colors": [
		145,
		98,
		84
	],
	"camera_position": [
		-50,
		-100
	],
	"sing_duration": 4,
	"scale": 1
}