{
	"animations": [
		{
			"offsets": [
				-5,
				0
			],
			"loop": false,
			"fps": 24,
			"anim": "idle",
			"indices": [],
			"name": "Sonic_EXE_Pixel idle"
		},
		{
			"offsets": [
				-45,
				0
			],
			"loop": false,
			"fps": 24,
			"anim": "singLEFT",
			"indices": [],
			"name": "Sonic_EXE_Pixel Sonic_EXE_Pixel NOTE LEFT"
		},
		{
			"loop": false,
			"offsets": [
				-16,
				-2
			],
			"anim": "singDOWN",
			"fps": 24,
			"name": "Sonic_EXE_Pixel Sonic_EXE_Pixel NOTE DOWN",
			"indices": []
		},
		{
			"loop": false,
			"offsets": [
				-25,
				1
			],
			"anim": "singUP",
			"fps": 24,
			"name": "Sonic_EXE_Pixel NOTE UP",
			"indices": []
		},
		{
			"loop": false,
			"offsets": [
				-4,
				0
			],
			"anim": "singRIGHT",
			"fps": 24,
			"name": "Sonic_EXE_Pixel NOTE RIGHT",
			"indices": []
		}
	],
	"no_antialiasing": true,
	"image": "characters/Sonic_EXE_Pixel",
	"position": [
		370,
		590
	],
	"healthicon": "monika-sonicexe-pixel",
	"flip_x": false,
	"healthbar_colors": [
		144,
		84,
		71
	],
	"camera_position": [
		-220,
		-200
	],
	"sing_duration": 4,
	"scale": 9.9
}