{
	"animations": [
		{
			"offsets": [
				3,
				0
			],
			"loop": false,
			"fps": 24,
			"anim": "idle",
			"indices": [
				0,
				1,
				2,
				3,
				4,
				5,
				6,
				7,
				8,
				9,
				10,
				11,
				12,
				13
			],
			"name": "idle"
		},
		{
			"offsets": [
				3,
				0
			],
			"loop": true,
			"fps": 24,
			"anim": "idle-loop",
			"indices": [
				0,
				1,
				2,
				3,
				4,
				5,
				6,
				7,
				8,
				9,
				10,
				11,
				12,
				13
			],
			"name": "idle"
		},
		{
			"offsets": [
				-56,
				35
			],
			"loop": false,
			"fps": 24,
			"anim": "singUP",
			"indices": [
				0,
				1,
				2,
				3,
				4,
				5,
				6,
				7,
				8,
				9,
				10,
				11,
				12,
				13,
				14,
				15
			],
			"name": "up"
		},
		{
			"offsets": [
				-56,
				35
			],
			"loop": true,
			"fps": 24,
			"anim": "singUP-loop",
			"indices": [
				0,
				1,
				2,
				15
			],
			"name": "up"
		},
		{
			"offsets": [
				-4,
				2
			],
			"loop": false,
			"fps": 24,
			"anim": "singLEFT",
			"indices": [
				0,
				1,
				2,
				3,
				4,
				5,
				6,
				7,
				8,
				9,
				10,
				11,
				12,
				13,
				14,
				15
			],
			"name": "left"
		},
		{
			"offsets": [
				-4,
				2
			],
			"loop": true,
			"fps": 24,
			"anim": "singLEFT-loop",
			"indices": [
				0,
				1,
				2,
				3,
				15
			],
			"name": "left"
		},
		{
			"offsets": [
				-96,
				-10
			],
			"loop": false,
			"fps": 24,
			"anim": "singRIGHT",
			"indices": [
				0,
				1,
				2,
				3,
				4,
				5,
				6,
				7,
				8,
				9,
				10,
				11,
				12,
				13,
				14,
				15
			],
			"name": "right"
		},
		{
			"offsets": [
				-96,
				-10
			],
			"loop": true,
			"fps": 24,
			"anim": "singRIGHT-loop",
			"indices": [
				0,
				1,
				2,
				3,
				15
			],
			"name": "right"
		},
		{
			"offsets": [
				-30,
				-40
			],
			"loop": false,
			"fps": 24,
			"anim": "singDOWN",
			"indices": [
				0,
				1,
				2,
				3,
				4,
				5,
				6,
				7,
				8,
				9,
				10,
				11,
				12,
				13,
				14,
				15
			],
			"name": "down"
		},
		{
			"offsets": [
				-30,
				-40
			],
			"loop": true,
			"fps": 24,
			"anim": "singDOWN-loop",
			"indices": [
				0,
				1,
				2,
				3,
				15
			],
			"name": "down"
		}
	],
	"no_antialiasing": false,
	"image": "characters/sonic",
	"position": [
		-50,
		-80
	],
	"healthicon": "sonic",
	"flip_x": false,
	"healthbar_colors": [
		43,
		75,
		255
	],
	"camera_position": [
		0,
		0
	],
	"sing_duration": 4,
	"scale": 0.8
}