{
	"animations": [
		{
			"loop": false,
			"offsets": [
				0,
				0
			],
			"anim": "idle",
			"fps": 24,
			"name": "SONICmoveIDLE",
			"indices": []
		},
		{
			"loop": false,
			"offsets": [
				174,
				-12
			],
			"anim": "singLEFT",
			"fps": 24,
			"name": "SONICmoveLEFT",
			"indices": []
		},
		{
			"loop": false,
			"offsets": [
				115,
				-5
			],
			"anim": "singDOWN",
			"fps": 24,
			"name": "SONICmoveDOWN",
			"indices": []
		},
		{
			"loop": false,
			"offsets": [
				14,
				48
			],
			"anim": "singUP",
			"fps": 24,
			"name": "SONICmoveUP",
			"indices": []
		},
		{
			"loop": false,
			"offsets": [
				18,
				55
			],
			"anim": "singRIGHT",
			"fps": 24,
			"name": "SONICmoveRIGHT",
			"indices": []
		}
	],
	"no_antialiasing": false,
	"image": "characters/ExeAssets",
	"position": [
		240,
		140
	],
	"healthicon": "sonic-exe",
	"flip_x": false,
	"healthbar_colors": [
		1,
		102,
		201
	],
	"camera_position": [
		-100,
		-50
	],
	"sing_duration": 6.1,
	"scale": 1
}