{
	"animations": [
		{
			"loop": false,
			"offsets": [
				-5,
				0
			],
			"anim": "idle",
			"fps": 24,
			"name": "Sonic_EXE_Pixel idle",
			"indices": []
		},
		{
			"loop": false,
			"offsets": [
				-45,
				0
			],
			"anim": "singLEFT",
			"fps": 24,
			"name": "Sonic_EXE_Pixel Sonic_EXE_Pixel NOTE LEFT",
			"indices": []
		},
		{
			"offsets": [
				-16,
				-2
			],
			"indices": [],
			"fps": 24,
			"anim": "singDOWN",
			"loop": false,
			"name": "Sonic_EXE_Pixel Sonic_EXE_Pixel NOTE DOWN"
		},
		{
			"offsets": [
				-25,
				1
			],
			"indices": [],
			"fps": 24,
			"anim": "singUP",
			"loop": false,
			"name": "Sonic_EXE_Pixel NOTE UP"
		},
		{
			"offsets": [
				-4,
				0
			],
			"indices": [],
			"fps": 24,
			"anim": "singRIGHT",
			"loop": false,
			"name": "Sonic_EXE_Pixel NOTE RIGHT"
		}
	],
	"no_antialiasing": true,
	"image": "scharaSonic_EXE_Pixel Sonic_EXSonic_EXSonic_EXE_Pixel NOTE RIGHT   sssswsw   s",
	"position": [
		310,
		680
	],
	"healthicon": "bf",
	"flip_x": false,
	"healthbar_colors": [
		127,
		229,
		255
	],
	"camera_position": [
		-200,
		-50
	],
	"sing_duration": 4,
	"scale": 6
}