{
	"animations": [
		{
			"offsets": [
				0,
				-40
			],
			"loop": false,
			"fps": 24,
			"anim": "singDOWN-alt",
			"indices": [],
			"name": "SONIClaugh"
		},
		{
			"offsets": [
				34,
				31
			],
			"loop": false,
			"fps": 24,
			"anim": "singUP",
			"indices": [],
			"name": "SONICmoveUP"
		},
		{
			"offsets": [
				-90,
				-16
			],
			"loop": false,
			"fps": 24,
			"anim": "singRIGHT",
			"indices": [],
			"name": "SONICmoveRIGHT"
		},
		{
			"offsets": [
				-60,
				-80
			],
			"loop": true,
			"fps": 24,
			"anim": "idle",
			"indices": [],
			"name": "SONICmoveIDLE"
		},
		{
			"offsets": [
				20,
				-160
			],
			"loop": false,
			"fps": 24,
			"anim": "singDOWN",
			"indices": [],
			"name": "SONICmoveDOWN"
		},
		{
			"offsets": [
				110,
				-63
			],
			"loop": false,
			"fps": 24,
			"anim": "singLEFT",
			"indices": [],
			"name": "SONICmoveLEFT"
		}
	],
	"no_antialiasing": false,
	"image": "characters/sonicexe",
	"position": [
		0,
		0
	],
	"healthicon": "sonicexe",
	"flip_x": false,
	"healthbar_colors": [
		0,
		85,
		142
	],
	"camera_position": [
		-10,
		110
	],
	"sing_duration": 4,
	"scale": 1
}