{
	"animations": [
		{
			"loop": false,
			"offsets": [
				0,
				0
			],
			"anim": "idle",
			"fps": 24,
			"name": "Sonic idle",
			"indices": []
		},
		{
			"loop": false,
			"offsets": [
				8,
				3
			],
			"anim": "singLEFT",
			"fps": 24,
			"name": "Sonic left",
			"indices": []
		},
		{
			"loop": false,
			"offsets": [
				0,
				0
			],
			"anim": "singDOWN",
			"fps": 24,
			"name": "Sonic down",
			"indices": []
		},
		{
			"loop": false,
			"offsets": [
				-30,
				-9
			],
			"anim": "singUP",
			"fps": 24,
			"name": "Sonic up",
			"indices": []
		},
		{
			"loop": false,
			"offsets": [
				0,
				3
			],
			"anim": "singDOWNmiss",
			"fps": 24,
			"name": "MISS Sonic down",
			"indices": []
		},
		{
			"loop": false,
			"offsets": [
				-29,
				0
			],
			"anim": "singUPmiss",
			"fps": 24,
			"name": "MISS Sonic up",
			"indices": []
		},
		{
			"offsets": [
				30,
				14
			],
			"loop": false,
			"fps": 24,
			"anim": "singLEFTmiss",
			"indices": [],
			"name": "MISS Sonic left"
		},
		{
			"offsets": [
				17,
				6
			],
			"loop": false,
			"fps": 24,
			"anim": "singRIGHTmiss",
			"indices": [],
			"name": "MISS Sonic right"
		},
		{
			"loop": false,
			"offsets": [
				-14,
				-11
			],
			"anim": "firstDeath",
			"fps": 24,
			"name": "GAME OVER",
			"indices": [
				0,
				1,
				2,
				3,
				4,
				5,
				6,
				7,
				8,
				9
			]
		},
		{
			"loop": true,
			"offsets": [
				-20,
				-14
			],
			"anim": "deathLoop",
			"fps": 24,
			"name": "GAME OVER loop",
			"indices": []
		},
		{
			"loop": false,
			"offsets": [
				-27,
				-10
			],
			"anim": "deathConfirm",
			"fps": 24,
			"name": "GAME OVER enter",
			"indices": []
		},
		{
			"offsets": [
				-29,
				-1
			],
			"indices": [
				2,
				3,
				4,
				5,
				6,
				7,
				8,
				9,
				10,
				11,
				12
			],
			"fps": 24,
			"anim": "singRIGHT",
			"loop": false,
			"name": "Sonic right"
		}
	],
	"no_antialiasing": false,
	"image": "characters/sonic fw",
	"position": [
		0,
		0
	],
	"healthicon": "sonic icons",
	"flip_x": true,
	"healthbar_colors": [
		40,
		66,
		137
	],
	"camera_position": [
		0,
		0
	],
	"sing_duration": 6.1,
	"scale": 1
}