{
	"animations": [
		{
			"loop": false,
			"offsets": [
				0,
				0
			],
			"anim": "idle",
			"fps": 24,
			"name": "Aloo Idle",
			"indices": []
		},
		{
			"loop": false,
			"offsets": [
				0,
				0
			],
			"anim": "singLEFT",
			"fps": 24,
			"name": "Aloo Left",
			"indices": []
		},
		{
			"loop": false,
			"offsets": [
				-70,
				16
			],
			"anim": "singRIGHT",
			"fps": 24,
			"name": "Aloo Right",
			"indices": []
		},
		{
			"loop": false,
			"offsets": [
				-120,
				-40
			],
			"anim": "singDOWN",
			"fps": 24,
			"name": "Aloo Down",
			"indices": []
		},
		{
			"loop": false,
			"offsets": [
				-40,
				46
			],
			"anim": "singUP",
			"fps": 24,
			"name": "Aloo Up",
			"indices": []
		}
	],
	"no_antialiasing": false,
	"image": "characters/SoulAloe",
	"position": [
		20,
		170
	],
	"healthicon": "soul-aloe",
	"flip_x": false,
	"healthbar_colors": [
		51,
		51,
		51
	],
	"camera_position": [
		-70,
		30
	],
	"sing_duration": 4,
	"scale": 1
}