{
	"animations": [
		{
			"offsets": [
				0,
				0
			],
			"indices": [],
			"fps": 24,
			"anim": "idle",
			"loop": false,
			"name": "Aloo Idle"
		},
		{
			"offsets": [
				0,
				0
			],
			"indices": [],
			"fps": 24,
			"anim": "singLEFT",
			"loop": false,
			"name": "Aloo Left"
		},
		{
			"offsets": [
				-70,
				16
			],
			"indices": [],
			"fps": 24,
			"anim": "singRIGHT",
			"loop": false,
			"name": "Aloo Right"
		},
		{
			"offsets": [
				-120,
				-40
			],
			"indices": [],
			"fps": 24,
			"anim": "singDOWN",
			"loop": false,
			"name": "Aloo Down"
		},
		{
			"offsets": [
				-40,
				46
			],
			"indices": [],
			"fps": 24,
			"anim": "singUP",
			"loop": false,
			"name": "Aloo Up"
		}
	],
	"no_antialiasing": false,
	"image": "characters/SoulAloeShader",
	"position": [
		20,
		170
	],
	"healthicon": "soul-aloe",
	"flip_x": false,
	"healthbar_colors": [
		161,
		161,
		161
	],
	"camera_position": [
		-70,
		80
	],
	"sing_duration": 4,
	"scale": 1
}