{
	"animations": [
		{
			"loop": false,
			"offsets": [
				-5,
				0
			],
			"anim": "idle",
			"fps": 24,
			"name": "sunday idle",
			"indices": []
		},
		{
			"loop": false,
			"offsets": [
				215,
				-9
			],
			"anim": "singLEFT",
			"fps": 24,
			"name": "sunday right",
			"indices": []
		},
		{
			"loop": false,
			"offsets": [
				117,
				-47
			],
			"anim": "singDOWN",
			"fps": 24,
			"name": "sunday down",
			"indices": []
		},
		{
			"loop": false,
			"offsets": [
				82,
				150
			],
			"anim": "singUP",
			"fps": 24,
			"name": "sunday up",
			"indices": []
		},
		{
			"loop": false,
			"offsets": [
				-5,
				0
			],
			"anim": "singRIGHT",
			"fps": 24,
			"name": "sunday left",
			"indices": []
		},
		{
			"loop": false,
			"offsets": [
				215,
				-8
			],
			"anim": "singLEFTmiss",
			"fps": 24,
			"name": "sunday right",
			"indices": []
		},
		{
			"loop": false,
			"offsets": [
				117,
				-47
			],
			"anim": "singDOWNmiss",
			"fps": 24,
			"name": "sunday down",
			"indices": []
		},
		{
			"loop": false,
			"offsets": [
				82,
				149
			],
			"anim": "singUPmiss",
			"fps": 24,
			"name": "sunday up",
			"indices": []
		},
		{
			"loop": false,
			"offsets": [
				-6,
				0
			],
			"anim": "singRIGHTmiss",
			"fps": 24,
			"name": "sunday left",
			"indices": []
		}
	],
	"no_antialiasing": false,
	"image": "characters/sunday_assets",
	"position": [
		100,
		200
	],
	"healthicon": "sunday",
	"flip_x": false,
	"healthbar_colors": [
		159,
		127,
		91
	],
	"camera_position": [
		70,
		-50
	],
	"sing_duration": 4,
	"scale": 1
}