{
	"animations": [
		{
			"offsets": [
				-5,
				0
			],
			"indices": [],
			"fps": 24,
			"anim": "idle",
			"loop": false,
			"name": "sunday guitar idle"
		},
		{
			"offsets": [
				39,
				-7
			],
			"indices": [],
			"fps": 24,
			"anim": "singLEFT",
			"loop": false,
			"name": "sunday guitar alt left"
		},
		{
			"offsets": [
				160,
				-30
			],
			"indices": [],
			"fps": 24,
			"anim": "singDOWN",
			"loop": false,
			"name": "sunday guitar alt down"
		},
		{
			"offsets": [
				96,
				-7
			],
			"indices": [],
			"fps": 24,
			"anim": "singUP",
			"loop": false,
			"name": "sunday guitar alt up"
		},
		{
			"offsets": [
				-39,
				-14
			],
			"indices": [],
			"fps": 24,
			"anim": "singRIGHT",
			"loop": false,
			"name": "sunday guitar alt right"
		}
	],
	"no_antialiasing": false,
	"image": "characters/sunday_guitar_assets",
	"position": [
		100,
		200
	],
	"healthicon": "sunday",
	"flip_x": false,
	"healthbar_colors": [
		159,
		127,
		91
	],
	"camera_position": [
		70,
		-50
	],
	"sing_duration": 4,
	"scale": 1
}