{
	"animations": [
		{
			"offsets": [
				-12,
				2
			],
			"loop": true,
			"fps": 24,
			"anim": "idle",
			"indices": [],
			"name": "suyen idle"
		},
		{
			"offsets": [
				173,
				-2
			],
			"loop": false,
			"fps": 24,
			"anim": "singLEFT",
			"indices": [],
			"name": "suyen left"
		},
		{
			"offsets": [
				49,
				-135
			],
			"loop": false,
			"fps": 24,
			"anim": "singDOWN",
			"indices": [],
			"name": "suyen down"
		},
		{
			"offsets": [
				-54,
				-30
			],
			"loop": false,
			"fps": 24,
			"anim": "singRIGHT",
			"indices": [],
			"name": "suyen right"
		},
		{
			"offsets": [
				39,
				60
			],
			"loop": false,
			"fps": 24,
			"anim": "singUP",
			"indices": [],
			"name": "suyen up"
		}
	],
	"no_antialiasing": false,
	"image": "characters/suyen",
	"position": [
		0,
		0
	],
	"healthicon": "suyen",
	"flip_x": false,
	"healthbar_colors": [
		229,
		25,
		36
	],
	"camera_position": [
		-50,
		80
	],
	"sing_duration": 4,
	"scale": 1
}