{
	"animations": [
		{
			"loop": false,
			"offsets": [
				-62,
				-133
			],
			"anim": "singDOWN",
			"fps": 24,
			"name": "suyen down",
			"indices": []
		},
		{
			"loop": false,
			"offsets": [
				-168,
				59
			],
			"anim": "singUP",
			"fps": 24,
			"name": "suyen up",
			"indices": []
		},
		{
			"offsets": [
				-12,
				2
			],
			"indices": [],
			"fps": 24,
			"anim": "idle",
			"loop": true,
			"name": "suyen idle"
		},
		{
			"offsets": [
				-29,
				-30
			],
			"indices": [],
			"fps": 24,
			"anim": "singLEFT",
			"loop": false,
			"name": "suyen right"
		},
		{
			"offsets": [
				-249,
				-1
			],
			"indices": [],
			"fps": 24,
			"anim": "singRIGHT",
			"loop": false,
			"name": "suyen left"
		}
	],
	"no_antialiasing": false,
	"image": "characters/suyen",
	"position": [
		0,
		0
	],
	"healthicon": "suyen",
	"flip_x": false,
	"healthbar_colors": [
		229,
		25,
		36
	],
	"camera_position": [
		-50,
		80
	],
	"sing_duration": 4,
	"scale": 1
}