{
	"animations": [
		{
			"loop": false,
			"offsets": [
				236,
				11
			],
			"fps": 24,
			"anim": "singLEFT",
			"indices": [],
			"name": "Dad Sing Note RIGHT"
		},
		{
			"loop": false,
			"offsets": [
				127,
				-111
			],
			"fps": 24,
			"anim": "singDOWN",
			"indices": [],
			"name": "Dad Sing Note DOWN"
		},
		{
			"loop": false,
			"offsets": [
				46,
				48
			],
			"fps": 24,
			"anim": "singUP",
			"indices": [],
			"name": "Dad Sing Note UP"
		},
		{
			"loop": false,
			"offsets": [
				0,
				0
			],
			"fps": 24,
			"anim": "idle",
			"indices": [],
			"name": "Dad idle dance"
		},
		{
			"offsets": [
				155,
				-26
			],
			"loop": false,
			"fps": 24,
			"anim": "singRIGHT",
			"indices": [],
			"name": "Dad Sing Note LEFT"
		}
	],
	"no_antialiasing": false,
	"image": "characters/TABI",
	"position": [
		50,
		0
	],
	"healthicon": "tabi",
	"flip_x": false,
	"healthbar_colors": [
		247,
		249,
		221
	],
	"camera_position": [
		130,
		70
	],
	"sing_duration": 6.1,
	"scale": 0.8
}