{
	"animations": [
		{
			"loop": false,
			"offsets": [
				3,
				0
			],
			"anim": "idle",
			"fps": 24,
			"name": "idle",
			"indices": [
				0,
				1,
				2,
				3,
				4,
				5,
				6,
				7,
				8,
				9,
				10,
				11,
				12,
				13
			]
		},
		{
			"loop": true,
			"offsets": [
				3,
				0
			],
			"anim": "idle-loop",
			"fps": 24,
			"name": "idle",
			"indices": [
				0,
				1,
				2,
				3,
				4,
				5,
				6,
				7,
				8,
				9,
				10,
				11,
				12,
				13
			]
		},
		{
			"loop": true,
			"offsets": [
				-42,
				15
			],
			"anim": "singUP-loop",
			"fps": 24,
			"name": "up",
			"indices": [
				0,
				1,
				2,
				15
			]
		},
		{
			"loop": true,
			"offsets": [
				-3,
				-4
			],
			"anim": "singLEFT-loop",
			"fps": 24,
			"name": "left",
			"indices": [
				0,
				1,
				2,
				3,
				15
			]
		},
		{
			"loop": true,
			"offsets": [
				-6,
				-40
			],
			"anim": "singRIGHT-loop",
			"fps": 24,
			"name": "right",
			"indices": [
				0,
				1,
				2,
				3,
				15
			]
		},
		{
			"loop": true,
			"offsets": [
				-20,
				-12
			],
			"anim": "singDOWN-loop",
			"fps": 24,
			"name": "down",
			"indices": [
				0,
				1,
				2,
				3,
				15
			]
		},
		{
			"offsets": [
				-5,
				-6
			],
			"loop": false,
			"fps": 24,
			"anim": "singLEFT",
			"indices": [],
			"name": "left"
		},
		{
			"offsets": [
				-4,
				-40
			],
			"loop": false,
			"fps": 24,
			"anim": "singRIGHT",
			"indices": [],
			"name": "right"
		},
		{
			"offsets": [
				-22,
				-13
			],
			"loop": false,
			"fps": 24,
			"anim": "singDOWN",
			"indices": [],
			"name": "down"
		},
		{
			"offsets": [
				-44,
				14
			],
			"loop": false,
			"fps": 24,
			"anim": "singUP",
			"indices": [],
			"name": "up"
		}
	],
	"no_antialiasing": false,
	"image": "characters/tails",
	"position": [
		-50,
		-80
	],
	"healthicon": "tails",
	"flip_x": false,
	"healthbar_colors": [
		255,
		195,
		95
	],
	"camera_position": [
		0,
		0
	],
	"sing_duration": 4,
	"scale": 0.8
}