{
	"animations": [
		{
			"offsets": [
				3,
				0
			],
			"loop": false,
			"fps": 24,
			"anim": "idle",
			"indices": [
				0,
				1,
				2,
				3,
				4,
				5,
				6,
				7,
				8,
				9,
				10,
				11,
				12,
				13
			],
			"name": "idle"
		},
		{
			"loop": false,
			"offsets": [
				-12,
				-13
			],
			"anim": "singDOWN",
			"fps": 24,
			"name": "down",
			"indices": []
		},
		{
			"loop": false,
			"offsets": [
				-12,
				14
			],
			"anim": "singUP",
			"fps": 24,
			"name": "up",
			"indices": []
		},
		{
			"offsets": [
				-9,
				-38
			],
			"indices": [],
			"fps": 24,
			"anim": "singLEFT",
			"loop": false,
			"name": "right"
		},
		{
			"offsets": [
				-11,
				-4
			],
			"indices": [],
			"fps": 24,
			"anim": "singRIGHT",
			"loop": false,
			"name": "left"
		}
	],
	"no_antialiasing": false,
	"image": "characters/tails",
	"position": [
		-50,
		-80
	],
	"healthicon": "tails-trolled",
	"flip_x": false,
	"healthbar_colors": [
		255,
		195,
		95
	],
	"camera_position": [
		40,
		120
	],
	"sing_duration": 4,
	"scale": 0.8
}