{
	"animations": [
		{
			"loop": false,
			"offsets": [
				52,
				-47
			],
			"fps": 24,
			"anim": "singDOWN",
			"indices": [],
			"name": "Tails DOWN"
		},
		{
			"loop": false,
			"offsets": [
				26,
				41
			],
			"fps": 24,
			"anim": "singUP",
			"indices": [],
			"name": "Tails UP"
		},
		{
			"loop": false,
			"offsets": [
				0,
				0
			],
			"fps": 24,
			"anim": "idle",
			"indices": [],
			"name": "Tails IDLE"
		},
		{
			"offsets": [
				42,
				-12
			],
			"indices": [],
			"fps": 24,
			"anim": "singRIGHT",
			"loop": false,
			"name": "Tails LEFT"
		},
		{
			"offsets": [
				101,
				-17
			],
			"indices": [],
			"fps": 24,
			"anim": "singLEFT",
			"loop": false,
			"name": "Tails RIGHT"
		}
	],
	"no_antialiasing": false,
	"image": "characters/tails_happy",
	"position": [
		0,
		320
	],
	"healthicon": "tailsHappy",
	"flip_x": false,
	"healthbar_colors": [
		255,
		204,
		0
	],
	"camera_position": [
		50,
		40
	],
	"sing_duration": 6.1,
	"scale": 1
}