{
	"animations": [
		{
			"offsets": [
				78,
				-14
			],
			"loop": false,
			"anim": "singLEFT",
			"fps": 24,
			"name": "Tails LEFT",
			"indices": []
		},
		{
			"offsets": [
				12,
				-49
			],
			"loop": false,
			"anim": "singDOWN",
			"fps": 24,
			"name": "Tails DOWN",
			"indices": []
		},
		{
			"offsets": [
				19,
				41
			],
			"loop": false,
			"anim": "singUP",
			"fps": 24,
			"name": "Tails UP",
			"indices": []
		},
		{
			"offsets": [
				0,
				-18
			],
			"loop": false,
			"anim": "singRIGHT",
			"fps": 24,
			"name": "Tails RIGHT",
			"indices": []
		},
		{
			"offsets": [
				0,
				0
			],
			"loop": false,
			"anim": "idle",
			"fps": 24,
			"name": "Tails IDLE",
			"indices": []
		}
	],
	"no_antialiasing": false,
	"image": "characters/tails_happy",
	"position": [
		0,
		320
	],
	"healthicon": "tailsHappy",
	"flip_x": false,
	"healthbar_colors": [
		255,
		204,
		0
	],
	"camera_position": [
		0,
		0
	],
	"sing_duration": 6.1,
	"scale": 1
}