{
	"animations": [
		{
			"offsets": [
				53,
				-140
			],
			"indices": [],
			"fps": 24,
			"anim": "singDOWN",
			"loop": false,
			"name": "tailsdollsingdown"
		},
		{
			"offsets": [
				-20,
				27
			],
			"indices": [],
			"fps": 24,
			"anim": "singUP",
			"loop": false,
			"name": "tailsdollsingup"
		},
		{
			"offsets": [
				0,
				0
			],
			"indices": [],
			"fps": 24,
			"anim": "idle",
			"loop": false,
			"name": "tailsdollidle"
		},
		{
			"offsets": [
				107,
				-5
			],
			"indices": [],
			"fps": 24,
			"anim": "singLEFT",
			"loop": false,
			"name": "tailsdollsingright"
		},
		{
			"offsets": [
				-100,
				-14
			],
			"indices": [],
			"fps": 24,
			"anim": "singRIGHT",
			"loop": false,
			"name": "tailsdollsingleft"
		}
	],
	"no_antialiasing": false,
	"image": "characters/tailsdoll",
	"position": [
		-20,
		50
	],
	"healthicon": "tailsdoll",
	"flip_x": false,
	"healthbar_colors": [
		255,
		153,
		0
	],
	"camera_position": [
		0,
		50
	],
	"sing_duration": 4,
	"scale": 1
}