{
	"animations": [
		{
			"offsets": [
				2,
				0
			],
			"loop": false,
			"anim": "idle",
			"fps": 24,
			"name": "Parent Christmas Idle",
			"indices": []
		},
		{
			"offsets": [
				-40,
				7
			],
			"loop": false,
			"anim": "singUP",
			"fps": 24,
			"name": "Parent Up Note Dad",
			"indices": []
		},
		{
			"offsets": [
				-20,
				-21
			],
			"loop": false,
			"anim": "singDOWN",
			"fps": 24,
			"name": "Parent Down Note Dad",
			"indices": []
		},
		{
			"offsets": [
				-13,
				-25
			],
			"loop": false,
			"anim": "singLEFT",
			"fps": 24,
			"name": "Parent Left Note Dad",
			"indices": []
		},
		{
			"offsets": [
				2,
				-12
			],
			"loop": false,
			"anim": "singRIGHT",
			"fps": 24,
			"name": "Parent Right Note Dad",
			"indices": []
		}
	],
	"no_antialiasing": false,
	"image": "characters/MoriParentsAssets",
	"position": [
		-320,
		50
	],
	"healthicon": "mori-alt",
	"flip_x": false,
	"healthbar_colors": [
		255,
		211,
		227
	],
	"camera_position": [
		30,
		-110
	],
	"sing_duration": 4,
	"scale": 1
}