{
	"animations": [
		{
			"offsets": [
				2,
				0
			],
			"loop": false,
			"anim": "idle",
			"fps": 24,
			"name": "Parent Christmas Idle",
			"indices": []
		},
		{
			"offsets": [
				-35,
				17
			],
			"loop": false,
			"anim": "singUP",
			"fps": 24,
			"name": "Parent Up Note Dad",
			"indices": []
		},
		{
			"offsets": [
				-30,
				-21
			],
			"loop": false,
			"anim": "singDOWN",
			"fps": 24,
			"name": "Parent Down Note Dad",
			"indices": []
		},
		{
			"offsets": [
				-13,
				-25
			],
			"loop": false,
			"anim": "singLEFT",
			"fps": 24,
			"name": "Parent Left Note Dad",
			"indices": []
		},
		{
			"offsets": [
				-2,
				-8
			],
			"loop": false,
			"anim": "singRIGHT",
			"fps": 24,
			"name": "Parent Right Note Dad",
			"indices": []
		},
		{
			"offsets": [
				-2,
				-8
			],
			"loop": false,
			"anim": "singRIGHT-alt",
			"fps": 24,
			"name": "Parent Right Note Mom",
			"indices": []
		},
		{
			"offsets": [
				-30,
				-20
			],
			"loop": false,
			"anim": "singDOWN-alt",
			"fps": 24,
			"name": "Parent Down Note Mom",
			"indices": []
		},
		{
			"offsets": [
				-13,
				-25
			],
			"loop": false,
			"anim": "singLEFT-alt",
			"fps": 24,
			"name": "Parent Left Note Mom",
			"indices": []
		},
		{
			"offsets": [
				-36,
				17
			],
			"loop": false,
			"anim": "singUP-alt",
			"fps": 24,
			"name": "Parent Up Note Mom",
			"indices": []
		},
		{
			"offsets": [
				-1,
				18
			],
			"indices": [],
			"fps": 24,
			"anim": "yabe",
			"loop": false,
			"name": "Yabe no more please no more"
		}
	],
	"no_antialiasing": false,
	"image": "characters/Takamori",
	"position": [
		-320,
		50
	],
	"healthicon": "takamori",
	"flip_x": false,
	"healthbar_colors": [
		255,
		154,
		154
	],
	"camera_position": [
		130,
		-130
	],
	"sing_duration": 4,
	"scale": 1
}