{
	"animations": [
		{
			"loop": false,
			"offsets": [
				2,
				0
			],
			"fps": 24,
			"anim": "idle",
			"indices": [],
			"name": "Parent Christmas Idle"
		},
		{
			"offsets": [
				76,
				-1
			],
			"indices": [],
			"fps": 24,
			"anim": "singRIGHT",
			"loop": false,
			"name": "Parent Right Note Mom"
		},
		{
			"offsets": [
				-4,
				-25
			],
			"indices": [],
			"fps": 24,
			"anim": "singDOWN",
			"loop": false,
			"name": "Parent Down Note Mom"
		},
		{
			"offsets": [
				-58,
				-13
			],
			"indices": [],
			"fps": 24,
			"anim": "singLEFT",
			"loop": false,
			"name": "Parent Left Note Mom"
		},
		{
			"offsets": [
				-32,
				6
			],
			"indices": [],
			"fps": 24,
			"anim": "singUP",
			"loop": false,
			"name": "Parent Up Note Mom"
		}
	],
	"no_antialiasing": false,
	"image": "characters/KusotoriParentsAssets",
	"position": [
		-320,
		50
	],
	"healthicon": "kiara-alt",
	"flip_x": true,
	"healthbar_colors": [
		253,
		154,
		123
	],
	"camera_position": [
		-130,
		0
	],
	"sing_duration": 4,
	"scale": 1
}