{
	"animations": [
		{
			"offsets": [
				-5,
				0
			],
			"indices": [],
			"fps": 24,
			"anim": "idle",
			"loop": false,
			"name": "Tankfox Idle"
		},
		{
			"offsets": [
				8,
				-14
			],
			"indices": [],
			"fps": 24,
			"anim": "singLEFT",
			"loop": false,
			"name": "Tankman Left"
		},
		{
			"offsets": [
				0,
				-107
			],
			"indices": [],
			"fps": 24,
			"anim": "singDOWN",
			"loop": false,
			"name": "Tankman Down"
		},
		{
			"offsets": [
				-24,
				47
			],
			"indices": [],
			"fps": 24,
			"anim": "singUP",
			"loop": false,
			"name": "Tankman Up"
		},
		{
			"offsets": [
				-102,
				-27
			],
			"indices": [],
			"fps": 24,
			"anim": "singRIGHT",
			"loop": false,
			"name": "Tankman Right"
		},
		{
			"offsets": [
				8,
				-14
			],
			"indices": [],
			"fps": 24,
			"anim": "singLEFT-alt",
			"loop": false,
			"name": "Fubuki Left"
		},
		{
			"offsets": [
				0,
				-107
			],
			"indices": [],
			"fps": 24,
			"anim": "singDOWN-alt",
			"loop": false,
			"name": "Fubuki Down"
		},
		{
			"offsets": [
				-24,
				46
			],
			"indices": [],
			"fps": 24,
			"anim": "singUP-alt",
			"loop": false,
			"name": "Fubuki Up"
		},
		{
			"offsets": [
				-101,
				-26
			],
			"indices": [],
			"fps": 24,
			"anim": "singRIGHT-alt",
			"loop": false,
			"name": "Fubuki Right"
		}
	],
	"no_antialiasing": false,
	"image": "characters/TankFox_Assets",
	"position": [
		-100,
		190
	],
	"healthicon": "tankfox",
	"flip_x": true,
	"healthbar_colors": [
		120,
		120,
		120
	],
	"camera_position": [
		-100,
		140
	],
	"sing_duration": 4,
	"scale": 1
}