{
	"animations": [
		{
			"loop": false,
			"offsets": [
				-5,
				0
			],
			"anim": "idle",
			"fps": 24,
			"name": "Tankman Idle Dance",
			"indices": []
		},
		{
			"loop": false,
			"offsets": [
				83,
				-119
			],
			"anim": "singDOWN",
			"fps": 24,
			"name": "Tankman DOWN note",
			"indices": []
		},
		{
			"loop": false,
			"offsets": [
				24,
				51
			],
			"anim": "singUP",
			"fps": 24,
			"name": "Tankman UP note",
			"indices": []
		},
		{
			"loop": false,
			"offsets": [
				80,
				-128
			],
			"anim": "singDOWNmiss",
			"fps": 24,
			"name": "Down Miss",
			"indices": []
		},
		{
			"loop": false,
			"offsets": [
				18,
				48
			],
			"anim": "singUPmiss",
			"fps": 24,
			"name": "Up Miss",
			"indices": []
		},
		{
			"loop": false,
			"offsets": [
				-16,
				-8
			],
			"anim": "ugh",
			"fps": 24,
			"name": "TANKMAN UGH",
			"indices": []
		},
		{
			"loop": false,
			"offsets": [
				94,
				16
			],
			"anim": "hey",
			"fps": 24,
			"name": "PRETTY GOOD tankman",
			"indices": []
		},
		{
			"offsets": [
				-19,
				-15
			],
			"indices": [],
			"fps": 24,
			"anim": "singRIGHT",
			"loop": false,
			"name": "Tankman Right Note"
		},
		{
			"offsets": [
				83,
				-32
			],
			"indices": [],
			"fps": 24,
			"anim": "singLEFT",
			"loop": false,
			"name": "Tankman Note Left"
		},
		{
			"offsets": [
				-10,
				-10
			],
			"indices": [],
			"fps": 24,
			"anim": "singRIGHTmiss",
			"loop": false,
			"name": "Right Miss"
		},
		{
			"offsets": [
				70,
				-30
			],
			"indices": [],
			"fps": 24,
			"anim": "singLEFTmiss",
			"loop": false,
			"name": "Left Miss"
		}
	],
	"no_antialiasing": false,
	"image": "characters/Tankman_Assets",
	"position": [
		130,
		190
	],
	"healthicon": "tankman",
	"flip_x": true,
	"healthbar_colors": [
		0,
		0,
		0
	],
	"camera_position": [
		130,
		0
	],
	"sing_duration": 4,
	"scale": 1
}