{
	"animations": [
		{
			"loop": false,
			"offsets": [
				-5,
				0
			],
			"anim": "idle",
			"fps": 24,
			"name": "BF idle dance",
			"indices": []
		},
		{
			"loop": false,
			"offsets": [
				15,
				-6
			],
			"anim": "singLEFT",
			"fps": 24,
			"name": "BF NOTE LEFT0",
			"indices": []
		},
		{
			"loop": false,
			"offsets": [
				-10,
				-50
			],
			"anim": "singDOWN",
			"fps": 24,
			"name": "BF NOTE DOWN0",
			"indices": []
		},
		{
			"loop": false,
			"offsets": [
				-16,
				26
			],
			"anim": "singUP",
			"fps": 24,
			"name": "BF NOTE UP0",
			"indices": []
		},
		{
			"loop": false,
			"offsets": [
				-31,
				-2
			],
			"anim": "singRIGHT",
			"fps": 24,
			"name": "BF NOTE RIGHT0",
			"indices": []
		},
		{
			"loop": false,
			"offsets": [
				15,
				23
			],
			"anim": "singLEFTmiss",
			"fps": 24,
			"name": "BF NOTE LEFT MISS",
			"indices": []
		},
		{
			"loop": false,
			"offsets": [
				-10,
				-19
			],
			"anim": "singDOWNmiss",
			"fps": 24,
			"name": "BF NOTE DOWN MISS",
			"indices": []
		},
		{
			"loop": false,
			"offsets": [
				-18,
				25
			],
			"anim": "singUPmiss",
			"fps": 24,
			"name": "BF NOTE UP MISS",
			"indices": []
		},
		{
			"loop": false,
			"offsets": [
				-22,
				24
			],
			"anim": "singRIGHTmiss",
			"fps": 24,
			"name": "BF NOTE RIGHT MISS",
			"indices": []
		},
		{
			"loop": false,
			"offsets": [
				4,
				-1
			],
			"anim": "hey",
			"fps": 24,
			"name": "BF HEY!!",
			"indices": []
		},
		{
			"loop": true,
			"offsets": [
				-5,
				0
			],
			"anim": "scared",
			"fps": 24,
			"name": "BF idle shaking0",
			"indices": []
		}
	],
	"no_antialiasing": false,
	"image": "characters/Tari_assets",
	"position": [
		-120,
		350
	],
	"healthicon": "tari",
	"flip_x": true,
	"healthbar_colors": [
		0,
		127,
		255
	],
	"camera_position": [
		-130,
		-130
	],
	"sing_duration": 4,
	"scale": 1
}