{
	"animations": [
		{
			"loop": false,
			"offsets": [
				-35,
				-20
			],
			"anim": "idle",
			"fps": 24,
			"name": "Tomoe Idle Dance",
			"indices": []
		},
		{
			"loop": false,
			"offsets": [
				-72,
				-204
			],
			"anim": "singDOWN",
			"fps": 24,
			"name": "Tomoe Pose Down",
			"indices": []
		},
		{
			"loop": false,
			"offsets": [
				55,
				27
			],
			"anim": "singUP",
			"fps": 24,
			"name": "Tomoe Pose Up",
			"indices": []
		},
		{
			"loop": false,
			"offsets": [
				-54,
				14
			],
			"anim": "singRIGHT",
			"fps": 24,
			"name": "Tomoe Pose Right",
			"indices": []
		},
		{
			"loop": false,
			"offsets": [
				-20,
				15
			],
			"anim": "singLEFT",
			"fps": 24,
			"name": "Tomoe Pose Left",
			"indices": []
		}
	],
	"no_antialiasing": false,
	"image": "characters/tomoe_assets",
	"position": [
		0,
		80
	],
	"healthicon": "tomoe",
	"flip_x": false,
	"healthbar_colors": [
		232,
		202,
		240
	],
	"camera_position": [
		30,
		-110
	],
	"sing_duration": 4,
	"scale": 1.3
}