{
	"animations": [
		{
			"loop": false,
			"offsets": [
				57,
				118
			],
			"fps": 24,
			"anim": "singLEFT",
			"indices": [],
			"name": "Dad Sing Note LEFT"
		},
		{
			"loop": false,
			"offsets": [
				3,
				93
			],
			"fps": 24,
			"anim": "singDOWN",
			"indices": [],
			"name": "Dad Sing Note DOWN"
		},
		{
			"loop": false,
			"offsets": [
				-35,
				109
			],
			"fps": 24,
			"anim": "singUP",
			"indices": [],
			"name": "Dad Sing Note UP"
		},
		{
			"loop": false,
			"offsets": [
				37,
				78
			],
			"fps": 24,
			"anim": "singRIGHT",
			"indices": [],
			"name": "Dad Sing Note RIGHT"
		},
		{
			"loop": false,
			"offsets": [
				10,
				20
			],
			"fps": 24,
			"anim": "idle",
			"indices": [],
			"name": "Dad idle dance"
		},
		{
			"offsets": [
				-80,
				27
			],
			"loop": false,
			"fps": 24,
			"anim": "idle-alt",
			"indices": [],
			"name": "calm idle"
		},
		{
			"offsets": [
				38,
				69
			],
			"loop": false,
			"fps": 24,
			"anim": "singLEFT-alt",
			"indices": [],
			"name": "left scream"
		},
		{
			"offsets": [
				3,
				39
			],
			"loop": false,
			"fps": 24,
			"anim": "singDOWN-alt",
			"indices": [],
			"name": "down scream"
		},
		{
			"offsets": [
				77,
				75
			],
			"loop": false,
			"fps": 24,
			"anim": "singUP-alt",
			"indices": [],
			"name": "up scream"
		},
		{
			"offsets": [
				-24,
				4
			],
			"loop": false,
			"fps": 24,
			"anim": "singRIGHT-alt",
			"indices": [],
			"name": "right scream"
		},
		{
			"offsets": [
				47,
				69
			],
			"loop": false,
			"fps": 24,
			"anim": "SCREAM-left",
			"indices": [],
			"name": "left scream"
		},
		{
			"offsets": [
				24,
				44
			],
			"loop": false,
			"fps": 24,
			"anim": "SCREAM-down",
			"indices": [],
			"name": "down scream"
		},
		{
			"offsets": [
				77,
				77
			],
			"loop": false,
			"fps": 24,
			"anim": "SCREAM-up",
			"indices": [],
			"name": "up scream"
		},
		{
			"offsets": [
				-21,
				5
			],
			"loop": false,
			"fps": 24,
			"anim": "SCREAM-right",
			"indices": [],
			"name": "right scream"
		}
	],
	"no_antialiasing": false,
	"image": "characters/Russia",
	"position": [
		50,
		300
	],
	"healthicon": "russia",
	"flip_x": false,
	"healthbar_colors": [
		140,
		231,
		196
	],
	"camera_position": [
		0,
		0
	],
	"sing_duration": 3,
	"scale": 0.85
}