{
	"animations": [
		{
			"loop": false,
			"offsets": [
				-5,
				0
			],
			"anim": "idle",
			"fps": 24,
			"name": "i",
			"indices": []
		},
		{
			"offsets": [
				-10,
				-190
			],
			"indices": [],
			"fps": 24,
			"anim": "singDOWN",
			"loop": false,
			"name": "d"
		},
		{
			"offsets": [
				65,
				-6
			],
			"indices": [],
			"fps": 24,
			"anim": "singLEFT",
			"loop": false,
			"name": "l"
		},
		{
			"offsets": [
				41,
				77
			],
			"indices": [],
			"fps": 24,
			"anim": "singUP",
			"loop": false,
			"name": "u"
		},
		{
			"offsets": [
				-158,
				-57
			],
			"indices": [],
			"fps": 24,
			"anim": "singRIGHT",
			"loop": false,
			"name": "r"
		}
	],
	"no_antialiasing": false,
	"image": "characters/Vargy_assets",
	"position": [
		-100,
		240
	],
	"healthicon": "vargy",
	"flip_x": true,
	"healthbar_colors": [
		127,
		229,
		255
	],
	"camera_position": [
		50,
		100
	],
	"sing_duration": 4,
	"scale": 1
}