{
	"animations": [
		{
			"offsets": [
				0,
				0
			],
			"loop": false,
			"fps": 24,
			"anim": "idle",
			"indices": [],
			"name": "idle",
			"playerOffsets": [
				0,
				0
			]
		},
		{
			"loop": false,
			"offsets": [
				29,
				-170
			],
			"anim": "singDOWN",
			"fps": 24,
			"name": "down0",
			"indices": [],
			"playerOffsets": [
				30,
				-180
			]
		},
		{
			"loop": false,
			"offsets": [
				-40,
				4
			],
			"anim": "singRIGHT",
			"fps": 24,
			"name": "left0",
			"indices": [],
			"playerOffsets": [
				-50,
				0
			]
		},
		{
			"loop": false,
			"offsets": [
				306,
				49
			],
			"anim": "singLEFT",
			"fps": 24,
			"name": "right0",
			"indices": [],
			"playerOffsets": [
				303,
				49
			]
		},
		{
			"loop": false,
			"offsets": [
				61,
				135
			],
			"anim": "singUP",
			"fps": 24,
			"name": "up0",
			"indices": [],
			"playerOffsets": [
				58,
				131
			]
		},
		{
			"loop": false,
			"offsets": [
				20,
				-173
			],
			"anim": "singDOWNmiss",
			"fps": 24,
			"name": "downmiss",
			"indices": [],
			"playerOffsets": [
				3,
				-180
			]
		},
		{
			"loop": false,
			"offsets": [
				60,
				156
			],
			"anim": "singUPmiss",
			"fps": 24,
			"name": "upmiss",
			"indices": [],
			"playerOffsets": [
				58,
				157
			]
		},
		{
			"loop": false,
			"offsets": [
				305,
				49
			],
			"anim": "singLEFTmiss",
			"fps": 24,
			"name": "rightmiss",
			"indices": [],
			"playerOffsets": [
				300,
				50
			]
		},
		{
			"loop": false,
			"offsets": [
				-42,
				3
			],
			"anim": "singRIGHTmiss",
			"fps": 24,
			"name": "leftmiss",
			"indices": [],
			"playerOffsets": [
				-40,
				0
			]
		},
		{
			"offsets": [
				102,
				-14
			],
			"loop": true,
			"fps": 24,
			"anim": "ring",
			"indices": [],
			"name": "call",
			"playerOffsets": [
				102,
				-13
			]
		}
	],
	"no_antialiasing": false,
	"image": "characters/ved",
	"position": [
		70,
		160
	],
	"healthicon": "ved",
	"flip_x": false,
	"healthbar_colors": [
		245,
		63,
		108
	],
	"camera_position": [
		120,
		20
	],
	"sing_duration": 4,
	"scale": 1
}