{
	"animations": [
		{
			"loop": false,
			"offsets": [
				0,
				0
			],
			"anim": "idle",
			"fps": 24,
			"name": "Idle",
			"indices": []
		},
		{
			"loop": false,
			"offsets": [
				161,
				-2
			],
			"anim": "singLEFT",
			"fps": 24,
			"name": "Left",
			"indices": []
		},
		{
			"loop": false,
			"offsets": [
				12,
				-2
			],
			"anim": "singDOWN",
			"fps": 24,
			"name": "Down",
			"indices": []
		},
		{
			"loop": false,
			"offsets": [
				-76,
				144
			],
			"anim": "singUP",
			"fps": 24,
			"name": "Up",
			"indices": []
		},
		{
			"loop": false,
			"offsets": [
				-101,
				-5
			],
			"anim": "singRIGHT",
			"fps": 24,
			"name": "Right",
			"indices": []
		},
		{
			"offsets": [
				-15,
				0
			],
			"loop": false,
			"fps": 24,
			"anim": "hey",
			"indices": [],
			"name": "Hey"
		}
	],
	"no_antialiasing": false,
	"image": "characters/Wenamy_assets",
	"position": [
		-30,
		-100
	],
	"healthicon": "wenamy-player",
	"flip_x": true,
	"healthbar_colors": [
		64,
		64,
		64
	],
	"camera_position": [
		30,
		50
	],
	"sing_duration": 4.00000000000001,
	"scale": 0.7
}