{
	"animations": [
		{
			"loop": false,
			"offsets": [
				-5,
				0
			],
			"anim": "idle",
			"fps": 24,
			"name": "Idle",
			"indices": []
		},
		{
			"offsets": [
				113,
				-39
			],
			"indices": [],
			"fps": 24,
			"anim": "singDOWN",
			"loop": false,
			"name": "Sing Down0"
		},
		{
			"offsets": [
				8,
				50
			],
			"indices": [],
			"fps": 24,
			"anim": "singUP",
			"loop": false,
			"name": "Sing Up0"
		},
		{
			"offsets": [
				-80,
				-19
			],
			"indices": [],
			"fps": 24,
			"anim": "singRIGHT",
			"loop": false,
			"name": "Sing Left0"
		},
		{
			"offsets": [
				32,
				30
			],
			"indices": [],
			"fps": 24,
			"anim": "singLEFT",
			"loop": false,
			"name": "Sing Right0"
		},
		{
			"offsets": [
				113,
				-39
			],
			"indices": [],
			"fps": 24,
			"anim": "singDOWNmiss",
			"loop": false,
			"name": "Sing Down Miss"
		},
		{
			"offsets": [
				9,
				50
			],
			"indices": [],
			"fps": 24,
			"anim": "singUPmiss",
			"loop": false,
			"name": "Sing Up Miss"
		},
		{
			"offsets": [
				-80,
				-20
			],
			"indices": [],
			"fps": 24,
			"anim": "singRIGHTmiss",
			"loop": false,
			"name": "Sing Left Miss"
		},
		{
			"offsets": [
				31,
				30
			],
			"indices": [],
			"fps": 24,
			"anim": "singLEFTmiss",
			"loop": false,
			"name": "Sing Right Miss"
		}
	],
	"no_antialiasing": false,
	"image": "characters/Whittyplayer",
	"position": [
		130,
		0
	],
	"healthicon": "whitty",
	"flip_x": false,
	"healthbar_colors": [
		0,
		0,
		50
	],
	"camera_position": [
		140,
		-30
	],
	"sing_duration": 4,
	"scale": 1
}