{
	"animations": [
		{
			"offsets": [
				-5,
				0
			],
			"loop": false,
			"fps": 24,
			"anim": "idle",
			"indices": [],
			"name": "Yamada Idle"
		},
		{
			"offsets": [
				-10,
				0
			],
			"loop": false,
			"fps": 24,
			"anim": "singDOWN",
			"indices": [],
			"name": "Yamada Down"
		},
		{
			"offsets": [
				-14,
				1
			],
			"loop": false,
			"fps": 24,
			"anim": "singRIGHT",
			"indices": [],
			"name": "Yamada Right"
		},
		{
			"offsets": [
				4,
				1
			],
			"loop": false,
			"fps": 24,
			"anim": "singLEFT",
			"indices": [],
			"name": "Yamada Left"
		},
		{
			"offsets": [
				4,
				22
			],
			"loop": false,
			"fps": 24,
			"anim": "singUP",
			"indices": [],
			"name": "Yamada Up"
		}
	],
	"no_antialiasing": false,
	"image": "characters/yamada_assets",
	"position": [
		110,
		50
	],
	"healthicon": "yamada",
	"flip_x": false,
	"healthbar_colors": [
		201,
		165,
		142
	],
	"camera_position": [
		70,
		-70
	],
	"sing_duration": 4,
	"scale": 1
}