{
	"animations": [
		{
			"loop": false,
			"offsets": [
				-5,
				3
			],
			"anim": "idle",
			"fps": 24,
			"name": "Yotsuba Idle Dance",
			"indices": []
		},
		{
			"loop": false,
			"offsets": [
				-85,
				-6
			],
			"anim": "singDOWN",
			"fps": 24,
			"name": "Yotsuba Sing Down",
			"indices": []
		},
		{
			"loop": false,
			"offsets": [
				49,
				30
			],
			"anim": "singUP",
			"fps": 24,
			"name": "Yotsuba Sing Up",
			"indices": []
		},
		{
			"loop": false,
			"offsets": [
				-15,
				-6
			],
			"anim": "singRIGHT",
			"fps": 24,
			"name": "Yotsuba Sing Right",
			"indices": []
		},
		{
			"loop": false,
			"offsets": [
				-38,
				10
			],
			"anim": "singLEFT",
			"fps": 24,
			"name": "Yotsuba Sing Left",
			"indices": []
		}
	],
	"no_antialiasing": false,
	"image": "characters/234_assets",
	"position": [
		130,
		110
	],
	"healthicon": "tsuba-nino-miku",
	"flip_x": false,
	"healthbar_colors": [
		255,
		175,
		165
	],
	"camera_position": [
		-50,
		-30
	],
	"sing_duration": 4,
	"scale": 1.2
}