{
	"animations": [
		{
			"offsets": [
				-5,
				3
			],
			"loop": false,
			"fps": 24,
			"anim": "idle",
			"indices": [],
			"name": "Yotsuba Idle Dance"
		},
		{
			"offsets": [
				43,
				-15
			],
			"loop": false,
			"fps": 24,
			"anim": "singDOWN",
			"indices": [],
			"name": "Yotsuba Sing Down"
		},
		{
			"offsets": [
				-19,
				27
			],
			"loop": false,
			"fps": 24,
			"anim": "singUP",
			"indices": [],
			"name": "Yotsuba Sing Up"
		},
		{
			"loop": false,
			"offsets": [
				-22,
				-9
			],
			"anim": "singRIGHT",
			"fps": 24,
			"name": "Yotsuba Sing Left",
			"indices": []
		},
		{
			"loop": false,
			"offsets": [
				4,
				-8
			],
			"anim": "singLEFT",
			"fps": 24,
			"name": "Yotsuba Sing Right",
			"indices": []
		}
	],
	"no_antialiasing": false,
	"image": "characters/yotsuba_assets",
	"position": [
		110,
		100
	],
	"healthicon": "yotsuba-s2",
	"flip_x": false,
	"healthbar_colors": [
		255,
		135,
		85
	],
	"camera_position": [
		80,
		-150
	],
	"sing_duration": 4,
	"scale": 1.2
}