{
	"animations": [
		{
			"offsets": [
				-5,
				93
			],
			"loop": false,
			"fps": 24,
			"anim": "idle",
			"indices": [],
			"name": "Yotsuba Idle Dance"
		},
		{
			"offsets": [
				37,
				9
			],
			"loop": false,
			"fps": 24,
			"anim": "singDOWN",
			"indices": [],
			"name": "Yotsuba Down"
		},
		{
			"offsets": [
				-38,
				103
			],
			"loop": false,
			"fps": 24,
			"anim": "singUP",
			"indices": [],
			"name": "Yotsuba Up"
		},
		{
			"loop": false,
			"offsets": [
				-17,
				90
			],
			"anim": "singLEFT",
			"fps": 24,
			"name": "Yotsuba Right",
			"indices": []
		},
		{
			"loop": false,
			"offsets": [
				-78,
				90
			],
			"anim": "singRIGHT",
			"fps": 24,
			"name": "Yotsuba Left",
			"indices": []
		}
	],
	"no_antialiasing": false,
	"image": "characters/yotsuba_assetsv3",
	"position": [
		110,
		70
	],
	"healthicon": "yotsuba-s2",
	"flip_x": true,
	"healthbar_colors": [
		175,
		230,
		134
	],
	"camera_position": [
		-370,
		-100
	],
	"sing_duration": 4,
	"scale": 1
}