{
	"animations": [
		{
			"loop": false,
			"offsets": [
				-25,
				-7
			],
			"anim": "singLEFT",
			"fps": 24,
			"name": "Left",
			"indices": []
		},
		{
			"loop": false,
			"offsets": [
				-158,
				-6
			],
			"anim": "singRIGHT",
			"fps": 24,
			"name": "Right",
			"indices": []
		},
		{
			"loop": false,
			"offsets": [
				25,
				-18
			],
			"anim": "singDOWN",
			"fps": 24,
			"name": "Down",
			"indices": []
		},
		{
			"loop": false,
			"offsets": [
				-45,
				56
			],
			"anim": "singUP",
			"fps": 24,
			"name": "Up",
			"indices": []
		},
		{
			"loop": false,
			"offsets": [
				0,
				0
			],
			"anim": "danceLeft",
			"fps": 24,
			"name": "Idle0",
			"indices": []
		},
		{
			"loop": false,
			"offsets": [
				0,
				0
			],
			"anim": "danceRight",
			"fps": 24,
			"name": "IdleSecond",
			"indices": []
		}
	],
	"no_antialiasing": false,
	"image": "characters/YotsubaNakano_assets",
	"position": [
		100,
		0
	],
	"healthicon": "yotsuba",
	"flip_x": false,
	"healthbar_colors": [
		251,
		133,
		87
	],
	"camera_position": [
		50,
		-50
	],
	"sing_duration": 4,
	"scale": 1
}