{
	"animations": [
		{
			"offsets": [
				-1,
				0
			],
			"loop": false,
			"fps": 24,
			"anim": "danceLeft",
			"indices": [
				25,
				0,
				1,
				2,
				3,
				4,
				5,
				6,
				7,
				8,
				9,
				10,
				11,
				12
			],
			"name": "Yotsuba Idle Dance"
		},
		{
			"offsets": [
				0,
				0
			],
			"loop": false,
			"fps": 24,
			"anim": "danceRight",
			"indices": [
				13,
				14,
				15,
				16,
				17,
				18,
				19,
				20,
				21,
				22,
				23,
				24
			],
			"name": "Yotsuba Idle Dance"
		},
		{
			"offsets": [
				51,
				8
			],
			"loop": false,
			"fps": 24,
			"anim": "singLEFT",
			"indices": [],
			"name": "Yotsuba Left"
		},
		{
			"offsets": [
				1,
				0
			],
			"loop": false,
			"fps": 24,
			"anim": "singDOWN",
			"indices": [],
			"name": "Yotsuba Down"
		},
		{
			"offsets": [
				-97,
				9
			],
			"loop": false,
			"fps": 24,
			"anim": "singRIGHT",
			"indices": [],
			"name": "Yotsuba Right"
		},
		{
			"offsets": [
				65,
				19
			],
			"loop": false,
			"fps": 24,
			"anim": "singUP",
			"indices": [],
			"name": "Yotsuba Up"
		}
	],
	"no_antialiasing": false,
	"image": "characters/yotsuba_assets_v3.5",
	"position": [
		70,
		30
	],
	"healthicon": "yotsuba-s2",
	"flip_x": false,
	"healthbar_colors": [
		255,
		135,
		85
	],
	"camera_position": [
		70,
		-70
	],
	"sing_duration": 4,
	"scale": 1
}