{
	"animations": [
		{
			"offsets": [
				0,
				0
			],
			"loop": false,
			"fps": 24,
			"anim": "danceLeft",
			"indices": [
				25,
				0,
				1,
				2,
				3,
				4,
				5,
				6,
				7,
				8,
				9,
				10,
				11,
				12
			],
			"name": "Yotsuba Idle Dance"
		},
		{
			"offsets": [
				0,
				0
			],
			"loop": false,
			"fps": 24,
			"anim": "danceRight",
			"indices": [
				13,
				14,
				15,
				16,
				17,
				18,
				19,
				20,
				21,
				22,
				23,
				24
			],
			"name": "Yotsuba Idle Dance"
		},
		{
			"offsets": [
				-63,
				1
			],
			"loop": false,
			"fps": 24,
			"anim": "singDOWN",
			"indices": [],
			"name": "Yotsuba Down"
		},
		{
			"offsets": [
				-100,
				22
			],
			"loop": false,
			"fps": 24,
			"anim": "singUP",
			"indices": [],
			"name": "Yotsuba Up"
		},
		{
			"loop": false,
			"offsets": [
				105,
				7
			],
			"anim": "singLEFT",
			"fps": 24,
			"name": "Yotsuba Right",
			"indices": []
		},
		{
			"loop": false,
			"offsets": [
				-23,
				11
			],
			"anim": "singRIGHT",
			"fps": 24,
			"name": "Yotsuba Left",
			"indices": []
		}
	],
	"no_antialiasing": false,
	"image": "characters/yotsuba_assets_blueribbon",
	"position": [
		110,
		70
	],
	"healthicon": "yotsuba-s2-blueribbon",
	"flip_x": false,
	"healthbar_colors": [
		175,
		230,
		134
	],
	"camera_position": [
		30,
		-70
	],
	"sing_duration": 4.00000000000001,
	"scale": 1
}