{
	"animations": [
		{
			"offsets": [
				-5,
				3
			],
			"indices": [],
			"fps": 24,
			"anim": "idle",
			"loop": false,
			"name": "Yotsuba Idle Dance"
		},
		{
			"offsets": [
				-85,
				-15
			],
			"indices": [],
			"fps": 24,
			"anim": "singDOWN",
			"loop": false,
			"name": "Yotsuba Sing Down"
		},
		{
			"offsets": [
				42,
				29
			],
			"indices": [],
			"fps": 24,
			"anim": "singUP",
			"loop": false,
			"name": "Yotsuba Sing Up"
		},
		{
			"offsets": [
				-22,
				-5
			],
			"indices": [],
			"fps": 24,
			"anim": "singRIGHT",
			"loop": false,
			"name": "Yotsuba Sing Right"
		},
		{
			"offsets": [
				-38,
				-7
			],
			"indices": [],
			"fps": 24,
			"anim": "singLEFT",
			"loop": false,
			"name": "Yotsuba Sing Left"
		}
	],
	"no_antialiasing": false,
	"image": "characters/yotsuba_assets",
	"position": [
		120,
		110
	],
	"healthicon": "yotsuba-s2",
	"flip_x": false,
	"healthbar_colors": [
		255,
		135,
		85
	],
	"camera_position": [
		10,
		-90
	],
	"sing_duration": 4,
	"scale": 1.2
}