{
	"animations": [
		{
			"loop": false,
			"offsets": [
				80,
				-2
			],
			"anim": "singLEFT",
			"fps": 24,
			"name": "Left",
			"indices": []
		},
		{
			"loop": false,
			"offsets": [
				-27,
				-13
			],
			"anim": "singDOWN",
			"fps": 24,
			"name": "Down",
			"indices": []
		},
		{
			"loop": false,
			"offsets": [
				-32,
				101
			],
			"anim": "singUP",
			"fps": 24,
			"name": "Up",
			"indices": []
		},
		{
			"loop": false,
			"offsets": [
				-31,
				15
			],
			"anim": "singRIGHT",
			"fps": 24,
			"name": "Right",
			"indices": []
		},
		{
			"offsets": [
				0,
				0
			],
			"indices": [],
			"fps": 24,
			"anim": "idle-alt",
			"loop": false,
			"name": "Idle-alt"
		},
		{
			"offsets": [
				0,
				0
			],
			"indices": [],
			"fps": 24,
			"anim": "idle",
			"loop": false,
			"name": "Idle0"
		}
	],
	"no_antialiasing": false,
	"image": "characters/YotFacheraFront",
	"position": [
		0,
		-370
	],
	"healthicon": "yotsuba-fachera",
	"flip_x": false,
	"healthbar_colors": [
		255,
		135,
		0
	],
	"camera_position": [
		0,
		170
	],
	"sing_duration": 6.1,
	"scale": 0.8
}