{
	"animations": [
		{
			"offsets": [
				-5,
				93
			],
			"loop": false,
			"fps": 24,
			"anim": "idle",
			"indices": [],
			"name": "Yotsuba Idle Dance"
		},
		{
			"offsets": [
				15,
				1
			],
			"loop": false,
			"fps": 24,
			"anim": "singDOWN",
			"indices": [],
			"name": "Yotsuba Down"
		},
		{
			"offsets": [
				15,
				107
			],
			"loop": false,
			"fps": 24,
			"anim": "singUP",
			"indices": [],
			"name": "Yotsuba Up"
		},
		{
			"offsets": [
				-6,
				90
			],
			"loop": false,
			"fps": 24,
			"anim": "singRIGHT",
			"indices": [],
			"name": "Yotsuba Right"
		},
		{
			"offsets": [
				22,
				90
			],
			"loop": false,
			"fps": 24,
			"anim": "singLEFT",
			"indices": [],
			"name": "Yotsuba Left"
		}
	],
	"no_antialiasing": false,
	"image": "characters/yotsuba_assetsv3",
	"position": [
		120,
		50
	],
	"healthicon": "yotsuba-v2",
	"flip_x": false,
	"healthbar_colors": [
		158,
		194,
		101
	],
	"camera_position": [
		-10,
		-100
	],
	"sing_duration": 4,
	"scale": 1
}