{
	"animations": [
		{
			"offsets": [
				-3,
				0
			],
			"loop": false,
			"fps": 24,
			"anim": "idle",
			"indices": [],
			"name": "Yuri Idle"
		},
		{
			"offsets": [
				-6,
				10
			],
			"loop": false,
			"fps": 24,
			"anim": "singRIGHT",
			"indices": [],
			"name": "Yuri Right"
		},
		{
			"offsets": [
				-7,
				-2
			],
			"loop": false,
			"fps": 24,
			"anim": "singLEFT",
			"indices": [],
			"name": "Yuri Left"
		},
		{
			"offsets": [
				-17,
				17
			],
			"loop": false,
			"fps": 24,
			"anim": "singUP",
			"indices": [],
			"name": "Yuri Up"
		},
		{
			"offsets": [
				-2,
				1
			],
			"loop": false,
			"fps": 24,
			"anim": "singDOWN",
			"indices": [],
			"name": "Yuri Down"
		}
	],
	"no_antialiasing": false,
	"image": "characters/Yuri_024",
	"position": [
		0,
		0
	],
	"healthicon": "nikku",
	"flip_x": false,
	"healthbar_colors": [
		178,
		14,
		54
	],
	"camera_position": [
		0,
		0
	],
	"sing_duration": 6.1,
	"scale": 1.2
}