{
	"animations": [
		{
			"loop": true,
			"offsets": [
				0,
				0
			],
			"anim": "idle",
			"fps": 24,
			"name": "YuriIdle",
			"indices": []
		},
		{
			"loop": false,
			"offsets": [
				-9,
				0
			],
			"anim": "singUP",
			"fps": 24,
			"name": "YuriUp",
			"indices": []
		},
		{
			"loop": false,
			"offsets": [
				8,
				0
			],
			"anim": "singDOWN",
			"fps": 24,
			"name": "YuriDown",
			"indices": []
		},
		{
			"loop": false,
			"offsets": [
				83,
				0
			],
			"anim": "singLEFT",
			"fps": 24,
			"name": "YuriLeft",
			"indices": []
		},
		{
			"loop": false,
			"offsets": [
				-48,
				-1
			],
			"anim": "singRIGHT",
			"fps": 24,
			"name": "YuriRight",
			"indices": []
		},
		{
			"loop": true,
			"offsets": [
				0,
				0
			],
			"anim": "final",
			"fps": 24,
			"name": "YuriFinal",
			"indices": []
		},
		{
			"loop": false,
			"offsets": [
				410,
				190
			],
			"anim": "singDOWN-alt",
			"fps": 24,
			"name": "YuriFirstPersonJumpscare",
			"indices": []
		}
	],
	"no_antialiasing": false,
	"image": "characters/Yuri_Doesnt_Understand_Personal_Space",
	"position": [
		-230,
		-40
	],
	"healthicon": "yuri-crazy",
	"flip_x": true,
	"healthbar_colors": [
		140,
		78,
		162
	],
	"camera_position": [
		-70,
		99
	],
	"sing_duration": 6,
	"scale": 1
}