{
	"animations": [
		{
			"offsets": [
				0,
				0
			],
			"loop": false,
			"fps": 24,
			"anim": "idle",
			"indices": [],
			"name": "Yuri Idle"
		},
		{
			"offsets": [
				15,
				18
			],
			"loop": false,
			"fps": 24,
			"anim": "singUP",
			"indices": [],
			"name": "Yuri Sing Note Up"
		},
		{
			"offsets": [
				36,
				-8
			],
			"loop": false,
			"fps": 24,
			"anim": "singDOWN",
			"indices": [],
			"name": "Yuri Sing Note Down"
		},
		{
			"offsets": [
				2,
				24
			],
			"loop": false,
			"fps": 24,
			"anim": "breath",
			"indices": [],
			"name": "Yuri Breath"
		},
		{
			"loop": false,
			"offsets": [
				22,
				0
			],
			"anim": "singLEFT",
			"fps": 24,
			"name": "Yuri Sing Note Right",
			"indices": []
		},
		{
			"loop": false,
			"offsets": [
				28,
				-22
			],
			"anim": "singRIGHT",
			"fps": 24,
			"name": "Yuri Sing Note Left",
			"indices": []
		}
	],
	"no_antialiasing": false,
	"image": "characters/Doki_Yuri_Assets",
	"position": [
		170,
		0
	],
	"healthicon": "yuri",
	"flip_x": false,
	"healthbar_colors": [
		140,
		78,
		162
	],
	"camera_position": [
		140,
		-130
	],
	"sing_duration": 4,
	"scale": 1
}