{
	"animations": [
		{
			"offsets": [
				0,
				0
			],
			"indices": [],
			"fps": 24,
			"anim": "idle",
			"loop": false,
			"name": "Yuri Idle"
		},
		{
			"offsets": [
				-7,
				-21
			],
			"indices": [],
			"fps": 24,
			"anim": "singLEFT",
			"loop": false,
			"name": "Yuri Sing Note Left"
		},
		{
			"offsets": [
				7,
				0
			],
			"indices": [],
			"fps": 24,
			"anim": "singRIGHT",
			"loop": false,
			"name": "Yuri Sing Note Right"
		},
		{
			"offsets": [
				9,
				17
			],
			"indices": [],
			"fps": 24,
			"anim": "singUP",
			"loop": false,
			"name": "Yuri Sing Note Up"
		},
		{
			"offsets": [
				49,
				-8
			],
			"indices": [],
			"fps": 24,
			"anim": "singDOWN",
			"loop": false,
			"name": "Yuri Sing Note Down"
		},
		{
			"offsets": [
				3,
				24
			],
			"indices": [],
			"fps": 24,
			"anim": "breath",
			"loop": false,
			"name": "Yuri Breath"
		}
	],
	"no_antialiasing": false,
	"image": "characters/Doki_Yuri_Assets",
	"position": [
		70,
		0
	],
	"healthicon": "yuri",
	"flip_x": false,
	"healthbar_colors": [
		140,
		0,
		140
	],
	"camera_position": [
		50,
		-50
	],
	"sing_duration": 4,
	"scale": 1
}