{
	"animations": [
		{
			"offsets": [
				0,
				0
			],
			"loop": true,
			"fps": 24,
			"anim": "idle",
			"indices": [],
			"name": "YuriIdle"
		},
		{
			"offsets": [
				-4,
				0
			],
			"loop": false,
			"fps": 24,
			"anim": "singUP",
			"indices": [],
			"name": "YuriUp"
		},
		{
			"offsets": [
				37,
				0
			],
			"loop": false,
			"fps": 24,
			"anim": "singDOWN",
			"indices": [],
			"name": "YuriDown"
		},
		{
			"offsets": [
				86,
				0
			],
			"loop": false,
			"fps": 24,
			"anim": "singLEFT",
			"indices": [],
			"name": "YuriLeft"
		},
		{
			"offsets": [
				-20,
				-1
			],
			"loop": false,
			"fps": 24,
			"anim": "singRIGHT",
			"indices": [],
			"name": "YuriRight"
		},
		{
			"loop": false,
			"offsets": [
				2,
				0
			],
			"anim": "ded",
			"fps": 24,
			"name": "YuriAlivent",
			"indices": []
		}
	],
	"no_antialiasing": false,
	"image": "characters/Yuri_BLOODS",
	"position": [
		0,
		0
	],
	"healthicon": "yuri-crazy",
	"flip_x": false,
	"healthbar_colors": [
		140,
		78,
		162
	],
	"camera_position": [
		-530,
		-121
	],
	"sing_duration": 6,
	"scale": 1.7
}