{"song":{"sectionLengths":[],"player1":"bf","notes":[{"sectionNotes":[[0,1,0,"normal",false,false,false],[241.935483870968,1,0,"normal",false,false,false],[483.870967741935,3,0,"normal",false,false,false],[846.774193548387,3,0,"normal",false,false,false],[1088.70967741935,1,0,"normal",false,false,false],[1209.67741935484,0,0,"normal",false,false,false],[1451.61290322581,2,0,"normal",false,false,false],[1693.54838709677,1,0,"normal",false,false,false],[1814.51612903226,0,0,"normal",false,false,false]],"lengthInSteps":16,"typeOfSection":0,"mustHitSection":false},{"sectionNotes":[[1935.48387096774,1,0,"normal",false,false,false],[2177.41935483871,1,0,"normal",false,false,false],[2419.35483870968,3,0,"normal",false,false,false],[2782.25806451613,3,0,"normal",false,false,false],[3024.1935483871,1,0,"normal",false,false,false],[3145.16129032258,0,0,"normal",false,false,false],[3266.12903225806,2,0,"normal",false,false,false],[3508.06451612903,1,0,"normal",false,false,false],[3629.03225806452,0,0,"normal",false,false,false],[3750,3,0,"normal",false,false,false]],"lengthInSteps":16,"typeOfSection":0,"mustHitSection":true},{"sectionNotes":[[3870.96774193548,1,0,"normal",false,false,false],[4112.90322580645,1,0,"normal",false,false,false],[4354.83870967742,3,0,"normal",false,false,false],[4717.74193548387,3,0,"normal",false,false,false],[4959.67741935484,1,0,"normal",false,false,false],[5080.64516129032,0,0,"normal",false,false,false],[5201.61290322581,2,0,"normal",false,false,false],[5564.51612903226,0,0,"normal",false,false,false],[5685.48387096774,3,0,"normal",false,false,false]],"lengthInSteps":16,"typeOfSection":0,"mustHitSection":false},{"sectionNotes":[[5806.45161290323,5,0,"normal",false,false,false],[6048.38709677419,5,0,"normal",false,false,false],[6290.32258064516,7,0,"normal",false,false,false],[6653.22580645161,7,0,"normal",false,false,false],[6895.16129032258,5,0,"normal",false,false,false],[7016.12903225806,4,0,"normal",false,false,false],[7500,0,0,"normal",false,false,false],[7258.06451612903,3,0,"normal",false,false,false],[6895.16129032258,1,0,"normal",false,false,false],[7258.06451612903,7,0,"normal"]],"lengthInSteps":16,"typeOfSection":0,"mustHitSection":false},{"sectionNotes":[[8709.67741935484,2,0,"normal",false,false,false],[9314.51612903226,0,0,"normal",false,false,false],[9435.48387096774,1,0,"normal",false,false,false],[9556.45161290323,3,0,"normal",false,false,false],[7741.93548387097,1,0,"normal",false,false,false],[7983.87096774194,3,0,"normal",false,false,false],[8225.8064516129,1,0,"normal",false,false,false],[9072.58064516129,1,0,"normal",false,false,false],[8467.74193548387,0,0,"normal",false,false,false],[8830.64516129032,3,0,"normal",false,false,false]],"lengthInSteps":16,"typeOfSection":0,"mustHitSection":false},{"sectionNotes":[[9677.41935483871,2,0,"normal",false,false,false],[9919.35483870968,3,0,"normal",false,false,false],[10403.2258064516,3,0,"normal",false,false,false],[10524.1935483871,1,0,"normal",false,false,false],[11370.9677419355,3,0,"normal",false,false,false],[11491.935483871,2,0,"normal",false,false,false],[10645.1612903226,0,0,"normal",false,false,false],[10887.0967741935,3,0,"normal",false,false,false],[11008.064516129,0,0,"normal",false,false,false],[10161.2903225806,0,0,"normal",false,false,false],[11250,2,0,"normal",false,false,false]],"lengthInSteps":16,"typeOfSection":0,"mustHitSection":false},{"sectionNotes":[[12580.6451612903,0,0,"normal",false,false,false],[12701.6129032258,1,0,"normal",false,false,false],[13185.4838709677,1,0,"normal",false,false,false],[13306.4516129032,0,0,"normal",false,false,false],[13427.4193548387,3,0,"normal",false,false,false],[12338.7096774194,3,0,"normal",false,false,false],[12459.6774193548,1,0,"normal",false,false,false],[12822.5806451613,3,0,"normal",false,false,false],[12943.5483870968,0,0,"normal",false,false,false],[11854.8387096774,1,0,"normal",false,false,false],[11612.9032258065,0,0,"normal"],[12096.7741935484,2,0,"normal"]],"lengthInSteps":16,"typeOfSection":0,"mustHitSection":false},{"sectionNotes":[[13790.3225806452,3,0,"normal",false,false,false],[14516.1290322581,3,0,"normal",false,false,false],[14637.0967741935,0,0,"normal",false,false,false],[14758.064516129,3,0,"normal",false,false,false],[15120.9677419355,2,0,"normal",false,false,false],[13548.3870967742,0,0,"normal",false,false,false],[14879.0322580645,0,0,"normal",false,false,false],[14032.2580645161,1,0,"normal"],[14274.1935483871,2,0,"normal"]],"lengthInSteps":16,"typeOfSection":0,"mustHitSection":false},{"sectionNotes":[[16088.7096774194,2,0,"normal",false,false,false],[16209.6774193548,3,0,"normal",false,false,false],[15967.7419354839,3,0,"normal",false,false,false],[15483.8709677419,1,0,"normal",false,false,false],[15725.8064516129,1,0,"normal",false,false,false],[15604.8387096774,0,0,"normal",false,false,false],[16693.5483870968,0,0,"normal",false,false,false],[16451.6129032258,2,0,"normal",false,false,false],[16935.4838709677,2,0,"normal",false,false,false],[17177.4193548387,3,0,"normal",false,false,false],[16572.5806451613,1,0,"normal",false,false,false]],"lengthInSteps":16,"typeOfSection":0,"mustHitSection":true},{"sectionNotes":[[18508.064516129,1,0,"normal",false,false,false],[18629.0322580645,0,0,"normal",false,false,false],[18145.1612903226,2,0,"normal",false,false,false],[18024.1935483871,3,0,"normal",false,false,false],[17419.3548387097,0,0,"normal",false,false,false],[17661.2903225806,0,0,"normal",false,false,false],[17903.2258064516,2,0,"normal",false,false,false],[18750,2,0,"normal",false,false,false],[18870.9677419355,3,0,"normal",false,false,false],[19070.564516129,0,0,"normal",false,false,false],[19233.8709677419,3,0,"normal",false,false,false],[18266.1290322581,1,0,"normal",false,false,false]],"lengthInSteps":16,"typeOfSection":0,"mustHitSection":true},{"sectionNotes":[[19596.7741935484,2,0,"normal",false,false,false],[19717.7419354839,1,0,"normal",false,false,false],[20685.4838709677,1,0,"normal",false,false,false],[21048.3870967742,0,120.967741935484,"normal",false,false,false],[19354.8387096774,1,0,"normal",false,false,false],[19838.7096774194,3,0,"normal",false,false,false],[20201.6129032258,0,0,"normal",false,false,false],[20443.5483870968,3,0,"normal",false,false,false],[20806.4516129032,2,0,"normal",false,false,false]],"lengthInSteps":16,"typeOfSection":0,"mustHitSection":true},{"sectionNotes":[[21532.2580645161,3,0,"normal",false,false,false],[21653.2258064516,0,0,"normal",false,false,false],[22137.0967741935,3,0,"normal",false,false,false],[22500,2,0,"normal",false,false,false],[22620.9677419355,1,0,"normal",false,false,false],[22741.935483871,0,0,"normal",false,false,false],[22379.0322580645,3,0,"normal",false,false,false],[21290.3225806452,5,0,"normal",false,false,false],[21532.2580645161,5,0,"normal",false,false,false],[21774.1935483871,7,0,"normal",false,false,false],[22137.0967741935,7,0,"normal",false,false,false],[22379.0322580645,5,0,"normal",false,false,false],[22500,4,0,"normal",false,false,false],[22016.1290322581,2,0,"normal",false,false,false],[22983.8709677419,7,0,"normal",false,false,false],[23104.8387096774,4,0,"normal",false,false,false],[22983.8709677419,2,120.967741935484,"normal",false,false,false],[21290.3225806452,1,120.967741935484,"normal",false,false,false],[21774.1935483871,2,0,"normal",false,false,false]],"lengthInSteps":16,"typeOfSection":0,"mustHitSection":true},{"sectionNotes":[[24314.5161290323,3,0,"normal",false,false,false],[24919.3548387097,3,0,"normal",false,false,false],[25040.3225806452,0,0,"normal",false,false,false],[24556.4516129032,2,241.935483870968,"normal",false,false,false],[23467.7419354839,2,0,"normal",false,false,false],[23709.6774193548,1,0,"normal",false,false,false],[23951.6129032258,3,0,"normal",false,false,false],[24193.5483870968,0,0,"normal",false,false,false]],"lengthInSteps":16,"typeOfSection":0,"mustHitSection":false},{"sectionNotes":[[25403.2258064516,0,0,"normal",false,false,false],[25524.1935483871,1,0,"normal",false,false,false],[26129.0322580645,0,483.870967741935,"normal",false,false,false],[25766.1290322581,1,0,"normal",false,false,false],[25161.2903225806,1,0,"normal",false,false,false],[25887.0967741935,3,0,"normal",false,false,false],[26975.8064516129,2,0,"normal",false,false,false],[26854.8387096774,1,0,"normal",false,false,false]],"lengthInSteps":16,"typeOfSection":0,"mustHitSection":false},{"sectionNotes":[[27096.7741935484,3,0,"normal",false,false,false],[27580.6451612903,3,0,"normal",false,false,false],[28064.5161290323,1,0,"normal",false,false,false],[28185.4838709677,0,0,"normal",false,false,false],[28790.3225806452,2,0,"normal",false,false,false],[28669.3548387097,0,0,"normal",false,false,false],[28306.4516129032,2,0,"normal",false,false,false],[27701.6129032258,2,0,"normal",false,false,false],[28911.2903225806,3,0,"normal",false,false,false],[28427.4193548387,3,120.967741935484,"normal",false,false,false],[27822.5806451613,1,0,"normal",false,false,false],[27338.7096774194,1,0,"normal"]],"lengthInSteps":16,"typeOfSection":0,"mustHitSection":false},{"sectionNotes":[[29032.2580645161,0,0,"normal",false,false,false],[29274.1935483871,3,0,"normal",false,false,false],[29395.1612903226,1,0,"normal",false,false,false],[29516.1290322581,2,0,"normal",false,false,false],[29758.064516129,0,0,"normal",false,false,false],[29879.0322580645,1,0,"normal",false,false,false],[30000,2,0,"normal",false,false,false],[30120.9677419355,1,0,"normal",false,false,false],[30362.9032258065,2,0,"normal",false,false,false],[30725.8064516129,1,120.967741935484,"normal",false,false,false]],"lengthInSteps":16,"typeOfSection":0,"mustHitSection":false},{"sectionNotes":[[31451.6129032258,3,0,"normal",false,false,false],[31572.5806451613,2,0,"normal",false,false,false],[31935.4838709677,2,0,"normal",false,false,false],[32056.4516129032,3,0,"normal",false,false,false],[32177.4193548387,1,0,"normal",false,false,false],[31693.5483870968,1,0,"normal",false,false,false],[32419.3548387097,2,0,"normal",false,false,false],[32661.2903225806,0,0,"normal",false,false,false],[32782.2580645161,1,0,"normal",false,false,false],[30967.7419354839,0,0,"normal",false,false,false],[31088.7096774194,1,0,"normal",false,false,false],[31209.6774193548,2,0,"normal",false,false,false]],"lengthInSteps":16,"typeOfSection":0,"mustHitSection":true},{"sectionNotes":[[33145.1612903226,2,0,"normal",false,false,false],[34112.9032258065,0,0,"normal",false,false,false],[34233.8709677419,3,0,"normal",false,false,false],[34596.7741935484,4,0,"normal",false,false,false],[34717.7419354839,7,0,"normal",false,false,false],[32903.2258064516,3,0,"normal",false,false,false],[33266.1290322581,1,0,"normal",false,false,false],[33508.064516129,0,0,"normal",false,false,false],[33629.0322580645,3,0,"normal",false,false,false],[33870.9677419355,2,0,"normal",false,false,false],[34475.8064516129,6,0,"normal",false,false,false]],"lengthInSteps":16,"typeOfSection":0,"mustHitSection":true},{"sectionNotes":[[34838.7096774194,1,0,"normal",false,false,false],[34959.6774193548,2,0,"normal",false,false,false],[35080.6451612903,3,0,"normal",false,false,false],[35201.6129032258,1,0,"normal",false,false,false],[35564.5161290323,2,0,"normal",false,false,false],[35685.4838709677,3,0,"normal",false,false,false],[35806.4516129032,1,0,"normal",false,false,false],[35322.5806451613,0,0,"normal",false,false,false],[35927.4193548387,0,0,"normal",false,false,false],[36048.3870967742,1,0,"normal",false,false,false],[36169.3548387097,2,0,"normal",false,false,false],[36411.2903225806,1,0,"normal",false,false,false],[36532.2580645161,2,0,"normal",false,false,false],[36653.2258064516,1,0,"normal",false,false,false]],"lengthInSteps":16,"typeOfSection":0,"mustHitSection":false},{"sectionNotes":[[36774.1935483871,0,0,"normal",false,false,false],[36895.1612903226,1,0,"normal",false,false,false],[37016.1290322581,3,0,"normal",false,false,false],[37137.0967741936,2,0,"normal",false,false,false],[37983.8709677419,2,0,"normal",false,false,false],[38225.8064516129,3,362.903225806452,"normal",false,false,false],[37016.1290322581,5,0,"normal",false,false,false],[37620.9677419355,7,0,"normal",false,false,false],[38104.8387096774,0,0,"normal",false,false,false],[37379.0322580645,2,0,"normal",false,false,false],[38225.8064516129,6,0,"normal",false,false,false],[37620.9677419355,1,0,"normal",false,false,false],[37862.9032258065,3,0,"normal",false,false,false],[36774.1935483871,5,0,"normal",false,false,false],[37258.064516129,7,0,"normal",false,false,false],[37862.9032258065,5,0,"normal",false,false,false],[37983.8709677419,4,0,"normal",false,false,false],[38467.7419354839,4,0,"normal",false,false,false],[38588.7096774194,7,0,"normal",false,false,false]],"lengthInSteps":16,"typeOfSection":0,"mustHitSection":false},{"sectionNotes":[[38709.6774193548,3,0,"normal",false,false,false],[39072.5806451613,0,0,"normal",false,false,false],[40161.2903225806,3,0,"normal",false,false,false],[39193.5483870968,3,362.903225806452,"normal",false,false,false],[39677.4193548387,0,0,"normal",false,false,false],[39798.3870967742,1,0,"normal",false,false,false],[40282.2580645161,2,0,"normal",false,false,false],[38951.6129032258,0,0,"normal",false,false,false],[38830.6451612903,1,0,"normal",false,false,false]],"lengthInSteps":16,"typeOfSection":0,"mustHitSection":false},{"sectionNotes":[[40645.1612903226,0,0,"normal",false,false,false],[42096.7741935484,2,362.903225806452,"normal",false,false,false],[41129.0322580645,3,362.903225806452,"normal",false,false,false],[41612.9032258065,0,0,"normal",false,false,false],[40766.1290322581,1,0,"normal",false,false,false],[41733.8709677419,1,0,"normal",false,false,false]],"lengthInSteps":16,"typeOfSection":0,"mustHitSection":false},{"sectionNotes":[[43669.3548387097,2,0,"normal",false,false,false],[44032.2580645161,3,0,"normal",false,false,false],[43548.3870967742,1,0,"normal",false,false,false],[43064.5161290323,3,0,"normal",false,false,false],[42580.6451612903,2,0,"normal",false,false,false],[42701.6129032258,2,0,"normal",false,false,false]],"lengthInSteps":16,"typeOfSection":0,"mustHitSection":true},{"sectionNotes":[[44516.1290322581,1,0,"normal",false,false,false],[45000,2,0,"normal",false,false,false],[45241.935483871,2,0,"normal",false,false,false],[45483.8709677419,2,0,"normal",false,false,false],[45604.8387096774,1,0,"normal",false,false,false],[46209.6774193548,4,0,"normal",false,false,false],[46330.6451612903,6,0,"normal",false,false,false],[45967.7419354839,0,0,"normal",false,false,false]],"lengthInSteps":16,"typeOfSection":0,"mustHitSection":true},{"sectionNotes":[[46693.5483870968,0,241.935483870968,"normal",false,false,false],[47419.3548387097,2,0,"normal",false,false,false],[47903.2258064516,3,0,"normal",false,false,false],[48024.1935483871,1,241.935483870968,"normal",false,false,false],[46451.6129032258,3,0,"normal",false,false,false],[47540.3225806452,0,0,"normal",false,false,false]],"lengthInSteps":16,"typeOfSection":0,"mustHitSection":false},{"sectionNotes":[[49838.7096774194,2,362.903225806452,"normal",false,false,false],[48387.0967741936,2,0,"normal",false,false,false],[48508.064516129,3,0,"normal",false,false,false],[49475.8064516129,1,0,"normal",false,false,false],[48870.9677419355,0,0,"normal",false,false,false],[49354.8387096774,3,0,"normal",false,false,false]],"lengthInSteps":16,"typeOfSection":0,"mustHitSection":false},{"sectionNotes":[[51290.3225806452,3,0,"normal",false,false,false],[50322.5806451613,2,0,"normal",false,false,false],[50564.5161290323,2,0,"normal",false,false,false],[50806.4516129032,3,0,"normal",false,false,false],[51169.3548387097,0,0,"normal",false,false,false],[51532.2580645161,1,0,"normal",false,false,false],[51411.2903225807,2,0,"normal",false,false,false],[51653.2258064516,0,0,"normal",false,false,false],[50443.5483870968,0,0,"normal",false,false,false],[50685.4838709677,0,0,"normal",false,false,false],[51895.1612903226,4,0,"normal",false,false,false],[52016.1290322581,7,0,"normal",false,false,false],[51048.3870967742,1,0,"normal",false,false,false]],"lengthInSteps":16,"typeOfSection":0,"mustHitSection":true},{"sectionNotes":[[52741.935483871,0,0,"normal",false,false,false],[52862.9032258065,1,0,"normal",false,false,false],[52983.8709677419,2,0,"normal",false,false,false],[53346.7741935484,0,241.935483870968,"normal",false,false,false],[52258.064516129,2,0,"normal",false,false,false],[53104.8387096774,1,0,"normal",false,false,false],[53709.6774193548,1,0,"normal",false,false,false],[53830.6451612903,3,0,"normal",false,false,false],[53951.6129032258,0,241.935483870968,"normal",false,false,false]],"lengthInSteps":16,"typeOfSection":0,"mustHitSection":false},{"sectionNotes":[[55161.2903225807,2,0,"normal",false,false,false],[55887.0967741936,2,0,"normal",false,false,false],[55403.2258064516,3,0,"normal",false,false,false],[55645.1612903226,2,0,"normal",false,false,false],[55766.1290322581,1,0,"normal",false,false,false]],"lengthInSteps":16,"typeOfSection":0,"mustHitSection":false},{"sectionNotes":[[56129.0322580645,3,0,"normal",false,false,false],[56491.935483871,1,0,"normal",false,false,false],[57217.7419354839,0,0,"normal",false,false,false],[57096.7741935484,1,0,"normal",false,false,false],[57338.7096774194,1,0,"normal",false,false,false],[57459.6774193548,3,0,"normal",false,false,false],[56250,2,0,"normal",false,false,false],[56612.9032258065,0,0,"normal",false,false,false],[56854.8387096774,3,0,"normal",false,false,false],[57580.6451612903,0,0,"normal",false,false,false],[57822.5806451613,2,0,"normal",false,false,false],[57943.5483870968,0,544.354838709677,"normal",false,false,false]],"lengthInSteps":16,"typeOfSection":0,"mustHitSection":false},{"sectionNotes":[[59032.2580645161,4,0,"normal",false,false,false],[59758.064516129,4,0,"normal",false,false,false],[59516.1290322581,7,0,"normal",false,false,false],[59879.0322580645,7,0,"normal",false,false,false],[59274.1935483871,7,0,"normal",false,false,false],[59395.1612903226,6,0,"normal",false,false,false]],"lengthInSteps":16,"typeOfSection":0,"mustHitSection":false},{"sectionNotes":[[61330.6451612903,1,0,"normal",false,false,false],[61572.5806451613,3,0,"normal",false,false,false],[60967.7419354839,2,0,"normal",false,false,false],[61209.6774193548,0,0,"normal",false,false,false],[61693.5483870968,2,0,"normal",false,false,false],[60000,2,0,"normal",false,false,false],[60120.9677419355,1,0,"normal",false,false,false],[60725.8064516129,2,0,"normal",false,false,false],[60483.8709677419,1,0,"normal",false,false,false],[60362.9032258065,0,0,"normal",false,false,false]],"lengthInSteps":16,"typeOfSection":0,"mustHitSection":true},{"sectionNotes":[[61935.4838709677,0,0,"normal",false,false,false],[62177.4193548387,2,0,"normal",false,false,false],[62782.2580645161,2,0,"normal",false,false,false],[62903.2258064516,0,0,"normal",false,false,false],[63145.1612903226,2,0,"normal",false,false,false],[63266.1290322581,0,0,"normal",false,false,false],[63508.064516129,3,0,"normal",false,false,false],[63750,3,0,"normal",false,false,false],[62298.3870967742,3,0,"normal",false,false,false],[62419.3548387097,0,0,"normal",false,false,false],[62661.2903225807,1,0,"normal",false,false,false]],"lengthInSteps":16,"typeOfSection":0,"mustHitSection":false},{"sectionNotes":[[63870.9677419355,2,0,"normal",false,false,false],[64112.9032258065,3,0,"normal",false,false,false],[64354.8387096774,2,0,"normal",false,false,false],[64233.8709677419,1,0,"normal",false,false,false],[65564.5161290323,7,0,"normal",false,false,false],[65201.6129032258,2,120.967741935484,"normal",false,false,false],[65443.5483870968,1,120.967741935484,"normal",false,false,false],[65685.4838709678,3,0,"normal",false,false,false],[64596.7741935484,3,0,"normal",false,false,false],[64747.9838709677,2,0,"normal",false,false,false],[64929.435483871,1,0,"normal",false,false,false],[65050.4032258065,3,0,"normal",false,false,false]],"lengthInSteps":16,"typeOfSection":0,"mustHitSection":false},{"sectionNotes":[[65927.4193548387,5,0,"normal",false,false,false],[66532.2580645161,6,0,"normal",false,false,false],[66653.2258064516,5,0,"normal",false,false,false],[66774.1935483871,6,0,"normal",false,false,false],[67137.0967741935,4,0,"normal",false,false,false],[66169.3548387097,7,0,"normal",false,false,false],[66290.3225806452,4,0,"normal",false,false,false],[66411.2903225807,5,0,"normal",false,false,false],[66895.1612903226,7,0,"normal",false,false,false],[65806.4516129032,4,0,"normal",false,false,false],[65806.4516129032,3,0,"normal",false,false,false],[66048.3870967742,6,0,"normal",false,false,false],[66895.1612903226,0,0,"normal",false,false,false],[67137.0967741935,3,0,"normal",false,false,false],[67016.1290322581,5,0,"normal",false,false,false],[67016.1290322581,1,0,"normal",false,false,false],[67500,3,0,"normal",false,false,false],[67500,4,0,"normal",false,false,false],[65927.4193548387,2,0,"normal",false,false,false],[66048.3870967742,1,0,"normal",false,false,false],[66169.3548387097,0,0,"normal",false,false,false],[66290.3225806452,1,0,"normal",false,false,false],[66411.2903225807,2,0,"normal",false,false,false],[66532.2580645161,1,0,"normal",false,false,false],[66653.2258064516,2,0,"normal",false,false,false],[66774.1935483871,1,0,"normal",false,false,false],[67258.064516129,0,0,"normal",false,false,false],[67379.0322580645,1,0,"normal",false,false,false],[67620.9677419355,2,0,"normal",false,false,false],[67620.9677419355,5,0,"normal",false,false,false],[67379.0322580645,6,0,"normal",false,false,false],[67258.064516129,7,0,"normal",false,false,false]],"lengthInSteps":16,"typeOfSection":0,"mustHitSection":true},{"sectionNotes":[[67741.935483871,5,362.903225806452,"normal",false,false,false],[68225.8064516129,7,0,"normal",false,false,false],[68346.7741935484,6,0,"normal",false,false,false],[68467.7419354839,5,0,"normal",false,false,false],[68588.7096774194,4,0,"normal",false,false,false],[68951.6129032258,6,0,"normal",false,false,false],[69435.4838709677,6,0,"normal",false,false,false],[68225.8064516129,3,0,"normal",false,false,false],[68346.7741935484,2,0,"normal",false,false,false],[68467.7419354839,1,0,"normal",false,false,false],[68588.7096774194,0,0,"normal",false,false,false],[68951.6129032258,2,0,"normal",false,false,false],[69435.4838709677,2,0,"normal",false,false,false],[68709.6774193548,3,0,"normal",false,false,false],[69193.5483870968,3,0,"normal",false,false,false],[69193.5483870968,7,0,"normal",false,false,false],[67741.935483871,1,362.903225806452,"normal",false,false,false],[68709.6774193548,7,0,"normal",false,false,false]],"lengthInSteps":16,"typeOfSection":0,"mustHitSection":true},{"sectionNotes":[[69919.3548387097,1,362.903225806452,"normal",false,false,false],[71129.0322580645,1,0,"normal",false,false,false],[71250,2,0,"normal",false,false,false],[71370.9677419355,3,0,"normal",false,false,false],[70645.1612903226,2,0,"normal",false,false,false],[70887.0967741935,0,0,"normal",false,false,false],[70403.2258064516,3,0,"normal",false,false,false],[69677.4193548387,4,241.935483870968,"normal",false,false,false],[69677.4193548387,0,0,"normal",false,false,false]],"lengthInSteps":16,"typeOfSection":0,"mustHitSection":false},{"sectionNotes":[[71612.9032258065,0,0,"normal",false,false,false],[71733.8709677419,3,0,"normal",false,false,false],[72580.6451612903,3,0,"normal",false,false,false],[72701.6129032258,0,0,"normal",false,false,false],[72822.5806451613,3,0,"normal",false,false,false],[72338.7096774194,1,0,"normal",false,false,false],[72096.7741935484,2,0,"normal",false,false,false],[72943.5483870968,2,0,"normal",false,false,false],[73064.5161290323,1,0,"normal",false,false,false],[73306.4516129032,3,0,"normal",false,false,false],[71975.8064516129,0,0,"normal",false,false,false],[73427.4193548387,0,483.870967741935,"normal",false,false,false]],"lengthInSteps":16,"typeOfSection":0,"mustHitSection":false},{"sectionNotes":[[75362.9032258065,1,0,"normal",false,false,false],[74879.0322580645,3,0,"normal",false,false,false],[75000,2,0,"normal",false,false,false],[75241.935483871,0,0,"normal",false,false,false],[74758.064516129,1,0,"normal",false,false,false],[74516.1290322581,2,0,"normal",false,false,false]],"lengthInSteps":16,"typeOfSection":0,"mustHitSection":true},{"sectionNotes":[[75483.8709677419,2,0,"normal",false,false,false],[75604.8387096774,3,0,"normal",false,false,false],[75846.7741935484,1,0,"normal",false,false,false],[75967.7419354839,3,0,"normal",false,false,false],[76708.6693548387,2,0,"normal",false,false,false],[77056.4516129032,0,0,"normal",false,false,false],[76814.5161290323,1,0,"normal",false,false,false],[75725.8064516129,0,0,"normal",false,false,false],[76209.6774193548,2,0,"normal",false,false,false],[76451.6129032258,0,0,"normal",false,false,false],[77177.4193548387,3,120.967741935484,"normal",false,false,false]],"lengthInSteps":16,"typeOfSection":0,"mustHitSection":true},{"sectionNotes":[[78145.1612903226,1,0,"normal",false,false,false],[78266.1290322581,0,0,"normal",false,false,false],[77419.3548387097,0,0,"normal",false,false,false],[77661.2903225807,3,0,"normal",false,false,false],[77782.2580645161,2,0,"normal",false,false,false],[77903.2258064516,3,0,"normal",false,false,false],[78387.0967741935,2,0,"normal",false,false,false],[78629.0322580645,3,0,"normal",false,false,false],[78750,2,0,"normal",false,false,false],[78991.935483871,0,0,"normal",false,false,false],[79233.8709677419,3,0,"normal",false,false,false]],"lengthInSteps":16,"typeOfSection":0,"mustHitSection":false},{"sectionNotes":[[80201.6129032258,1,0,"normal",false,false,false],[80322.5806451613,2,0,"normal",false,false,false],[80685.4838709677,0,0,"normal",false,false,false],[79596.7741935484,0,0,"normal",false,false,false],[80080.6451612903,0,0,"normal",false,false,false],[79354.8387096774,1,0,"normal",false,false,false],[79717.7419354839,1,0,"normal",false,false,false],[79838.7096774194,3,0,"normal",false,false,false],[80927.4193548387,3,0,"normal",false,false,false],[80488.9112903226,3,0,"normal",false,false,false],[81048.3870967742,5,0,"normal",false,false,false],[81048.3870967742,1,0,"normal",false,false,false]],"lengthInSteps":16,"typeOfSection":0,"mustHitSection":false},{"lengthInSteps":16,"typeOfSection":0,"sectionNotes":[[81290.3225806452,3,0,"normal",false,false,false],[82741.935483871,3,0,"normal",false,false,false],[82862.9032258065,0,0,"normal",false,false,false],[81290.3225806452,4,0,"normal",false,false,false],[82258.064516129,6,0,"normal",false,false,false],[82741.935483871,4,0,"normal",false,false,false],[82862.9032258065,7,0,"normal",false,false,false],[81471.7741935484,5,0,"normal",false,false,false],[81774.1935483871,7,0,"normal",false,false,false],[81937.5,6,0,"normal",false,false,false],[82097.7822580645,4,0,"normal",false,false,false],[81601.814516129,6,0,"normal",false,false,false],[82427.4193548387,7,0,"normal",false,false,false],[82557.4596774194,4,0,"normal",false,false,false],[81471.7741935484,2,0,"normal",false,false,false],[81595.7661290323,1,0,"normal",false,false,false],[81774.1935483871,0,0,"normal",false,false,false],[81931.4516129032,1,0,"normal",false,false,false],[82094.7580645161,3,0,"normal",false,false,false],[82258.064516129,2,0,"normal",false,false,false],[82427.4193548387,0,0,"normal",false,false,false],[82557.4596774194,3,0,"normal",false,false,false],[83041.3306451613,2,0,"normal",false,false,false],[83038.3064516129,5,0,"normal",false,false,false]],"altAnim":false,"bpm":120,"changeBPM":false,"mustHitSection":false},{"sectionNotes":[[83709.6774193548,2,0,"normal",false,false,false],[83225.8064516129,1,241.935483870968,"normal",false,false,false],[84919.3548387097,3,0,"normal",false,false,false],[83709.6774193548,5,0,"normal",false,false,false],[84919.3548387097,7,0,"normal",false,false,false],[83225.8064516129,6,241.935483870968,"normal",false,false,false],[84435.4838709677,1,0,"normal",false,false,false],[84193.5483870968,1,0,"normal",false,false,false],[84193.5483870968,6,0,"normal",false,false,false],[84435.4838709677,6,0,"normal",false,false,false],[84677.4193548387,5,0,"normal",false,false,false],[84677.4193548387,2,0,"normal",false,false,false],[83951.6129032258,0,0,"normal",false,false,false],[83951.6129032258,7,0,"normal",false,false,false]],"typeOfSection":0,"lengthInSteps":16,"altAnim":false,"mustHitSection":false,"changeBPM":false,"bpm":120},{"sectionNotes":[[85161.2903225807,6,483.870967741935,"normal",false,false,false],[85161.2903225807,2,483.870967741935,"normal",false,false,false]],"typeOfSection":0,"lengthInSteps":16,"altAnim":false,"mustHitSection":false,"changeBPM":false,"bpm":120},{"lengthInSteps":16,"typeOfSection":0,"sectionNotes":[],"altAnim":false,"bpm":120,"changeBPM":false,"mustHitSection":false},{"sectionNotes":[],"typeOfSection":0,"lengthInSteps":16,"altAnim":false,"mustHitSection":true,"changeBPM":false,"bpm":120},{"lengthInSteps":16,"typeOfSection":0,"sectionNotes":[],"altAnim":false,"bpm":120,"changeBPM":false,"mustHitSection":true},{"sectionNotes":[],"typeOfSection":0,"lengthInSteps":16,"altAnim":false,"mustHitSection":true,"changeBPM":false,"bpm":120},{"sectionNotes":[],"typeOfSection":0,"lengthInSteps":16,"altAnim":false,"mustHitSection":true,"changeBPM":false,"bpm":123},{"sectionNotes":[],"typeOfSection":0,"lengthInSteps":16,"altAnim":false,"mustHitSection":true,"changeBPM":false,"bpm":123},{"sectionNotes":[],"typeOfSection":0,"lengthInSteps":16,"altAnim":false,"mustHitSection":true,"changeBPM":false,"bpm":123},{"sectionNotes":[],"typeOfSection":0,"lengthInSteps":16,"altAnim":false,"mustHitSection":true,"changeBPM":false,"bpm":123},{"sectionNotes":[],"typeOfSection":0,"lengthInSteps":16,"altAnim":false,"mustHitSection":true,"changeBPM":false,"bpm":123},{"sectionNotes":[],"typeOfSection":0,"lengthInSteps":16,"altAnim":false,"mustHitSection":true,"changeBPM":false,"bpm":123},{"sectionNotes":[],"typeOfSection":0,"lengthInSteps":16,"altAnim":false,"mustHitSection":true,"changeBPM":false,"bpm":123},{"sectionNotes":[],"typeOfSection":0,"lengthInSteps":16,"altAnim":false,"mustHitSection":true,"changeBPM":false,"bpm":123},{"sectionNotes":[],"typeOfSection":0,"lengthInSteps":16,"altAnim":false,"mustHitSection":true,"changeBPM":false,"bpm":123},{"sectionNotes":[],"typeOfSection":0,"lengthInSteps":16,"altAnim":false,"mustHitSection":true,"changeBPM":false,"bpm":123},{"sectionNotes":[],"typeOfSection":0,"lengthInSteps":16,"altAnim":false,"mustHitSection":true,"changeBPM":false,"bpm":123},{"sectionNotes":[],"typeOfSection":0,"lengthInSteps":16,"altAnim":false,"mustHitSection":true,"changeBPM":false,"bpm":123},{"sectionNotes":[],"typeOfSection":0,"lengthInSteps":16,"altAnim":false,"mustHitSection":true,"changeBPM":false,"bpm":123},{"sectionNotes":[],"typeOfSection":0,"lengthInSteps":16,"altAnim":false,"mustHitSection":true,"changeBPM":false,"bpm":123},{"lengthInSteps":16,"typeOfSection":0,"sectionNotes":[],"altAnim":false,"bpm":123,"changeBPM":false,"mustHitSection":true},{"lengthInSteps":16,"typeOfSection":0,"sectionNotes":[],"altAnim":false,"bpm":123,"changeBPM":false,"mustHitSection":true},{"lengthInSteps":16,"typeOfSection":0,"sectionNotes":[],"altAnim":false,"bpm":123,"changeBPM":false,"mustHitSection":true},{"lengthInSteps":16,"typeOfSection":0,"sectionNotes":[],"altAnim":false,"bpm":123,"changeBPM":false,"mustHitSection":true},{"lengthInSteps":16,"typeOfSection":0,"sectionNotes":[],"altAnim":false,"bpm":124,"changeBPM":false,"mustHitSection":true},{"lengthInSteps":16,"typeOfSection":0,"sectionNotes":[],"altAnim":false,"bpm":124,"changeBPM":false,"mustHitSection":true},{"lengthInSteps":16,"typeOfSection":0,"sectionNotes":[],"altAnim":false,"bpm":124,"changeBPM":false,"mustHitSection":true},{"lengthInSteps":16,"typeOfSection":0,"sectionNotes":[],"altAnim":false,"bpm":124,"changeBPM":false,"mustHitSection":true},{"lengthInSteps":16,"typeOfSection":0,"sectionNotes":[],"altAnim":false,"bpm":124,"changeBPM":false,"mustHitSection":true},{"lengthInSteps":16,"typeOfSection":0,"sectionNotes":[],"altAnim":false,"bpm":124,"changeBPM":false,"mustHitSection":true},{"lengthInSteps":16,"typeOfSection":0,"sectionNotes":[],"altAnim":false,"bpm":124,"changeBPM":false,"mustHitSection":true},{"lengthInSteps":16,"typeOfSection":0,"sectionNotes":[],"altAnim":false,"bpm":124,"changeBPM":false,"mustHitSection":true},{"lengthInSteps":16,"typeOfSection":0,"sectionNotes":[],"altAnim":false,"bpm":124,"changeBPM":false,"mustHitSection":true},{"lengthInSteps":16,"typeOfSection":0,"sectionNotes":[],"altAnim":false,"bpm":124,"changeBPM":false,"mustHitSection":true},{"lengthInSteps":16,"typeOfSection":0,"sectionNotes":[],"altAnim":false,"bpm":124,"changeBPM":false,"mustHitSection":true},{"lengthInSteps":16,"typeOfSection":0,"sectionNotes":[],"altAnim":false,"bpm":124,"changeBPM":false,"mustHitSection":true},{"lengthInSteps":16,"typeOfSection":0,"sectionNotes":[],"altAnim":false,"bpm":124,"changeBPM":false,"mustHitSection":true},{"lengthInSteps":16,"typeOfSection":0,"sectionNotes":[],"altAnim":false,"bpm":124,"changeBPM":false,"mustHitSection":true},{"lengthInSteps":16,"typeOfSection":0,"sectionNotes":[],"altAnim":false,"bpm":124,"changeBPM":false,"mustHitSection":true},{"lengthInSteps":16,"typeOfSection":0,"sectionNotes":[],"altAnim":false,"bpm":124,"changeBPM":false,"mustHitSection":true},{"lengthInSteps":16,"typeOfSection":0,"sectionNotes":[],"altAnim":false,"bpm":124,"changeBPM":false,"mustHitSection":true},{"sectionNotes":[],"typeOfSection":0,"lengthInSteps":16,"altAnim":false,"mustHitSection":true,"changeBPM":false,"bpm":124},{"sectionNotes":[],"typeOfSection":0,"lengthInSteps":16,"altAnim":false,"mustHitSection":true,"changeBPM":false,"bpm":124},{"sectionNotes":[],"typeOfSection":0,"lengthInSteps":16,"altAnim":false,"mustHitSection":true,"changeBPM":false,"bpm":124},{"sectionNotes":[],"typeOfSection":0,"lengthInSteps":16,"altAnim":false,"mustHitSection":true,"changeBPM":false,"bpm":124},{"sectionNotes":[],"typeOfSection":0,"lengthInSteps":16,"altAnim":false,"mustHitSection":true,"changeBPM":false,"bpm":124},{"sectionNotes":[],"typeOfSection":0,"lengthInSteps":16,"altAnim":false,"mustHitSection":true,"changeBPM":false,"bpm":124},{"sectionNotes":[],"typeOfSection":0,"lengthInSteps":16,"altAnim":false,"mustHitSection":true,"changeBPM":false,"bpm":124},{"sectionNotes":[],"typeOfSection":0,"lengthInSteps":16,"altAnim":false,"mustHitSection":true,"changeBPM":false,"bpm":124},{"sectionNotes":[],"typeOfSection":0,"lengthInSteps":16,"altAnim":false,"mustHitSection":true,"changeBPM":false,"bpm":124},{"sectionNotes":[],"typeOfSection":0,"lengthInSteps":16,"altAnim":false,"mustHitSection":true,"changeBPM":false,"bpm":124},{"sectionNotes":[],"typeOfSection":0,"lengthInSteps":16,"altAnim":false,"mustHitSection":true,"changeBPM":false,"bpm":124},{"sectionNotes":[],"typeOfSection":0,"lengthInSteps":16,"altAnim":false,"mustHitSection":true,"changeBPM":false,"bpm":124},{"sectionNotes":[],"typeOfSection":0,"lengthInSteps":16,"altAnim":false,"mustHitSection":true,"changeBPM":false,"bpm":124},{"sectionNotes":[],"typeOfSection":0,"lengthInSteps":16,"altAnim":false,"mustHitSection":true,"changeBPM":false,"bpm":124},{"sectionNotes":[],"typeOfSection":0,"lengthInSteps":16,"altAnim":false,"mustHitSection":true,"changeBPM":false,"bpm":124},{"sectionNotes":[],"typeOfSection":0,"lengthInSteps":16,"altAnim":false,"mustHitSection":true,"changeBPM":false,"bpm":124},{"sectionNotes":[],"typeOfSection":0,"lengthInSteps":16,"altAnim":false,"mustHitSection":true,"changeBPM":false,"bpm":124},{"sectionNotes":[],"typeOfSection":0,"lengthInSteps":16,"altAnim":false,"mustHitSection":true,"changeBPM":false,"bpm":124},{"sectionNotes":[],"typeOfSection":0,"lengthInSteps":16,"altAnim":false,"mustHitSection":true,"changeBPM":false,"bpm":124},{"sectionNotes":[],"typeOfSection":0,"lengthInSteps":16,"altAnim":false,"mustHitSection":true,"changeBPM":false,"bpm":124},{"lengthInSteps":16,"typeOfSection":0,"sectionNotes":[],"altAnim":false,"bpm":124,"changeBPM":false,"mustHitSection":true},{"lengthInSteps":16,"typeOfSection":0,"sectionNotes":[],"altAnim":false,"bpm":124,"changeBPM":false,"mustHitSection":true},{"lengthInSteps":16,"typeOfSection":0,"sectionNotes":[],"altAnim":false,"bpm":124,"changeBPM":false,"mustHitSection":true},{"lengthInSteps":16,"typeOfSection":0,"sectionNotes":[],"altAnim":false,"bpm":124,"changeBPM":false,"mustHitSection":true},{"sectionNotes":[],"typeOfSection":0,"lengthInSteps":16,"altAnim":false,"mustHitSection":true,"changeBPM":false,"bpm":124},{"sectionNotes":[],"typeOfSection":0,"lengthInSteps":16,"altAnim":false,"mustHitSection":true,"changeBPM":false,"bpm":124},{"sectionNotes":[],"typeOfSection":0,"lengthInSteps":16,"altAnim":false,"mustHitSection":true,"changeBPM":false,"bpm":124},{"sectionNotes":[],"typeOfSection":0,"lengthInSteps":16,"altAnim":false,"mustHitSection":true,"changeBPM":false,"bpm":124},{"sectionNotes":[],"typeOfSection":0,"lengthInSteps":16,"altAnim":false,"mustHitSection":true,"changeBPM":false,"bpm":124},{"sectionNotes":[],"typeOfSection":0,"lengthInSteps":16,"altAnim":false,"mustHitSection":true,"changeBPM":false,"bpm":124},{"lengthInSteps":16,"typeOfSection":0,"sectionNotes":[],"altAnim":false,"bpm":124,"changeBPM":false,"mustHitSection":true},{"lengthInSteps":16,"typeOfSection":0,"sectionNotes":[],"altAnim":false,"bpm":124,"changeBPM":false,"mustHitSection":true},{"lengthInSteps":16,"typeOfSection":0,"sectionNotes":[],"altAnim":false,"bpm":124,"changeBPM":false,"mustHitSection":true},{"lengthInSteps":16,"typeOfSection":0,"sectionNotes":[],"altAnim":false,"bpm":124,"changeBPM":false,"mustHitSection":true},{"lengthInSteps":16,"typeOfSection":0,"sectionNotes":[],"altAnim":false,"bpm":124,"changeBPM":false,"mustHitSection":true},{"lengthInSteps":16,"typeOfSection":0,"sectionNotes":[],"altAnim":false,"bpm":124,"changeBPM":false,"mustHitSection":true},{"lengthInSteps":16,"typeOfSection":0,"sectionNotes":[],"altAnim":false,"bpm":124,"changeBPM":false,"mustHitSection":true},{"lengthInSteps":16,"typeOfSection":0,"sectionNotes":[],"altAnim":false,"bpm":124,"changeBPM":false,"mustHitSection":true},{"lengthInSteps":16,"typeOfSection":0,"sectionNotes":[],"altAnim":false,"bpm":124,"changeBPM":false,"mustHitSection":true},{"lengthInSteps":16,"typeOfSection":0,"sectionNotes":[],"altAnim":false,"bpm":124,"changeBPM":false,"mustHitSection":true},{"lengthInSteps":16,"typeOfSection":0,"sectionNotes":[],"altAnim":false,"bpm":124,"changeBPM":false,"mustHitSection":true},{"lengthInSteps":16,"typeOfSection":0,"sectionNotes":[],"altAnim":false,"bpm":124,"changeBPM":false,"mustHitSection":true},{"lengthInSteps":16,"typeOfSection":0,"sectionNotes":[],"altAnim":false,"bpm":124,"changeBPM":false,"mustHitSection":true},{"lengthInSteps":16,"typeOfSection":0,"sectionNotes":[],"altAnim":false,"bpm":124,"changeBPM":false,"mustHitSection":true},{"lengthInSteps":16,"typeOfSection":0,"sectionNotes":[],"altAnim":false,"bpm":124,"changeBPM":false,"mustHitSection":true},{"lengthInSteps":16,"typeOfSection":0,"sectionNotes":[],"altAnim":false,"bpm":124,"changeBPM":false,"mustHitSection":true},{"lengthInSteps":16,"typeOfSection":0,"sectionNotes":[],"altAnim":false,"bpm":124,"changeBPM":false,"mustHitSection":true},{"lengthInSteps":16,"typeOfSection":0,"sectionNotes":[],"altAnim":false,"bpm":124,"changeBPM":false,"mustHitSection":true},{"lengthInSteps":16,"typeOfSection":0,"sectionNotes":[],"altAnim":false,"bpm":124,"changeBPM":false,"mustHitSection":true},{"lengthInSteps":16,"typeOfSection":0,"sectionNotes":[],"altAnim":false,"bpm":124,"changeBPM":false,"mustHitSection":true},{"sectionNotes":[],"typeOfSection":0,"lengthInSteps":16,"altAnim":false,"mustHitSection":true,"changeBPM":false,"bpm":124},{"sectionNotes":[],"typeOfSection":0,"lengthInSteps":16,"altAnim":false,"mustHitSection":true,"changeBPM":false,"bpm":124},{"sectionNotes":[],"typeOfSection":0,"lengthInSteps":16,"altAnim":false,"mustHitSection":true,"changeBPM":false,"bpm":124},{"sectionNotes":[],"typeOfSection":0,"lengthInSteps":16,"altAnim":false,"mustHitSection":true,"changeBPM":false,"bpm":124},{"sectionNotes":[],"typeOfSection":0,"lengthInSteps":16,"altAnim":false,"mustHitSection":true,"changeBPM":false,"bpm":124},{"sectionNotes":[],"typeOfSection":0,"lengthInSteps":16,"altAnim":false,"mustHitSection":true,"changeBPM":false,"bpm":124},{"lengthInSteps":16,"typeOfSection":0,"sectionNotes":[],"altAnim":false,"bpm":124,"changeBPM":false,"mustHitSection":true},{"lengthInSteps":16,"typeOfSection":0,"sectionNotes":[],"altAnim":false,"bpm":124,"changeBPM":false,"mustHitSection":true},{"lengthInSteps":16,"typeOfSection":0,"sectionNotes":[],"altAnim":false,"bpm":124,"changeBPM":false,"mustHitSection":true},{"lengthInSteps":16,"typeOfSection":0,"sectionNotes":[],"altAnim":false,"bpm":124,"changeBPM":false,"mustHitSection":true},{"lengthInSteps":16,"typeOfSection":0,"sectionNotes":[],"altAnim":false,"bpm":124,"changeBPM":false,"mustHitSection":true},{"lengthInSteps":16,"typeOfSection":0,"sectionNotes":[],"altAnim":false,"bpm":124,"changeBPM":false,"mustHitSection":true},{"lengthInSteps":16,"typeOfSection":0,"sectionNotes":[],"altAnim":false,"bpm":124,"changeBPM":false,"mustHitSection":true},{"sectionNotes":[],"typeOfSection":0,"lengthInSteps":16,"altAnim":false,"mustHitSection":true,"changeBPM":false,"bpm":124},{"sectionNotes":[],"typeOfSection":0,"lengthInSteps":16,"altAnim":false,"mustHitSection":true,"changeBPM":false,"bpm":124},{"lengthInSteps":16,"typeOfSection":0,"sectionNotes":[],"altAnim":false,"bpm":124,"changeBPM":false,"mustHitSection":true},{"sectionNotes":[],"typeOfSection":0,"lengthInSteps":16,"altAnim":false,"mustHitSection":true,"changeBPM":false,"bpm":124},{"lengthInSteps":16,"typeOfSection":0,"sectionNotes":[],"altAnim":false,"bpm":124,"changeBPM":false,"mustHitSection":true},{"sectionNotes":[],"typeOfSection":0,"lengthInSteps":16,"altAnim":false,"mustHitSection":true,"changeBPM":false,"bpm":124},{"sectionNotes":[],"typeOfSection":0,"lengthInSteps":16,"altAnim":false,"mustHitSection":true,"changeBPM":false,"bpm":124},{"lengthInSteps":16,"typeOfSection":0,"sectionNotes":[],"altAnim":false,"bpm":124,"changeBPM":false,"mustHitSection":true},{"lengthInSteps":16,"typeOfSection":0,"sectionNotes":[],"altAnim":false,"bpm":124,"changeBPM":false,"mustHitSection":true},{"lengthInSteps":16,"typeOfSection":0,"sectionNotes":[],"altAnim":false,"bpm":124,"changeBPM":false,"mustHitSection":true},{"lengthInSteps":16,"typeOfSection":0,"sectionNotes":[],"altAnim":false,"bpm":124,"changeBPM":false,"mustHitSection":true},{"endTime":null,"p2AltAnim":false,"p1AltAnim":false,"altAnim":false,"mustHitSection":true,"lengthInSteps":16,"typeOfSection":0,"sectionNotes":[],"bpm":124,"startTime":0,"changeBPM":false},{"CPUSecondaryAltAnim":false,"playerSecondaryAltAnim":false,"lengthInSteps":16,"altAnim":false,"typeOfSection":0,"playerPrimaryAltAnim":false,"sectionNotes":[],"bpm":124,"changeBPM":false,"CPUPrimaryAltAnim":false,"mustHitSection":true}],"player2":"dad","opponentHealth":2,"startingHealth":1,"song":"Rap","needsVoices":true,"sections":0,"validScore":true,"speed":2.4,"bpm":124}}