{
	"song": {
		"player1": "aloe-rapper-car",
		"notes": [
			{
				"lengthInSteps": 16,
				"typeOfSection": 0,
				"sectionNotes": [
					[
						666,
						2,
						250
					],
					[
						1166,
						3,
						0
					],
					[
						0,
						4,
						0,
						"MarkovNote"
					],
					[
						41.6666666666667,
						5,
						0,
						"MarkovNote"
					],
					[
						83.3333333333333,
						6,
						0,
						"MarkovNote"
					],
					[
						125,
						7,
						0,
						"MarkovNote"
					],
					[
						166.666666666667,
						4,
						0,
						"MarkovNote"
					],
					[
						208.333333333333,
						5,
						0,
						"MarkovNote"
					],
					[
						250,
						6,
						0,
						"MarkovNote"
					],
					[
						291.666666666667,
						7,
						0,
						"MarkovNote"
					],
					[
						333.333333333333,
						4,
						0,
						"MarkovNote"
					],
					[
						375,
						5,
						0,
						"MarkovNote"
					],
					[
						416.666666666667,
						6,
						0,
						"MarkovNote"
					],
					[
						458.333333333333,
						7,
						0,
						"MarkovNote"
					],
					[
						500,
						4,
						0,
						"MarkovNote"
					],
					[
						541.666666666667,
						5,
						0,
						"MarkovNote"
					],
					[
						583.333333333333,
						6,
						0,
						"MarkovNote"
					],
					[
						625,
						7,
						0,
						"MarkovNote"
					],
					[
						1000,
						0,
						0,
						"MarkovNote"
					]
				],
				"altAnim": false,
				"mustHitSection": false,
				"changeBPM": false,
				"bpm": 0
			},
			{
				"lengthInSteps": 16,
				"typeOfSection": 0,
				"sectionNotes": [
					[
						1333,
						0,
						0
					],
					[
						1500,
						2,
						0
					],
					[
						1666,
						1,
						0
					],
					[
						1833,
						3,
						0
					],
					[
						2000,
						2,
						291
					],
					[
						2333,
						0,
						0
					],
					[
						2500,
						2,
						291
					],
					[
						2000,
						1,
						0,
						"MarkovNote"
					]
				],
				"altAnim": false,
				"mustHitSection": false,
				"changeBPM": false,
				"bpm": 0
			},
			{
				"lengthInSteps": 16,
				"typeOfSection": 0,
				"sectionNotes": [
					[
						2833,
						3,
						0
					],
					[
						3000,
						0,
						0
					],
					[
						3166,
						1,
						0
					],
					[
						3333,
						2,
						0
					],
					[
						3500,
						2,
						0
					],
					[
						3666,
						1,
						0
					],
					[
						3833,
						1,
						0
					],
					[
						3916,
						1,
						0
					],
					[
						3833.33333333333,
						3,
						0,
						"MarkovNote"
					]
				],
				"altAnim": false,
				"mustHitSection": false,
				"changeBPM": false,
				"bpm": 0
			},
			{
				"lengthInSteps": 16,
				"typeOfSection": 0,
				"sectionNotes": [
					[
						5166.66666666667,
						2,
						250
					],
					[
						4666.66666666667,
						2,
						250
					],
					[
						4000,
						0,
						0
					],
					[
						4166,
						2,
						0
					],
					[
						4333,
						3,
						0
					],
					[
						4500,
						0,
						0
					],
					[
						5000,
						3,
						0
					]
				],
				"altAnim": false,
				"mustHitSection": false,
				"changeBPM": false,
				"bpm": 0
			},
			{
				"lengthInSteps": 16,
				"typeOfSection": 0,
				"sectionNotes": [
					[
						5500,
						5,
						0
					],
					[
						5666,
						4,
						0
					],
					[
						5750,
						5,
						0
					],
					[
						5833,
						4,
						0
					],
					[
						6000,
						3,
						236
					],
					[
						6500,
						0,
						0
					],
					[
						6333.33333333333,
						2,
						0
					]
				],
				"centeredcamera": true,
				"altAnim": false,
				"mustHitSection": true,
				"changeBPM": false,
				"bpm": 0
			},
			{
				"lengthInSteps": 16,
				"typeOfSection": 0,
				"sectionNotes": [
					[
						6666.66666666667,
						1,
						0
					],
					[
						6833.33333333333,
						2,
						0
					],
					[
						7000,
						1,
						0
					],
					[
						7166.66666666667,
						0,
						0
					],
					[
						7333.33333333333,
						3,
						236.111111111111
					],
					[
						7666.66666666667,
						1,
						0
					],
					[
						7833.33333333333,
						3,
						250
					]
				],
				"altAnim": false,
				"mustHitSection": true,
				"changeBPM": false,
				"bpm": 0
			},
			{
				"lengthInSteps": 16,
				"typeOfSection": 0,
				"sectionNotes": [
					[
						8166.66666666667,
						1,
						0
					],
					[
						8333.33333333333,
						0,
						0
					],
					[
						8500,
						2,
						0
					],
					[
						8666.66666666667,
						3,
						0
					],
					[
						8833.33333333333,
						0,
						0
					],
					[
						9000,
						3,
						0
					],
					[
						9166.66666666667,
						3,
						0
					],
					[
						9250,
						3,
						0
					]
				],
				"altAnim": false,
				"mustHitSection": true,
				"changeBPM": false,
				"bpm": 0
			},
			{
				"lengthInSteps": 16,
				"typeOfSection": 0,
				"sectionNotes": [
					[
						9333.33333333333,
						1,
						0
					],
					[
						9500,
						0,
						0
					],
					[
						9666.66666666667,
						2,
						0
					],
					[
						9833.33333333333,
						1,
						0
					],
					[
						10000,
						3,
						263.888888888889
					],
					[
						10333.3333333333,
						2,
						0
					],
					[
						10500,
						3,
						277.777777777779
					]
				],
				"altAnim": false,
				"mustHitSection": true,
				"changeBPM": false,
				"bpm": 0
			},
			{
				"lengthInSteps": 16,
				"typeOfSection": 0,
				"sectionNotes": [
					[
						11333.3333333333,
						3,
						250
					],
					[
						10833.3333333333,
						1,
						0
					],
					[
						11000,
						0,
						0
					],
					[
						11083.3333333333,
						0,
						0
					],
					[
						11166.6666666667,
						1,
						0
					],
					[
						11666.6666666667,
						6,
						0
					],
					[
						11833.3333333333,
						6,
						0
					]
				],
				"altAnim": false,
				"mustHitSection": true,
				"changeBPM": false,
				"bpm": 0
			},
			{
				"lengthInSteps": 16,
				"typeOfSection": 0,
				"sectionNotes": [
					[
						12000,
						3,
						409
					],
					[
						12500,
						2,
						0
					],
					[
						12583,
						1,
						0
					],
					[
						12666,
						0,
						0
					],
					[
						12833,
						1,
						0
					],
					[
						12916,
						2,
						0
					],
					[
						13000,
						3,
						0
					],
					[
						13166,
						0,
						0
					],
					[
						12000,
						0,
						416.666666666667,
						"MarkovNote"
					]
				],
				"altAnim": false,
				"mustHitSection": false,
				"changeBPM": false,
				"bpm": 0
			},
			{
				"lengthInSteps": 16,
				"typeOfSection": 0,
				"sectionNotes": [
					[
						14000,
						3,
						166.666666666667
					],
					[
						13333.3333333333,
						2,
						250
					],
					[
						13666,
						1,
						0
					],
					[
						13833,
						0,
						0
					],
					[
						14250,
						2,
						0
					],
					[
						14500,
						0,
						729
					]
				],
				"altAnim": false,
				"mustHitSection": false,
				"changeBPM": false,
				"bpm": 0
			},
			{
				"lengthInSteps": 16,
				"typeOfSection": 0,
				"sectionNotes": [
					[
						15333,
						1,
						416
					],
					[
						15833,
						3,
						0
					],
					[
						15916,
						1,
						0
					]
				],
				"altAnim": false,
				"mustHitSection": false,
				"changeBPM": false,
				"bpm": 0
			},
			{
				"lengthInSteps": 16,
				"typeOfSection": 0,
				"sectionNotes": [
					[
						16000,
						3,
						250
					],
					[
						16333.3333333333,
						1,
						250
					],
					[
						16666,
						2,
						250
					],
					[
						17000,
						5,
						0
					],
					[
						17166,
						4,
						0
					],
					[
						16666.6666666667,
						3,
						0,
						"MarkovNote"
					]
				],
				"altAnim": false,
				"mustHitSection": false,
				"changeBPM": false,
				"bpm": 0
			},
			{
				"lengthInSteps": 16,
				"typeOfSection": 0,
				"sectionNotes": [
					[
						17333.3333333333,
						2,
						409.722222222223
					],
					[
						17833.3333333333,
						3,
						0
					],
					[
						17916.6666666667,
						2,
						0
					],
					[
						18000,
						1,
						0
					],
					[
						18166.6666666667,
						0,
						0
					],
					[
						18250,
						1,
						0
					],
					[
						18333.3333333333,
						2,
						0
					],
					[
						18500,
						0,
						0
					]
				],
				"altAnim": false,
				"mustHitSection": true,
				"changeBPM": false,
				"bpm": 0
			},
			{
				"lengthInSteps": 16,
				"typeOfSection": 0,
				"sectionNotes": [
					[
						19833.3333333333,
						3,
						750
					],
					[
						19333.3333333333,
						0,
						166.666666666667
					],
					[
						18666.6666666667,
						3,
						236.111111111109
					],
					[
						19000,
						1,
						0
					],
					[
						19166.6666666667,
						2,
						0
					],
					[
						19583.3333333333,
						2,
						0
					]
				],
				"altAnim": false,
				"mustHitSection": true,
				"changeBPM": false,
				"bpm": 0
			},
			{
				"lengthInSteps": 16,
				"typeOfSection": 0,
				"sectionNotes": [
					[
						20666.6666666667,
						2,
						416.666666666667
					],
					[
						21166.6666666667,
						0,
						0
					],
					[
						21250,
						1,
						0
					]
				],
				"altAnim": false,
				"mustHitSection": true,
				"changeBPM": false,
				"bpm": 0
			},
			{
				"lengthInSteps": 16,
				"typeOfSection": 0,
				"sectionNotes": [
					[
						22500,
						5,
						0
					],
					[
						22333.3333333333,
						4,
						0
					],
					[
						22250,
						5,
						0
					],
					[
						22166.6666666667,
						5,
						0
					],
					[
						22000,
						7,
						0
					],
					[
						21333,
						4,
						583
					],
					[
						22000,
						3,
						0
					],
					[
						22166,
						1,
						0
					],
					[
						22250,
						1,
						0
					],
					[
						22333,
						0,
						0
					],
					[
						22500,
						1,
						0
					]
				],
				"centeredcamera": true,
				"altAnim": false,
				"mustHitSection": false,
				"changeBPM": false,
				"bpm": 0
			},
			{
				"lengthInSteps": 16,
				"typeOfSection": 0,
				"sectionNotes": [
					[
						23916.6666666667,
						4,
						0
					],
					[
						23833.3333333333,
						6,
						0
					],
					[
						23666.6666666667,
						7,
						0
					],
					[
						23583.3333333333,
						4,
						0
					],
					[
						23500,
						7,
						0
					],
					[
						23166.6666666667,
						1,
						250
					],
					[
						23166.6666666667,
						5,
						250
					],
					[
						23000,
						6,
						0
					],
					[
						22833.3333333333,
						5,
						0
					],
					[
						22750,
						4,
						0
					],
					[
						22666.6666666667,
						5,
						0
					],
					[
						22750,
						0,
						0
					],
					[
						22666,
						1,
						0
					],
					[
						22833,
						1,
						0
					],
					[
						23000,
						2,
						0
					],
					[
						23500,
						3,
						0
					],
					[
						23583,
						0,
						0
					],
					[
						23666,
						3,
						0
					],
					[
						23833,
						2,
						0
					],
					[
						23916,
						0,
						0
					]
				],
				"altAnim": false,
				"mustHitSection": false,
				"changeBPM": false,
				"bpm": 0
			},
			{
				"lengthInSteps": 16,
				"typeOfSection": 0,
				"sectionNotes": [
					[
						25166.6666666667,
						6,
						0
					],
					[
						25000,
						7,
						0
					],
					[
						24916.6666666667,
						4,
						0
					],
					[
						24833.3333333333,
						6,
						0
					],
					[
						24666.6666666667,
						4,
						0
					],
					[
						24500,
						7,
						0
					],
					[
						24833.3333333333,
						2,
						0
					],
					[
						24500,
						3,
						0
					],
					[
						24333.3333333333,
						5,
						0
					],
					[
						24250,
						6,
						0
					],
					[
						24166.6666666667,
						5,
						0
					],
					[
						24000,
						5,
						0
					],
					[
						24000,
						1,
						0
					],
					[
						24166,
						1,
						0
					],
					[
						24250,
						2,
						0
					],
					[
						24333,
						1,
						0
					],
					[
						24666,
						0,
						0
					],
					[
						24916,
						0,
						0
					],
					[
						25000,
						3,
						0
					],
					[
						25166,
						2,
						0
					]
				],
				"altAnim": false,
				"mustHitSection": false,
				"changeBPM": false,
				"bpm": 0
			},
			{
				"lengthInSteps": 16,
				"typeOfSection": 0,
				"sectionNotes": [
					[
						26583.3333333333,
						6,
						0
					],
					[
						26500,
						7,
						0
					],
					[
						26333.3333333333,
						6,
						0
					],
					[
						26166.6666666667,
						5,
						0
					],
					[
						26083.3333333333,
						5,
						0
					],
					[
						26000,
						6,
						0
					],
					[
						25833.3333333333,
						4,
						0
					],
					[
						25666.6666666667,
						6,
						0
					],
					[
						25583.3333333333,
						5,
						0
					],
					[
						25500,
						6,
						0
					],
					[
						25333.3333333333,
						5,
						0
					],
					[
						25333,
						1,
						0
					],
					[
						25500,
						2,
						0
					],
					[
						25583,
						1,
						0
					],
					[
						25666,
						2,
						0
					],
					[
						25833,
						0,
						0
					],
					[
						26000,
						2,
						0
					],
					[
						26083,
						1,
						0
					],
					[
						26166,
						1,
						0
					],
					[
						26333,
						2,
						0
					],
					[
						26500,
						3,
						0
					],
					[
						26583,
						2,
						0
					]
				],
				"altAnim": false,
				"mustHitSection": false,
				"changeBPM": false,
				"bpm": 0
			},
			{
				"lengthInSteps": 16,
				"typeOfSection": 0,
				"sectionNotes": [
					[
						27166.6666666667,
						5,
						83.3333333333333
					],
					[
						27000,
						7,
						83.3333333333333
					],
					[
						26833.3333333333,
						6,
						83.3333333333333
					],
					[
						26666.6666666667,
						4,
						83.3333333333333
					],
					[
						26666.6666666667,
						0,
						83.3333333333333
					],
					[
						26833.3333333333,
						2,
						83.3333333333333
					],
					[
						27000,
						3,
						83.3333333333333
					],
					[
						27166.6666666667,
						1,
						83.3333333333333
					],
					[
						27333.3333333333,
						2,
						250
					],
					[
						27666,
						0,
						166
					],
					[
						27833,
						1,
						0
					],
					[
						27916,
						3,
						0
					],
					[
						27333.3333333333,
						3,
						0,
						"MarkovNote"
					]
				],
				"altAnim": false,
				"mustHitSection": false,
				"changeBPM": false,
				"bpm": 0
			},
			{
				"lengthInSteps": 16,
				"typeOfSection": 0,
				"sectionNotes": [
					[
						28000,
						1,
						0
					],
					[
						28166,
						0,
						0
					],
					[
						28333,
						2,
						250
					],
					[
						28666,
						3,
						0
					],
					[
						28833,
						3,
						0
					],
					[
						29000,
						2,
						0
					],
					[
						29166,
						0,
						0
					],
					[
						28666.6666666667,
						1,
						0,
						"MarkovNote"
					],
					[
						28666.6666666667,
						5,
						0,
						"MarkovNote"
					],
					[
						28833.3333333333,
						1,
						0,
						"MarkovNote"
					],
					[
						28833.3333333333,
						5,
						0,
						"MarkovNote"
					],
					[
						29000,
						0,
						0,
						"MarkovNote"
					],
					[
						29000,
						4,
						0,
						"MarkovNote"
					]
				],
				"altAnim": false,
				"mustHitSection": false,
				"changeBPM": false,
				"bpm": 0
			},
			{
				"lengthInSteps": 16,
				"typeOfSection": 0,
				"sectionNotes": [
					[
						30583.3333333333,
						1,
						0
					],
					[
						30333.3333333333,
						3,
						0
					],
					[
						30000,
						2,
						166.666666666667
					],
					[
						29333,
						1,
						0
					],
					[
						29500,
						0,
						0
					],
					[
						29666,
						2,
						0
					],
					[
						29833,
						3,
						0
					],
					[
						30416,
						0,
						0
					],
					[
						30583.3333333333,
						2,
						0,
						"MarkovNote"
					],
					[
						29333.3333333333,
						3,
						0,
						"MarkovNote"
					],
					[
						29333.3333333333,
						7,
						0,
						"MarkovNote"
					],
					[
						29500,
						3,
						0,
						"MarkovNote"
					],
					[
						29500,
						7,
						0,
						"MarkovNote"
					],
					[
						29666.6666666667,
						1,
						0,
						"MarkovNote"
					],
					[
						29666.6666666667,
						5,
						0,
						"MarkovNote"
					]
				],
				"altAnim": false,
				"mustHitSection": false,
				"changeBPM": false,
				"bpm": 0
			},
			{
				"lengthInSteps": 16,
				"typeOfSection": 0,
				"sectionNotes": [
					[
						30750,
						3,
						0
					],
					[
						30833,
						2,
						0
					],
					[
						31000,
						0,
						0
					],
					[
						31166,
						0,
						0
					],
					[
						31250,
						2,
						0
					],
					[
						31333,
						1,
						0
					],
					[
						31500,
						0,
						0
					],
					[
						31666,
						2,
						0
					],
					[
						31833,
						1,
						0
					]
				],
				"altAnim": false,
				"mustHitSection": false,
				"changeBPM": false,
				"bpm": 0
			},
			{
				"lengthInSteps": 16,
				"typeOfSection": 0,
				"sectionNotes": [
					[
						32000,
						2,
						250
					],
					[
						32333,
						3,
						263
					],
					[
						32666,
						6,
						291
					],
					[
						33000,
						4,
						0
					],
					[
						33166,
						5,
						0
					],
					[
						33250,
						7,
						0
					],
					[
						32666.6666666667,
						7,
						0,
						"MarkovNote"
					],
					[
						32000,
						0,
						250,
						"MarkovNote"
					],
					[
						32333.3333333333,
						1,
						250,
						"MarkovNote"
					],
					[
						32000,
						6,
						250,
						"MarkovNote"
					],
					[
						32333.3333333333,
						4,
						250,
						"MarkovNote"
					]
				],
				"centeredcamera": true,
				"altAnim": false,
				"mustHitSection": false,
				"changeBPM": false,
				"bpm": 0
			},
			{
				"lengthInSteps": 16,
				"typeOfSection": 0,
				"sectionNotes": [
					[
						34000,
						2,
						0
					],
					[
						33666.6666666667,
						3,
						250
					],
					[
						33333.3333333333,
						1,
						0
					],
					[
						33500,
						0,
						0
					],
					[
						34166.6666666667,
						3,
						0
					],
					[
						34333.3333333333,
						2,
						0
					],
					[
						34500,
						0,
						0
					],
					[
						33666.6666666667,
						1,
						0,
						"MarkovNote"
					],
					[
						34166.6666666667,
						0,
						0,
						"MarkovNote"
					]
				],
				"altAnim": false,
				"mustHitSection": true,
				"changeBPM": false,
				"bpm": 0
			},
			{
				"lengthInSteps": 16,
				"typeOfSection": 0,
				"sectionNotes": [
					[
						35333.3333333333,
						3,
						250
					],
					[
						34666.6666666667,
						1,
						0
					],
					[
						34833.3333333333,
						0,
						0
					],
					[
						35000,
						2,
						0
					],
					[
						35166.6666666667,
						1,
						0
					],
					[
						35666.6666666667,
						2,
						0
					],
					[
						35750,
						0,
						0
					],
					[
						35916.6666666667,
						2,
						0
					],
					[
						34666.6666666667,
						2,
						0,
						"MarkovNote"
					],
					[
						35333.3333333333,
						0,
						0,
						"MarkovNote"
					]
				],
				"mustHitSection": true,
				"changeBPM": false,
				"bpm": 0
			},
			{
				"lengthInSteps": 16,
				"typeOfSection": 0,
				"sectionNotes": [
					[
						36083.3333333333,
						3,
						0
					],
					[
						36166.6666666667,
						2,
						0
					],
					[
						36333.3333333333,
						0,
						0
					],
					[
						36500,
						0,
						0
					],
					[
						36833.3333333333,
						0,
						0
					],
					[
						37000,
						2,
						0
					],
					[
						37166.6666666667,
						1,
						0
					],
					[
						36500,
						3,
						0,
						"MarkovNote"
					],
					[
						36666.6666666667,
						2,
						0
					],
					[
						36583.3333333333,
						1,
						0
					],
					[
						37166.6666666667,
						3,
						0,
						"MarkovNote"
					]
				],
				"mustHitSection": true,
				"changeBPM": false,
				"bpm": 0
			},
			{
				"lengthInSteps": 16,
				"typeOfSection": 0,
				"sectionNotes": [
					[
						37333,
						6,
						236
					],
					[
						37666,
						7,
						0
					],
					[
						37833,
						5,
						0
					],
					[
						38000,
						4,
						250
					],
					[
						38333,
						2,
						0
					],
					[
						38500,
						2,
						0
					],
					[
						37833.3333333333,
						6,
						0,
						"MarkovNote"
					]
				],
				"centeredcamera": true,
				"mustHitSection": false,
				"changeBPM": false,
				"bpm": 0
			},
			{
				"lengthInSteps": 16,
				"typeOfSection": 0,
				"sectionNotes": [
					[
						38666,
						2,
						416
					],
					[
						39166,
						0,
						0
					],
					[
						39250,
						1,
						0
					],
					[
						39333,
						2,
						0
					],
					[
						39500,
						0,
						0
					],
					[
						39666,
						2,
						0
					],
					[
						39833,
						1,
						0
					]
				],
				"mustHitSection": false,
				"changeBPM": false,
				"bpm": 0
			},
			{
				"lengthInSteps": 16,
				"typeOfSection": 0,
				"sectionNotes": [
					[
						40000,
						0,
						0,
						"Hey!"
					],
					[
						40000,
						2,
						250
					],
					[
						40333,
						3,
						0
					],
					[
						40500,
						1,
						0
					],
					[
						40666,
						2,
						0
					],
					[
						40833,
						1,
						0
					],
					[
						40916,
						0,
						0
					],
					[
						41083,
						3,
						0
					],
					[
						41166,
						2,
						0
					],
					[
						40666.6666666667,
						3,
						0,
						"MarkovNote"
					]
				],
				"mustHitSection": false,
				"changeBPM": false,
				"bpm": 0
			},
			{
				"lengthInSteps": 16,
				"typeOfSection": 0,
				"sectionNotes": [
					[
						41750,
						1,
						0
					],
					[
						41833,
						0,
						0
					],
					[
						42000,
						0,
						0
					],
					[
						42333,
						0,
						0
					],
					[
						42500,
						1,
						0
					],
					[
						41500,
						2,
						0,
						"MarkovNote"
					],
					[
						42166.6666666667,
						2,
						0
					],
					[
						41583.3333333333,
						3,
						0,
						"MarkovNote"
					],
					[
						41333.3333333333,
						0,
						0,
						"MarkovNote"
					]
				],
				"mustHitSection": false,
				"changeBPM": false,
				"bpm": 0
			},
			{
				"lengthInSteps": 16,
				"typeOfSection": 0,
				"sectionNotes": [
					[
						43083.3333333333,
						3,
						0,
						"Alt Animation"
					],
					[
						42666.6666666667,
						2,
						250
					],
					[
						43000,
						1,
						0
					],
					[
						43166,
						1,
						0
					],
					[
						43333,
						2,
						291
					],
					[
						43666,
						7,
						0
					],
					[
						43833,
						4,
						0
					],
					[
						42666.6666666667,
						0,
						0,
						"MarkovNote"
					],
					[
						43333.3333333333,
						1,
						0,
						"MarkovNote"
					]
				],
				"mustHitSection": false,
				"changeBPM": false,
				"bpm": 0
			},
			{
				"lengthInSteps": 16,
				"typeOfSection": 0,
				"sectionNotes": [
					[
						44000,
						2,
						416.666666666664
					],
					[
						44500,
						1,
						0
					],
					[
						44583.3333333333,
						0,
						0
					],
					[
						44666.6666666667,
						2,
						0
					],
					[
						44833.3333333333,
						3,
						0
					],
					[
						44916.6666666667,
						1,
						0
					],
					[
						45000,
						2,
						0
					],
					[
						45166.6666666667,
						0,
						0
					]
				],
				"mustHitSection": true,
				"changeBPM": false,
				"bpm": 0
			},
			{
				"lengthInSteps": 16,
				"typeOfSection": 0,
				"sectionNotes": [
					[
						45333.3333333333,
						3,
						305.555555555547
					],
					[
						45666.6666666667,
						0,
						0
					],
					[
						45833.3333333333,
						2,
						0
					],
					[
						46000,
						3,
						0
					],
					[
						46500,
						3,
						0
					],
					[
						46250,
						1,
						0
					]
				],
				"mustHitSection": true,
				"changeBPM": false,
				"bpm": 0
			},
			{
				"lengthInSteps": 16,
				"typeOfSection": 0,
				"sectionNotes": [
					[
						47666.6666666667,
						3,
						83.3333333333333
					],
					[
						46666.6666666667,
						2,
						0
					],
					[
						46750,
						3,
						0
					],
					[
						46833.3333333333,
						1,
						0
					],
					[
						46916.6666666667,
						2,
						0
					],
					[
						47083.3333333333,
						0,
						0
					],
					[
						47166.6666666667,
						2,
						0
					],
					[
						47333.3333333333,
						0,
						0
					],
					[
						47500,
						2,
						0
					],
					[
						47833.3333333333,
						0,
						0
					],
					[
						46750,
						0,
						0,
						"MarkovNote"
					],
					[
						47166.6666666667,
						3,
						0,
						"MarkovNote"
					],
					[
						47666.6666666667,
						1,
						0,
						"MarkovNote"
					]
				],
				"mustHitSection": true,
				"changeBPM": false,
				"bpm": 0
			},
			{
				"lengthInSteps": 16,
				"typeOfSection": 0,
				"sectionNotes": [
					[
						48666.6666666667,
						3,
						250
					],
					[
						48500,
						7,
						83.3333333333333
					],
					[
						48333.3333333334,
						5,
						83.3333333333333
					],
					[
						48166.6666666667,
						6,
						83.3333333333333
					],
					[
						48000,
						7,
						83.3333333333333
					],
					[
						49000,
						2,
						0
					],
					[
						49166.6666666667,
						0,
						0
					]
				],
				"centeredcamera": true,
				"mustHitSection": false,
				"changeBPM": false,
				"bpm": 0
			},
			{
				"lengthInSteps": 16,
				"typeOfSection": 0,
				"sectionNotes": [
					[
						50000,
						0,
						583.333333333333
					],
					[
						50000,
						1,
						416.666666666667
					],
					[
						49333.3333333334,
						2,
						333.333333333333
					],
					[
						49833.3333333334,
						1,
						0
					],
					[
						49333.3333333334,
						3,
						166.666666666667,
						"MarkovNote"
					]
				],
				"mustHitSection": false,
				"changeBPM": false,
				"bpm": 0
			},
			{
				"lengthInSteps": 16,
				"typeOfSection": 0,
				"sectionNotes": [
					[
						51833.3333333334,
						1,
						0
					],
					[
						51666.6666666667,
						0,
						0
					],
					[
						50666,
						7,
						416
					],
					[
						51333,
						3,
						0
					],
					[
						51500,
						1,
						0
					],
					[
						51583,
						2,
						0
					]
				],
				"centeredcamera": true,
				"mustHitSection": true,
				"changeBPM": false,
				"bpm": 0
			},
			{
				"lengthInSteps": 16,
				"typeOfSection": 0,
				"sectionNotes": [
					[
						53000,
						1,
						0
					],
					[
						52000,
						2,
						0
					],
					[
						52333.3333333334,
						2,
						0
					],
					[
						52166.6666666667,
						3,
						0
					],
					[
						52500,
						1,
						0
					],
					[
						52666.6666666667,
						0,
						0
					],
					[
						52833.3333333333,
						0,
						0
					],
					[
						53166.6666666667,
						3,
						0
					]
				],
				"mustHitSection": true,
				"changeBPM": false,
				"bpm": 0
			},
			{
				"lengthInSteps": 16,
				"typeOfSection": 0,
				"sectionNotes": [
					[
						54333.3333333334,
						3,
						250
					],
					[
						54000,
						2,
						250
					],
					[
						53333.3333333333,
						2,
						0
					],
					[
						53500,
						3,
						0
					],
					[
						53666.6666666667,
						1,
						0
					],
					[
						53833.3333333333,
						0,
						0
					],
					[
						53833.3333333333,
						3,
						0
					]
				],
				"mustHitSection": true,
				"changeBPM": false,
				"bpm": 0
			},
			{
				"lengthInSteps": 16,
				"typeOfSection": 0,
				"sectionNotes": [
					[
						55333.3333333334,
						3,
						583.333333333333
					],
					[
						55333.3333333334,
						2,
						333.333333333333
					],
					[
						55166.6666666667,
						1,
						0
					],
					[
						54666.6666666667,
						0,
						416.666666666667
					]
				],
				"mustHitSection": true,
				"changeBPM": false,
				"bpm": 0
			},
			{
				"lengthInSteps": 16,
				"typeOfSection": 0,
				"sectionNotes": [
					[
						56000,
						0,
						465.277777777781
					],
					[
						56666.6666666667,
						6,
						0
					],
					[
						56833.3333333333,
						5,
						0
					],
					[
						56916.6666666667,
						7,
						0
					],
					[
						57000,
						5,
						0
					],
					[
						57166.6666666667,
						4,
						0
					]
				],
				"centeredcamera": true,
				"mustHitSection": true,
				"changeBPM": false,
				"bpm": 0
			},
			{
				"lengthInSteps": 16,
				"typeOfSection": 0,
				"sectionNotes": [
					[
						58166.6666666667,
						0,
						0
					],
					[
						58333.3333333334,
						3,
						0
					],
					[
						57333,
						2,
						0
					],
					[
						57500,
						3,
						0
					],
					[
						57666,
						3,
						0
					],
					[
						57833,
						1,
						0
					],
					[
						58000,
						2,
						0
					],
					[
						58333,
						2,
						0
					],
					[
						58500,
						1,
						0
					]
				],
				"mustHitSection": false,
				"changeBPM": false,
				"bpm": 0
			},
			{
				"lengthInSteps": 16,
				"typeOfSection": 0,
				"sectionNotes": [
					[
						59833.3333333334,
						3,
						0
					],
					[
						59666.6666666667,
						1,
						0
					],
					[
						59333.3333333334,
						2,
						250
					],
					[
						58666,
						3,
						0
					],
					[
						58833,
						1,
						0
					],
					[
						59000,
						0,
						0
					],
					[
						59166,
						2,
						0
					],
					[
						59333,
						1,
						0
					],
					[
						59666,
						0,
						0
					],
					[
						59833,
						2,
						0
					]
				],
				"mustHitSection": false,
				"changeBPM": false,
				"bpm": 0
			},
			{
				"lengthInSteps": 16,
				"typeOfSection": 0,
				"sectionNotes": [
					[
						60666.6666666667,
						2,
						583.333333333333
					],
					[
						60000,
						0,
						0
					],
					[
						60000,
						1,
						416
					],
					[
						60500,
						3,
						0
					]
				],
				"mustHitSection": false,
				"changeBPM": false,
				"bpm": 0
			},
			{
				"lengthInSteps": 16,
				"typeOfSection": 0,
				"sectionNotes": [
					[
						61333,
						0,
						583
					],
					[
						62000,
						7,
						0
					],
					[
						62166,
						5,
						0
					],
					[
						62250,
						6,
						0
					],
					[
						62333,
						7,
						0
					],
					[
						62416,
						4,
						0
					],
					[
						62500,
						7,
						0
					],
					[
						62583,
						4,
						0
					]
				],
				"centeredcamera": true,
				"mustHitSection": false,
				"changeBPM": false,
				"bpm": 0
			},
			{
				"lengthInSteps": 16,
				"typeOfSection": 0,
				"sectionNotes": [
					[
						63333.3333333334,
						2,
						0
					],
					[
						62666,
						2,
						0
					],
					[
						62833,
						1,
						0
					],
					[
						62916,
						0,
						0
					],
					[
						63000,
						2,
						0
					],
					[
						63166,
						3,
						0
					],
					[
						63500,
						1,
						0
					],
					[
						63583,
						0,
						0
					],
					[
						63666,
						3,
						0
					],
					[
						63750,
						2,
						0
					],
					[
						63833,
						1,
						0
					],
					[
						63916,
						2,
						0
					]
				],
				"mustHitSection": true,
				"changeBPM": false,
				"bpm": 0
			},
			{
				"lengthInSteps": 16,
				"typeOfSection": 0,
				"sectionNotes": [
					[
						64666.6666666667,
						2,
						250
					],
					[
						64000,
						0,
						0
					],
					[
						64166,
						2,
						0
					],
					[
						64333,
						1,
						0
					],
					[
						64500,
						3,
						83
					],
					[
						64666,
						0,
						0
					],
					[
						65000,
						1,
						249.666666666667
					],
					[
						65000,
						3,
						201.333333333333
					]
				],
				"mustHitSection": true,
				"changeBPM": false,
				"bpm": 0
			},
			{
				"lengthInSteps": 16,
				"typeOfSection": 0,
				"sectionNotes": [
					[
						65666.6666666667,
						2,
						250
					],
					[
						66000,
						0,
						1333.33333333333
					],
					[
						65333.3333333334,
						0,
						0
					],
					[
						65500,
						1,
						0
					]
				],
				"mustHitSection": true,
				"changeBPM": false,
				"bpm": 0
			},
			{
				"lengthInSteps": 16,
				"typeOfSection": 0,
				"sectionNotes": [
					[
						67916.6666666667,
						6,
						0
					],
					[
						67833.3333333334,
						5,
						0
					],
					[
						67750,
						4,
						0
					],
					[
						67333.3333333334,
						6,
						0
					],
					[
						67500,
						4,
						0
					],
					[
						67583.3333333333,
						5,
						0
					],
					[
						67666.6666666667,
						6,
						0
					]
				],
				"centeredcamera": true,
				"mustHitSection": true,
				"changeBPM": false,
				"bpm": 0
			},
			{
				"lengthInSteps": 16,
				"typeOfSection": 0,
				"sectionNotes": [
					[
						68000,
						3,
						0
					],
					[
						68250,
						3,
						0
					],
					[
						68666.6666666667,
						3,
						0
					],
					[
						68166,
						1,
						0
					],
					[
						68333,
						2,
						0
					],
					[
						68500,
						0,
						0
					],
					[
						68833,
						2,
						0
					],
					[
						68916,
						1,
						0
					],
					[
						69083,
						2,
						0
					],
					[
						69166,
						1,
						0
					],
					[
						69250,
						0,
						0
					],
					[
						69000,
						0,
						0,
						"MarkovNote"
					]
				],
				"mustHitSection": false,
				"changeBPM": false,
				"bpm": 0
			},
			{
				"lengthInSteps": 16,
				"typeOfSection": 0,
				"sectionNotes": [
					[
						69333.3333333334,
						3,
						0,
						"Alt Animation"
					],
					[
						70000,
						0,
						1250
					],
					[
						69833.3333333334,
						2,
						0
					],
					[
						69500,
						1,
						0
					],
					[
						69500,
						3,
						0
					],
					[
						69666,
						0,
						0
					],
					[
						69666,
						2,
						0
					],
					[
						69833,
						3,
						0
					],
					[
						70000,
						1,
						0,
						"MarkovNote"
					]
				],
				"mustHitSection": false,
				"changeBPM": false,
				"bpm": 0
			},
			{
				"lengthInSteps": 16,
				"typeOfSection": 0,
				"sectionNotes": [
					[
						71333,
						1,
						1333
					],
					[
						71333.3333333334,
						3,
						0,
						"MarkovNote"
					]
				],
				"altAnim": false,
				"mustHitSection": false,
				"changeBPM": false,
				"bpm": 0
			},
			{
				"lengthInSteps": 16,
				"typeOfSection": 0,
				"sectionNotes": [
					[
						72666.6666666667,
						2,
						416.666666666667
					],
					[
						73166,
						3,
						833
					],
					[
						72666.6666666667,
						0,
						0,
						"MarkovNote"
					],
					[
						73166.6666666667,
						1,
						0,
						"MarkovNote"
					]
				],
				"altAnim": false,
				"mustHitSection": false,
				"changeBPM": false,
				"bpm": 0
			},
			{
				"lengthInSteps": 16,
				"typeOfSection": 0,
				"sectionNotes": [
					[
						74000,
						2,
						416.666666666667
					],
					[
						74500,
						0,
						756
					],
					[
						74000,
						3,
						0,
						"MarkovNote"
					],
					[
						74500,
						3,
						0,
						"MarkovNote"
					]
				],
				"altAnim": false,
				"mustHitSection": false,
				"changeBPM": false,
				"bpm": 0
			},
			{
				"lengthInSteps": 16,
				"typeOfSection": 0,
				"sectionNotes": [
					[
						75333,
						6,
						1250
					],
					[
						75333.3333333334,
						4,
						0,
						"MarkovNote"
					]
				],
				"centeredcamera": true,
				"altAnim": false,
				"mustHitSection": false,
				"changeBPM": false,
				"bpm": 0
			},
			{
				"lengthInSteps": 16,
				"typeOfSection": 0,
				"sectionNotes": [
					[
						77000,
						0,
						250
					],
					[
						76666.6666666667,
						3,
						250
					],
					[
						76666.6666666667,
						1,
						0,
						"MarkovNote"
					],
					[
						77000,
						2,
						0,
						"MarkovNote"
					]
				],
				"altAnim": false,
				"mustHitSection": true,
				"changeBPM": false,
				"bpm": 0
			},
			{
				"lengthInSteps": 16,
				"typeOfSection": 0,
				"sectionNotes": [
					[
						77666.6666666667,
						1,
						250
					],
					[
						77333.3333333333,
						3,
						250
					],
					[
						78000,
						2,
						416.666666666672
					],
					[
						78500,
						1,
						770.833333333328
					],
					[
						77666.6666666667,
						2,
						0,
						"MarkovNote"
					],
					[
						78000,
						0,
						0,
						"MarkovNote"
					],
					[
						77333.3333333333,
						1,
						0,
						"MarkovNote"
					]
				],
				"altAnim": false,
				"mustHitSection": true,
				"changeBPM": false,
				"bpm": 0
			},
			{
				"lengthInSteps": 16,
				"typeOfSection": 0,
				"sectionNotes": [
					[
						79333.3333333333,
						3,
						416.666666666667
					],
					[
						79833.3333333333,
						0,
						833.333333333343
					],
					[
						79333.3333333333,
						0,
						0,
						"MarkovNote"
					],
					[
						79833.3333333333,
						2,
						0,
						"MarkovNote"
					]
				],
				"altAnim": false,
				"mustHitSection": true,
				"changeBPM": false,
				"bpm": 0
			},
			{
				"lengthInSteps": 16,
				"typeOfSection": 0,
				"sectionNotes": [
					[
						80666.6666666667,
						4,
						250
					],
					[
						81000,
						7,
						0
					],
					[
						81166.6666666667,
						6,
						0
					],
					[
						80666.6666666667,
						6,
						0,
						"MarkovNote"
					]
				],
				"centeredcamera": true,
				"altAnim": false,
				"mustHitSection": true,
				"changeBPM": false,
				"bpm": 0
			},
			{
				"lengthInSteps": 16,
				"typeOfSection": 0,
				"sectionNotes": [
					[
						82500,
						0,
						0
					],
					[
						82416.6666666667,
						2,
						0
					],
					[
						82333.3333333333,
						0,
						0
					],
					[
						82000,
						3,
						250
					],
					[
						81333,
						3,
						0
					],
					[
						81500,
						1,
						0
					],
					[
						81666,
						2,
						0
					],
					[
						81833,
						3,
						0
					],
					[
						82000,
						1,
						0,
						"MarkovNote"
					]
				],
				"altAnim": false,
				"mustHitSection": false,
				"changeBPM": false,
				"bpm": 0
			},
			{
				"lengthInSteps": 16,
				"typeOfSection": 0,
				"sectionNotes": [
					[
						82666,
						0,
						416
					],
					[
						83166,
						3,
						0
					],
					[
						83333,
						2,
						0
					],
					[
						83500,
						0,
						0
					],
					[
						83666,
						2,
						0
					],
					[
						83833,
						0,
						0
					],
					[
						83333.3333333333,
						1,
						0,
						"MarkovNote"
					]
				],
				"altAnim": false,
				"mustHitSection": false,
				"changeBPM": false,
				"bpm": 0
			},
			{
				"lengthInSteps": 16,
				"typeOfSection": 0,
				"sectionNotes": [
					[
						84333.3333333333,
						2,
						0
					],
					[
						85166.6666666667,
						0,
						83.3333333333333
					],
					[
						85000,
						2,
						83.3333333333333
					],
					[
						84833.3333333333,
						3,
						83.3333333333333
					],
					[
						84666.6666666667,
						2,
						83.3333333333333
					],
					[
						84000,
						1,
						0
					],
					[
						84166,
						2,
						0
					],
					[
						84500,
						1,
						0
					]
				],
				"altAnim": false,
				"mustHitSection": false,
				"changeBPM": false,
				"bpm": 0
			},
			{
				"lengthInSteps": 16,
				"typeOfSection": 0,
				"sectionNotes": [
					[
						85833.3333333333,
						3,
						0
					],
					[
						86500,
						7,
						83.3333333333333
					],
					[
						86333.3333333333,
						5,
						83.3333333333333
					],
					[
						86000,
						6,
						250
					],
					[
						85833.3333333333,
						2,
						83.3333333333333
					],
					[
						85666.6666666666,
						1,
						83.3333333333333
					],
					[
						85500,
						3,
						83.3333333333333
					],
					[
						85333.3333333333,
						1,
						83.3333333333333
					],
					[
						86000,
						5,
						0,
						"MarkovNote"
					]
				],
				"centeredcamera": true,
				"altAnim": false,
				"mustHitSection": false,
				"changeBPM": false,
				"bpm": 0
			},
			{
				"lengthInSteps": 16,
				"typeOfSection": 0,
				"sectionNotes": [
					[
						87333.3333333333,
						2,
						250
					],
					[
						87166.6666666666,
						3,
						83.3333333333333
					],
					[
						87000,
						1,
						83.3333333333333
					],
					[
						86833.3333333333,
						2,
						83.3333333333333
					],
					[
						86666.6666666666,
						0,
						83.3333333333333
					],
					[
						87666.6666666667,
						0,
						0
					],
					[
						87750,
						0,
						0
					],
					[
						87833.3333333333,
						1,
						0
					],
					[
						86833.3333333333,
						3,
						0,
						"MarkovNote"
					],
					[
						87333.3333333333,
						0,
						0,
						"MarkovNote"
					]
				],
				"altAnim": false,
				"mustHitSection": true,
				"changeBPM": false,
				"bpm": 0
			},
			{
				"lengthInSteps": 16,
				"typeOfSection": 0,
				"sectionNotes": [
					[
						89166.6666666666,
						3,
						166.666666666667
					],
					[
						89000,
						1,
						83.3333333333333
					],
					[
						88833.3333333333,
						0,
						83.3333333333333
					],
					[
						88666.6666666666,
						2,
						83.3333333333333
					],
					[
						88000,
						3,
						416.666666666667
					],
					[
						88000,
						0,
						0,
						"MarkovNote"
					],
					[
						88500,
						0,
						0,
						"MarkovNote"
					],
					[
						88500,
						1,
						83.3333333333333
					],
					[
						89000,
						2,
						0,
						"MarkovNote"
					]
				],
				"altAnim": false,
				"mustHitSection": true,
				"changeBPM": false,
				"bpm": 0
			},
			{
				"lengthInSteps": 16,
				"typeOfSection": 0,
				"sectionNotes": [
					[
						90000,
						0,
						83.3333333333333
					],
					[
						89333.3333333333,
						2,
						0
					],
					[
						89500,
						0,
						0
					],
					[
						89666.6666666667,
						0,
						0
					],
					[
						89833.3333333333,
						3,
						0
					],
					[
						90166.6666666667,
						2,
						0
					],
					[
						90166.6666666667,
						3,
						0
					],
					[
						90333.3333333333,
						2,
						0
					],
					[
						90333.3333333333,
						3,
						0
					],
					[
						90500,
						1,
						0
					],
					[
						89500,
						3,
						0,
						"MarkovNote"
					],
					[
						89666.6666666666,
						1,
						0,
						"MarkovNote"
					]
				],
				"altAnim": false,
				"mustHitSection": true,
				"changeBPM": false,
				"bpm": 0
			},
			{
				"lengthInSteps": 16,
				"typeOfSection": 0,
				"sectionNotes": [
					[
						91000,
						0,
						250
					],
					[
						90666.6666666666,
						3,
						250
					],
					[
						91333.3333333333,
						6,
						166.666666666667
					],
					[
						90666.6666666667,
						2,
						0
					],
					[
						91666.6666666667,
						6,
						0
					],
					[
						91833.3333333333,
						7,
						0
					],
					[
						90666.6666666666,
						1,
						0,
						"MarkovNote"
					],
					[
						90666.6666666666,
						0,
						0,
						"MarkovNote"
					]
				],
				"centeredcamera": true,
				"altAnim": false,
				"mustHitSection": true,
				"changeBPM": false,
				"bpm": 0
			},
			{
				"lengthInSteps": 16,
				"typeOfSection": 0,
				"sectionNotes": [
					[
						92000,
						0,
						0
					],
					[
						92166,
						2,
						0
					],
					[
						92333,
						1,
						0
					],
					[
						92500,
						3,
						0
					],
					[
						92666,
						2,
						250
					],
					[
						93000,
						0,
						0
					],
					[
						93166,
						2,
						236
					],
					[
						92666.6666666666,
						1,
						0,
						"MarkovNote"
					],
					[
						93166.6666666666,
						1,
						0,
						"MarkovNote"
					]
				],
				"altAnim": false,
				"mustHitSection": false,
				"changeBPM": false,
				"bpm": 0
			},
			{
				"lengthInSteps": 16,
				"typeOfSection": 0,
				"sectionNotes": [
					[
						93500,
						3,
						0
					],
					[
						93666,
						0,
						0
					],
					[
						93833,
						1,
						0
					],
					[
						94000,
						2,
						0
					],
					[
						94166,
						2,
						0
					],
					[
						94333,
						1,
						0
					],
					[
						94500,
						1,
						0
					],
					[
						94583,
						1,
						0
					]
				],
				"altAnim": false,
				"mustHitSection": false,
				"changeBPM": false,
				"bpm": 0
			},
			{
				"lengthInSteps": 16,
				"typeOfSection": 0,
				"sectionNotes": [
					[
						94666,
						0,
						0
					],
					[
						94833,
						2,
						0
					],
					[
						95000,
						3,
						0
					],
					[
						95166,
						0,
						0
					],
					[
						95333,
						2,
						250
					],
					[
						95666,
						3,
						0
					],
					[
						95833,
						2,
						208
					],
					[
						95333.3333333333,
						3,
						0,
						"MarkovNote"
					],
					[
						95833.3333333333,
						3,
						0,
						"MarkovNote"
					]
				],
				"altAnim": false,
				"mustHitSection": false,
				"changeBPM": false,
				"bpm": 0
			},
			{
				"lengthInSteps": 16,
				"typeOfSection": 0,
				"sectionNotes": [
					[
						96666.6666666666,
						3,
						166.666666666667
					],
					[
						96166.6666666667,
						5,
						0
					],
					[
						96333.3333333333,
						4,
						0
					],
					[
						96416.6666666667,
						5,
						0
					],
					[
						96500,
						4,
						0
					],
					[
						97000,
						3,
						0
					],
					[
						97166.6666666667,
						0,
						0
					]
				],
				"centeredcamera": true,
				"altAnim": false,
				"mustHitSection": true,
				"changeBPM": false,
				"bpm": 0
			},
			{
				"lengthInSteps": 16,
				"typeOfSection": 0,
				"sectionNotes": [
					[
						98499.9999999999,
						3,
						250
					],
					[
						97999.9999999999,
						3,
						250
					],
					[
						97333.3333333333,
						1,
						0
					],
					[
						97500,
						2,
						0
					],
					[
						97666.6666666667,
						1,
						0
					],
					[
						97833.3333333333,
						0,
						0
					],
					[
						98333.3333333333,
						1,
						0
					]
				],
				"altAnim": false,
				"mustHitSection": true,
				"changeBPM": false,
				"bpm": 0
			},
			{
				"lengthInSteps": 16,
				"typeOfSection": 0,
				"sectionNotes": [
					[
						98833.3333333333,
						1,
						0
					],
					[
						99000,
						0,
						0
					],
					[
						99166.6666666667,
						2,
						0
					],
					[
						99333.3333333333,
						3,
						0
					],
					[
						99500,
						0,
						0
					],
					[
						99666.6666666667,
						3,
						0
					],
					[
						99833.3333333333,
						3,
						0
					],
					[
						99916.6666666667,
						3,
						0
					],
					[
						99833.3333333333,
						0,
						0,
						"MarkovNote"
					],
					[
						99916.6666666666,
						0,
						0,
						"MarkovNote"
					]
				],
				"altAnim": false,
				"mustHitSection": true,
				"changeBPM": false,
				"bpm": 0
			},
			{
				"lengthInSteps": 16,
				"typeOfSection": 0,
				"sectionNotes": [
					[
						101166.666666667,
						3,
						250
					],
					[
						100666.666666667,
						3,
						166.666666666667
					],
					[
						100000,
						1,
						0
					],
					[
						100166.666666667,
						0,
						0
					],
					[
						100333.333333333,
						2,
						0
					],
					[
						100500,
						1,
						0
					],
					[
						101000,
						2,
						0
					],
					[
						100666.666666667,
						2,
						0,
						"MarkovNote"
					]
				],
				"altAnim": false,
				"mustHitSection": true,
				"changeBPM": false,
				"bpm": 0
			},
			{
				"lengthInSteps": 16,
				"typeOfSection": 0,
				"sectionNotes": [
					[
						102000,
						3,
						250
					],
					[
						101500,
						1,
						0
					],
					[
						101666,
						0,
						0
					],
					[
						101750,
						0,
						0
					],
					[
						101833,
						1,
						0
					],
					[
						102333,
						6,
						0
					],
					[
						102500,
						6,
						0
					],
					[
						101666.666666667,
						3,
						0,
						"MarkovNote"
					]
				],
				"centeredcamera": true,
				"altAnim": false,
				"mustHitSection": true,
				"changeBPM": false,
				"bpm": 0
			},
			{
				"lengthInSteps": 16,
				"typeOfSection": 0,
				"sectionNotes": [
					[
						102666.666666667,
						3,
						250
					],
					[
						103166,
						2,
						0
					],
					[
						103250,
						1,
						0
					],
					[
						103333,
						0,
						0
					],
					[
						103500,
						1,
						0
					],
					[
						103583,
						2,
						0
					],
					[
						103666,
						3,
						0
					],
					[
						103833,
						0,
						0
					]
				],
				"altAnim": false,
				"mustHitSection": false,
				"changeBPM": false,
				"bpm": 0
			},
			{
				"lengthInSteps": 16,
				"typeOfSection": 0,
				"sectionNotes": [
					[
						104000,
						2,
						194
					],
					[
						104333,
						1,
						0
					],
					[
						104500,
						0,
						0
					],
					[
						104666,
						3,
						180
					],
					[
						104916,
						2,
						0
					],
					[
						105166,
						0,
						166
					],
					[
						104000,
						3,
						0,
						"MarkovNote"
					],
					[
						104000,
						1,
						0,
						"MarkovNote"
					],
					[
						105166.666666667,
						1,
						0,
						"MarkovNote"
					]
				],
				"altAnim": false,
				"mustHitSection": false,
				"changeBPM": false,
				"bpm": 0
			},
			{
				"lengthInSteps": 16,
				"typeOfSection": 0,
				"sectionNotes": [
					[
						105333.333333333,
						2,
						0,
						"Hey!"
					],
					[
						105333.333333333,
						3,
						166.666666666667
					],
					[
						105583,
						2,
						0
					],
					[
						105833,
						0,
						83
					],
					[
						106000,
						3,
						0
					],
					[
						106166,
						3,
						0
					],
					[
						106500,
						0,
						0
					],
					[
						106583.333333333,
						1,
						0
					],
					[
						106333.333333333,
						0,
						0
					]
				],
				"altAnim": false,
				"mustHitSection": false,
				"changeBPM": false,
				"bpm": 0
			},
			{
				"lengthInSteps": 16,
				"typeOfSection": 0,
				"sectionNotes": [
					[
						106666,
						3,
						291
					],
					[
						107000,
						2,
						0
					],
					[
						107083,
						1,
						0
					],
					[
						107166,
						2,
						0
					],
					[
						107333,
						0,
						305
					],
					[
						107666,
						5,
						0
					],
					[
						107833,
						4,
						0
					],
					[
						107333.333333333,
						3,
						0,
						"MarkovNote"
					]
				],
				"centeredcamera": true,
				"altAnim": false,
				"mustHitSection": false,
				"changeBPM": false,
				"bpm": 0
			},
			{
				"lengthInSteps": 16,
				"typeOfSection": 0,
				"sectionNotes": [
					[
						108000,
						2,
						409
					],
					[
						108500,
						3,
						0
					],
					[
						108583,
						2,
						0
					],
					[
						108666,
						1,
						0
					],
					[
						108833,
						0,
						0
					],
					[
						108916,
						1,
						0
					],
					[
						109000,
						2,
						0
					],
					[
						109166,
						0,
						0
					]
				],
				"altAnim": false,
				"mustHitSection": true,
				"changeBPM": false,
				"bpm": 0
			},
			{
				"lengthInSteps": 16,
				"typeOfSection": 0,
				"sectionNotes": [
					[
						110500,
						3,
						0
					],
					[
						109333.333333333,
						3,
						250
					],
					[
						109666.666666667,
						1,
						0
					],
					[
						109833.333333333,
						2,
						0
					],
					[
						110000,
						0,
						166.666666666672
					],
					[
						110250,
						2,
						0
					],
					[
						109333.333333333,
						1,
						0,
						"MarkovNote"
					],
					[
						109333.333333333,
						0,
						0,
						"MarkovNote"
					]
				],
				"altAnim": false,
				"mustHitSection": true,
				"changeBPM": false,
				"bpm": 0
			},
			{
				"lengthInSteps": 16,
				"typeOfSection": 0,
				"sectionNotes": [
					[
						111166.666666667,
						3,
						0
					],
					[
						110666.666666667,
						0,
						166.666666666657
					],
					[
						110916.666666667,
						2,
						0
					],
					[
						111333.333333333,
						2,
						0
					],
					[
						111500,
						2,
						0
					],
					[
						111666.666666667,
						1,
						0
					],
					[
						111833.333333333,
						1,
						0
					],
					[
						111166.666666667,
						0,
						0,
						"MarkovNote"
					],
					[
						111333.333333333,
						1,
						0,
						"MarkovNote"
					],
					[
						111833.333333333,
						3,
						0,
						"MarkovNote"
					],
					[
						111500,
						0,
						0,
						"MarkovNote"
					],
					[
						111666.666666667,
						2,
						0,
						"MarkovNote"
					]
				],
				"altAnim": false,
				"mustHitSection": true,
				"changeBPM": false,
				"bpm": 0
			},
			{
				"lengthInSteps": 16,
				"typeOfSection": 0,
				"sectionNotes": [
					[
						112666.666666667,
						0,
						2250
					],
					[
						112000,
						3,
						243.055555555562
					],
					[
						112333.333333333,
						2,
						0
					],
					[
						112500,
						2,
						0
					],
					[
						112666.666666667,
						4,
						0
					],
					[
						112833.333333333,
						4,
						0
					],
					[
						113000,
						5,
						0
					],
					[
						113166.666666667,
						7,
						0
					]
				],
				"centeredcamera": true,
				"altAnim": false,
				"mustHitSection": true,
				"changeBPM": false,
				"bpm": 0
			},
			{
				"lengthInSteps": 16,
				"typeOfSection": 0,
				"sectionNotes": [
					[
						113333,
						3,
						0
					],
					[
						113500,
						2,
						0
					],
					[
						113666,
						1,
						0
					],
					[
						113833,
						0,
						0
					],
					[
						114000,
						2,
						0
					],
					[
						114166,
						3,
						0
					],
					[
						114333,
						0,
						0
					],
					[
						114500,
						1,
						0
					]
				],
				"altAnim": false,
				"mustHitSection": false,
				"changeBPM": false,
				"bpm": 0
			},
			{
				"lengthInSteps": 16,
				"typeOfSection": 0,
				"sectionNotes": [
					[
						115500,
						0,
						0
					],
					[
						115333.333333333,
						0,
						0
					],
					[
						114666,
						1,
						0
					],
					[
						114833,
						2,
						0
					],
					[
						115000,
						2,
						0
					],
					[
						115166,
						3,
						0
					],
					[
						115666,
						2,
						0
					],
					[
						115833.333333333,
						0,
						0
					]
				],
				"altAnim": false,
				"mustHitSection": false,
				"changeBPM": false,
				"bpm": 0
			},
			{
				"lengthInSteps": 16,
				"typeOfSection": 0,
				"sectionNotes": [
					[
						116500,
						2,
						0
					],
					[
						116000,
						3,
						0
					],
					[
						116166,
						1,
						0
					],
					[
						116333,
						3,
						0
					],
					[
						116666,
						0,
						0
					],
					[
						116833,
						3,
						0
					],
					[
						117000,
						3,
						0
					],
					[
						117166,
						2,
						0
					]
				],
				"altAnim": false,
				"mustHitSection": false,
				"changeBPM": false,
				"bpm": 0
			},
			{
				"lengthInSteps": 16,
				"typeOfSection": 0,
				"sectionNotes": [
					[
						117333.333333333,
						6,
						0
					],
					[
						117500,
						5,
						0
					],
					[
						117666.666666667,
						7,
						0
					],
					[
						117833.333333333,
						4,
						0
					],
					[
						118000,
						0,
						0
					],
					[
						118166.666666667,
						0,
						0
					],
					[
						118333.333333333,
						1,
						0
					],
					[
						118500,
						3,
						0
					]
				],
				"centeredcamera": true,
				"altAnim": false,
				"mustHitSection": true,
				"changeBPM": false,
				"bpm": 0
			},
			{
				"lengthInSteps": 16,
				"typeOfSection": 0,
				"sectionNotes": [
					[
						118666.666666667,
						3,
						0
					],
					[
						118833.333333333,
						2,
						0
					],
					[
						119000,
						1,
						0
					],
					[
						119166.666666667,
						0,
						0
					],
					[
						119333.333333333,
						2,
						0
					],
					[
						119500,
						3,
						0
					],
					[
						119666.666666667,
						0,
						0
					],
					[
						119833.333333333,
						1,
						0
					]
				],
				"altAnim": false,
				"mustHitSection": true,
				"changeBPM": false,
				"bpm": 0
			},
			{
				"lengthInSteps": 16,
				"typeOfSection": 0,
				"sectionNotes": [
					[
						120833.333333333,
						0,
						0
					],
					[
						120666.666666667,
						0,
						0
					],
					[
						120166.666666667,
						2,
						0
					],
					[
						120000,
						1,
						0
					],
					[
						120333.333333333,
						2,
						0
					],
					[
						120500,
						3,
						0
					],
					[
						121000,
						2,
						0
					],
					[
						121166.666666667,
						3,
						0
					]
				],
				"altAnim": false,
				"mustHitSection": true,
				"changeBPM": false,
				"bpm": 0
			},
			{
				"lengthInSteps": 16,
				"typeOfSection": 0,
				"sectionNotes": [
					[
						121916.666666667,
						2,
						0
					],
					[
						121833.333333333,
						2,
						0
					],
					[
						121333.333333333,
						3,
						0
					],
					[
						121500,
						1,
						0
					],
					[
						121666.666666667,
						3,
						0
					],
					[
						122000,
						0,
						0
					],
					[
						122166.666666667,
						3,
						0
					],
					[
						122333.333333333,
						3,
						0
					],
					[
						122500,
						2,
						0
					],
					[
						122583.333333333,
						0,
						0
					]
				],
				"altAnim": false,
				"mustHitSection": true,
				"changeBPM": false,
				"bpm": 0
			},
			{
				"lengthInSteps": 16,
				"typeOfSection": 0,
				"sectionNotes": [
					[
						122666.666666667,
						2,
						0
					],
					[
						122833.333333333,
						1,
						0
					],
					[
						123000,
						3,
						0
					],
					[
						123166.666666667,
						0,
						0
					],
					[
						123333.333333333,
						7,
						0
					],
					[
						123500,
						6,
						0
					],
					[
						123583.333333333,
						5,
						0
					],
					[
						123666.666666667,
						4,
						0
					],
					[
						123833.333333333,
						5,
						0
					]
				],
				"centeredcamera": true,
				"altAnim": false,
				"mustHitSection": true,
				"changeBPM": false,
				"bpm": 0
			},
			{
				"lengthInSteps": 16,
				"typeOfSection": 0,
				"sectionNotes": [
					[
						124000,
						2,
						250
					],
					[
						124333,
						0,
						0
					],
					[
						124500,
						1,
						0
					],
					[
						124666,
						2,
						0
					],
					[
						124833,
						1,
						0
					],
					[
						124916,
						3,
						0
					],
					[
						125000,
						1,
						0
					],
					[
						125166,
						0,
						0
					]
				],
				"altAnim": false,
				"mustHitSection": false,
				"changeBPM": false,
				"bpm": 0
			},
			{
				"lengthInSteps": 16,
				"typeOfSection": 0,
				"sectionNotes": [
					[
						125333,
						2,
						222
					],
					[
						125666,
						2,
						0
					],
					[
						125833,
						0,
						0
					],
					[
						125833,
						2,
						0
					],
					[
						126000,
						3,
						0
					],
					[
						126166,
						1,
						0
					],
					[
						126333,
						1,
						0
					],
					[
						126500,
						0,
						0
					],
					[
						126500,
						3,
						0
					]
				],
				"altAnim": false,
				"mustHitSection": false,
				"changeBPM": false,
				"bpm": 0
			},
			{
				"lengthInSteps": 16,
				"typeOfSection": 0,
				"sectionNotes": [
					[
						126666,
						1,
						0
					],
					[
						126833,
						1,
						0
					],
					[
						127000,
						2,
						0
					],
					[
						127166,
						2,
						0
					],
					[
						127333,
						0,
						0
					],
					[
						127333,
						3,
						0
					],
					[
						127500,
						1,
						0
					],
					[
						127666,
						3,
						0
					],
					[
						127833,
						1,
						0
					]
				],
				"altAnim": false,
				"mustHitSection": false,
				"changeBPM": false,
				"bpm": 0
			},
			{
				"lengthInSteps": 16,
				"typeOfSection": 0,
				"sectionNotes": [
					[
						128000,
						2,
						0
					],
					[
						128166,
						0,
						0
					],
					[
						128333,
						2,
						0
					],
					[
						128500,
						2,
						0
					],
					[
						128666,
						6,
						166
					],
					[
						128833,
						4,
						0
					],
					[
						128916,
						5,
						0
					],
					[
						129000,
						6,
						0
					],
					[
						129166,
						5,
						0
					]
				],
				"centeredcamera": true,
				"altAnim": false,
				"mustHitSection": false,
				"changeBPM": false,
				"bpm": 0
			},
			{
				"lengthInSteps": 16,
				"typeOfSection": 0,
				"sectionNotes": [
					[
						129333.333333333,
						3,
						250
					],
					[
						129833,
						2,
						0
					],
					[
						130000,
						0,
						0
					],
					[
						130166,
						1,
						0
					],
					[
						130250,
						2,
						0
					],
					[
						130333,
						0,
						0
					],
					[
						130500,
						1,
						0
					],
					[
						129666.666666666,
						1,
						0
					]
				],
				"altAnim": false,
				"mustHitSection": true,
				"changeBPM": false,
				"bpm": 0
			},
			{
				"lengthInSteps": 16,
				"typeOfSection": 0,
				"sectionNotes": [
					[
						130666.666666666,
						3,
						250
					],
					[
						131000,
						2,
						0
					],
					[
						131166.666666667,
						0,
						0
					],
					[
						131166.666666667,
						2,
						0
					],
					[
						131333.333333333,
						3,
						0,
						"Alt Animation"
					],
					[
						131500,
						1,
						0,
						"Alt Animation"
					],
					[
						131666.666666666,
						1,
						0,
						"Alt Animation"
					],
					[
						131833.333333333,
						3,
						0,
						"Alt Animation"
					],
					[
						131833.333333333,
						0,
						0,
						"Alt Animation"
					]
				],
				"altAnim": false,
				"mustHitSection": true,
				"changeBPM": false,
				"bpm": 0
			},
			{
				"lengthInSteps": 16,
				"typeOfSection": 0,
				"sectionNotes": [
					[
						132666.666666666,
						3,
						0,
						"Alt Animation"
					],
					[
						132833.333333333,
						1,
						0,
						"Alt Animation"
					],
					[
						133000,
						3,
						0,
						"Alt Animation"
					],
					[
						133166.666666666,
						1,
						0,
						"Alt Animation"
					],
					[
						132000,
						1,
						0,
						"Alt Animation"
					],
					[
						132166.666666666,
						1,
						0,
						"Alt Animation"
					],
					[
						132333.333333333,
						0,
						0,
						"Alt Animation"
					],
					[
						132500,
						0,
						0,
						"Alt Animation"
					]
				],
				"altAnim": false,
				"mustHitSection": true,
				"changeBPM": false,
				"bpm": 0
			},
			{
				"lengthInSteps": 16,
				"typeOfSection": 0,
				"sectionNotes": [
					[
						134000,
						2,
						250
					],
					[
						134333.333333333,
						0,
						0
					],
					[
						134500,
						3,
						0
					],
					[
						134583.333333333,
						1,
						0
					],
					[
						133333.333333333,
						7,
						0,
						"Alt Animation"
					],
					[
						133500,
						5,
						0,
						"Alt Animation"
					],
					[
						133666.666666667,
						6,
						0,
						"Alt Animation"
					],
					[
						133833.333333333,
						6,
						0,
						"Alt Animation"
					]
				],
				"centeredcamera": true,
				"altAnim": false,
				"mustHitSection": false,
				"changeBPM": false,
				"bpm": 0
			},
			{
				"lengthInSteps": 16,
				"typeOfSection": 0,
				"sectionNotes": [
					[
						135000,
						2,
						250
					],
					[
						134666,
						3,
						0
					],
					[
						134833,
						0,
						0
					],
					[
						135333,
						1,
						0
					],
					[
						135500,
						1,
						0
					],
					[
						135666,
						3,
						0
					],
					[
						135833,
						2,
						0
					]
				],
				"altAnim": false,
				"mustHitSection": false,
				"changeBPM": false,
				"bpm": 0
			},
			{
				"lengthInSteps": 16,
				"typeOfSection": 0,
				"sectionNotes": [
					[
						136666.666666667,
						2,
						250
					],
					[
						137000,
						1,
						0
					],
					[
						137083,
						0,
						0
					],
					[
						137250,
						3,
						0
					],
					[
						136000,
						2,
						0
					],
					[
						136166.666666667,
						0,
						0
					],
					[
						136333.333333333,
						2,
						0
					],
					[
						136500,
						3,
						0
					],
					[
						136666.666666667,
						3,
						0,
						"MarkovNote"
					],
					[
						136666.666666667,
						0,
						0,
						"MarkovNote"
					]
				],
				"altAnim": false,
				"mustHitSection": false,
				"changeBPM": false,
				"bpm": 0
			},
			{
				"lengthInSteps": 16,
				"typeOfSection": 0,
				"sectionNotes": [
					[
						138333.333333333,
						2,
						83.3333333333333
					],
					[
						138166.666666667,
						1,
						83.3333333333333
					],
					[
						137416,
						2,
						0
					],
					[
						137500,
						1,
						0
					],
					[
						137666,
						0,
						0
					],
					[
						137833,
						0,
						0
					],
					[
						137916,
						2,
						0
					],
					[
						138000,
						3,
						83
					],
					[
						138500,
						0,
						0
					]
				],
				"mustHitSection": false,
				"changeBPM": false,
				"bpm": 0
			},
			{
				"lengthInSteps": 16,
				"typeOfSection": 0,
				"sectionNotes": [
					[
						139333.333333333,
						3,
						250
					],
					[
						138666,
						6,
						263
					],
					[
						139000,
						5,
						250
					],
					[
						139666,
						0,
						0
					],
					[
						139833,
						3,
						0
					],
					[
						139916,
						1,
						0
					],
					[
						138666.666666667,
						4,
						0,
						"MarkovNote"
					],
					[
						139000,
						7,
						0,
						"MarkovNote"
					],
					[
						139333.333333333,
						2,
						0,
						"MarkovNote"
					],
					[
						139916.666666667,
						0,
						0,
						"MarkovNote"
					]
				],
				"centeredcamera": true,
				"gfSection": true,
				"mustHitSection": true,
				"changeBPM": false,
				"bpm": 0
			},
			{
				"lengthInSteps": 16,
				"typeOfSection": 0,
				"sectionNotes": [
					[
						140000,
						3,
						0
					],
					[
						140166.666666667,
						0,
						0
					],
					[
						140333.333333333,
						2,
						236.111111111095
					],
					[
						140666.666666667,
						1,
						0
					],
					[
						140833.333333333,
						1,
						0
					],
					[
						141000,
						3,
						0
					],
					[
						141166.666666667,
						2,
						0
					],
					[
						140166.666666667,
						1,
						0,
						"MarkovNote"
					],
					[
						140833.333333333,
						3,
						0,
						"MarkovNote"
					],
					[
						141000,
						0,
						0,
						"MarkovNote"
					]
				],
				"gfSection": true,
				"mustHitSection": true,
				"changeBPM": false,
				"bpm": 0
			},
			{
				"lengthInSteps": 16,
				"typeOfSection": 0,
				"sectionNotes": [
					[
						141333.333333333,
						2,
						0
					],
					[
						141500,
						0,
						0
					],
					[
						141666.666666667,
						2,
						0
					],
					[
						141833.333333333,
						3,
						0
					],
					[
						142000,
						2,
						236.111111111124
					],
					[
						142333.333333333,
						1,
						0
					],
					[
						142416.666666667,
						0,
						0
					],
					[
						142583.333333333,
						3,
						0
					],
					[
						141333.333333333,
						3,
						0,
						"MarkovNote"
					],
					[
						141833.333333333,
						0,
						0,
						"MarkovNote"
					],
					[
						142166.666666667,
						3,
						0,
						"MarkovNote"
					]
				],
				"gfSection": true,
				"mustHitSection": true,
				"changeBPM": false,
				"bpm": 0
			},
			{
				"lengthInSteps": 16,
				"typeOfSection": 0,
				"sectionNotes": [
					[
						142750,
						2,
						0
					],
					[
						142833.333333333,
						1,
						0
					],
					[
						143000,
						0,
						0
					],
					[
						143166.666666667,
						0,
						0
					],
					[
						143250,
						2,
						0
					],
					[
						143333.333333333,
						3,
						0
					],
					[
						143500,
						1,
						0
					],
					[
						143666.666666667,
						2,
						0
					],
					[
						143833.333333333,
						0,
						0
					],
					[
						143000,
						3,
						0,
						"MarkovNote"
					]
				],
				"gfSection": true,
				"mustHitSection": true,
				"changeBPM": false,
				"bpm": 0
			},
			{
				"lengthInSteps": 16,
				"typeOfSection": 0,
				"sectionNotes": [
					[
						144666.666666667,
						3,
						250
					],
					[
						144000,
						3,
						263.888888888876
					],
					[
						144333.333333333,
						1,
						0
					],
					[
						144500,
						0,
						0
					],
					[
						145000,
						6,
						0
					],
					[
						145166.666666667,
						6,
						0
					],
					[
						144000,
						1,
						0,
						"MarkovNote"
					],
					[
						144666.666666667,
						0,
						0,
						"MarkovNote"
					],
					[
						144666.666666667,
						1,
						0,
						"MarkovNote"
					]
				],
				"centeredcamera": true,
				"gfSection": true,
				"mustHitSection": true,
				"changeBPM": false,
				"bpm": 0
			},
			{
				"lengthInSteps": 16,
				"typeOfSection": 0,
				"sectionNotes": [
					[
						146333.333333333,
						0,
						0
					],
					[
						146250,
						1,
						0
					],
					[
						146166.666666667,
						2,
						0
					],
					[
						145916.666666667,
						1,
						0
					],
					[
						145333.333333333,
						3,
						0,
						"Hey!"
					],
					[
						145333,
						2,
						395
					],
					[
						145833,
						0,
						0
					],
					[
						146000,
						2,
						0
					],
					[
						146500,
						1,
						0
					]
				],
				"mustHitSection": false,
				"changeBPM": false,
				"bpm": 0
			},
			{
				"lengthInSteps": 16,
				"typeOfSection": 0,
				"sectionNotes": [
					[
						146666,
						2,
						263
					],
					[
						147166,
						1,
						0
					],
					[
						147333,
						2,
						0
					],
					[
						147500,
						1,
						0
					],
					[
						147583,
						0,
						0
					],
					[
						147750,
						3,
						0
					],
					[
						147833,
						2,
						0
					],
					[
						147000,
						3,
						0,
						"MarkovNote"
					],
					[
						147333.333333333,
						3,
						0,
						"MarkovNote"
					]
				],
				"mustHitSection": false,
				"changeBPM": false,
				"bpm": 0
			},
			{
				"lengthInSteps": 16,
				"typeOfSection": 0,
				"sectionNotes": [
					[
						148666,
						0,
						0
					],
					[
						148750,
						3,
						0
					],
					[
						149000,
						0,
						0
					],
					[
						149166,
						1,
						0
					],
					[
						148000,
						0,
						0,
						"MarkovNote"
					],
					[
						148166.666666667,
						2,
						0,
						"MarkovNote"
					],
					[
						148250,
						3,
						0,
						"MarkovNote"
					],
					[
						148416.666666667,
						1,
						0,
						"MarkovNote"
					],
					[
						148500,
						0,
						0,
						"MarkovNote"
					],
					[
						148833.333333333,
						2,
						0,
						"MarkovNote"
					]
				],
				"mustHitSection": false,
				"changeBPM": false,
				"bpm": 0
			},
			{
				"lengthInSteps": 16,
				"typeOfSection": 0,
				"sectionNotes": [
					[
						149333.333333333,
						2,
						250
					],
					[
						149666,
						1,
						0
					],
					[
						150000,
						2,
						222
					],
					[
						149333.333333333,
						1,
						0,
						"MarkovNote"
					],
					[
						149833.333333333,
						1,
						0,
						"MarkovNote"
					],
					[
						150000,
						3,
						0,
						"MarkovNote"
					],
					[
						149916.666666667,
						0,
						0,
						"MarkovNote"
					],
					[
						150333.333333333,
						5,
						0,
						"MarkovNote"
					],
					[
						150333.333333333,
						7,
						0,
						"GF Sing"
					],
					[
						150500,
						4,
						0,
						"GF Sing"
					]
				],
				"centeredcamera": true,
				"mustHitSection": false,
				"changeBPM": false,
				"bpm": 0
			},
			{
				"lengthInSteps": 16,
				"typeOfSection": 0,
				"sectionNotes": [
					[
						150666.666666667,
						2,
						354.166666666686
					],
					[
						151166.666666667,
						1,
						0
					],
					[
						151250,
						0,
						0
					],
					[
						151333.333333333,
						2,
						0
					],
					[
						151500,
						3,
						0
					],
					[
						151583.333333333,
						1,
						0
					],
					[
						151666.666666667,
						2,
						0
					],
					[
						151833.333333333,
						0,
						0
					],
					[
						150833.333333333,
						0,
						0,
						"MarkovNote"
					],
					[
						151000,
						3,
						0,
						"MarkovNote"
					],
					[
						151500,
						0,
						0,
						"MarkovNote"
					]
				],
				"gfSection": true,
				"mustHitSection": true,
				"changeBPM": false,
				"bpm": 0
			},
			{
				"lengthInSteps": 16,
				"typeOfSection": 0,
				"sectionNotes": [
					[
						152000,
						3,
						263.888888888876
					],
					[
						152333.333333333,
						0,
						0
					],
					[
						152500,
						2,
						0
					],
					[
						152666.666666667,
						3,
						0
					],
					[
						153166.666666667,
						3,
						0
					],
					[
						152333.333333333,
						1,
						0,
						"MarkovNote"
					],
					[
						152666.666666667,
						0,
						0,
						"MarkovNote"
					],
					[
						152916.666666667,
						1,
						0
					]
				],
				"gfSection": true,
				"mustHitSection": true,
				"changeBPM": false,
				"bpm": 0
			},
			{
				"lengthInSteps": 16,
				"typeOfSection": 0,
				"sectionNotes": [
					[
						153333.333333333,
						2,
						0
					],
					[
						153416.666666667,
						3,
						0
					],
					[
						153500,
						1,
						0
					],
					[
						153583.333333333,
						2,
						0
					],
					[
						153750,
						0,
						0
					],
					[
						153833.333333333,
						2,
						0
					],
					[
						154000,
						0,
						0
					],
					[
						154166.666666667,
						2,
						0
					],
					[
						154333.333333333,
						3,
						0
					],
					[
						154500,
						0,
						0
					],
					[
						153750,
						3,
						0,
						"MarkovNote"
					],
					[
						154000,
						3,
						0,
						"MarkovNote"
					],
					[
						154333.333333333,
						0,
						0,
						"MarkovNote"
					]
				],
				"gfSection": true,
				"mustHitSection": true,
				"changeBPM": false,
				"bpm": 0
			},
			{
				"lengthInSteps": 16,
				"typeOfSection": 0,
				"sectionNotes": [
					[
						154666.666666667,
						3,
						0
					],
					[
						154833.333333333,
						2,
						0
					],
					[
						155000,
						1,
						0
					],
					[
						155166.666666667,
						3,
						0
					],
					[
						155333.333333333,
						1,
						500
					],
					[
						155000,
						0,
						0,
						"MarkovNote"
					],
					[
						155166.666666667,
						2,
						0,
						"MarkovNote"
					],
					[
						155333.333333333,
						2,
						0,
						"MarkovNote"
					],
					[
						155333.333333333,
						0,
						0,
						"MarkovNote"
					]
				],
				"gfSection": true,
				"mustHitSection": true,
				"changeBPM": false,
				"bpm": 0
			},
			{
				"centeredcamera": true,
				"milfZoom": false,
				"altAnim": false,
				"mustHitSection": true,
				"lengthInSteps": 16,
				"typeOfSection": 0,
				"sectionNotes": [],
				"gfSection": true,
				"bpm": 0,
				"changeBPM": false
			},
			{
				"centeredcamera": true,
				"milfZoom": false,
				"altAnim": false,
				"mustHitSection": false,
				"lengthInSteps": 16,
				"typeOfSection": 0,
				"sectionNotes": [],
				"bpm": 0,
				"changeBPM": false
			},
			{
				"centeredcamera": true,
				"milfZoom": false,
				"altAnim": false,
				"mustHitSection": false,
				"lengthInSteps": 16,
				"typeOfSection": 0,
				"sectionNotes": [],
				"gfSection": true,
				"bpm": 0,
				"changeBPM": false
			},
			{
				"centeredcamera": true,
				"milfZoom": false,
				"altAnim": false,
				"mustHitSection": false,
				"lengthInSteps": 16,
				"typeOfSection": 0,
				"sectionNotes": [],
				"bpm": 0,
				"changeBPM": false
			},
			{
				"centeredcamera": true,
				"milfZoom": false,
				"altAnim": false,
				"mustHitSection": true,
				"lengthInSteps": 16,
				"typeOfSection": 0,
				"sectionNotes": [],
				"gfSection": true,
				"bpm": 0,
				"changeBPM": false
			},
			{
				"milfZoom": false,
				"centeredcamera": false,
				"altAnim": false,
				"mustHitSection": true,
				"lengthInSteps": 16,
				"typeOfSection": 0,
				"sectionNotes": [],
				"changeBPM": false,
				"bpm": 0
			},
			{
				"milfZoom": false,
				"centeredcamera": false,
				"altAnim": false,
				"mustHitSection": true,
				"lengthInSteps": 16,
				"typeOfSection": 0,
				"sectionNotes": [],
				"changeBPM": false,
				"bpm": 0
			},
			{
				"centeredcamera": false,
				"milfZoom": false,
				"altAnim": false,
				"mustHitSection": true,
				"lengthInSteps": 16,
				"typeOfSection": 0,
				"sectionNotes": [],
				"bpm": 0,
				"changeBPM": false
			},
			{
				"centeredcamera": false,
				"milfZoom": false,
				"altAnim": false,
				"mustHitSection": true,
				"lengthInSteps": 16,
				"typeOfSection": 0,
				"sectionNotes": [],
				"bpm": 0,
				"changeBPM": false
			},
			{
				"centeredcamera": false,
				"milfZoom": false,
				"altAnim": false,
				"mustHitSection": true,
				"lengthInSteps": 16,
				"typeOfSection": 0,
				"sectionNotes": [],
				"bpm": 0,
				"changeBPM": false
			},
			{
				"milfZoom": false,
				"centeredcamera": false,
				"altAnim": false,
				"mustHitSection": true,
				"lengthInSteps": 16,
				"typeOfSection": 0,
				"sectionNotes": [],
				"changeBPM": false,
				"bpm": 0
			},
			{
				"centeredcamera": false,
				"milfZoom": false,
				"altAnim": false,
				"mustHitSection": true,
				"lengthInSteps": 16,
				"typeOfSection": 0,
				"sectionNotes": [],
				"bpm": 0,
				"changeBPM": false
			},
			{
				"milfZoom": false,
				"centeredcamera": false,
				"altAnim": false,
				"mustHitSection": true,
				"lengthInSteps": 16,
				"typeOfSection": 0,
				"sectionNotes": [],
				"noteSwap": false,
				"changeBPM": false,
				"bpm": 0
			},
			{
				"milfZoom": false,
				"centeredcamera": false,
				"altAnim": false,
				"mustHitSection": true,
				"lengthInSteps": 16,
				"typeOfSection": 0,
				"sectionNotes": [],
				"noteSwap": false,
				"changeBPM": false,
				"bpm": 0
			},
			{
				"centeredcamera": false,
				"milfZoom": false,
				"altAnim": false,
				"mustHitSection": true,
				"lengthInSteps": 16,
				"typeOfSection": 0,
				"sectionNotes": [],
				"noteSwap": false,
				"bpm": 0,
				"changeBPM": false
			},
			{
				"centeredcamera": false,
				"milfZoom": false,
				"altAnim": false,
				"mustHitSection": true,
				"lengthInSteps": 16,
				"typeOfSection": 0,
				"sectionNotes": [],
				"noteSwap": false,
				"bpm": 0,
				"changeBPM": false
			},
			{
				"milfZoom": false,
				"centeredcamera": false,
				"altAnim": false,
				"mustHitSection": true,
				"lengthInSteps": 16,
				"typeOfSection": 0,
				"sectionNotes": [],
				"noteSwap": false,
				"changeBPM": false,
				"bpm": 0
			},
			{
				"milfZoom": false,
				"centeredcamera": false,
				"altAnim": false,
				"mustHitSection": true,
				"lengthInSteps": 16,
				"typeOfSection": 0,
				"sectionNotes": [],
				"noteSwap": false,
				"changeBPM": false,
				"bpm": 0
			},
			{
				"centeredcamera": false,
				"milfZoom": false,
				"altAnim": false,
				"mustHitSection": true,
				"lengthInSteps": 16,
				"typeOfSection": 0,
				"sectionNotes": [],
				"noteSwap": false,
				"bpm": 0,
				"changeBPM": false
			},
			{
				"milfZoom": false,
				"centeredcamera": false,
				"altAnim": false,
				"mustHitSection": true,
				"lengthInSteps": 16,
				"typeOfSection": 0,
				"sectionNotes": [],
				"noteSwap": false,
				"changeBPM": false,
				"bpm": 180
			},
			{
				"sectionBeats": 4,
				"sectionNotes": [],
				"typeOfSection": 0,
				"gfSection": false,
				"altAnim": false,
				"mustHitSection": true,
				"changeBPM": false,
				"bpm": 180
			},
			{
				"sectionBeats": 4,
				"sectionNotes": [],
				"typeOfSection": 0,
				"gfSection": false,
				"altAnim": false,
				"mustHitSection": true,
				"changeBPM": false,
				"bpm": 180
			},
			{
				"sectionBeats": 4,
				"sectionNotes": [],
				"typeOfSection": 0,
				"gfSection": false,
				"altAnim": false,
				"mustHitSection": true,
				"changeBPM": false,
				"bpm": 180
			},
			{
				"sectionBeats": 4,
				"sectionNotes": [],
				"typeOfSection": 0,
				"gfSection": false,
				"altAnim": false,
				"mustHitSection": true,
				"changeBPM": false,
				"bpm": 180
			},
			{
				"sectionBeats": 4,
				"sectionNotes": [],
				"typeOfSection": 0,
				"gfSection": false,
				"altAnim": false,
				"mustHitSection": true,
				"changeBPM": false,
				"bpm": 180
			},
			{
				"typeOfSection": 0,
				"sectionNotes": [],
				"sectionBeats": 4,
				"altAnim": false,
				"gfSection": false,
				"bpm": 180,
				"changeBPM": false,
				"mustHitSection": true
			},
			{
				"sectionBeats": 4,
				"sectionNotes": [],
				"typeOfSection": 0,
				"gfSection": false,
				"altAnim": false,
				"mustHitSection": true,
				"changeBPM": false,
				"bpm": 180
			},
			{
				"typeOfSection": 0,
				"sectionNotes": [],
				"sectionBeats": 4,
				"altAnim": false,
				"gfSection": false,
				"bpm": 180,
				"changeBPM": false,
				"mustHitSection": true
			},
			{
				"typeOfSection": 0,
				"sectionNotes": [],
				"sectionBeats": 4,
				"altAnim": false,
				"gfSection": false,
				"bpm": 180,
				"changeBPM": false,
				"mustHitSection": true
			},
			{
				"typeOfSection": 0,
				"sectionNotes": [],
				"sectionBeats": 4,
				"altAnim": false,
				"gfSection": false,
				"bpm": 180,
				"changeBPM": false,
				"mustHitSection": true
			},
			{
				"typeOfSection": 0,
				"sectionNotes": [],
				"sectionBeats": 4,
				"altAnim": false,
				"gfSection": false,
				"bpm": 180,
				"changeBPM": false,
				"mustHitSection": true
			},
			{
				"typeOfSection": 0,
				"sectionNotes": [],
				"sectionBeats": 4,
				"altAnim": false,
				"gfSection": false,
				"bpm": 180,
				"changeBPM": false,
				"mustHitSection": true
			},
			{
				"typeOfSection": 0,
				"sectionNotes": [],
				"sectionBeats": 4,
				"altAnim": false,
				"gfSection": false,
				"bpm": 180,
				"changeBPM": false,
				"mustHitSection": true
			},
			{
				"sectionBeats": 4,
				"sectionNotes": [],
				"typeOfSection": 0,
				"gfSection": false,
				"altAnim": false,
				"mustHitSection": true,
				"changeBPM": false,
				"bpm": 180
			},
			{
				"sectionBeats": 4,
				"sectionNotes": [],
				"typeOfSection": 0,
				"gfSection": false,
				"altAnim": false,
				"mustHitSection": true,
				"changeBPM": false,
				"bpm": 180
			},
			{
				"gfSection": false,
				"altAnim": false,
				"typeOfSection": 0,
				"sectionNotes": [],
				"bpm": 180,
				"sectionBeats": 4,
				"changeBPM": false,
				"mustHitSection": true
			},
			{
				"gfSection": false,
				"altAnim": false,
				"typeOfSection": 0,
				"sectionNotes": [],
				"bpm": 180,
				"sectionBeats": 4,
				"changeBPM": false,
				"mustHitSection": true
			},
			{
				"gfSection": false,
				"altAnim": false,
				"typeOfSection": 0,
				"sectionNotes": [],
				"bpm": 180,
				"sectionBeats": 4,
				"changeBPM": false,
				"mustHitSection": true
			}
		],
		"player2": "denji",
		"player3": null,
		"offset": 5,
		"splashSkin": "noteSplashesHololive",
		"song": "Your-change",
		"validScore": true,
		"arrowSkin": "new",
		"speed": 2.8,
		"sectionLengths": [],
		"gfVersion": "momosuzu-nene-car-rival-flipped",
		"events": [
			[
				0,
				[
					[
						"Change Scroll Speed",
						"0.5",
						"19"
					]
				]
			],
			[
				19333.3333333333,
				[
					[
						"Change Scroll Speed",
						"0.7",
						"0.5"
					]
				]
			],
			[
				21166.6666666667,
				[
					[
						"Cinematics",
						"1",
						""
					]
				]
			],
			[
				22000,
				[
					[
						"Change Scroll Speed",
						"1",
						"5"
					],
					[
						"Cinematics",
						"",
						"2"
					],
					[
						"ScreenRotCam",
						"180",
						"0.5"
					]
				]
			],
			[
				22500,
				[
					[
						"ScreenRotCam",
						"0",
						"0.5"
					]
				]
			],
			[
				23000,
				[
					[
						"ScreenRotCam",
						"180",
						"0.5"
					]
				]
			],
			[
				24666.6666666667,
				[
					[
						"ScreenRotCam",
						"0",
						"0.5"
					]
				]
			],
			[
				26000,
				[
					[
						"ScreenRotCam",
						"180",
						"0.5"
					]
				]
			],
			[
				26666.6666666667,
				[
					[
						"ScreenRotCam",
						"0",
						"0.5"
					]
				]
			],
			[
				27333.3333333333,
				[
					[
						"Flash",
						"FFFFFF",
						""
					]
				]
			],
			[
				48666.6666666667,
				[
					[
						"Zoom",
						"1.2",
						""
					],
					[
						"Toggle Ghost Trail",
						"1",
						"1"
					]
				]
			],
			[
				51333.3333333334,
				[
					[
						"Zoom",
						"0.9",
						""
					]
				]
			],
			[
				54000,
				[
					[
						"Zoom",
						"1.2",
						""
					]
				]
			],
			[
				56666.6666666667,
				[
					[
						"Zoom",
						"0.9",
						""
					]
				]
			],
			[
				59333.3333333334,
				[
					[
						"Zoom",
						"1.2",
						""
					]
				]
			],
			[
				62000,
				[
					[
						"Zoom",
						"0.9",
						""
					]
				]
			],
			[
				64666.6666666667,
				[
					[
						"Zoom",
						"1.2",
						""
					]
				]
			],
			[
				67333.3333333334,
				[
					[
						"Zoom",
						"0.9",
						""
					]
				]
			],
			[
				70000,
				[
					[
						"Flash",
						"FFFFFF",
						""
					]
				]
			],
			[
				90500,
				[
					[
						"MoveArrowsToMiddle",
						"1",
						"1"
					]
				]
			],
			[
				93166.6666666666,
				[
					[
						"MoveArrowsToMiddle",
						"0",
						"0"
					]
				]
			],
			[
				93833.3333333333,
				[
					[
						"MoveArrowsToMiddle",
						"1",
						"1"
					]
				]
			],
			[
				98499.9999999999,
				[
					[
						"MoveArrowsToMiddle",
						"0",
						"0"
					]
				]
			],
			[
				99166.6666666666,
				[
					[
						"MoveArrowsToMiddle",
						"1",
						"1"
					]
				]
			],
			[
				103833.333333333,
				[
					[
						"MoveArrowsToMiddle",
						"0",
						"0"
					]
				]
			],
			[
				104500,
				[
					[
						"MoveArrowsToMiddle",
						"1",
						"1"
					]
				]
			],
			[
				109166.666666667,
				[
					[
						"MoveArrowsToMiddle",
						"0",
						"0"
					]
				]
			],
			[
				109833.333333333,
				[
					[
						"MoveArrowsToMiddle",
						"1",
						"1"
					]
				]
			],
			[
				112500,
				[
					[
						"MoveArrowsToMiddle",
						"0",
						"0"
					]
				]
			],
			[
				112666.666666667,
				[
					[
						"Flash",
						"FFFFFF",
						""
					],
					[
						"Cam Boom Speed",
						"1",
						"0"
					]
				]
			],
			[
				123333.333333333,
				[
					[
						"Add Camera Zoom",
						"0.075",
						"0.01"
					]
				]
			],
			[
				123833.333333333,
				[
					[
						"Add Camera Zoom",
						"0.075",
						"0.01"
					]
				]
			],
			[
				124333.333333333,
				[
					[
						"Add Camera Zoom",
						"0.075",
						"0.01"
					]
				]
			],
			[
				125000,
				[
					[
						"Add Camera Zoom",
						"0.075",
						"0.01"
					]
				]
			],
			[
				125500,
				[
					[
						"Add Camera Zoom",
						"0.075",
						"0.01"
					]
				]
			],
			[
				126000,
				[
					[
						"Add Camera Zoom",
						"0.075",
						"0.01"
					]
				]
			],
			[
				126500,
				[
					[
						"Add Camera Zoom",
						"0.075",
						"0.01"
					]
				]
			],
			[
				127000,
				[
					[
						"Add Camera Zoom",
						"0.075",
						"0.01"
					]
				]
			],
			[
				127666.666666666,
				[
					[
						"Add Camera Zoom",
						"0.075",
						"0.01"
					]
				]
			],
			[
				128166.666666666,
				[
					[
						"Add Camera Zoom",
						"0.075",
						"0.01"
					]
				]
			],
			[
				128666.666666666,
				[
					[
						"Add Camera Zoom",
						"0.075",
						"0.01"
					],
					[
						"Set Cam Zoom",
						"1.5",
						"3.7"
					]
				]
			],
			[
				129000,
				[
					[
						"Add Camera Zoom",
						"0.075",
						"0.01"
					]
				]
			],
			[
				129333.333333333,
				[
					[
						"Add Camera Zoom",
						"0.075",
						"0.01"
					]
				]
			],
			[
				129666.666666666,
				[
					[
						"Add Camera Zoom",
						"0.075",
						"0.01"
					]
				]
			],
			[
				130000,
				[
					[
						"Add Camera Zoom",
						"0.075",
						"0.01"
					]
				]
			],
			[
				130333.333333333,
				[
					[
						"Add Camera Zoom",
						"0.075",
						"0.01"
					]
				]
			],
			[
				130666.666666666,
				[
					[
						"Add Camera Zoom",
						"0.075",
						"0.01"
					]
				]
			],
			[
				131000,
				[
					[
						"Add Camera Zoom",
						"0.075",
						"0.01"
					]
				]
			],
			[
				131333.333333333,
				[
					[
						"Add Camera Zoom",
						"0.075",
						"0.01"
					]
				]
			],
			[
				131500,
				[
					[
						"Add Camera Zoom",
						"0.075",
						"0.01"
					]
				]
			],
			[
				131666.666666666,
				[
					[
						"Add Camera Zoom",
						"0.075",
						"0.01"
					]
				]
			],
			[
				131833.333333333,
				[
					[
						"Add Camera Zoom",
						"0.075",
						"0.01"
					]
				]
			],
			[
				132000,
				[
					[
						"Add Camera Zoom",
						"0.075",
						"0.01"
					]
				]
			],
			[
				132166.666666666,
				[
					[
						"Add Camera Zoom",
						"0.075",
						"0.01"
					]
				]
			],
			[
				132333.333333333,
				[
					[
						"Add Camera Zoom",
						"0.075",
						"0.01"
					]
				]
			],
			[
				132500,
				[
					[
						"Add Camera Zoom",
						"0.075",
						"0.01"
					]
				]
			],
			[
				132666.666666666,
				[
					[
						"Add Camera Zoom",
						"0.075",
						"0.01"
					],
					[
						"Play Animation",
						"singRIGHT",
						"gf"
					],
					[
						"Camera Follow Pos",
						"1040",
						"250"
					],
					[
						"ROAR",
						"",
						""
					],
					[
						"Set Cam Zoom",
						"1.05",
						"0.2"
					]
				]
			],
			[
				132833.333333333,
				[
					[
						"Add Camera Zoom",
						"0.075",
						"0.01"
					],
					[
						"Play Animation",
						"singDOWN",
						"gf"
					]
				]
			],
			[
				133000,
				[
					[
						"Add Camera Zoom",
						"0.075",
						"0.01"
					],
					[
						"Play Animation",
						"singRIGHT",
						"gf"
					]
				]
			],
			[
				133166.666666666,
				[
					[
						"Add Camera Zoom",
						"0.075",
						"0.01"
					],
					[
						"Play Animation",
						"singDOWN",
						"gf"
					]
				]
			],
			[
				133333.333333333,
				[
					[
						"Add Camera Zoom",
						"0.075",
						"0.01"
					],
					[
						"Play Animation",
						"singRIGHT",
						"gf"
					]
				]
			],
			[
				133500,
				[
					[
						"Add Camera Zoom",
						"0.075",
						"0.01"
					],
					[
						"Play Animation",
						"singDOWN",
						"gf"
					]
				]
			],
			[
				133666.666666667,
				[
					[
						"Add Camera Zoom",
						"0.075",
						"0.01"
					],
					[
						"Play Animation",
						"singUP",
						"gf"
					]
				]
			],
			[
				133833.333333333,
				[
					[
						"Add Camera Zoom",
						"0.075",
						"0.01"
					],
					[
						"MoveArrowsToMiddle",
						"1",
						"1"
					],
					[
						"Play Animation",
						"singUP",
						"gf"
					]
				]
			],
			[
				133916.666666667,
				[
					[
						"Add Camera Zoom",
						"0.075",
						"0.01"
					]
				]
			],
			[
				134000,
				[
					[
						"Flash Camera Red",
						"0.5",
						""
					],
					[
						"Change Character",
						"dad",
						"chainsawman"
					],
					[
						"Zoom",
						"1.2",
						""
					],
					[
						"Play Animation",
						"idle",
						"gf"
					],
					[
						"Camera Follow Pos",
						"",
						""
					]
				]
			],
			[
				135000,
				[
					[
						"Change Scroll Speed",
						"0.5",
						"0.5"
					]
				]
			],
			[
				135333.333333333,
				[
					[
						"Zoom",
						"1.5",
						""
					]
				]
			],
			[
				136000,
				[
					[
						"Zoom",
						"1.2",
						""
					]
				]
			],
			[
				136666.666666667,
				[
					[
						"Zoom",
						"1",
						""
					],
					[
						"Cam Boom Speed",
						"1",
						"5"
					],
					[
						"Change Scroll Speed",
						"1.2",
						"0.1"
					],
					[
						"Flash Camera Red",
						"0.5",
						""
					],
					[
						"Screen Shake",
						"0.2, 0.07",
						"0, 0"
					]
				]
			],
			[
				138666.666666667,
				[
					[
						"ColorLyrics",
						"Lis...",
						"FFD585"
					],
					[
						"Play Animation",
						"singRIGHT",
						"gf"
					]
				]
			],
			[
				139000,
				[
					[
						"ColorLyrics",
						"Listen!!",
						"FFD585"
					],
					[
						"Play Animation",
						"singLEFT",
						"gf"
					]
				]
			],
			[
				139333.333333333,
				[
					[
						"ColorLyrics",
						"",
						""
					]
				]
			],
			[
				140666.666666667,
				[
					[
						"Change Scroll Speed",
						"0.5",
						"0.02"
					]
				]
			],
			[
				140750,
				[
					[
						"Change Scroll Speed",
						"1",
						"0.25"
					]
				]
			],
			[
				141333.333333333,
				[
					[
						"Change Scroll Speed",
						"0.5",
						"0.02"
					]
				]
			],
			[
				141416.666666667,
				[
					[
						"Change Scroll Speed",
						"1",
						"0.25"
					]
				]
			],
			[
				142000,
				[
					[
						"Change Scroll Speed",
						"0.5",
						"0.02"
					]
				]
			],
			[
				142083.333333333,
				[
					[
						"Change Scroll Speed",
						"1",
						"0.25"
					]
				]
			],
			[
				143333.333333333,
				[
					[
						"Change Scroll Speed",
						"0.5",
						"0.02"
					]
				]
			],
			[
				143416.666666667,
				[
					[
						"Change Scroll Speed",
						"1",
						"0.25"
					]
				]
			],
			[
				144000,
				[
					[
						"Change Scroll Speed",
						"0.5",
						"0.02"
					]
				]
			],
			[
				144083.333333333,
				[
					[
						"Change Scroll Speed",
						"1",
						"0.25"
					]
				]
			],
			[
				144666.666666667,
				[
					[
						"Change Scroll Speed",
						"0.5",
						"0.02"
					]
				]
			],
			[
				144750,
				[
					[
						"Change Scroll Speed",
						"1",
						"0.25"
					]
				]
			],
			[
				152666.666666667,
				[
					[
						"Cam Boom Speed",
						"4",
						"0"
					]
				]
			],
			[
				153333.333333333,
				[
					[
						"Change Scroll Speed",
						"0.1",
						"3"
					]
				]
			],
			[
				155333.333333333,
				[
					[
						"Cam Boom Speed",
						"0",
						"0"
					],
					[
						"Flash",
						"FFFFFF",
						""
					]
				]
			]
		],
		"stage": "limoholo-demise",
		"needsVoices": true,
		"sections": 0,
		"bpm": 180,
		"noteStyle": "pixel"
	}
}