{
	"song": {
		"player1": "mio-player",
		"gfVersion": "foob-speaker",
		"notes": [
			{
				"sectionBeats": 4,
				"sectionNotes": [
					[
						461.538461538462,
						3,
						233
					],
					[
						1153.84615384615,
						0,
						116
					],
					[
						1384.61538461538,
						2,
						116
					],
					[
						884.615384615385,
						2,
						117
					],
					[
						846.153846153846,
						1,
						0
					],
					[
						1615.38461538462,
						3,
						116
					]
				],
				"typeOfSection": 0,
				"gfSection": false,
				"altAnim": false,
				"mustHitSection": false,
				"changeBPM": false,
				"bpm": 150
			},
			{
				"sectionBeats": 4,
				"sectionNotes": [
					[
						1846.15384615385,
						1,
						348
					],
					[
						2538.46153846154,
						2,
						348
					],
					[
						3230.76923076923,
						3,
						348
					]
				],
				"typeOfSection": 0,
				"gfSection": false,
				"altAnim": false,
				"mustHitSection": false,
				"changeBPM": false,
				"bpm": 150
			},
			{
				"sectionBeats": 4,
				"sectionNotes": [
					[
						3692.30769230769,
						0,
						116
					],
					[
						3923.07692307692,
						1,
						116
					],
					[
						4153.84615384615,
						2,
						116
					],
					[
						4384.61538461538,
						1,
						116
					],
					[
						4615.38461538462,
						0,
						116
					],
					[
						4846.15384615385,
						3,
						0
					],
					[
						5076.92307692308,
						2,
						116
					],
					[
						5307.69230769231,
						3,
						0
					]
				],
				"typeOfSection": 0,
				"gfSection": false,
				"altAnim": false,
				"mustHitSection": false,
				"changeBPM": false,
				"bpm": 150
			},
			{
				"sectionBeats": 4,
				"sectionNotes": [
					[
						5538.46153846154,
						0,
						348
					],
					[
						5538.46153846154,
						1,
						0
					],
					[
						6461.53846153846,
						2,
						0
					],
					[
						6923.07692307692,
						1,
						0
					]
				],
				"typeOfSection": 0,
				"gfSection": false,
				"altAnim": false,
				"mustHitSection": false,
				"changeBPM": false,
				"bpm": 150
			},
			{
				"sectionBeats": 4,
				"sectionNotes": [
					[
						7384.61538461538,
						7,
						348
					],
					[
						7846.15384615385,
						3,
						233
					],
					[
						8269.23076923077,
						2,
						117
					],
					[
						8230.76923076923,
						1,
						0
					],
					[
						8538.46153846154,
						3,
						116
					],
					[
						8769.23076923077,
						0,
						116
					],
					[
						9000,
						1,
						116
					],
					[
						7384.61538461538,
						1,
						0,
						"DoogHurtNote"
					]
				],
				"typeOfSection": 0,
				"gfSection": false,
				"altAnim": false,
				"mustHitSection": true,
				"changeBPM": false,
				"bpm": 150
			},
			{
				"sectionBeats": 4,
				"sectionNotes": [
					[
						9230.76923076923,
						2,
						348
					],
					[
						9923.07692307692,
						0,
						348
					],
					[
						10384.6153846154,
						2,
						0
					],
					[
						10615.3846153846,
						3,
						116
					],
					[
						10846.1538461538,
						2,
						0
					]
				],
				"typeOfSection": 0,
				"gfSection": false,
				"altAnim": false,
				"mustHitSection": true,
				"changeBPM": false,
				"bpm": 150
			},
			{
				"sectionBeats": 4,
				"sectionNotes": [
					[
						12230.7692307692,
						3,
						0
					],
					[
						11076.9230769231,
						3,
						116
					],
					[
						11307.6923076923,
						0,
						116
					],
					[
						11538.4615384615,
						1,
						116
					],
					[
						11769.2307692308,
						0,
						116
					],
					[
						12000,
						2,
						116
					],
					[
						12461.5384615385,
						0,
						116
					],
					[
						12692.3076923077,
						1,
						0
					]
				],
				"typeOfSection": 0,
				"gfSection": false,
				"altAnim": false,
				"mustHitSection": true,
				"changeBPM": false,
				"bpm": 150
			},
			{
				"sectionBeats": 4,
				"sectionNotes": [
					[
						13384.6153846154,
						1,
						116
					],
					[
						13615.3846153846,
						0,
						116
					],
					[
						12923.0769230769,
						2,
						0
					],
					[
						12923.0769230769,
						3,
						348
					],
					[
						13846.1538461538,
						1,
						0
					],
					[
						13961.5384615385,
						2,
						0
					],
					[
						14076.9230769231,
						3,
						116
					],
					[
						14307.6923076923,
						0,
						116
					],
					[
						14538.4615384615,
						2,
						116
					]
				],
				"typeOfSection": 0,
				"gfSection": false,
				"altAnim": false,
				"mustHitSection": true,
				"changeBPM": false,
				"bpm": 150
			},
			{
				"sectionBeats": 4,
				"sectionNotes": [
					[
						14769.2307692308,
						1,
						1160
					]
				],
				"typeOfSection": 0,
				"gfSection": false,
				"altAnim": false,
				"mustHitSection": true,
				"changeBPM": false,
				"bpm": 150
			},
			{
				"sectionBeats": 4,
				"sectionNotes": [
					[
						16615.3846153846,
						3,
						0
					],
					[
						16961.5384615385,
						0,
						0
					],
					[
						16846.1538461538,
						1,
						0
					],
					[
						17076.9230769231,
						2,
						116
					],
					[
						17307.6923076923,
						3,
						0
					],
					[
						17538.4615384615,
						1,
						116
					],
					[
						17769.2307692308,
						2,
						0
					],
					[
						18000,
						0,
						116
					],
					[
						18230.7692307692,
						3,
						0
					]
				],
				"typeOfSection": 0,
				"gfSection": false,
				"altAnim": false,
				"mustHitSection": false,
				"changeBPM": false,
				"bpm": 150
			},
			{
				"sectionBeats": 4,
				"sectionNotes": [
					[
						18807.6923076923,
						0,
						0
					],
					[
						18461.5384615385,
						1,
						0
					],
					[
						18692.3076923077,
						2,
						0
					],
					[
						18923.0769230769,
						3,
						116
					],
					[
						19153.8461538462,
						2,
						0
					],
					[
						19384.6153846154,
						0,
						0
					],
					[
						19384.6153846154,
						1,
						116
					],
					[
						19615.3846153846,
						3,
						0
					],
					[
						19730.7692307692,
						2,
						0
					],
					[
						19846.1538461538,
						0,
						0
					],
					[
						19961.5384615385,
						2,
						0
					],
					[
						20076.9230769231,
						0,
						0
					],
					[
						20192.3076923077,
						1,
						0
					]
				],
				"typeOfSection": 0,
				"gfSection": false,
				"altAnim": false,
				"mustHitSection": false,
				"changeBPM": false,
				"bpm": 150
			},
			{
				"sectionBeats": 4,
				"sectionNotes": [
					[
						20653.8461538462,
						0,
						0
					],
					[
						20538.4615384615,
						2,
						0
					],
					[
						20769.2307692308,
						3,
						116
					],
					[
						21000,
						2,
						0
					],
					[
						21230.7692307692,
						1,
						116
					],
					[
						20307.6923076923,
						3,
						0
					],
					[
						21230.7692307692,
						0,
						0
					],
					[
						21461.5384615385,
						2,
						0
					],
					[
						21692.3076923077,
						0,
						116
					],
					[
						21923.0769230769,
						3,
						0
					]
				],
				"typeOfSection": 0,
				"gfSection": false,
				"altAnim": false,
				"mustHitSection": false,
				"changeBPM": false,
				"bpm": 150
			},
			{
				"sectionBeats": 4,
				"sectionNotes": [
					[
						22153.8461538462,
						2,
						0
					],
					[
						22384.6153846154,
						1,
						0
					],
					[
						22423.0769230769,
						3,
						0
					],
					[
						22615.3846153846,
						2,
						116
					],
					[
						22846.1538461538,
						0,
						0
					],
					[
						22961.5384615385,
						2,
						0
					],
					[
						23076.9230769231,
						1,
						116
					],
					[
						23307.6923076923,
						2,
						0
					],
					[
						23423.0769230769,
						3,
						116
					],
					[
						23653.8461538462,
						1,
						0
					],
					[
						23769.2307692308,
						2,
						0
					],
					[
						23884.6153846154,
						0,
						0
					]
				],
				"typeOfSection": 0,
				"gfSection": false,
				"altAnim": false,
				"mustHitSection": false,
				"changeBPM": false,
				"bpm": 150
			},
			{
				"sectionBeats": 4,
				"sectionNotes": [
					[
						24000,
						6,
						348
					],
					[
						24923.0769230769,
						2,
						116
					],
					[
						25153.8461538462,
						0,
						0
					],
					[
						25384.6153846154,
						1,
						116
					],
					[
						25615.3846153846,
						4,
						0
					],
					[
						25615.3846153846,
						3,
						0
					],
					[
						25384.6153846154,
						6,
						0
					],
					[
						24000,
						3,
						0
					],
					[
						24230.7692307692,
						2,
						0
					],
					[
						24346.1538461539,
						1,
						0
					],
					[
						24461.5384615385,
						3,
						116
					],
					[
						24692.3076923077,
						0,
						0
					]
				],
				"typeOfSection": 0,
				"gfSection": false,
				"altAnim": false,
				"mustHitSection": true,
				"changeBPM": false,
				"bpm": 150
			},
			{
				"sectionBeats": 4,
				"sectionNotes": [
					[
						27230.7692307692,
						0,
						0
					],
					[
						27461.5384615385,
						0,
						0
					],
					[
						25846.1538461539,
						5,
						0
					],
					[
						26769.2307692308,
						3,
						0
					],
					[
						27000,
						1,
						0
					],
					[
						27115.3846153846,
						3,
						0
					],
					[
						27346.1538461539,
						3,
						0
					],
					[
						27576.9230769231,
						2,
						0
					],
					[
						27230.7692307692,
						5,
						0
					],
					[
						27461.5384615385,
						5,
						0
					],
					[
						25846.1538461539,
						2,
						0
					],
					[
						26076.9230769231,
						3,
						0
					],
					[
						26192.3076923077,
						1,
						0
					],
					[
						26307.6923076923,
						3,
						116
					],
					[
						26538.4615384615,
						0,
						0
					],
					[
						26769.2307692308,
						2,
						116
					]
				],
				"typeOfSection": 0,
				"gfSection": false,
				"altAnim": false,
				"mustHitSection": true,
				"changeBPM": false,
				"bpm": 150
			},
			{
				"sectionBeats": 4,
				"sectionNotes": [
					[
						27692.3076923077,
						7,
						0
					],
					[
						28846.1538461539,
						0,
						0
					],
					[
						29076.9230769231,
						1,
						116
					],
					[
						29307.6923076923,
						3,
						0
					],
					[
						29076.9230769231,
						7,
						0
					],
					[
						29307.6923076923,
						7,
						0
					],
					[
						28615.3846153846,
						2,
						116
					],
					[
						27692.3076923077,
						1,
						0
					],
					[
						28038.4615384615,
						1,
						0
					],
					[
						28384.6153846154,
						0,
						0
					],
					[
						27923.0769230769,
						3,
						0
					],
					[
						28153.8461538462,
						3,
						116
					]
				],
				"typeOfSection": 0,
				"gfSection": false,
				"altAnim": false,
				"mustHitSection": true,
				"changeBPM": false,
				"bpm": 150
			},
			{
				"sectionBeats": 4,
				"sectionNotes": [
					[
						29538.4615384615,
						6,
						0
					],
					[
						30230.7692307692,
						0,
						0
					],
					[
						30346.1538461539,
						1,
						0
					],
					[
						30461.5384615385,
						2,
						116
					],
					[
						30692.3076923077,
						1,
						0
					],
					[
						30807.6923076923,
						3,
						116
					],
					[
						31038.4615384615,
						2,
						0
					],
					[
						31153.8461538462,
						1,
						0
					],
					[
						31269.2307692308,
						3,
						0
					],
					[
						29538.4615384615,
						0,
						0
					],
					[
						29769.2307692308,
						2,
						0
					],
					[
						29807.6923076923,
						1,
						0
					],
					[
						30000,
						3,
						117
					]
				],
				"typeOfSection": 0,
				"gfSection": false,
				"altAnim": false,
				"mustHitSection": true,
				"changeBPM": false,
				"bpm": 150
			},
			{
				"sectionBeats": 4,
				"sectionNotes": [
					[
						31384.6153846154,
						3,
						116
					],
					[
						31730.7692307692,
						0,
						0
					],
					[
						31615.3846153846,
						1,
						0
					],
					[
						31846.1538461539,
						2,
						116
					],
					[
						32076.9230769231,
						1,
						0
					],
					[
						32423.0769230769,
						1,
						0
					],
					[
						32423.0769230769,
						2,
						0,
						"No Animation"
					],
					[
						32307.6923076923,
						0,
						0
					],
					[
						32653.8461538462,
						3,
						232
					],
					[
						33000,
						0,
						0
					],
					[
						33115.3846153846,
						2,
						0
					],
					[
						31384.6153846154,
						4,
						348
					]
				],
				"typeOfSection": 0,
				"gfSection": false,
				"altAnim": false,
				"mustHitSection": false,
				"changeBPM": false,
				"bpm": 150
			},
			{
				"sectionBeats": 4,
				"sectionNotes": [
					[
						33230.7692307692,
						1,
						0
					],
					[
						33461.5384615385,
						2,
						116
					],
					[
						33692.3076923077,
						0,
						0
					],
					[
						33923.0769230769,
						2,
						116
					],
					[
						34153.8461538462,
						3,
						0
					],
					[
						34384.6153846154,
						1,
						0
					],
					[
						34500,
						3,
						116
					],
					[
						34846.1538461539,
						2,
						116
					]
				],
				"typeOfSection": 0,
				"gfSection": false,
				"altAnim": false,
				"mustHitSection": false,
				"changeBPM": false,
				"bpm": 150
			},
			{
				"sectionBeats": 4,
				"sectionNotes": [
					[
						35076.9230769231,
						3,
						0
					],
					[
						35192.3076923077,
						2,
						0
					],
					[
						35307.6923076923,
						0,
						116
					],
					[
						35538.4615384615,
						2,
						0
					],
					[
						35653.8461538462,
						1,
						0
					],
					[
						35769.2307692308,
						3,
						0
					],
					[
						35884.6153846154,
						2,
						0
					],
					[
						36000,
						0,
						116
					],
					[
						36230.7692307692,
						3,
						0
					],
					[
						36461.5384615385,
						1,
						116
					],
					[
						36692.3076923077,
						2,
						0
					]
				],
				"typeOfSection": 0,
				"gfSection": false,
				"altAnim": false,
				"mustHitSection": false,
				"changeBPM": false,
				"bpm": 150
			},
			{
				"sectionBeats": 4,
				"sectionNotes": [
					[
						36923.0769230769,
						3,
						348
					],
					[
						37384.6153846154,
						0,
						0
					],
					[
						37500,
						2,
						0
					],
					[
						37615.3846153846,
						1,
						117
					],
					[
						37846.1538461539,
						2,
						0
					],
					[
						37961.5384615385,
						3,
						0
					],
					[
						38076.9230769231,
						2,
						116
					],
					[
						38307.6923076923,
						0,
						0
					],
					[
						38423.0769230769,
						3,
						0
					],
					[
						38538.4615384615,
						1,
						0
					],
					[
						38653.8461538462,
						3,
						0
					]
				],
				"typeOfSection": 0,
				"gfSection": false,
				"altAnim": false,
				"mustHitSection": false,
				"changeBPM": false,
				"bpm": 150
			},
			{
				"sectionBeats": 4,
				"sectionNotes": [
					[
						38769.2307692308,
						4,
						116
					],
					[
						38769.2307692308,
						3,
						116
					],
					[
						39000,
						0,
						0
					],
					[
						39115.3846153846,
						1,
						0
					],
					[
						39230.7692307692,
						3,
						116
					],
					[
						39692.3076923077,
						1,
						0,
						"No Animation"
					],
					[
						40038.4615384615,
						3,
						232
					],
					[
						40384.6153846154,
						1,
						0
					],
					[
						40500,
						0,
						0
					],
					[
						39461.5384615385,
						2,
						0
					],
					[
						39692.3076923077,
						0,
						0
					],
					[
						39807.6923076923,
						2,
						0
					]
				],
				"typeOfSection": 0,
				"gfSection": false,
				"altAnim": false,
				"mustHitSection": true,
				"changeBPM": false,
				"bpm": 150
			},
			{
				"sectionBeats": 4,
				"sectionNotes": [
					[
						40846.1538461539,
						3,
						0
					],
					[
						41307.6923076923,
						2,
						0
					],
					[
						41538.4615384615,
						3,
						0
					],
					[
						41769.2307692308,
						1,
						0
					],
					[
						41884.6153846154,
						3,
						116
					],
					[
						42230.7692307692,
						0,
						116
					],
					[
						40615.3846153846,
						2,
						0
					],
					[
						40846.1538461539,
						0,
						117
					],
					[
						41076.9230769231,
						1,
						0
					],
					[
						41307.6923076923,
						0,
						116
					]
				],
				"typeOfSection": 0,
				"gfSection": false,
				"altAnim": false,
				"mustHitSection": true,
				"changeBPM": false,
				"bpm": 150
			},
			{
				"sectionBeats": 4,
				"sectionNotes": [
					[
						42461.5384615385,
						3,
						0
					],
					[
						42576.9230769231,
						1,
						0
					],
					[
						42692.3076923077,
						2,
						116
					],
					[
						42923.0769230769,
						0,
						0
					],
					[
						43038.4615384615,
						1,
						0
					],
					[
						43153.8461538462,
						3,
						0
					],
					[
						43269.2307692308,
						0,
						0
					],
					[
						43384.6153846154,
						3,
						116
					],
					[
						43615.3846153846,
						2,
						0
					],
					[
						43846.1538461538,
						0,
						116
					],
					[
						44076.9230769231,
						1,
						0
					]
				],
				"typeOfSection": 0,
				"gfSection": false,
				"altAnim": false,
				"mustHitSection": true,
				"changeBPM": false,
				"bpm": 150
			},
			{
				"sectionBeats": 4,
				"sectionNotes": [
					[
						44307.6923076923,
						0,
						0
					],
					[
						44769.2307692308,
						3,
						0
					],
					[
						44884.6153846154,
						0,
						0
					],
					[
						45000,
						2,
						116
					],
					[
						45230.7692307692,
						3,
						0
					],
					[
						45346.1538461538,
						1,
						0
					],
					[
						45461.5384615385,
						3,
						116
					],
					[
						45692.3076923077,
						0,
						0
					],
					[
						45807.6923076923,
						1,
						0
					],
					[
						45923.0769230769,
						2,
						0
					],
					[
						46038.4615384615,
						1,
						0
					],
					[
						44307.6923076923,
						2,
						348
					]
				],
				"typeOfSection": 0,
				"gfSection": false,
				"altAnim": false,
				"mustHitSection": true,
				"changeBPM": false,
				"bpm": 150
			},
			{
				"sectionBeats": 4,
				"sectionNotes": [
					[
						46153.8461538461,
						3,
						0
					],
					[
						46153.8461538461,
						0,
						1160
					],
					[
						46269.2307692308,
						6,
						0,
						"GF Sing"
					],
					[
						46442.3076923077,
						7,
						0,
						"GF Sing"
					],
					[
						46673.0769230769,
						5,
						0,
						"GF Sing"
					],
					[
						46846.1538461538,
						7,
						0,
						"GF Sing"
					],
					[
						46961.5384615385,
						4,
						0,
						"GF Sing"
					],
					[
						47192.3076923077,
						5,
						0,
						"GF Sing"
					],
					[
						47423.0769230769,
						5,
						0,
						"GF Sing"
					]
				],
				"typeOfSection": 0,
				"gfSection": false,
				"altAnim": false,
				"mustHitSection": true,
				"changeBPM": false,
				"bpm": 150
			},
			{
				"sectionBeats": 4,
				"sectionNotes": [
					[
						48000,
						2,
						0
					],
					[
						48692.3076923077,
						3,
						0
					],
					[
						49153.8461538461,
						2,
						0
					],
					[
						49269.2307692308,
						0,
						0
					],
					[
						49384.6153846154,
						3,
						0
					],
					[
						49500,
						2,
						0
					],
					[
						49615.3846153846,
						1,
						0
					],
					[
						49730.7692307692,
						2,
						0
					]
				],
				"typeOfSection": 0,
				"gfSection": false,
				"altAnim": false,
				"mustHitSection": false,
				"changeBPM": false,
				"bpm": 150
			},
			{
				"sectionBeats": 4,
				"sectionNotes": [
					[
						49846.1538461538,
						0,
						116
					],
					[
						50076.9230769231,
						3,
						0
					],
					[
						50307.6923076923,
						3,
						0
					],
					[
						50538.4615384615,
						0,
						116
					],
					[
						50769.2307692308,
						2,
						0
					],
					[
						51000,
						2,
						0
					],
					[
						50884.6153846154,
						3,
						0
					],
					[
						51115.3846153846,
						0,
						0
					],
					[
						51230.7692307692,
						2,
						0
					],
					[
						51346.1538461538,
						1,
						0
					],
					[
						51461.5384615385,
						3,
						0
					],
					[
						51576.9230769231,
						0,
						0
					]
				],
				"typeOfSection": 0,
				"gfSection": false,
				"altAnim": false,
				"mustHitSection": false,
				"changeBPM": false,
				"bpm": 150
			},
			{
				"sectionBeats": 4,
				"sectionNotes": [
					[
						51692.3076923077,
						1,
						116
					],
					[
						51923.0769230769,
						2,
						0
					],
					[
						52038.4615384615,
						0,
						0
					],
					[
						52153.8461538461,
						3,
						0
					],
					[
						52384.6153846154,
						2,
						348
					],
					[
						53076.9230769231,
						2,
						116
					],
					[
						53307.6923076923,
						1,
						0
					],
					[
						53423.0769230769,
						0,
						0
					]
				],
				"typeOfSection": 0,
				"gfSection": false,
				"altAnim": false,
				"mustHitSection": false,
				"changeBPM": false,
				"bpm": 150
			},
			{
				"sectionBeats": 4,
				"sectionNotes": [
					[
						53538.4615384615,
						3,
						348
					],
					[
						54000,
						0,
						348
					],
					[
						54461.5384615384,
						3,
						0
					],
					[
						54576.9230769231,
						0,
						0
					],
					[
						54692.3076923077,
						2,
						0
					],
					[
						54807.6923076923,
						1,
						0
					],
					[
						54923.0769230769,
						3,
						116
					],
					[
						55153.8461538461,
						0,
						0
					],
					[
						55269.2307692308,
						1,
						0
					]
				],
				"typeOfSection": 0,
				"gfSection": false,
				"altAnim": false,
				"mustHitSection": false,
				"changeBPM": false,
				"bpm": 150
			},
			{
				"sectionBeats": 4,
				"sectionNotes": [
					[
						55730.7692307692,
						7,
						0
					],
					[
						55961.5384615384,
						4,
						0
					],
					[
						56076.9230769231,
						5,
						0
					],
					[
						56192.3076923077,
						6,
						0
					],
					[
						55730.7692307692,
						3,
						0
					],
					[
						55615.3846153846,
						0,
						0
					],
					[
						55961.5384615384,
						0,
						0
					],
					[
						56076.9230769231,
						2,
						0
					],
					[
						56192.3076923077,
						1,
						0
					],
					[
						55384.6153846154,
						3,
						0
					],
					[
						55384.6153846154,
						7,
						0
					],
					[
						56307.6923076923,
						3,
						0
					],
					[
						56423.0769230769,
						0,
						0
					],
					[
						56538.4615384615,
						1,
						0
					],
					[
						56653.8461538461,
						2,
						0
					],
					[
						56769.2307692308,
						0,
						116
					],
					[
						57000,
						2,
						116
					],
					[
						55615.3846153846,
						5,
						0
					]
				],
				"typeOfSection": 0,
				"gfSection": false,
				"altAnim": false,
				"mustHitSection": true,
				"changeBPM": false,
				"bpm": 150
			},
			{
				"sectionBeats": 4,
				"sectionNotes": [
					[
						57461.5384615384,
						1,
						0
					],
					[
						57576.9230769231,
						3,
						0
					],
					[
						57807.6923076923,
						0,
						0
					],
					[
						57923.0769230769,
						1,
						0
					],
					[
						58038.4615384615,
						2,
						0
					],
					[
						57576.9230769231,
						7,
						0
					],
					[
						57461.5384615384,
						4,
						0
					],
					[
						57807.6923076923,
						4,
						0
					],
					[
						57923.0769230769,
						6,
						0
					],
					[
						58038.4615384615,
						5,
						0
					],
					[
						57230.7692307692,
						7,
						0
					],
					[
						57230.7692307692,
						3,
						0
					],
					[
						58153.8461538461,
						7,
						0
					],
					[
						58269.2307692308,
						4,
						0
					],
					[
						58384.6153846154,
						5,
						0
					],
					[
						58500,
						6,
						0
					],
					[
						58615.3846153846,
						7,
						0
					],
					[
						58730.7692307692,
						5,
						0
					],
					[
						58788.4615384615,
						4,
						0
					],
					[
						58846.1538461538,
						7,
						0
					],
					[
						58961.5384615384,
						6,
						0
					]
				],
				"typeOfSection": 0,
				"gfSection": false,
				"altAnim": false,
				"mustHitSection": false,
				"changeBPM": false,
				"bpm": 150
			},
			{
				"sectionBeats": 4,
				"sectionNotes": [
					[
						59076.9230769231,
						0,
						0
					],
					[
						59307.6923076923,
						3,
						0
					],
					[
						59423.0769230769,
						0,
						0
					],
					[
						59076.9230769231,
						4,
						0
					],
					[
						59307.6923076923,
						7,
						0
					],
					[
						59423.0769230769,
						4,
						0
					],
					[
						59653.8461538461,
						5,
						0
					],
					[
						59769.2307692308,
						6,
						0
					],
					[
						59653.8461538461,
						1,
						0
					],
					[
						59769.2307692308,
						3,
						0
					],
					[
						59884.6153846154,
						2,
						0
					],
					[
						60000,
						0,
						0
					],
					[
						60115.3846153846,
						1,
						0
					],
					[
						60230.7692307692,
						0,
						0
					],
					[
						60346.1538461538,
						3,
						0
					],
					[
						60461.5384615384,
						2,
						116
					],
					[
						60692.3076923077,
						1,
						116
					]
				],
				"typeOfSection": 0,
				"gfSection": false,
				"altAnim": false,
				"mustHitSection": true,
				"changeBPM": false,
				"bpm": 150
			},
			{
				"sectionBeats": 4,
				"sectionNotes": [
					[
						61153.8461538461,
						1,
						0
					],
					[
						61269.2307692308,
						3,
						0
					],
					[
						61500,
						0,
						0
					],
					[
						61615.3846153846,
						1,
						0
					],
					[
						61730.7692307692,
						2,
						0
					],
					[
						61269.2307692308,
						7,
						0
					],
					[
						61153.8461538461,
						4,
						0
					],
					[
						61500,
						4,
						0
					],
					[
						61615.3846153846,
						6,
						0
					],
					[
						60923.0769230769,
						7,
						0
					],
					[
						60923.0769230769,
						3,
						0
					],
					[
						61730.7692307692,
						7,
						0
					],
					[
						61846.1538461538,
						5,
						0
					],
					[
						61961.5384615384,
						7,
						0
					],
					[
						62076.9230769231,
						5,
						0
					],
					[
						62192.3076923077,
						6,
						0
					],
					[
						62307.6923076923,
						4,
						116
					],
					[
						62538.4615384615,
						7,
						116
					]
				],
				"typeOfSection": 0,
				"gfSection": false,
				"altAnim": false,
				"mustHitSection": false,
				"changeBPM": false,
				"bpm": 150
			},
			{
				"sectionBeats": 4,
				"sectionNotes": [
					[
						63115.3846153846,
						7,
						0
					],
					[
						63692.3076923077,
						7,
						0
					],
					[
						63000,
						3,
						0
					],
					[
						62769.2307692307,
						0,
						0
					],
					[
						63115.3846153846,
						0,
						0
					],
					[
						63346.1538461538,
						3,
						0
					],
					[
						63576.923076923,
						1,
						0
					],
					[
						63461.5384615384,
						2,
						0
					],
					[
						62769.2307692307,
						7,
						0
					],
					[
						63000,
						5,
						0
					],
					[
						63346.1538461538,
						4,
						0
					],
					[
						63461.5384615384,
						5,
						0
					],
					[
						63576.923076923,
						6,
						0
					],
					[
						63807.6923076923,
						6,
						0
					],
					[
						63923.0769230769,
						4,
						0
					],
					[
						64038.4615384615,
						5,
						0
					],
					[
						64153.8461538461,
						7,
						116
					],
					[
						64384.6153846154,
						4,
						116
					]
				],
				"typeOfSection": 0,
				"gfSection": false,
				"altAnim": false,
				"mustHitSection": true,
				"changeBPM": false,
				"bpm": 150
			},
			{
				"sectionBeats": 4,
				"sectionNotes": [
					[
						64961.5384615384,
						7,
						0
					],
					[
						65538.4615384615,
						7,
						0
					],
					[
						64846.1538461538,
						3,
						0
					],
					[
						64615.3846153846,
						0,
						0
					],
					[
						64961.5384615384,
						0,
						0
					],
					[
						65192.3076923077,
						3,
						0
					],
					[
						65423.0769230769,
						1,
						0
					],
					[
						65307.6923076923,
						2,
						0
					],
					[
						64615.3846153846,
						7,
						0
					],
					[
						64846.1538461538,
						5,
						0
					],
					[
						65192.3076923077,
						4,
						0
					],
					[
						65307.6923076923,
						5,
						0
					],
					[
						65423.0769230769,
						6,
						0
					],
					[
						65653.8461538461,
						6,
						0
					],
					[
						65884.6153846154,
						5,
						0
					],
					[
						65769.2307692307,
						7,
						0
					],
					[
						66000,
						6,
						0
					],
					[
						66115.3846153846,
						4,
						0
					],
					[
						66173.0769230769,
						5,
						0
					],
					[
						66230.7692307692,
						7,
						1
					],
					[
						66346.1538461538,
						6,
						0
					]
				],
				"typeOfSection": 0,
				"gfSection": false,
				"altAnim": false,
				"mustHitSection": true,
				"changeBPM": false,
				"bpm": 150
			},
			{
				"sectionBeats": 4,
				"sectionNotes": [
					[
						66461.5384615384,
						3,
						116
					],
					[
						66692.3076923077,
						2,
						0
					],
					[
						66807.6923076923,
						3,
						0
					],
					[
						67038.4615384615,
						0,
						0
					],
					[
						67153.8461538461,
						3,
						0
					],
					[
						67269.2307692308,
						2,
						0
					],
					[
						66461.5384615384,
						4,
						116
					],
					[
						66692.3076923077,
						6,
						0
					],
					[
						66807.6923076923,
						4,
						0
					],
					[
						67038.4615384615,
						7,
						0
					],
					[
						67153.8461538461,
						6,
						0
					],
					[
						67269.2307692308,
						5,
						0
					],
					[
						67384.6153846154,
						6,
						0
					],
					[
						67500,
						7,
						0
					],
					[
						67615.3846153846,
						5,
						0
					],
					[
						67730.7692307692,
						6,
						0
					],
					[
						67846.1538461538,
						4,
						116
					],
					[
						68076.923076923,
						6,
						116
					]
				],
				"typeOfSection": 0,
				"gfSection": false,
				"altAnim": false,
				"mustHitSection": true,
				"changeBPM": false,
				"bpm": 150
			},
			{
				"sectionBeats": 4,
				"sectionNotes": [
					[
						68653.8461538461,
						3,
						0
					],
					[
						68538.4615384615,
						7,
						0
					],
					[
						68307.6923076923,
						4,
						0
					],
					[
						68653.8461538461,
						4,
						0
					],
					[
						68884.6153846154,
						7,
						0
					],
					[
						69115.3846153846,
						5,
						0
					],
					[
						69000,
						6,
						0
					],
					[
						68307.6923076923,
						3,
						0
					],
					[
						68538.4615384615,
						1,
						0
					],
					[
						68884.6153846154,
						0,
						0
					],
					[
						69000,
						1,
						0
					],
					[
						69115.3846153846,
						2,
						0
					],
					[
						69230.7692307692,
						1,
						0
					],
					[
						69346.1538461538,
						3,
						0
					],
					[
						69461.5384615384,
						1,
						0
					],
					[
						69576.923076923,
						2,
						0
					],
					[
						69692.3076923077,
						3,
						116
					],
					[
						69923.0769230769,
						0,
						116
					],
					[
						69230.7692307692,
						4,
						0
					],
					[
						69346.1538461538,
						7,
						0
					],
					[
						69461.5384615384,
						4,
						0
					],
					[
						69576.923076923,
						6,
						0
					],
					[
						69692.3076923077,
						5,
						116
					],
					[
						69923.0769230769,
						4,
						116
					]
				],
				"typeOfSection": 0,
				"gfSection": false,
				"altAnim": false,
				"mustHitSection": false,
				"changeBPM": false,
				"bpm": 150
			},
			{
				"sectionBeats": 4,
				"sectionNotes": [
					[
						70153.8461538461,
						7,
						348,
						"Okayu Note"
					],
					[
						70153.8461538461,
						3,
						346.153846153846
					],
					[
						70615.3846153846,
						2,
						0
					],
					[
						70730.7692307692,
						0,
						0
					],
					[
						70846.1538461538,
						1,
						0
					],
					[
						70961.5384615384,
						3,
						0
					],
					[
						71076.923076923,
						2,
						115.384615384615
					],
					[
						71307.6923076923,
						0,
						0
					],
					[
						71538.4615384615,
						2,
						115.384615384615
					],
					[
						71769.2307692307,
						3,
						115.384615384615
					],
					[
						70615.3846153846,
						6,
						0,
						"Okayu Note"
					],
					[
						70846.1538461538,
						4,
						346.153846153846,
						"Okayu Note"
					],
					[
						71307.6923076923,
						7,
						0,
						"Okayu Note"
					],
					[
						71423.0769230769,
						5,
						0,
						"Okayu Note"
					],
					[
						71538.4615384615,
						6,
						0,
						"Okayu Note"
					],
					[
						71769.2307692307,
						7,
						115.384615384615,
						"Okayu Note"
					]
				],
				"typeOfSection": 0,
				"gfSection": false,
				"altAnim": false,
				"mustHitSection": true,
				"changeBPM": false,
				"bpm": 150
			},
			{
				"sectionBeats": 4,
				"sectionNotes": [
					[
						72000,
						1,
						232
					],
					[
						72346.1538461538,
						2,
						232
					],
					[
						72692.3076923077,
						0,
						233
					],
					[
						73038.4615384615,
						2,
						232
					],
					[
						73384.6153846154,
						3,
						116
					],
					[
						73615.3846153846,
						1,
						116
					],
					[
						72000,
						5,
						0,
						"Okayu Note"
					],
					[
						72115.3846153846,
						6,
						0,
						"Okayu Note"
					],
					[
						72230.7692307692,
						4,
						0,
						"Okayu Note"
					],
					[
						72346.1538461538,
						6,
						115.384615384615,
						"Okayu Note"
					],
					[
						72576.923076923,
						7,
						0,
						"Okayu Note"
					],
					[
						72692.3076923077,
						4,
						115.384615384615,
						"Okayu Note"
					],
					[
						72923.0769230769,
						5,
						0,
						"Okayu Note"
					],
					[
						73038.4615384615,
						6,
						0,
						"Okayu Note"
					],
					[
						73153.8461538461,
						7,
						0,
						"Okayu Note"
					],
					[
						73269.2307692307,
						6,
						115.384615384615,
						"Okayu Note"
					],
					[
						73500,
						5,
						0,
						"Okayu Note"
					],
					[
						73615.3846153846,
						7,
						115.384615384615,
						"Okayu Note"
					]
				],
				"typeOfSection": 0,
				"gfSection": false,
				"altAnim": false,
				"mustHitSection": true,
				"changeBPM": false,
				"bpm": 150
			},
			{
				"sectionBeats": 4,
				"sectionNotes": [
					[
						75230.7692307692,
						3,
						0
					],
					[
						75346.1538461538,
						0,
						0
					],
					[
						75461.5384615384,
						2,
						0
					],
					[
						75576.923076923,
						3,
						0
					],
					[
						74307.6923076923,
						1,
						0
					],
					[
						74423.0769230769,
						3,
						0
					],
					[
						74538.4615384615,
						2,
						0
					],
					[
						74653.8461538461,
						1,
						0
					],
					[
						74769.2307692307,
						0,
						348
					],
					[
						73846.1538461538,
						3,
						346.153846153846
					],
					[
						73846.1538461538,
						4,
						0,
						"Okayu Note"
					],
					[
						73961.5384615384,
						7,
						0,
						"Okayu Note"
					],
					[
						74076.923076923,
						6,
						0,
						"Okayu Note"
					],
					[
						74192.3076923077,
						7,
						0,
						"Okayu Note"
					],
					[
						74307.6923076923,
						6,
						0,
						"Okayu Note"
					],
					[
						74538.4615384615,
						5,
						115.384615384615,
						"Okayu Note"
					],
					[
						74769.2307692307,
						7,
						0,
						"Okayu Note"
					],
					[
						74884.6153846153,
						6,
						0,
						"Okayu Note"
					],
					[
						75000,
						4,
						0,
						"Okayu Note"
					],
					[
						75115.3846153846,
						4,
						0,
						"Okayu Note"
					],
					[
						75230.7692307692,
						7,
						115.384615384615,
						"Okayu Note"
					],
					[
						75461.5384615384,
						6,
						0,
						"Okayu Note"
					]
				],
				"typeOfSection": 0,
				"gfSection": false,
				"altAnim": false,
				"mustHitSection": true,
				"changeBPM": false,
				"bpm": 150
			},
			{
				"sectionBeats": 4,
				"sectionNotes": [
					[
						75692.3076923077,
						1,
						348
					],
					[
						76153.8461538461,
						3,
						0
					],
					[
						76269.2307692307,
						1,
						0
					],
					[
						76384.6153846153,
						0,
						348
					],
					[
						76846.1538461538,
						2,
						0
					],
					[
						76961.5384615384,
						3,
						0
					],
					[
						77192.3076923077,
						3,
						0
					],
					[
						77076.923076923,
						0,
						0
					],
					[
						77307.6923076923,
						1,
						0
					],
					[
						77423.0769230769,
						2,
						0
					],
					[
						75692.3076923077,
						5,
						346.153846153846,
						"Okayu Note"
					],
					[
						76153.8461538461,
						6,
						0,
						"Okayu Note"
					],
					[
						76269.2307692307,
						5,
						0,
						"Okayu Note"
					],
					[
						76384.6153846153,
						7,
						346.153846153846,
						"Okayu Note"
					],
					[
						76846.1538461538,
						5,
						0,
						"Okayu Note"
					],
					[
						76961.5384615384,
						4,
						0,
						"Okayu Note"
					],
					[
						77076.923076923,
						6,
						0,
						"Okayu Note"
					],
					[
						77307.6923076923,
						6,
						0,
						"Okayu Note"
					]
				],
				"typeOfSection": 0,
				"gfSection": false,
				"altAnim": false,
				"mustHitSection": true,
				"changeBPM": false,
				"bpm": 150
			},
			{
				"sectionBeats": 4,
				"sectionNotes": [
					[
						77769.2307692307,
						5,
						0
					],
					[
						77884.6153846153,
						4,
						0
					],
					[
						78000,
						7,
						116
					],
					[
						78461.5384615384,
						6,
						116
					],
					[
						78923.0769230769,
						5,
						116
					],
					[
						77538.4615384615,
						7,
						0
					],
					[
						78230.7692307692,
						4,
						0
					],
					[
						78692.3076923077,
						4,
						0
					],
					[
						79153.8461538461,
						7,
						0
					],
					[
						77538.4615384615,
						3,
						346.153846153846,
						"Okayu Note"
					],
					[
						77538.4615384615,
						1,
						346.153846153846,
						"Okayu Note"
					],
					[
						78000,
						2,
						0,
						"Okayu Note"
					],
					[
						78115.3846153846,
						1,
						0,
						"Okayu Note"
					],
					[
						78230.7692307692,
						0,
						0,
						"Okayu Note"
					],
					[
						78461.5384615384,
						3,
						0,
						"Okayu Note"
					],
					[
						78576.923076923,
						1,
						0,
						"Okayu Note"
					],
					[
						78692.3076923077,
						0,
						0,
						"Okayu Note"
					],
					[
						78807.6923076923,
						3,
						0,
						"Okayu Note"
					],
					[
						78923.0769230769,
						1,
						0,
						"Okayu Note"
					],
					[
						79038.4615384615,
						0,
						0,
						"Okayu Note"
					],
					[
						79153.8461538461,
						2,
						0,
						"Okayu Note"
					],
					[
						79269.2307692307,
						0,
						0,
						"Okayu Note"
					]
				],
				"typeOfSection": 0,
				"gfSection": false,
				"altAnim": false,
				"mustHitSection": false,
				"changeBPM": false,
				"bpm": 150
			},
			{
				"sectionBeats": 4,
				"sectionNotes": [
					[
						79615.3846153846,
						7,
						0
					],
					[
						79846.1538461538,
						7,
						116
					],
					[
						79730.7692307692,
						5,
						0
					],
					[
						80307.6923076923,
						6,
						116
					],
					[
						79384.6153846153,
						6,
						0
					],
					[
						80076.923076923,
						4,
						0
					],
					[
						80538.4615384615,
						5,
						0
					],
					[
						80653.8461538461,
						7,
						0
					],
					[
						80769.2307692307,
						4,
						0
					],
					[
						80884.6153846153,
						7,
						0
					],
					[
						81000,
						4,
						0
					],
					[
						81115.3846153846,
						6,
						0
					],
					[
						79384.6153846153,
						2,
						346.153846153846,
						"Okayu Note"
					],
					[
						79384.6153846153,
						1,
						346.153846153846,
						"Okayu Note"
					],
					[
						79846.1538461538,
						0,
						0,
						"Okayu Note"
					],
					[
						79961.5384615384,
						1,
						0,
						"Okayu Note"
					],
					[
						80076.923076923,
						3,
						0,
						"Okayu Note"
					],
					[
						80192.3076923077,
						2,
						0,
						"Okayu Note"
					],
					[
						80307.6923076923,
						1,
						115.384615384615,
						"Okayu Note"
					],
					[
						80538.4615384615,
						3,
						0,
						"Okayu Note"
					],
					[
						80653.8461538461,
						2,
						0,
						"Okayu Note"
					],
					[
						80769.2307692307,
						0,
						0,
						"Okayu Note"
					],
					[
						81000,
						1,
						115.384615384615,
						"Okayu Note"
					]
				],
				"typeOfSection": 0,
				"gfSection": false,
				"altAnim": false,
				"mustHitSection": false,
				"changeBPM": false,
				"bpm": 150
			},
			{
				"sectionBeats": 4,
				"sectionNotes": [
					[
						81576.923076923,
						6,
						0
					],
					[
						82153.8461538461,
						6,
						116
					],
					[
						81461.5384615384,
						4,
						0
					],
					[
						81692.3076923077,
						7,
						116
					],
					[
						82615.3846153846,
						5,
						116
					],
					[
						81230.7692307692,
						5,
						0
					],
					[
						81923.0769230769,
						4,
						0
					],
					[
						82384.6153846153,
						4,
						0
					],
					[
						82846.1538461538,
						7,
						0
					],
					[
						81230.7692307692,
						3,
						346.153846153846,
						"Okayu Note"
					],
					[
						81230.7692307692,
						0,
						346.153846153846,
						"Okayu Note"
					],
					[
						81692.3076923077,
						2,
						0,
						"Okayu Note"
					],
					[
						81807.6923076923,
						3,
						0,
						"Okayu Note"
					],
					[
						81923.0769230769,
						1,
						115.384615384615,
						"Okayu Note"
					],
					[
						82153.8461538461,
						2,
						0,
						"Okayu Note"
					],
					[
						82269.2307692307,
						1,
						0,
						"Okayu Note"
					],
					[
						82384.6153846153,
						0,
						0,
						"Okayu Note"
					],
					[
						82442.3076923077,
						3,
						0,
						"Okayu Note"
					],
					[
						82500,
						2,
						0,
						"Okayu Note"
					],
					[
						82615.3846153846,
						3,
						0,
						"Okayu Note"
					],
					[
						82788.4615384615,
						1,
						0,
						"Okayu Note"
					],
					[
						82730.7692307692,
						0,
						0,
						"Okayu Note"
					],
					[
						82846.1538461538,
						2,
						0,
						"Okayu Note"
					],
					[
						82961.5384615384,
						0,
						0,
						"Okayu Note"
					]
				],
				"typeOfSection": 0,
				"gfSection": false,
				"altAnim": false,
				"mustHitSection": false,
				"changeBPM": false,
				"bpm": 150
			},
			{
				"sectionBeats": 4,
				"sectionNotes": [
					[
						83307.6923076923,
						7,
						0
					],
					[
						83346.1538461538,
						5,
						0
					],
					[
						83538.4615384615,
						4,
						116
					],
					[
						83769.2307692307,
						7,
						0
					],
					[
						83884.6153846153,
						5,
						0
					],
					[
						84230.7692307692,
						5,
						0
					],
					[
						84576.923076923,
						4,
						0
					],
					[
						84692.3076923076,
						5,
						0
					],
					[
						84807.6923076923,
						7,
						0
					],
					[
						84000,
						6,
						116
					],
					[
						84346.1538461538,
						7,
						117
					],
					[
						83076.923076923,
						5,
						0
					],
					[
						83076.923076923,
						3,
						115.384615384615,
						"Okayu Note"
					],
					[
						83076.923076923,
						1,
						115.384615384615,
						"Okayu Note"
					],
					[
						83538.4615384615,
						0,
						115.384615384615,
						"Okayu Note"
					],
					[
						83538.4615384615,
						2,
						115.384615384615,
						"Okayu Note"
					],
					[
						83769.2307692307,
						3,
						0,
						"Okayu Note"
					],
					[
						83884.6153846153,
						2,
						0,
						"Okayu Note"
					],
					[
						84000,
						0,
						0,
						"Okayu Note"
					],
					[
						84230.7692307692,
						1,
						0,
						"Okayu Note"
					],
					[
						84346.1538461538,
						2,
						115.384615384615,
						"Okayu Note"
					],
					[
						84576.923076923,
						3,
						0,
						"Okayu Note"
					],
					[
						84692.3076923076,
						1,
						0,
						"Okayu Note"
					],
					[
						84807.6923076923,
						0,
						0,
						"Okayu Note"
					]
				],
				"typeOfSection": 0,
				"gfSection": false,
				"altAnim": false,
				"mustHitSection": false,
				"changeBPM": false,
				"bpm": 150
			},
			{
				"sectionBeats": 4,
				"sectionNotes": [
					[
						84923.0769230769,
						0,
						348
					],
					[
						85615.3846153846,
						3,
						348
					],
					[
						86076.923076923,
						0,
						0
					],
					[
						86192.3076923076,
						1,
						0
					],
					[
						86307.6923076923,
						0,
						116
					],
					[
						86538.4615384615,
						3,
						116
					],
					[
						85384.6153846153,
						2,
						0
					],
					[
						84923.0769230769,
						7,
						346.153846153846,
						"Okayu Note"
					],
					[
						85384.6153846153,
						4,
						0,
						"Okayu Note"
					],
					[
						85500,
						6,
						0,
						"Okayu Note"
					],
					[
						85615.3846153846,
						5,
						0,
						"Okayu Note"
					],
					[
						85730.7692307692,
						4,
						0,
						"Okayu Note"
					],
					[
						85846.1538461538,
						5,
						115.384615384615,
						"Okayu Note"
					],
					[
						86076.923076923,
						6,
						0,
						"Okayu Note"
					],
					[
						86307.6923076923,
						5,
						115.384615384615,
						"Okayu Note"
					],
					[
						86538.4615384615,
						7,
						115.384615384615,
						"Okayu Note"
					]
				],
				"typeOfSection": 0,
				"gfSection": false,
				"altAnim": false,
				"mustHitSection": true,
				"changeBPM": false,
				"bpm": 150
			},
			{
				"sectionBeats": 4,
				"sectionNotes": [
					[
						86769.2307692307,
						2,
						0
					],
					[
						86884.6153846153,
						3,
						0
					],
					[
						87000,
						1,
						0
					],
					[
						87115.3846153846,
						3,
						116
					],
					[
						87346.1538461538,
						0,
						0
					],
					[
						87461.5384615384,
						1,
						116
					],
					[
						87692.3076923076,
						2,
						0
					],
					[
						87807.6923076923,
						3,
						0
					],
					[
						87923.0769230769,
						1,
						0
					],
					[
						88038.4615384615,
						3,
						116
					],
					[
						88269.2307692307,
						2,
						0
					],
					[
						88384.6153846153,
						0,
						116
					],
					[
						86769.2307692307,
						5,
						230.769230769231,
						"Okayu Note"
					],
					[
						87115.3846153846,
						7,
						230.769230769231,
						"Okayu Note"
					],
					[
						87461.5384615384,
						6,
						230.769230769231,
						"Okayu Note"
					],
					[
						87807.6923076923,
						5,
						230.769230769231,
						"Okayu Note"
					],
					[
						88153.8461538461,
						4,
						115.384615384615,
						"Okayu Note"
					],
					[
						88384.6153846153,
						5,
						115.384615384615,
						"Okayu Note"
					]
				],
				"typeOfSection": 0,
				"gfSection": false,
				"altAnim": false,
				"mustHitSection": true,
				"changeBPM": false,
				"bpm": 150
			},
			{
				"sectionBeats": 4,
				"sectionNotes": [
					[
						88615.3846153846,
						1,
						0
					],
					[
						88730.7692307692,
						2,
						0
					],
					[
						88846.1538461538,
						0,
						0
					],
					[
						88961.5384615384,
						3,
						0
					],
					[
						89076.923076923,
						0,
						116
					],
					[
						89307.6923076923,
						2,
						116
					],
					[
						89538.4615384615,
						0,
						0
					],
					[
						89653.8461538461,
						3,
						0
					],
					[
						89769.2307692307,
						1,
						0
					],
					[
						89884.6153846153,
						3,
						0
					],
					[
						90000,
						0,
						116
					],
					[
						90230.7692307692,
						2,
						116
					],
					[
						88615.3846153846,
						4,
						346.153846153846,
						"Okayu Note"
					],
					[
						89076.923076923,
						7,
						0,
						"Okayu Note"
					],
					[
						89192.3076923076,
						6,
						0,
						"Okayu Note"
					],
					[
						89307.6923076923,
						4,
						0,
						"Okayu Note"
					],
					[
						89423.0769230769,
						7,
						0,
						"Okayu Note"
					],
					[
						89538.4615384615,
						6,
						346.153846153846,
						"Okayu Note"
					],
					[
						90000,
						4,
						0,
						"Okayu Note"
					],
					[
						90115.3846153846,
						6,
						0,
						"Okayu Note"
					],
					[
						90230.7692307692,
						5,
						0,
						"Okayu Note"
					],
					[
						90346.1538461538,
						7,
						0,
						"Okayu Note"
					]
				],
				"typeOfSection": 0,
				"gfSection": false,
				"altAnim": false,
				"mustHitSection": true,
				"changeBPM": false,
				"bpm": 150
			},
			{
				"sectionBeats": 4,
				"sectionNotes": [
					[
						90461.5384615384,
						0,
						348
					],
					[
						90923.0769230769,
						3,
						0
					],
					[
						91038.4615384615,
						2,
						0
					],
					[
						91153.8461538461,
						1,
						348
					],
					[
						91615.3846153846,
						2,
						0
					],
					[
						91730.7692307692,
						3,
						0
					],
					[
						91846.1538461538,
						1,
						0
					],
					[
						92076.923076923,
						0,
						116
					],
					[
						90461.5384615384,
						6,
						346.153846153846,
						"Okayu Note"
					],
					[
						90923.0769230769,
						7,
						0,
						"Okayu Note"
					],
					[
						91153.8461538461,
						6,
						346.153846153846,
						"Okayu Note"
					],
					[
						91038.4615384615,
						4,
						0,
						"Okayu Note"
					],
					[
						91615.3846153846,
						5,
						0,
						"Okayu Note"
					],
					[
						91730.7692307692,
						4,
						0,
						"Okayu Note"
					],
					[
						91846.1538461538,
						7,
						0,
						"Okayu Note"
					],
					[
						91961.5384615384,
						4,
						0,
						"Okayu Note"
					],
					[
						92076.923076923,
						6,
						0,
						"Okayu Note"
					],
					[
						92192.3076923076,
						5,
						0,
						"Okayu Note"
					]
				],
				"typeOfSection": 0,
				"gfSection": false,
				"altAnim": false,
				"mustHitSection": true,
				"changeBPM": false,
				"bpm": 150
			},
			{
				"sectionBeats": 4,
				"sectionNotes": [
					[
						92307.6923076923,
						6,
						348,
						"No Animation"
					],
					[
						93346.1538461538,
						6,
						0
					],
					[
						93461.5384615384,
						4,
						0
					],
					[
						93692.3076923076,
						6,
						0
					],
					[
						93807.6923076923,
						4,
						0
					],
					[
						92999.9999999999,
						5,
						116
					],
					[
						92769.2307692307,
						4,
						0
					],
					[
						92884.6153846153,
						6,
						0
					],
					[
						93230.7692307692,
						7,
						0
					],
					[
						93576.923076923,
						7,
						0
					],
					[
						93923.0769230769,
						7,
						0
					],
					[
						94038.4615384615,
						4,
						0
					],
					[
						92307.6923076923,
						7,
						348
					],
					[
						92307.6923076923,
						3,
						0,
						"Okayu Note"
					],
					[
						92538.4615384615,
						2,
						0,
						"Okayu Note"
					],
					[
						92653.8461538461,
						0,
						0,
						"Okayu Note"
					],
					[
						92769.2307692307,
						2,
						115.384615384615,
						"Okayu Note"
					],
					[
						92999.9999999999,
						3,
						0,
						"Okayu Note"
					],
					[
						93230.7692307692,
						1,
						115.384615384615,
						"Okayu Note"
					],
					[
						93461.5384615384,
						3,
						0,
						"Okayu Note"
					],
					[
						93692.3076923076,
						0,
						0,
						"Okayu Note"
					],
					[
						93923.0769230769,
						3,
						0,
						"Okayu Note"
					]
				],
				"typeOfSection": 0,
				"gfSection": false,
				"altAnim": false,
				"mustHitSection": false,
				"changeBPM": false,
				"bpm": 150
			},
			{
				"sectionBeats": 4,
				"sectionNotes": [
					[
						94615.3846153846,
						7,
						0
					],
					[
						94730.7692307692,
						6,
						0
					],
					[
						94846.1538461538,
						4,
						0
					],
					[
						94961.5384615384,
						7,
						0
					],
					[
						94153.8461538461,
						5,
						348,
						"No Animation"
					],
					[
						95076.923076923,
						6,
						116
					],
					[
						95307.6923076923,
						4,
						0
					],
					[
						95423.0769230769,
						7,
						0
					],
					[
						95538.4615384615,
						4,
						116
					],
					[
						95769.2307692307,
						6,
						116
					],
					[
						94153.8461538461,
						6,
						348
					],
					[
						94153.8461538461,
						1,
						0,
						"Okayu Note"
					],
					[
						94384.6153846153,
						2,
						0,
						"Okayu Note"
					],
					[
						94499.9999999999,
						0,
						0,
						"Okayu Note"
					],
					[
						94615.3846153846,
						3,
						115.384615384615,
						"Okayu Note"
					],
					[
						94846.1538461538,
						2,
						0,
						"Okayu Note"
					],
					[
						95076.923076923,
						0,
						0,
						"Okayu Note"
					],
					[
						95076.923076923,
						1,
						115.384615384615,
						"Okayu Note"
					],
					[
						95307.6923076923,
						3,
						0,
						"Okayu Note"
					],
					[
						95423.0769230769,
						2,
						0,
						"Okayu Note"
					],
					[
						95538.4615384615,
						0,
						0,
						"Okayu Note"
					],
					[
						95653.8461538461,
						2,
						0,
						"Okayu Note"
					],
					[
						95769.2307692307,
						0,
						0,
						"Okayu Note"
					],
					[
						95884.6153846153,
						1,
						0,
						"Okayu Note"
					]
				],
				"typeOfSection": 0,
				"gfSection": false,
				"altAnim": false,
				"mustHitSection": false,
				"changeBPM": false,
				"bpm": 150
			},
			{
				"sectionBeats": 4,
				"sectionNotes": [
					[
						96461.5384615384,
						5,
						0
					],
					[
						96576.923076923,
						4,
						0
					],
					[
						95999.9999999999,
						4,
						348,
						"No Animation"
					],
					[
						96692.3076923076,
						6,
						116
					],
					[
						96923.0769230769,
						7,
						0
					],
					[
						97038.4615384615,
						4,
						0
					],
					[
						97269.2307692307,
						7,
						0
					],
					[
						97153.8461538461,
						5,
						0
					],
					[
						97211.5384615384,
						6,
						0
					],
					[
						97384.6153846153,
						4,
						0
					],
					[
						97615.3846153846,
						7,
						0
					],
					[
						97730.7692307692,
						4,
						0
					],
					[
						97499.9999999999,
						5,
						0
					],
					[
						97557.6923076923,
						6,
						0
					],
					[
						95999.9999999999,
						7,
						348
					],
					[
						95999.9999999999,
						3,
						0,
						"Okayu Note"
					],
					[
						96230.7692307692,
						2,
						0,
						"Okayu Note"
					],
					[
						96346.1538461538,
						0,
						0,
						"Okayu Note"
					],
					[
						96461.5384615384,
						2,
						115.384615384615,
						"Okayu Note"
					],
					[
						96692.3076923076,
						3,
						0,
						"Okayu Note"
					],
					[
						96923.0769230769,
						1,
						115.384615384615,
						"Okayu Note"
					],
					[
						97153.8461538461,
						3,
						0,
						"Okayu Note"
					],
					[
						97384.6153846153,
						0,
						0,
						"Okayu Note"
					],
					[
						97615.3846153846,
						2,
						0,
						"Okayu Note"
					]
				],
				"typeOfSection": 0,
				"gfSection": false,
				"altAnim": false,
				"mustHitSection": false,
				"changeBPM": false,
				"bpm": 150
			},
			{
				"sectionBeats": 4,
				"sectionNotes": [
					[
						98538.4615384615,
						5,
						0
					],
					[
						98653.8461538461,
						6,
						0
					],
					[
						98769.2307692307,
						4,
						116
					],
					[
						98999.9999999999,
						6,
						0
					],
					[
						99115.3846153846,
						7,
						116
					],
					[
						99346.1538461538,
						5,
						0
					],
					[
						99461.5384615384,
						6,
						0
					],
					[
						99576.923076923,
						4,
						0
					],
					[
						97846.1538461538,
						5,
						117,
						"No Animation"
					],
					[
						98307.6923076923,
						4,
						116,
						"No Animation"
					],
					[
						97846.1538461538,
						6,
						116
					],
					[
						98307.6923076923,
						7,
						116
					],
					[
						97846.1538461538,
						3,
						0,
						"Okayu Note"
					],
					[
						98076.923076923,
						1,
						0,
						"Okayu Note"
					],
					[
						98115.3846153846,
						0,
						0,
						"Okayu Note"
					],
					[
						98307.6923076923,
						3,
						115.384615384615,
						"Okayu Note"
					],
					[
						98538.4615384615,
						0,
						0,
						"Okayu Note"
					],
					[
						98653.8461538461,
						2,
						0,
						"Okayu Note"
					],
					[
						98769.2307692307,
						1,
						115.384615384615,
						"Okayu Note"
					],
					[
						98999.9999999999,
						2,
						0,
						"Okayu Note"
					],
					[
						99115.3846153846,
						3,
						115.384615384615,
						"Okayu Note"
					],
					[
						99346.1538461538,
						1,
						0,
						"Okayu Note"
					],
					[
						99461.5384615384,
						2,
						0,
						"Okayu Note"
					],
					[
						99576.923076923,
						0,
						0,
						"Okayu Note"
					]
				],
				"typeOfSection": 0,
				"gfSection": false,
				"altAnim": false,
				"mustHitSection": false,
				"changeBPM": false,
				"bpm": 150
			},
			{
				"sectionBeats": 4,
				"sectionNotes": [
					[
						99692.3076923076,
						5,
						349
					],
					[
						99692.3076923076,
						3,
						346.153846153846
					],
					[
						100153.846153846,
						2,
						346.153846153846
					],
					[
						100615.384615385,
						1,
						0
					],
					[
						100961.538461538,
						3,
						115.384615384615
					],
					[
						101192.307692308,
						1,
						0
					],
					[
						101423.076923077,
						0,
						0
					]
				],
				"typeOfSection": 0,
				"gfSection": false,
				"altAnim": false,
				"mustHitSection": false,
				"changeBPM": false,
				"bpm": 150
			},
			{
				"sectionBeats": 4,
				"sectionNotes": [
					[
						101538.461538461,
						1,
						346.153846153846
					],
					[
						102000,
						2,
						346.153846153846
					],
					[
						102461.538461538,
						1,
						115.384615384615
					],
					[
						102807.692307692,
						3,
						0
					],
					[
						102923.076923077,
						2,
						0
					],
					[
						103153.846153846,
						0,
						0
					],
					[
						103269.230769231,
						1,
						0
					]
				],
				"typeOfSection": 0,
				"gfSection": false,
				"altAnim": false,
				"mustHitSection": false,
				"changeBPM": false,
				"bpm": 150
			},
			{
				"sectionBeats": 4,
				"sectionNotes": [
					[
						103384.615384615,
						3,
						0
					],
					[
						103615.384615385,
						2,
						0
					],
					[
						103730.769230769,
						0,
						0
					],
					[
						103846.153846154,
						1,
						346.153846153846
					],
					[
						104307.692307692,
						0,
						230.769230769231
					],
					[
						104653.846153846,
						3,
						0
					],
					[
						104769.230769231,
						3,
						0
					],
					[
						104923.076923077,
						1,
						0
					],
					[
						105115.384615385,
						3,
						0
					]
				],
				"typeOfSection": 0,
				"gfSection": false,
				"altAnim": false,
				"mustHitSection": false,
				"changeBPM": false,
				"bpm": 150
			},
			{
				"sectionBeats": 4,
				"sectionNotes": [
					[
						106500,
						4,
						0
					],
					[
						106615.384615385,
						4,
						0
					],
					[
						106788.461538461,
						7,
						58
					],
					[
						106961.538461538,
						6,
						0
					],
					[
						105230.769230769,
						2,
						346.153846153846
					],
					[
						105692.307692308,
						0,
						346.153846153846
					],
					[
						106153.846153846,
						1,
						346.153846153846
					],
					[
						106615.384615385,
						3,
						346.153846153846
					]
				],
				"typeOfSection": 0,
				"gfSection": false,
				"altAnim": false,
				"mustHitSection": false,
				"changeBPM": false,
				"bpm": 150
			},
			{
				"sectionBeats": 4,
				"sectionNotes": [
					[
						107538.461538461,
						2,
						348
					],
					[
						107076.923076923,
						0,
						349
					],
					[
						108000,
						3,
						233
					],
					[
						108346.153846154,
						0,
						116
					],
					[
						108576.923076923,
						2,
						116
					],
					[
						108807.692307692,
						3,
						0
					]
				],
				"typeOfSection": 0,
				"gfSection": false,
				"altAnim": false,
				"mustHitSection": true,
				"changeBPM": false,
				"bpm": 150
			},
			{
				"sectionBeats": 4,
				"sectionNotes": [
					[
						108923.076923077,
						0,
						348
					],
					[
						109384.615384615,
						1,
						348
					],
					[
						109846.153846154,
						2,
						232
					],
					[
						110192.307692308,
						0,
						0
					],
					[
						110307.692307692,
						0,
						0
					],
					[
						110480.769230769,
						3,
						116
					],
					[
						110653.846153846,
						2,
						0
					]
				],
				"typeOfSection": 0,
				"gfSection": false,
				"altAnim": false,
				"mustHitSection": true,
				"changeBPM": false,
				"bpm": 150
			},
			{
				"sectionBeats": 4,
				"sectionNotes": [
					[
						111000,
						2,
						0
					],
					[
						110769.230769231,
						1,
						0
					],
					[
						111115.384615385,
						1,
						0
					],
					[
						111230.769230769,
						0,
						348
					],
					[
						111692.307692308,
						3,
						235
					],
					[
						112038.461538461,
						0,
						0
					],
					[
						112153.846153846,
						1,
						0
					],
					[
						112326.923076923,
						2,
						0
					],
					[
						112500,
						3,
						0
					]
				],
				"typeOfSection": 0,
				"gfSection": false,
				"altAnim": false,
				"mustHitSection": true,
				"changeBPM": false,
				"bpm": 150
			},
			{
				"sectionBeats": 4,
				"sectionNotes": [
					[
						112615.384615385,
						0,
						232
					],
					[
						114000,
						2,
						348
					],
					[
						113538.461538461,
						0,
						116
					],
					[
						113769.230769231,
						1,
						116
					],
					[
						113076.923076923,
						0,
						0
					]
				],
				"typeOfSection": 0,
				"gfSection": false,
				"altAnim": false,
				"mustHitSection": true,
				"changeBPM": false,
				"bpm": 150
			},
			{
				"sectionBeats": 4,
				"sectionNotes": [
					[
						114461.538461538,
						5,
						348
					],
					[
						114923.076923077,
						4,
						348
					],
					[
						115384.615384615,
						6,
						233
					],
					[
						115730.769230769,
						7,
						116
					],
					[
						115961.538461538,
						6,
						116
					],
					[
						116192.307692308,
						7,
						0
					],
					[
						114461.538461538,
						2,
						0,
						"Okayu Note"
					],
					[
						114692.307692308,
						3,
						0,
						"Okayu Note"
					],
					[
						114807.692307692,
						0,
						0,
						"Okayu Note"
					],
					[
						114923.076923077,
						2,
						115.384615384615,
						"Okayu Note"
					],
					[
						115153.846153846,
						1,
						0,
						"Okayu Note"
					],
					[
						115384.615384615,
						0,
						115.384615384615,
						"Okayu Note"
					],
					[
						115615.384615385,
						1,
						0,
						"Okayu Note"
					],
					[
						115846.153846154,
						3,
						115.384615384615,
						"Okayu Note"
					],
					[
						116076.923076923,
						2,
						0,
						"Okayu Note"
					],
					[
						114461.538461538,
						7,
						0,
						"DoogHurtNote"
					]
				],
				"typeOfSection": 0,
				"gfSection": false,
				"altAnim": false,
				"mustHitSection": false,
				"changeBPM": false,
				"bpm": 150
			},
			{
				"sectionBeats": 4,
				"sectionNotes": [
					[
						116307.692307692,
						4,
						348
					],
					[
						116769.230769231,
						5,
						348
					],
					[
						117230.769230769,
						6,
						232
					],
					[
						117576.923076923,
						4,
						0
					],
					[
						117692.307692308,
						4,
						0
					],
					[
						117865.384615385,
						7,
						116
					],
					[
						118038.461538461,
						6,
						0
					],
					[
						116307.692307692,
						0,
						0,
						"Okayu Note"
					],
					[
						116538.461538461,
						1,
						0,
						"Okayu Note"
					],
					[
						116653.846153846,
						3,
						0,
						"Okayu Note"
					],
					[
						116769.230769231,
						1,
						0,
						"Okayu Note"
					],
					[
						117000,
						1,
						0,
						"Okayu Note"
					],
					[
						117230.769230769,
						2,
						115.384615384615,
						"Okayu Note"
					],
					[
						117230.769230769,
						3,
						0,
						"Okayu Note"
					],
					[
						117461.538461538,
						0,
						0,
						"Okayu Note"
					],
					[
						117576.923076923,
						2,
						0,
						"Okayu Note"
					],
					[
						117692.307692308,
						1,
						0,
						"Okayu Note"
					],
					[
						117807.692307692,
						3,
						0,
						"Okayu Note"
					],
					[
						117923.076923077,
						1,
						0,
						"Okayu Note"
					],
					[
						118038.461538461,
						0,
						0,
						"Okayu Note"
					],
					[
						116307.692307692,
						5,
						0,
						"DoogHurtNote"
					]
				],
				"typeOfSection": 0,
				"gfSection": false,
				"altAnim": false,
				"mustHitSection": false,
				"changeBPM": false,
				"bpm": 150
			},
			{
				"sectionBeats": 4,
				"sectionNotes": [
					[
						118384.615384615,
						6,
						0
					],
					[
						118153.846153846,
						5,
						0
					],
					[
						118500,
						5,
						0
					],
					[
						118615.384615385,
						4,
						348
					],
					[
						119076.923076923,
						7,
						235
					],
					[
						119423.076923077,
						4,
						0
					],
					[
						119538.461538461,
						7,
						0
					],
					[
						119711.538461538,
						6,
						0
					],
					[
						119884.615384615,
						7,
						0
					],
					[
						118153.846153846,
						2,
						0,
						"Okayu Note"
					],
					[
						118384.615384615,
						3,
						0,
						"Okayu Note"
					],
					[
						118500,
						0,
						0,
						"Okayu Note"
					],
					[
						118615.384615385,
						2,
						115.384615384615,
						"Okayu Note"
					],
					[
						118846.153846154,
						1,
						0,
						"Okayu Note"
					],
					[
						119076.923076923,
						0,
						0,
						"Okayu Note"
					],
					[
						119307.692307692,
						1,
						0,
						"Okayu Note"
					],
					[
						119538.461538461,
						3,
						115.384615384615,
						"Okayu Note"
					],
					[
						119769.230769231,
						2,
						0,
						"Okayu Note"
					],
					[
						118153.846153846,
						4,
						0,
						"DoogHurtNote"
					]
				],
				"typeOfSection": 0,
				"gfSection": false,
				"altAnim": false,
				"mustHitSection": false,
				"changeBPM": false,
				"bpm": 150
			},
			{
				"sectionBeats": 4,
				"sectionNotes": [
					[
						120000,
						6,
						348
					],
					[
						120461.538461538,
						7,
						348
					],
					[
						120923.076923077,
						4,
						349
					],
					[
						121384.615384615,
						5,
						348
					],
					[
						120000,
						0,
						0,
						"Okayu Note"
					],
					[
						120230.769230769,
						1,
						0,
						"Okayu Note"
					],
					[
						120269.230769231,
						3,
						0,
						"Okayu Note"
					],
					[
						120461.538461538,
						2,
						115.384615384615,
						"Okayu Note"
					],
					[
						120692.307692308,
						1,
						0,
						"Okayu Note"
					],
					[
						120807.692307692,
						3,
						0,
						"Okayu Note"
					],
					[
						120923.076923077,
						0,
						0,
						"Okayu Note"
					],
					[
						121153.846153846,
						1,
						0,
						"Okayu Note"
					],
					[
						121192.307692308,
						3,
						0,
						"Okayu Note"
					],
					[
						121269.230769231,
						2,
						0,
						"Okayu Note"
					],
					[
						121384.615384615,
						0,
						0,
						"Okayu Note"
					],
					[
						121557.692307692,
						3,
						57.6923076923077,
						"Okayu Note"
					],
					[
						121730.769230769,
						1,
						0,
						"Okayu Note"
					],
					[
						120000,
						5,
						0,
						"DoogHurtNote"
					],
					[
						120461.538461538,
						4,
						0,
						"DoogHurtNote"
					],
					[
						120923.076923077,
						6,
						0,
						"DoogHurtNote"
					],
					[
						121384.615384615,
						7,
						0,
						"DoogHurtNote"
					]
				],
				"typeOfSection": 0,
				"gfSection": false,
				"altAnim": false,
				"mustHitSection": false,
				"changeBPM": false,
				"bpm": 150
			},
			{
				"sectionBeats": 4,
				"sectionNotes": [
					[
						121846.153846154,
						0,
						0
					],
					[
						122076.923076923,
						1,
						0
					],
					[
						122192.307692308,
						3,
						0
					],
					[
						122307.692307692,
						0,
						116
					],
					[
						122769.230769231,
						3,
						116
					],
					[
						123230.769230769,
						1,
						116
					],
					[
						122538.461538461,
						2,
						0
					],
					[
						123000,
						2,
						0
					],
					[
						123461.538461538,
						0,
						0
					],
					[
						121846.153846154,
						6,
						346.153846153846,
						"Okayu Note"
					],
					[
						122307.692307692,
						5,
						346.153846153846,
						"Okayu Note"
					],
					[
						122769.230769231,
						7,
						230.769230769231,
						"Okayu Note"
					],
					[
						123115.384615385,
						4,
						115.384615384615,
						"Okayu Note"
					],
					[
						123346.153846154,
						5,
						115.384615384615,
						"Okayu Note"
					],
					[
						123576.923076923,
						7,
						0,
						"Okayu Note"
					]
				],
				"typeOfSection": 0,
				"gfSection": false,
				"altAnim": false,
				"mustHitSection": true,
				"changeBPM": false,
				"bpm": 150
			},
			{
				"sectionBeats": 4,
				"sectionNotes": [
					[
						123692.307692308,
						2,
						0
					],
					[
						123923.076923077,
						1,
						0
					],
					[
						124038.461538461,
						3,
						0
					],
					[
						124153.846153846,
						0,
						116
					],
					[
						124384.615384615,
						2,
						0
					],
					[
						124615.384615385,
						1,
						0
					],
					[
						124961.538461538,
						2,
						0
					],
					[
						125076.923076923,
						3,
						0
					],
					[
						125192.307692308,
						2,
						0
					],
					[
						125307.692307692,
						0,
						0
					],
					[
						125423.076923077,
						2,
						0
					],
					[
						124846.153846154,
						0,
						0
					],
					[
						124615.384615385,
						3,
						116
					],
					[
						123692.307692308,
						5,
						346.153846153846,
						"Okayu Note"
					],
					[
						124153.846153846,
						6,
						346.153846153846,
						"Okayu Note"
					],
					[
						124615.384615385,
						5,
						230.769230769231,
						"Okayu Note"
					],
					[
						124961.538461538,
						7,
						0,
						"Okayu Note"
					],
					[
						125076.923076923,
						6,
						0,
						"Okayu Note"
					],
					[
						125250,
						4,
						57.6923076923077,
						"Okayu Note"
					],
					[
						125423.076923077,
						5,
						0,
						"Okayu Note"
					]
				],
				"typeOfSection": 0,
				"gfSection": false,
				"altAnim": false,
				"mustHitSection": true,
				"changeBPM": false,
				"bpm": 150
			},
			{
				"sectionBeats": 4,
				"sectionNotes": [
					[
						125538.461538461,
						1,
						0
					],
					[
						125769.230769231,
						0,
						0
					],
					[
						125884.615384615,
						3,
						0
					],
					[
						126000,
						0,
						116
					],
					[
						126461.538461538,
						3,
						116
					],
					[
						126923.076923077,
						1,
						116
					],
					[
						126461.538461538,
						0,
						0
					],
					[
						126230.769230769,
						2,
						0
					],
					[
						126692.307692308,
						2,
						0
					],
					[
						127153.846153846,
						0,
						0
					],
					[
						125538.461538461,
						7,
						0,
						"Okayu Note"
					],
					[
						125769.230769231,
						6,
						0,
						"Okayu Note"
					],
					[
						125884.615384615,
						4,
						0,
						"Okayu Note"
					],
					[
						126000,
						5,
						346.153846153846,
						"Okayu Note"
					],
					[
						126461.538461538,
						4,
						230.769230769231,
						"Okayu Note"
					],
					[
						126923.076923077,
						7,
						0,
						"Okayu Note"
					],
					[
						126807.692307692,
						7,
						0,
						"Okayu Note"
					],
					[
						127076.923076923,
						4,
						0,
						"Okayu Note"
					],
					[
						127269.230769231,
						7,
						0,
						"Okayu Note"
					]
				],
				"typeOfSection": 0,
				"gfSection": false,
				"altAnim": false,
				"mustHitSection": true,
				"changeBPM": false,
				"bpm": 150
			},
			{
				"sectionBeats": 4,
				"sectionNotes": [
					[
						127384.615384615,
						2,
						0
					],
					[
						127615.384615385,
						1,
						0
					],
					[
						127653.846153846,
						3,
						0
					],
					[
						127846.153846154,
						0,
						116
					],
					[
						128076.923076923,
						3,
						0
					],
					[
						128192.307692308,
						2,
						0
					],
					[
						128307.692307692,
						1,
						0
					],
					[
						128576.923076923,
						3,
						0
					],
					[
						128769.230769231,
						2,
						116
					],
					[
						129000,
						3,
						0
					],
					[
						129115.384615385,
						0,
						0
					],
					[
						128538.461538461,
						0,
						0
					],
					[
						127384.615384615,
						5,
						230.769230769231,
						"Okayu Note"
					],
					[
						127846.153846154,
						5,
						230.769230769231,
						"Okayu Note"
					],
					[
						128307.692307692,
						5,
						115.384615384615,
						"Okayu Note"
					],
					[
						128538.461538461,
						4,
						115.384615384615,
						"Okayu Note"
					],
					[
						128769.230769231,
						7,
						346.153846153846,
						"Okayu Note"
					],
					[
						127384.615384615,
						0,
						0,
						"DoogHurtNote"
					],
					[
						127846.153846154,
						2,
						0,
						"DoogHurtNote"
					],
					[
						128307.692307692,
						3,
						0,
						"DoogHurtNote"
					]
				],
				"typeOfSection": 0,
				"gfSection": false,
				"altAnim": false,
				"mustHitSection": true,
				"changeBPM": false,
				"bpm": 150
			},
			{
				"sectionBeats": 4,
				"sectionNotes": [
					[
						129230.769230769,
						2,
						1160
					],
					[
						129230.769230769,
						6,
						1153.84615384615,
						"Okayu Note"
					],
					[
						129230.769230769,
						1,
						0,
						"DoogHurtNote"
					]
				],
				"typeOfSection": 0,
				"gfSection": false,
				"altAnim": false,
				"mustHitSection": true,
				"changeBPM": false,
				"bpm": 150
			},
			{
				"sectionBeats": 4,
				"sectionNotes": [
					[
						131076.923076923,
						7,
						0,
						"DoogHurtNote"
					]
				],
				"typeOfSection": 0,
				"gfSection": false,
				"altAnim": false,
				"mustHitSection": false,
				"changeBPM": false,
				"bpm": 150
			},
			{
				"sectionBeats": 4,
				"sectionNotes": [
					[
						132923.076923077,
						6,
						0,
						"DoogHurtNote"
					]
				],
				"typeOfSection": 0,
				"gfSection": false,
				"altAnim": false,
				"mustHitSection": false,
				"changeBPM": false,
				"bpm": 150
			},
			{
				"sectionBeats": 4,
				"sectionNotes": [
					[
						134769.230769231,
						1,
						0,
						"DoogHurtNote"
					]
				],
				"typeOfSection": 0,
				"gfSection": false,
				"altAnim": false,
				"mustHitSection": true,
				"changeBPM": false,
				"bpm": 150
			},
			{
				"sectionBeats": 4,
				"sectionNotes": [],
				"typeOfSection": 0,
				"gfSection": false,
				"altAnim": false,
				"mustHitSection": true,
				"changeBPM": false,
				"bpm": 150
			},
			{
				"sectionBeats": 4,
				"sectionNotes": [],
				"typeOfSection": 0,
				"gfSection": false,
				"altAnim": false,
				"mustHitSection": true,
				"changeBPM": false,
				"bpm": 150
			},
			{
				"sectionBeats": 4,
				"sectionNotes": [],
				"typeOfSection": 0,
				"gfSection": false,
				"altAnim": false,
				"mustHitSection": true,
				"changeBPM": false,
				"bpm": 150
			},
			{
				"sectionBeats": 4,
				"sectionNotes": [],
				"typeOfSection": 0,
				"gfSection": false,
				"altAnim": false,
				"mustHitSection": true,
				"changeBPM": false,
				"bpm": 150
			},
			{
				"sectionBeats": 4,
				"sectionNotes": [],
				"typeOfSection": 0,
				"gfSection": false,
				"altAnim": false,
				"mustHitSection": true,
				"changeBPM": false,
				"bpm": 150
			},
			{
				"sectionBeats": 4,
				"sectionNotes": [],
				"typeOfSection": 0,
				"gfSection": false,
				"altAnim": false,
				"mustHitSection": true,
				"changeBPM": false,
				"bpm": 150
			},
			{
				"sectionBeats": 4,
				"sectionNotes": [],
				"typeOfSection": 0,
				"gfSection": false,
				"altAnim": false,
				"mustHitSection": true,
				"changeBPM": false,
				"bpm": 150
			},
			{
				"sectionBeats": 4,
				"sectionNotes": [],
				"typeOfSection": 0,
				"gfSection": false,
				"altAnim": false,
				"mustHitSection": true,
				"changeBPM": false,
				"bpm": 150
			},
			{
				"sectionBeats": 4,
				"sectionNotes": [],
				"typeOfSection": 0,
				"gfSection": false,
				"altAnim": false,
				"mustHitSection": true,
				"changeBPM": false,
				"bpm": 150
			},
			{
				"sectionBeats": 4,
				"sectionNotes": [],
				"typeOfSection": 0,
				"gfSection": false,
				"altAnim": false,
				"mustHitSection": true,
				"changeBPM": false,
				"bpm": 150
			},
			{
				"sectionBeats": 4,
				"sectionNotes": [],
				"typeOfSection": 0,
				"gfSection": false,
				"altAnim": false,
				"mustHitSection": true,
				"changeBPM": false,
				"bpm": 150
			},
			{
				"sectionBeats": 4,
				"sectionNotes": [],
				"typeOfSection": 0,
				"gfSection": false,
				"altAnim": false,
				"mustHitSection": true,
				"changeBPM": false,
				"bpm": 150
			},
			{
				"sectionBeats": 4,
				"sectionNotes": [],
				"typeOfSection": 0,
				"gfSection": false,
				"altAnim": false,
				"mustHitSection": true,
				"changeBPM": false,
				"bpm": 150
			},
			{
				"sectionBeats": 4,
				"sectionNotes": [],
				"typeOfSection": 0,
				"gfSection": false,
				"altAnim": false,
				"mustHitSection": true,
				"changeBPM": false,
				"bpm": 130
			},
			{
				"typeOfSection": 0,
				"sectionNotes": [],
				"sectionBeats": 4,
				"altAnim": false,
				"gfSection": false,
				"bpm": 130,
				"changeBPM": false,
				"mustHitSection": true
			},
			{
				"typeOfSection": 0,
				"sectionNotes": [],
				"sectionBeats": 4,
				"altAnim": false,
				"gfSection": false,
				"bpm": 130,
				"changeBPM": false,
				"mustHitSection": true
			},
			{
				"sectionBeats": 4,
				"sectionNotes": [],
				"typeOfSection": 0,
				"gfSection": false,
				"altAnim": false,
				"mustHitSection": true,
				"changeBPM": false,
				"bpm": 130
			},
			{
				"sectionBeats": 4,
				"sectionNotes": [],
				"typeOfSection": 0,
				"gfSection": false,
				"altAnim": false,
				"mustHitSection": true,
				"changeBPM": false,
				"bpm": 130
			},
			{
				"sectionBeats": 4,
				"sectionNotes": [],
				"typeOfSection": 0,
				"gfSection": false,
				"altAnim": false,
				"mustHitSection": true,
				"changeBPM": false,
				"bpm": 130
			},
			{
				"sectionBeats": 4,
				"sectionNotes": [],
				"typeOfSection": 0,
				"gfSection": false,
				"altAnim": false,
				"mustHitSection": true,
				"changeBPM": false,
				"bpm": 130
			},
			{
				"sectionBeats": 4,
				"sectionNotes": [],
				"typeOfSection": 0,
				"gfSection": false,
				"altAnim": false,
				"mustHitSection": true,
				"changeBPM": false,
				"bpm": 130
			},
			{
				"sectionBeats": 4,
				"sectionNotes": [],
				"typeOfSection": 0,
				"gfSection": false,
				"altAnim": false,
				"mustHitSection": true,
				"changeBPM": false,
				"bpm": 130
			},
			{
				"typeOfSection": 0,
				"sectionNotes": [],
				"sectionBeats": 4,
				"altAnim": false,
				"gfSection": false,
				"bpm": 130,
				"changeBPM": false,
				"mustHitSection": true
			},
			{
				"typeOfSection": 0,
				"sectionNotes": [],
				"sectionBeats": 4,
				"altAnim": false,
				"gfSection": false,
				"bpm": 130,
				"changeBPM": false,
				"mustHitSection": true
			},
			{
				"sectionBeats": 4,
				"sectionNotes": [],
				"typeOfSection": 0,
				"gfSection": false,
				"altAnim": false,
				"mustHitSection": true,
				"changeBPM": false,
				"bpm": 130
			},
			{
				"sectionBeats": 4,
				"sectionNotes": [],
				"typeOfSection": 0,
				"gfSection": false,
				"altAnim": false,
				"mustHitSection": true,
				"changeBPM": false,
				"bpm": 130
			},
			{
				"sectionBeats": 4,
				"sectionNotes": [],
				"typeOfSection": 0,
				"gfSection": false,
				"altAnim": false,
				"mustHitSection": true,
				"changeBPM": false,
				"bpm": 130
			},
			{
				"sectionBeats": 4,
				"sectionNotes": [],
				"typeOfSection": 0,
				"gfSection": false,
				"altAnim": false,
				"mustHitSection": true,
				"changeBPM": false,
				"bpm": 130
			},
			{
				"typeOfSection": 0,
				"sectionNotes": [],
				"sectionBeats": 4,
				"altAnim": false,
				"gfSection": false,
				"bpm": 130,
				"changeBPM": false,
				"mustHitSection": true
			},
			{
				"sectionBeats": 4,
				"sectionNotes": [],
				"typeOfSection": 0,
				"gfSection": false,
				"altAnim": false,
				"mustHitSection": true,
				"changeBPM": false,
				"bpm": 130
			},
			{
				"sectionBeats": 4,
				"sectionNotes": [],
				"typeOfSection": 0,
				"gfSection": false,
				"altAnim": false,
				"mustHitSection": true,
				"changeBPM": false,
				"bpm": 130
			},
			{
				"sectionBeats": 4,
				"sectionNotes": [],
				"typeOfSection": 0,
				"gfSection": false,
				"altAnim": false,
				"mustHitSection": true,
				"changeBPM": false,
				"bpm": 130
			},
			{
				"typeOfSection": 0,
				"sectionNotes": [],
				"sectionBeats": 4,
				"altAnim": false,
				"gfSection": false,
				"bpm": 130,
				"changeBPM": false,
				"mustHitSection": true
			},
			{
				"sectionBeats": 4,
				"sectionNotes": [],
				"typeOfSection": 0,
				"gfSection": false,
				"altAnim": false,
				"mustHitSection": true,
				"changeBPM": false,
				"bpm": 130
			},
			{
				"sectionBeats": 4,
				"sectionNotes": [],
				"typeOfSection": 0,
				"gfSection": false,
				"altAnim": false,
				"mustHitSection": true,
				"changeBPM": false,
				"bpm": 130
			},
			{
				"typeOfSection": 0,
				"sectionNotes": [],
				"sectionBeats": 4,
				"altAnim": false,
				"gfSection": false,
				"bpm": 130,
				"changeBPM": false,
				"mustHitSection": true
			},
			{
				"typeOfSection": 0,
				"sectionNotes": [],
				"sectionBeats": 4,
				"altAnim": false,
				"gfSection": false,
				"bpm": 130,
				"changeBPM": false,
				"mustHitSection": true
			},
			{
				"typeOfSection": 0,
				"sectionNotes": [],
				"sectionBeats": 4,
				"altAnim": false,
				"gfSection": false,
				"bpm": 130,
				"changeBPM": false,
				"mustHitSection": true
			},
			{
				"typeOfSection": 0,
				"sectionNotes": [],
				"sectionBeats": 4,
				"altAnim": false,
				"gfSection": false,
				"bpm": 130,
				"changeBPM": false,
				"mustHitSection": true
			},
			{
				"typeOfSection": 0,
				"sectionNotes": [],
				"sectionBeats": 4,
				"altAnim": false,
				"gfSection": false,
				"bpm": 130,
				"changeBPM": false,
				"mustHitSection": true
			},
			{
				"typeOfSection": 0,
				"sectionNotes": [],
				"sectionBeats": 4,
				"altAnim": false,
				"gfSection": false,
				"bpm": 130,
				"changeBPM": false,
				"mustHitSection": true
			},
			{
				"typeOfSection": 0,
				"sectionNotes": [],
				"sectionBeats": 4,
				"altAnim": false,
				"gfSection": false,
				"bpm": 130,
				"changeBPM": false,
				"mustHitSection": true
			},
			{
				"typeOfSection": 0,
				"sectionNotes": [],
				"sectionBeats": 4,
				"altAnim": false,
				"gfSection": false,
				"bpm": 130,
				"changeBPM": false,
				"mustHitSection": true
			},
			{
				"typeOfSection": 0,
				"sectionNotes": [],
				"sectionBeats": 4,
				"altAnim": false,
				"gfSection": false,
				"bpm": 130,
				"changeBPM": false,
				"mustHitSection": true
			},
			{
				"typeOfSection": 0,
				"sectionNotes": [],
				"sectionBeats": 4,
				"altAnim": false,
				"gfSection": false,
				"bpm": 130,
				"changeBPM": false,
				"mustHitSection": true
			},
			{
				"typeOfSection": 0,
				"sectionNotes": [],
				"sectionBeats": 4,
				"altAnim": false,
				"gfSection": false,
				"bpm": 130,
				"changeBPM": false,
				"mustHitSection": true
			},
			{
				"typeOfSection": 0,
				"sectionNotes": [],
				"sectionBeats": 4,
				"altAnim": false,
				"gfSection": false,
				"bpm": 130,
				"changeBPM": false,
				"mustHitSection": true
			},
			{
				"typeOfSection": 0,
				"sectionNotes": [],
				"sectionBeats": 4,
				"altAnim": false,
				"gfSection": false,
				"bpm": 130,
				"changeBPM": false,
				"mustHitSection": true
			},
			{
				"typeOfSection": 0,
				"sectionNotes": [],
				"sectionBeats": 4,
				"altAnim": false,
				"gfSection": false,
				"bpm": 130,
				"changeBPM": false,
				"mustHitSection": true
			},
			{
				"typeOfSection": 0,
				"sectionNotes": [],
				"sectionBeats": 4,
				"altAnim": false,
				"gfSection": false,
				"bpm": 130,
				"changeBPM": false,
				"mustHitSection": true
			},
			{
				"typeOfSection": 0,
				"sectionNotes": [],
				"sectionBeats": 4,
				"altAnim": false,
				"gfSection": false,
				"bpm": 130,
				"changeBPM": false,
				"mustHitSection": true
			},
			{
				"typeOfSection": 0,
				"sectionNotes": [],
				"sectionBeats": 4,
				"altAnim": false,
				"gfSection": false,
				"bpm": 130,
				"changeBPM": false,
				"mustHitSection": true
			},
			{
				"sectionBeats": 4,
				"sectionNotes": [],
				"typeOfSection": 0,
				"gfSection": false,
				"altAnim": false,
				"mustHitSection": true,
				"changeBPM": false,
				"bpm": 130
			},
			{
				"sectionBeats": 4,
				"sectionNotes": [],
				"typeOfSection": 0,
				"gfSection": false,
				"altAnim": false,
				"mustHitSection": true,
				"changeBPM": false,
				"bpm": 130
			},
			{
				"sectionBeats": 4,
				"sectionNotes": [],
				"typeOfSection": 0,
				"gfSection": false,
				"altAnim": false,
				"mustHitSection": true,
				"changeBPM": false,
				"bpm": 130
			},
			{
				"sectionBeats": 4,
				"sectionNotes": [],
				"typeOfSection": 0,
				"gfSection": false,
				"altAnim": false,
				"mustHitSection": true,
				"changeBPM": false,
				"bpm": 130
			},
			{
				"sectionBeats": 4,
				"sectionNotes": [],
				"typeOfSection": 0,
				"gfSection": false,
				"altAnim": false,
				"mustHitSection": true,
				"changeBPM": false,
				"bpm": 130
			},
			{
				"sectionBeats": 4,
				"sectionNotes": [],
				"typeOfSection": 0,
				"gfSection": false,
				"altAnim": false,
				"mustHitSection": true,
				"changeBPM": false,
				"bpm": 130
			},
			{
				"sectionBeats": 4,
				"sectionNotes": [],
				"typeOfSection": 0,
				"gfSection": false,
				"altAnim": false,
				"mustHitSection": true,
				"changeBPM": false,
				"bpm": 130
			},
			{
				"sectionBeats": 4,
				"sectionNotes": [],
				"typeOfSection": 0,
				"gfSection": false,
				"altAnim": false,
				"mustHitSection": true,
				"changeBPM": false,
				"bpm": 130
			},
			{
				"sectionBeats": 4,
				"sectionNotes": [],
				"typeOfSection": 0,
				"gfSection": false,
				"altAnim": false,
				"mustHitSection": true,
				"changeBPM": false,
				"bpm": 130
			},
			{
				"typeOfSection": 0,
				"sectionNotes": [],
				"sectionBeats": 4,
				"altAnim": false,
				"gfSection": false,
				"bpm": 130,
				"changeBPM": false,
				"mustHitSection": true
			},
			{
				"typeOfSection": 0,
				"sectionNotes": [],
				"sectionBeats": 4,
				"altAnim": false,
				"gfSection": false,
				"bpm": 130,
				"changeBPM": false,
				"mustHitSection": true
			},
			{
				"typeOfSection": 0,
				"sectionNotes": [],
				"sectionBeats": 4,
				"altAnim": false,
				"gfSection": false,
				"bpm": 130,
				"changeBPM": false,
				"mustHitSection": true
			},
			{
				"typeOfSection": 0,
				"sectionNotes": [],
				"sectionBeats": 4,
				"altAnim": false,
				"gfSection": false,
				"bpm": 130,
				"changeBPM": false,
				"mustHitSection": true
			},
			{
				"typeOfSection": 0,
				"sectionNotes": [],
				"sectionBeats": 4,
				"altAnim": false,
				"gfSection": false,
				"bpm": 130,
				"changeBPM": false,
				"mustHitSection": true
			},
			{
				"sectionBeats": 4,
				"sectionNotes": [],
				"typeOfSection": 0,
				"gfSection": false,
				"altAnim": false,
				"mustHitSection": true,
				"changeBPM": false,
				"bpm": 130
			},
			{
				"sectionBeats": 4,
				"sectionNotes": [],
				"typeOfSection": 0,
				"gfSection": false,
				"altAnim": false,
				"mustHitSection": true,
				"changeBPM": false,
				"bpm": 130
			},
			{
				"sectionBeats": 4,
				"sectionNotes": [],
				"typeOfSection": 0,
				"gfSection": false,
				"altAnim": false,
				"mustHitSection": true,
				"changeBPM": false,
				"bpm": 130
			},
			{
				"sectionBeats": 4,
				"sectionNotes": [],
				"typeOfSection": 0,
				"gfSection": false,
				"altAnim": false,
				"mustHitSection": true,
				"changeBPM": false,
				"bpm": 130
			},
			{
				"gfSection": false,
				"altAnim": false,
				"typeOfSection": 0,
				"sectionNotes": [],
				"bpm": 130,
				"sectionBeats": 4,
				"changeBPM": false,
				"mustHitSection": true
			},
			{
				"gfSection": false,
				"altAnim": false,
				"typeOfSection": 0,
				"sectionNotes": [],
				"bpm": 130,
				"sectionBeats": 4,
				"changeBPM": false,
				"mustHitSection": true
			}
		],
		"events": [
			[
				0,
				[
					[
						"Set Property",
						"cameraSpeed",
						"1"
					]
				]
			],
			[
				14769.2307692308,
				[
					[
						"ScreenRot",
						"180",
						"1.1"
					]
				]
			],
			[
				15288.4615384615,
				[
					[
						"Play Animation",
						"singLEFT",
						"dad"
					]
				]
			],
			[
				15692.3076923077,
				[
					[
						"Play Animation",
						"singRIGHT",
						"dad"
					]
				]
			],
			[
				16038.4615384615,
				[
					[
						"Play Animation",
						"singDOWN",
						"dad"
					]
				]
			],
			[
				16269.2307692308,
				[
					[
						"MoveArrowsToMiddle",
						"1",
						"1"
					]
				]
			],
			[
				16384.6153846154,
				[
					[
						"Set Cam Zoom",
						"0.9",
						"0.25"
					]
				]
			],
			[
				16500,
				[
					[
						"Set Property",
						"cameraSpeed",
						"12"
					]
				]
			],
			[
				16615.3846153846,
				[
					[
						"Set Cam Zoom",
						"1.1",
						"0.25"
					],
					[
						"Flash",
						"FFFFFF,add",
						"1,cubeOut,hud"
					]
				]
			],
			[
				18461.5384615385,
				[
					[
						"Set Cam Zoom",
						"1.2",
						"0.00001"
					]
				]
			],
			[
				20307.6923076923,
				[
					[
						"Set Cam Zoom",
						"1.3",
						"0.00001"
					]
				]
			],
			[
				22153.8461538462,
				[
					[
						"Set Cam Zoom",
						"1.4",
						"0.00001"
					]
				]
			],
			[
				23076.9230769231,
				[
					[
						"Set Cam Zoom",
						"1.5",
						"0.00001"
					]
				]
			],
			[
				23769.2307692308,
				[
					[
						"ScreenRot",
						"0",
						"0.25"
					]
				]
			],
			[
				24000,
				[
					[
						"Set Cam Zoom",
						"0.9",
						"1"
					]
				]
			],
			[
				31384.6153846154,
				[
					[
						"Set Cam Zoom",
						"0.7",
						"1"
					],
					[
						"Cam Boom Speed",
						"1",
						"1.5"
					],
					[
						"Flash",
						"216DFF",
						""
					]
				]
			],
			[
				44307.6923076923,
				[
					[
						"Set Property",
						"cameraSpeed",
						"5"
					]
				]
			],
			[
				46153.8461538461,
				[
					[
						"Camera Follow Pos",
						"350",
						"370"
					]
				]
			],
			[
				46269.2307692308,
				[
					[
						"Set Cam Zoom",
						"1.5",
						"1.1"
					]
				]
			],
			[
				47538.4615384615,
				[
					[
						"Set Property",
						"cameraSpeed",
						"100"
					]
				]
			],
			[
				47653.8461538461,
				[
					[
						"Cam Boom Speed",
						"1",
						"0"
					]
				]
			],
			[
				47769.2307692308,
				[
					[
						"Toggle Ghost Trail",
						"1",
						"1"
					]
				]
			],
			[
				47884.6153846154,
				[
					[
						"Set Cam Zoom",
						"1.35",
						"0.25"
					]
				]
			],
			[
				47942.3076923077,
				[
					[
						"Change Character",
						"bf",
						"foob"
					]
				]
			],
			[
				47971.1538461538,
				[
					[
						"Camera Follow Pos",
						"",
						""
					]
				]
			],
			[
				48000,
				[
					[
						"Flash",
						"FFFFFF",
						"1,cubeOut,other"
					],
					[
						"Change Character",
						"gf",
						"no-speakers"
					]
				]
			],
			[
				54461.5384615384,
				[
					[
						"MoveArrowsToMiddle",
						"0",
						"0"
					]
				]
			],
			[
				68307.6923076923,
				[
					[
						"Set Cam Zoom",
						"1.3",
						"0.5"
					]
				]
			],
			[
				68769.2307692308,
				[
					[
						"Set Cam Zoom",
						"1.2",
						"0.5"
					]
				]
			],
			[
				69230.7692307692,
				[
					[
						"Set Cam Zoom",
						"1.1",
						"0.5"
					]
				]
			],
			[
				69692.3076923077,
				[
					[
						"Set Cam Zoom",
						"1.5",
						"0.3"
					]
				]
			],
			[
				69807.6923076923,
				[
					[
						"MoveArrowsToMiddle",
						"1",
						"1"
					]
				]
			],
			[
				69923.0769230769,
				[
					[
						"Toggle Ghost Trail",
						"0",
						"0"
					]
				]
			],
			[
				70038.4615384615,
				[
					[
						"Cam Boom Speed",
						"1",
						"3"
					]
				]
			],
			[
				70076.923076923,
				[
					[
						"Set Property",
						"cameraSpeed",
						"2"
					]
				]
			],
			[
				70153.8461538461,
				[
					[
						"Change Character",
						"bf",
						"mio-player"
					],
					[
						"Flash",
						"FFFFFF",
						""
					],
					[
						"Change Character",
						"gf",
						"foob-speaker"
					],
					[
						"Set Cam Zoom",
						"1",
						""
					]
				]
			],
			[
				70182.6923076923,
				[
					[
						"Camera Follow Pos",
						"1000",
						"450"
					]
				]
			],
			[
				72000,
				[
					[
						"Camera Follow Pos",
						"",
						""
					]
				]
			],
			[
				77538.4615384615,
				[
					[
						"Camera Follow Pos",
						"1000",
						"450"
					]
				]
			],
			[
				84692.3076923076,
				[
					[
						"Cam Boom Speed",
						"1",
						"0"
					]
				]
			],
			[
				84807.6923076923,
				[
					[
						"Camera Follow Pos",
						"",
						""
					]
				]
			],
			[
				84923.0769230769,
				[
					[
						"Set Cam Zoom",
						"0.25",
						"0.15"
					]
				]
			],
			[
				85384.6153846153,
				[
					[
						"Set Cam Zoom",
						"1",
						"0.00001"
					]
				]
			],
			[
				85500,
				[
					[
						"Cam Boom Speed",
						"2",
						"4"
					]
				]
			],
			[
				92307.6923076923,
				[
					[
						"Camera Follow Pos",
						"1000",
						"450"
					]
				]
			],
			[
				99461.5384615384,
				[
					[
						"Cinematics",
						"1",
						""
					]
				]
			],
			[
				99576.923076923,
				[
					[
						"Cam Boom Speed",
						"0",
						"0.01"
					]
				]
			],
			[
				99634.6153846153,
				[
					[
						"Camera Follow Pos",
						"650",
						"450"
					]
				]
			],
			[
				99663.4615384615,
				[
					[
						"Set Cam Zoom",
						"1.25",
						"0.5"
					]
				]
			],
			[
				99692.3076923076,
				[
					[
						"Change Character",
						"dad",
						"okayu-calm"
					],
					[
						"Flash",
						"000000",
						"2"
					]
				]
			],
			[
				99701.923076923,
				[
					[
						"OpponentTweenXPos",
						"0.000001",
						"250"
					]
				]
			],
			[
				99807.6923076922,
				[
					[
						"OpponentTweenXPos",
						"7",
						"345"
					]
				]
			],
			[
				106500,
				[
					[
						"Camera Follow Pos",
						"",
						""
					]
				]
			],
			[
				107076.923076923,
				[
					[
						"Set Cam Zoom",
						"1",
						"0.5"
					]
				]
			],
			[
				112615.384615385,
				[
					[
						"Flash",
						"FFFFFF,add,0.25",
						"0.25,cubeIn"
					]
				]
			],
			[
				112644.230769231,
				[
					[
						"Set Cam Zoom",
						"1.1",
						"0.25"
					]
				]
			],
			[
				113076.923076923,
				[
					[
						"Flash",
						"FFFFFF,add,0.5",
						"0.25,cubeIn"
					]
				]
			],
			[
				113105.769230769,
				[
					[
						"Set Cam Zoom",
						"1.2",
						"0.25"
					]
				]
			],
			[
				113538.461538461,
				[
					[
						"Flash",
						"FFFFFF,add,0.75",
						"0.25,cubeIn"
					]
				]
			],
			[
				113567.307692308,
				[
					[
						"Set Cam Zoom",
						"1.4",
						"0.25"
					]
				]
			],
			[
				113769.230769231,
				[
					[
						"Set Cam Zoom",
						"0.6",
						"0.25"
					]
				]
			],
			[
				114000,
				[
					[
						"Set Cam Zoom",
						"1",
						"0.25"
					]
				]
			],
			[
				114230.769230769,
				[
					[
						"Cinematics",
						"",
						"2"
					]
				]
			],
			[
				114346.153846154,
				[
					[
						"Cam Boom Speed",
						"1",
						"4"
					]
				]
			],
			[
				114461.538461538,
				[
					[
						"Change Character",
						"dad",
						"korone"
					],
					[
						"Flash",
						"FF0000",
						"0.3,smoothStepOut"
					]
				]
			]
		],
		"player2": "korone",
		"splashSkin": "noteSplashesHololive",
		"song": "Debut-on-2019",
		"needsVoices": true,
		"validScore": true,
		"arrowSkin": "new",
		"stage": "gamers-debut",
		"speed": 2.7,
		"bpm": 130
	}
}