{"song":{"player1":"bf-christmas","song":"Eggnog","player2":"parents-christmas","notes":[{"lengthInSteps":16,"sectionNotes":[],"mustHitSection":true},{"lengthInSteps":16,"sectionNotes":[],"mustHitSection":true},{"lengthInSteps":16,"sectionNotes":[],"mustHitSection":false},{"lengthInSteps":16,"sectionNotes":[[6000,-1,"Hey!","1","0.5"]],"mustHitSection":false},{"lengthInSteps":16,"sectionNotes":[],"mustHitSection":false},{"lengthInSteps":16,"sectionNotes":[[9200,-1,"Hey!","1",""]],"mustHitSection":false},{"lengthInSteps":16,"sectionNotes":[],"mustHitSection":true},{"lengthInSteps":16,"sectionNotes":[[12400,-1,"Hey!","1","0.5"]],"mustHitSection":true},{"lengthInSteps":16,"sectionNotes":[],"mustHitSection":true},{"lengthInSteps":16,"sectionNotes":[[15600,-1,"Hey!","1",""]],"mustHitSection":true},{"lengthInSteps":16,"sectionNotes":[],"altAnim":true,"mustHitSection":false},{"lengthInSteps":16,"sectionNotes":[[18800,-1,"Hey!","1","0.5"]],"altAnim":true,"mustHitSection":false},{"lengthInSteps":16,"sectionNotes":[],"altAnim":true,"mustHitSection":false},{"lengthInSteps":16,"sectionNotes":[[22000,-1,"Hey!","1","0.5"]],"altAnim":true,"mustHitSection":false},{"lengthInSteps":16,"sectionNotes":[],"altAnim":true,"mustHitSection":true},{"lengthInSteps":16,"sectionNotes":[[25200,-1,"Hey!","1","0.5"]],"mustHitSection":true},{"lengthInSteps":16,"sectionNotes":[],"mustHitSection":true},{"lengthInSteps":16,"sectionNotes":[],"mustHitSection":true},{"lengthInSteps":16,"sectionNotes":[],"mustHitSection":false},{"lengthInSteps":16,"sectionNotes":[[31600,-1,"Hey!","1","0.5"]],"mustHitSection":false},{"lengthInSteps":16,"sectionNotes":[],"mustHitSection":false},{"lengthInSteps":16,"sectionNotes":[[34800,-1,"Hey!","1","0.5"]],"mustHitSection":false},{"lengthInSteps":16,"sectionNotes":[],"mustHitSection":true},{"lengthInSteps":16,"sectionNotes":[[38000,-1,"Hey!","1","0.5"]],"mustHitSection":true},{"lengthInSteps":16,"sectionNotes":[],"mustHitSection":true},{"lengthInSteps":16,"sectionNotes":[[41200,-1,"Hey!","1","0.5"]],"mustHitSection":true},{"lengthInSteps":16,"sectionNotes":[],"altAnim":true,"mustHitSection":false},{"lengthInSteps":16,"sectionNotes":[],"altAnim":true,"mustHitSection":true},{"lengthInSteps":16,"sectionNotes":[],"altAnim":true,"mustHitSection":false},{"lengthInSteps":16,"sectionNotes":[[47600,-1,"Hey!","1","0.5"]],"altAnim":true,"mustHitSection":true},{"lengthInSteps":16,"sectionNotes":[],"mustHitSection":false},{"lengthInSteps":16,"sectionNotes":[[50800,-1,"Hey!","1","0.5"]],"mustHitSection":false},{"lengthInSteps":16,"sectionNotes":[],"mustHitSection":false},{"lengthInSteps":16,"sectionNotes":[[54000,-1,"Hey!","1",""]],"mustHitSection":false},{"lengthInSteps":16,"sectionNotes":[],"mustHitSection":true},{"lengthInSteps":16,"sectionNotes":[[57200,-1,"Hey!","1","0.5"]],"mustHitSection":true},{"lengthInSteps":16,"sectionNotes":[],"mustHitSection":true},{"lengthInSteps":16,"sectionNotes":[[60400,-1,"Hey!","1",""]],"mustHitSection":true},{"lengthInSteps":16,"sectionNotes":[],"altAnim":true,"mustHitSection":false},{"lengthInSteps":16,"sectionNotes":[[63600,-1,"Hey!","1","0.5"]],"altAnim":true,"mustHitSection":false},{"lengthInSteps":16,"sectionNotes":[],"mustHitSection":true},{"lengthInSteps":16,"sectionNotes":[[66800,-1,"Hey!","1","0.5"]],"mustHitSection":true},{"lengthInSteps":16,"sectionNotes":[],"altAnim":true,"mustHitSection":false},{"lengthInSteps":16,"sectionNotes":[[70000,-1,"Hey!","1","0.5"]],"altAnim":true,"mustHitSection":false},{"lengthInSteps":16,"sectionNotes":[],"mustHitSection":true},{"lengthInSteps":16,"sectionNotes":[],"mustHitSection":true},{"lengthInSteps":16,"sectionNotes":[],"mustHitSection":true},{"lengthInSteps":16,"sectionNotes":[[76400,-1,"Hey!","1","0.5"]],"mustHitSection":true},{"lengthInSteps":16,"sectionNotes":[],"mustHitSection":true},{"lengthInSteps":16,"sectionNotes":[[79600,-1,"Hey!","1","0.5"]],"mustHitSection":true},{"lengthInSteps":16,"sectionNotes":[],"mustHitSection":true},{"lengthInSteps":16,"sectionNotes":[[82800,-1,"Hey!","1","0.5"]],"mustHitSection":true},{"lengthInSteps":16,"sectionNotes":[],"mustHitSection":true},{"lengthInSteps":16,"sectionNotes":[[86000,-1,"Hey!","1","0.5"]],"mustHitSection":true},{"lengthInSteps":16,"sectionNotes":[],"altAnim":true,"mustHitSection":false},{"lengthInSteps":16,"sectionNotes":[],"altAnim":true,"mustHitSection":true},{"lengthInSteps":16,"sectionNotes":[],"altAnim":true,"mustHitSection":false},{"lengthInSteps":16,"sectionNotes":[],"altAnim":true,"mustHitSection":true},{"lengthInSteps":16,"sectionNotes":[],"mustHitSection":true},{"sectionNotes":[],"typeOfSection":0,"lengthInSteps":16,"altAnim":false,"mustHitSection":true,"changeBPM":false,"bpm":150},{"lengthInSteps":16,"altAnim":false,"typeOfSection":0,"sectionNotes":[],"bpm":150,"changeBPM":false,"mustHitSection":true}],"needsVoices":true,"validScore":true,"bpm":150,"speed":1.9}}