{
	"song": {
		"player1": "yotsubav3.5-player",
		"gfVersion": "itsukiv3",
		"notes": [
			{
				"sectionBeats": 4,
				"sectionNotes": [
					[
						0,
						1,
						0,
						"Alt Animation"
					],
					[
						265.486725663717,
						0,
						0
					],
					[
						530.973451327434,
						0,
						0
					],
					[
						796.46017699115,
						1,
						0
					],
					[
						1493.36283185841,
						2,
						0
					],
					[
						1327.43362831858,
						0,
						0
					],
					[
						1061.94690265487,
						2,
						0
					],
					[
						1725.66371681416,
						0,
						265.486725663717
					],
					[
						431.41592920354,
						3,
						0
					],
					[
						962.389380530973,
						1,
						0
					],
					[
						0,
						2,
						132.743362831858,
						"Alt Animation"
					]
				],
				"typeOfSection": 0,
				"gfSection": false,
				"altAnim": false,
				"mustHitSection": false,
				"changeBPM": false,
				"bpm": 150
			},
			{
				"sectionBeats": 4,
				"sectionNotes": [
					[
						2920.35398230089,
						1,
						0
					],
					[
						3185.8407079646,
						2,
						0
					],
					[
						3584.07079646018,
						2,
						0
					],
					[
						3451.32743362832,
						3,
						0
					],
					[
						3849.55752212389,
						3,
						265.486725663717
					],
					[
						2123.89380530973,
						1,
						0
					],
					[
						2389.38053097345,
						3,
						0
					],
					[
						2654.86725663717,
						3,
						0
					],
					[
						2555.30973451327,
						0,
						0
					],
					[
						3086.28318584071,
						1,
						0
					],
					[
						3351.76991150442,
						0,
						0
					]
				],
				"typeOfSection": 0,
				"gfSection": false,
				"altAnim": false,
				"mustHitSection": false,
				"changeBPM": false,
				"bpm": 150
			},
			{
				"sectionBeats": 4,
				"sectionNotes": [
					[
						4247.78761061947,
						1,
						0
					],
					[
						4513.27433628319,
						0,
						0
					],
					[
						4778.7610619469,
						0,
						0
					],
					[
						5044.24778761062,
						1,
						0
					],
					[
						5309.73451327434,
						2,
						0
					],
					[
						5973.45132743363,
						0,
						265.486725663717
					],
					[
						4679.20353982301,
						3,
						0
					],
					[
						5210.17699115044,
						1,
						0
					],
					[
						5575.22123893805,
						1,
						0
					],
					[
						5741.15044247788,
						2,
						0
					]
				],
				"typeOfSection": 0,
				"gfSection": false,
				"altAnim": false,
				"mustHitSection": false,
				"changeBPM": false,
				"bpm": 150
			},
			{
				"sectionBeats": 4,
				"sectionNotes": [
					[
						6371.6814159292,
						2,
						0
					],
					[
						6504.42477876106,
						0,
						0
					],
					[
						6902.65486725664,
						2,
						0
					],
					[
						6769.91150442478,
						1,
						0
					],
					[
						7168.14159292035,
						0,
						0
					],
					[
						7300.88495575221,
						2,
						0
					],
					[
						7699.11504424779,
						2,
						0
					],
					[
						7566.37168141593,
						1,
						0
					],
					[
						7964.6017699115,
						1,
						0
					],
					[
						8230.08849557522,
						3,
						0
					],
					[
						7865.04424778761,
						0,
						0
					]
				],
				"typeOfSection": 0,
				"gfSection": false,
				"altAnim": false,
				"mustHitSection": false,
				"changeBPM": false,
				"bpm": 150
			},
			{
				"sectionBeats": 4,
				"sectionNotes": [
					[
						8761.06194690266,
						3,
						0
					],
					[
						9026.54867256637,
						3,
						0
					],
					[
						9292.03539823009,
						2,
						0
					],
					[
						9988.93805309734,
						1,
						0
					],
					[
						9823.00884955752,
						3,
						0
					],
					[
						9557.5221238938,
						1,
						0
					],
					[
						10221.2389380531,
						3,
						265.486725663717
					],
					[
						8926.99115044248,
						0,
						0
					],
					[
						9457.96460176991,
						2,
						0
					],
					[
						8495.57522123894,
						6,
						929.203539823009
					],
					[
						9557.5221238938,
						5,
						0
					]
				],
				"typeOfSection": 0,
				"gfSection": false,
				"altAnim": false,
				"mustHitSection": true,
				"changeBPM": false,
				"bpm": 113
			},
			{
				"sectionBeats": 4,
				"sectionNotes": [
					[
						11415.9292035398,
						2,
						0
					],
					[
						11681.4159292035,
						1,
						0
					],
					[
						12079.6460176991,
						1,
						0
					],
					[
						11946.9026548673,
						0,
						0
					],
					[
						12345.1327433628,
						0,
						265.486725663717
					],
					[
						10884.9557522124,
						0,
						0
					],
					[
						11150.4424778761,
						0,
						0
					],
					[
						11050.8849557522,
						3,
						0
					],
					[
						11581.8584070796,
						2,
						0
					],
					[
						11847.3451327434,
						3,
						0
					]
				],
				"typeOfSection": 0,
				"gfSection": false,
				"altAnim": false,
				"mustHitSection": true,
				"changeBPM": false,
				"bpm": 113
			},
			{
				"sectionBeats": 4,
				"sectionNotes": [
					[
						13008.8495575221,
						3,
						0
					],
					[
						13274.3362831858,
						3,
						0
					],
					[
						13539.8230088496,
						2,
						0
					],
					[
						13805.3097345133,
						1,
						0
					],
					[
						14469.0265486726,
						3,
						265.486725663717
					],
					[
						13174.7787610619,
						0,
						0
					],
					[
						13705.7522123894,
						2,
						0
					],
					[
						14070.796460177,
						2,
						0
					],
					[
						14236.7256637168,
						1,
						0
					],
					[
						12743.3628318584,
						5,
						0,
						"Alt Animation"
					],
					[
						12743.3628318584,
						6,
						265.486725663717,
						"Alt Animation"
					]
				],
				"typeOfSection": 0,
				"gfSection": false,
				"altAnim": false,
				"mustHitSection": true,
				"changeBPM": false,
				"bpm": 113
			},
			{
				"sectionBeats": 4,
				"sectionNotes": [
					[
						14867.2566371681,
						2,
						0
					],
					[
						15000,
						0,
						0
					],
					[
						15398.2300884956,
						2,
						0
					],
					[
						15265.4867256637,
						1,
						0
					],
					[
						15663.7168141593,
						0,
						0
					],
					[
						15796.4601769911,
						2,
						0
					],
					[
						16194.6902654867,
						2,
						0
					],
					[
						16061.9469026549,
						1,
						0
					],
					[
						16460.1769911504,
						1,
						0
					],
					[
						16725.6637168142,
						3,
						0
					],
					[
						16360.6194690265,
						0,
						0
					]
				],
				"typeOfSection": 0,
				"gfSection": false,
				"altAnim": false,
				"mustHitSection": true,
				"changeBPM": false,
				"bpm": 113
			},
			{
				"sectionBeats": 4,
				"sectionNotes": [
					[
						16991.1504424779,
						2,
						929.203539823009
					],
					[
						16991.1504424779,
						1,
						0
					]
				],
				"typeOfSection": 0,
				"gfSection": false,
				"altAnim": false,
				"mustHitSection": true,
				"changeBPM": false,
				"bpm": 113
			},
			{
				"sectionBeats": 4,
				"sectionNotes": [
					[
						19115.0442477876,
						3,
						0
					],
					[
						19380.5309734513,
						3,
						0
					],
					[
						19646.017699115,
						0,
						0
					],
					[
						19911.5044247788,
						1,
						0
					],
					[
						20044.2477876106,
						0,
						0
					],
					[
						20309.7345132743,
						1,
						0
					],
					[
						20442.4778761062,
						2,
						0
					],
					[
						20575.221238938,
						1,
						0
					],
					[
						20707.9646017699,
						3,
						0
					],
					[
						20973.4513274336,
						2,
						0
					],
					[
						19280.9734513274,
						1,
						0
					],
					[
						19546.4601769911,
						1,
						0
					],
					[
						19811.9469026549,
						2,
						0
					],
					[
						20176.9911504425,
						2,
						0
					],
					[
						20873.8938053097,
						0,
						0
					],
					[
						21139.3805309734,
						1,
						0
					]
				],
				"typeOfSection": 0,
				"gfSection": false,
				"altAnim": false,
				"mustHitSection": false,
				"changeBPM": false,
				"bpm": 113
			},
			{
				"sectionBeats": 4,
				"sectionNotes": [
					[
						21769.9115044248,
						3,
						0
					],
					[
						22035.3982300885,
						2,
						0
					],
					[
						22300.8849557522,
						0,
						0
					],
					[
						22566.3716814159,
						2,
						0
					],
					[
						22831.8584070796,
						3,
						0
					],
					[
						23097.3451327434,
						2,
						0
					],
					[
						21935.8407079646,
						1,
						0
					],
					[
						22201.3274336283,
						1,
						0
					],
					[
						22466.814159292,
						0,
						0
					],
					[
						22732.3008849557,
						1,
						0
					],
					[
						22997.7876106195,
						3,
						0
					],
					[
						23263.2743362832,
						1,
						0
					],
					[
						21371.6814159292,
						1,
						0,
						"Alt Animation"
					],
					[
						21371.6814159292,
						2,
						265.486725663717,
						"Alt Animation"
					]
				],
				"typeOfSection": 0,
				"gfSection": false,
				"altAnim": false,
				"mustHitSection": false,
				"changeBPM": false,
				"bpm": 113
			},
			{
				"sectionBeats": 4,
				"sectionNotes": [
					[
						23362.8318584071,
						3,
						0
					],
					[
						23628.3185840708,
						3,
						0
					],
					[
						23893.8053097345,
						0,
						0
					],
					[
						24159.2920353982,
						1,
						0
					],
					[
						24292.0353982301,
						0,
						0
					],
					[
						24557.5221238938,
						1,
						0
					],
					[
						24690.2654867257,
						2,
						0
					],
					[
						24823.0088495575,
						1,
						0
					],
					[
						24955.7522123894,
						3,
						0
					],
					[
						25221.2389380531,
						2,
						0
					],
					[
						23528.7610619469,
						1,
						0
					],
					[
						23794.2477876106,
						1,
						0
					],
					[
						24059.7345132743,
						2,
						0
					],
					[
						24424.7787610619,
						2,
						0
					],
					[
						25121.6814159292,
						0,
						0
					],
					[
						25387.1681415929,
						1,
						0
					],
					[
						23362.8318584071,
						4,
						0
					],
					[
						23761.0619469026,
						4,
						0
					],
					[
						24159.2920353982,
						4,
						0
					],
					[
						24955.7522123894,
						6,
						0
					],
					[
						25221.2389380531,
						7,
						0
					],
					[
						25121.6814159292,
						5,
						0
					],
					[
						25387.1681415929,
						5,
						0
					]
				],
				"typeOfSection": 0,
				"gfSection": false,
				"altAnim": false,
				"mustHitSection": true,
				"changeBPM": false,
				"bpm": 113
			},
			{
				"sectionBeats": 4,
				"sectionNotes": [
					[
						25619.4690265487,
						1,
						0
					],
					[
						25619.4690265487,
						2,
						265.486725663717
					],
					[
						26017.6991150442,
						3,
						0
					],
					[
						26283.185840708,
						2,
						0
					],
					[
						26548.6725663717,
						0,
						0
					],
					[
						26814.1592920354,
						2,
						0
					],
					[
						27079.6460176991,
						3,
						0
					],
					[
						27345.1327433628,
						2,
						0
					],
					[
						26183.6283185841,
						1,
						0
					],
					[
						26449.1150442478,
						1,
						0
					],
					[
						26714.6017699115,
						0,
						0
					],
					[
						26980.0884955752,
						1,
						0
					],
					[
						27245.5752212389,
						3,
						0
					],
					[
						27511.0619469026,
						1,
						0
					],
					[
						25486.7256637168,
						4,
						0
					],
					[
						25884.9557522124,
						4,
						0
					],
					[
						26283.185840708,
						4,
						0
					],
					[
						27079.6460176991,
						6,
						0
					],
					[
						27245.5752212389,
						5,
						0
					],
					[
						27345.1327433628,
						4,
						0
					],
					[
						27522.1238938053,
						6,
						0
					]
				],
				"typeOfSection": 0,
				"gfSection": false,
				"altAnim": false,
				"mustHitSection": true,
				"changeBPM": false,
				"bpm": 113
			},
			{
				"sectionBeats": 4,
				"sectionNotes": [
					[
						27610.6194690265,
						6,
						0
					],
					[
						27876.1061946903,
						6,
						663.716814159292
					],
					[
						29203.5398230088,
						4,
						398.230088495575
					],
					[
						29203.5398230088,
						5,
						0
					],
					[
						27776.5486725664,
						5,
						0
					],
					[
						27610.6194690265,
						3,
						0
					],
					[
						27876.1061946903,
						3,
						0
					],
					[
						28141.592920354,
						2,
						0
					],
					[
						28407.0796460177,
						1,
						0
					],
					[
						28672.5663716814,
						2,
						0
					],
					[
						28938.0530973451,
						2,
						0
					],
					[
						29203.5398230088,
						1,
						0
					],
					[
						29469.0265486726,
						2,
						132.743362831858
					],
					[
						27776.5486725664,
						1,
						0
					],
					[
						28042.0353982301,
						0,
						0
					],
					[
						28307.5221238938,
						3,
						0
					],
					[
						28573.0088495575,
						0,
						0
					],
					[
						28838.4955752212,
						1,
						0
					],
					[
						29103.9823008849,
						0,
						0
					],
					[
						29369.4690265487,
						1,
						0
					]
				],
				"typeOfSection": 0,
				"gfSection": false,
				"altAnim": false,
				"mustHitSection": false,
				"changeBPM": false,
				"bpm": 113
			},
			{
				"sectionBeats": 4,
				"sectionNotes": [
					[
						29734.5132743363,
						5,
						0
					],
					[
						30000,
						5,
						663.716814159292
					],
					[
						30796.4601769911,
						7,
						929.203539823009
					],
					[
						30796.4601769911,
						6,
						0
					],
					[
						29900.4424778761,
						6,
						0
					],
					[
						29734.5132743363,
						0,
						132.743362831858
					],
					[
						30000,
						3,
						132.743362831858
					],
					[
						30265.4867256637,
						0,
						132.743362831858
					],
					[
						30796.4601769911,
						0,
						0
					],
					[
						31327.4336283186,
						3,
						0
					],
					[
						31061.9469026549,
						2,
						0
					],
					[
						31592.9203539823,
						1,
						0
					],
					[
						30962.389380531,
						0,
						0
					],
					[
						31227.8761061947,
						1,
						0
					],
					[
						31493.3628318584,
						3,
						0
					],
					[
						31758.8495575221,
						0,
						0
					],
					[
						30530.9734513274,
						1,
						0,
						"Alt Animation"
					],
					[
						30530.9734513274,
						2,
						132.743362831858,
						"Alt Animation"
					]
				],
				"typeOfSection": 0,
				"gfSection": false,
				"altAnim": false,
				"mustHitSection": false,
				"changeBPM": false,
				"bpm": 113
			},
			{
				"sectionBeats": 4,
				"sectionNotes": [
					[
						31858.407079646,
						6,
						0
					],
					[
						32123.8938053097,
						6,
						663.716814159292
					],
					[
						33451.3274336283,
						4,
						398.230088495575
					],
					[
						33451.3274336283,
						5,
						0
					],
					[
						32024.3362831858,
						5,
						0
					],
					[
						32123.8938053097,
						3,
						0
					],
					[
						32389.3805309734,
						2,
						0
					],
					[
						32654.8672566372,
						1,
						0
					],
					[
						32920.3539823009,
						2,
						0
					],
					[
						33185.8407079646,
						2,
						0
					],
					[
						33451.3274336283,
						1,
						0
					],
					[
						33716.814159292,
						2,
						132.743362831858
					],
					[
						32289.8230088495,
						0,
						0
					],
					[
						32555.3097345133,
						3,
						0
					],
					[
						32820.796460177,
						0,
						0
					],
					[
						33086.2831858407,
						1,
						0
					],
					[
						33351.7699115044,
						0,
						0
					],
					[
						33617.2566371681,
						1,
						0
					],
					[
						31858.407079646,
						2,
						0
					],
					[
						32024.3362831858,
						1,
						0
					]
				],
				"typeOfSection": 0,
				"gfSection": false,
				"altAnim": false,
				"mustHitSection": true,
				"changeBPM": false,
				"bpm": 113
			},
			{
				"sectionBeats": 4,
				"sectionNotes": [
					[
						33982.3008849557,
						5,
						0
					],
					[
						34247.7876106195,
						5,
						663.716814159292
					],
					[
						35044.2477876106,
						7,
						929.203539823009
					],
					[
						35044.2477876106,
						6,
						0
					],
					[
						34148.2300884956,
						6,
						0
					],
					[
						33982.3008849557,
						0,
						132.743362831858
					],
					[
						34247.7876106195,
						3,
						132.743362831858
					],
					[
						34513.2743362832,
						0,
						132.743362831858
					],
					[
						34778.7610619469,
						1,
						0
					],
					[
						34778.7610619469,
						2,
						132.743362831858
					],
					[
						35044.2477876106,
						0,
						0
					],
					[
						35575.221238938,
						3,
						0
					],
					[
						35309.7345132743,
						2,
						0
					],
					[
						35840.7079646018,
						1,
						0
					],
					[
						35210.1769911504,
						0,
						0
					],
					[
						35475.6637168142,
						1,
						0
					],
					[
						35741.1504424779,
						3,
						0
					],
					[
						36006.6371681416,
						0,
						0
					]
				],
				"typeOfSection": 0,
				"gfSection": false,
				"altAnim": false,
				"mustHitSection": true,
				"changeBPM": false,
				"bpm": 113
			},
			{
				"sectionBeats": 4,
				"sectionNotes": [
					[
						36106.1946902655,
						5,
						265.486725663717
					],
					[
						36371.6814159292,
						2,
						0
					],
					[
						36637.1681415929,
						2,
						0
					],
					[
						36902.6548672566,
						2,
						0
					],
					[
						37168.1415929204,
						2,
						0
					],
					[
						37433.6283185841,
						2,
						0
					],
					[
						37699.1150442478,
						2,
						0
					],
					[
						37599.5575221239,
						0,
						0
					],
					[
						37865.0442477876,
						3,
						0
					],
					[
						37964.6017699115,
						0,
						0
					],
					[
						38130.5309734513,
						1,
						0
					]
				],
				"typeOfSection": 0,
				"gfSection": false,
				"altAnim": false,
				"mustHitSection": false,
				"changeBPM": false,
				"bpm": 113
			},
			{
				"sectionBeats": 4,
				"sectionNotes": [
					[
						38230.0884955752,
						3,
						0
					],
					[
						38362.8318584071,
						1,
						0
					],
					[
						38495.5752212389,
						2,
						0
					],
					[
						38761.0619469026,
						2,
						0
					],
					[
						39026.5486725664,
						2,
						0
					],
					[
						39292.0353982301,
						2,
						0
					],
					[
						39557.5221238938,
						2,
						0
					],
					[
						39823.0088495575,
						2,
						0
					],
					[
						40088.4955752212,
						0,
						0
					],
					[
						39723.4513274336,
						0,
						0
					],
					[
						39988.9380530973,
						3,
						0
					],
					[
						40254.4247787611,
						1,
						0
					]
				],
				"typeOfSection": 0,
				"gfSection": false,
				"altAnim": false,
				"mustHitSection": false,
				"changeBPM": false,
				"bpm": 113
			},
			{
				"sectionBeats": 4,
				"sectionNotes": [
					[
						40619.4690265487,
						2,
						0
					],
					[
						40884.9557522124,
						2,
						0
					],
					[
						41150.4424778761,
						2,
						0
					],
					[
						41415.9292035398,
						2,
						0
					],
					[
						41681.4159292035,
						2,
						0
					],
					[
						41847.3451327434,
						3,
						0
					],
					[
						42378.3185840708,
						1,
						0
					],
					[
						41946.9026548673,
						0,
						0
					],
					[
						42212.389380531,
						0,
						0
					],
					[
						42112.8318584071,
						1,
						0
					]
				],
				"typeOfSection": 0,
				"gfSection": false,
				"altAnim": false,
				"mustHitSection": true,
				"changeBPM": false,
				"bpm": 113
			},
			{
				"sectionBeats": 4,
				"sectionNotes": [
					[
						42477.8761061947,
						2,
						0
					],
					[
						42743.3628318584,
						3,
						0
					],
					[
						43008.8495575221,
						2,
						0
					],
					[
						43274.3362831858,
						3,
						0
					],
					[
						43539.8230088496,
						0,
						0
					],
					[
						43805.3097345133,
						3,
						0
					],
					[
						44070.796460177,
						2,
						0
					],
					[
						44336.2831858407,
						0,
						0
					],
					[
						44070.796460177,
						3,
						132.743362831858
					],
					[
						42643.8053097345,
						1,
						0
					],
					[
						42909.2920353982,
						1,
						0
					],
					[
						43174.7787610619,
						1,
						0
					],
					[
						43440.2654867257,
						1,
						0
					]
				],
				"typeOfSection": 0,
				"gfSection": false,
				"altAnim": false,
				"mustHitSection": true,
				"changeBPM": false,
				"bpm": 113
			},
			{
				"sectionBeats": 4,
				"sectionNotes": [
					[
						44601.7699115044,
						5,
						1061.94690265487
					],
					[
						44601.7699115044,
						0,
						0
					],
					[
						44867.2566371681,
						2,
						0
					],
					[
						45132.7433628319,
						3,
						0
					],
					[
						45398.2300884956,
						3,
						0
					],
					[
						45663.7168141593,
						2,
						0
					],
					[
						45929.203539823,
						0,
						0
					],
					[
						46327.4336283186,
						2,
						265.486725663717
					],
					[
						45298.6725663717,
						1,
						0
					],
					[
						45564.1592920354,
						1,
						0
					],
					[
						46194.6902654867,
						1,
						0
					]
				],
				"typeOfSection": 0,
				"gfSection": false,
				"altAnim": false,
				"mustHitSection": false,
				"changeBPM": false,
				"bpm": 113
			},
			{
				"sectionBeats": 4,
				"sectionNotes": [
					[
						46725.6637168142,
						2,
						0
					],
					[
						46991.1504424779,
						2,
						0
					],
					[
						47256.6371681416,
						1,
						0
					],
					[
						47654.8672566372,
						0,
						1061.94690265487
					],
					[
						47422.5663716814,
						2,
						0
					],
					[
						48584.0707964602,
						4,
						0
					],
					[
						48750,
						6,
						0
					],
					[
						48318.5840707965,
						2,
						265.486725663717,
						"Alt Animation"
					]
				],
				"typeOfSection": 0,
				"gfSection": false,
				"altAnim": false,
				"mustHitSection": false,
				"changeBPM": false,
				"bpm": 113
			},
			{
				"sectionBeats": 4,
				"sectionNotes": [
					[
						48849.5575221239,
						1,
						0
					],
					[
						49115.0442477876,
						1,
						0
					],
					[
						49380.5309734513,
						3,
						0
					],
					[
						49646.0176991151,
						1,
						663.716814159292
					],
					[
						49015.4867256637,
						0,
						0
					],
					[
						49280.9734513274,
						1,
						0
					],
					[
						49546.4601769912,
						2,
						0
					],
					[
						50575.2212389381,
						1,
						0
					],
					[
						50442.4778761062,
						0,
						0
					],
					[
						50707.9646017699,
						2,
						0
					],
					[
						50840.7079646018,
						1,
						0
					]
				],
				"typeOfSection": 0,
				"gfSection": false,
				"altAnim": false,
				"mustHitSection": true,
				"changeBPM": false,
				"bpm": 113
			},
			{
				"sectionBeats": 4,
				"sectionNotes": [
					[
						50973.4513274336,
						0,
						0
					],
					[
						51769.9115044248,
						0,
						0
					],
					[
						52300.8849557522,
						1,
						0
					],
					[
						52566.3716814159,
						3,
						0
					],
					[
						52831.8584070797,
						3,
						0
					],
					[
						52831.8584070797,
						2,
						0
					],
					[
						51139.3805309735,
						0,
						0
					],
					[
						51504.4247787611,
						1,
						0
					],
					[
						51404.8672566372,
						1,
						0
					],
					[
						51935.8407079646,
						0,
						0
					],
					[
						52201.3274336283,
						1,
						0
					]
				],
				"typeOfSection": 0,
				"gfSection": false,
				"altAnim": false,
				"mustHitSection": true,
				"changeBPM": false,
				"bpm": 113
			},
			{
				"sectionBeats": 4,
				"sectionNotes": [
					[
						53097.3451327434,
						3,
						0
					],
					[
						53362.8318584071,
						3,
						132.743362831858
					],
					[
						53628.3185840708,
						1,
						398.230088495575
					],
					[
						54159.2920353982,
						3,
						0
					],
					[
						54424.778761062,
						3,
						132.743362831858
					],
					[
						54690.2654867257,
						2,
						0
					],
					[
						54955.7522123894,
						1,
						132.743362831858
					],
					[
						53263.2743362832,
						0,
						0
					],
					[
						54325.2212389381,
						0,
						0
					]
				],
				"typeOfSection": 0,
				"gfSection": false,
				"altAnim": false,
				"mustHitSection": false,
				"changeBPM": false,
				"bpm": 113
			},
			{
				"sectionBeats": 4,
				"sectionNotes": [
					[
						55221.2389380531,
						0,
						0
					],
					[
						55486.7256637168,
						0,
						132.743362831858
					],
					[
						55387.1681415929,
						3,
						0
					],
					[
						55752.2123893805,
						1,
						132.743362831858
					],
					[
						56017.6991150443,
						0,
						0
					],
					[
						56283.185840708,
						1,
						0
					],
					[
						56548.6725663717,
						1,
						0
					],
					[
						56814.1592920354,
						1,
						0
					],
					[
						57079.6460176991,
						0,
						0
					],
					[
						56183.6283185841,
						2,
						0
					],
					[
						56449.1150442478,
						3,
						0
					],
					[
						56714.6017699115,
						2,
						0
					]
				],
				"typeOfSection": 0,
				"gfSection": false,
				"altAnim": false,
				"mustHitSection": false,
				"changeBPM": false,
				"bpm": 113
			},
			{
				"sectionBeats": 4,
				"sectionNotes": [
					[
						57345.1327433628,
						0,
						0
					],
					[
						57610.6194690266,
						0,
						132.743362831858
					],
					[
						57876.1061946903,
						2,
						398.230088495575
					],
					[
						58407.0796460177,
						0,
						0
					],
					[
						58672.5663716814,
						0,
						132.743362831858
					],
					[
						58938.0530973451,
						1,
						0
					],
					[
						59203.5398230089,
						2,
						132.743362831858
					],
					[
						57511.0619469027,
						3,
						0
					],
					[
						58573.0088495575,
						3,
						0
					]
				],
				"typeOfSection": 0,
				"gfSection": false,
				"altAnim": false,
				"mustHitSection": true,
				"changeBPM": false,
				"bpm": 113
			},
			{
				"sectionBeats": 4,
				"sectionNotes": [
					[
						59469.0265486726,
						3,
						0
					],
					[
						59734.5132743363,
						3,
						132.743362831858
					],
					[
						59634.9557522124,
						0,
						0
					],
					[
						60000,
						2,
						132.743362831858
					],
					[
						60265.4867256637,
						3,
						0
					],
					[
						60530.9734513275,
						2,
						0
					],
					[
						60796.4601769912,
						2,
						0
					],
					[
						61061.9469026549,
						2,
						0
					],
					[
						61327.4336283186,
						3,
						0
					],
					[
						60431.4159292036,
						1,
						0
					],
					[
						60696.9026548673,
						0,
						0
					],
					[
						60962.389380531,
						1,
						0
					]
				],
				"typeOfSection": 0,
				"gfSection": false,
				"altAnim": false,
				"mustHitSection": true,
				"changeBPM": false,
				"bpm": 113
			},
			{
				"sectionBeats": 4,
				"sectionNotes": [
					[
						61592.9203539823,
						3,
						0
					],
					[
						61858.407079646,
						3,
						132.743362831858
					],
					[
						62123.8938053098,
						1,
						398.230088495575
					],
					[
						62654.8672566372,
						3,
						0
					],
					[
						62920.3539823009,
						3,
						132.743362831858
					],
					[
						63185.8407079646,
						2,
						0
					],
					[
						61758.8495575221,
						0,
						0
					],
					[
						62820.796460177,
						0,
						0
					],
					[
						63451.3274336283,
						1,
						0
					],
					[
						63617.2566371682,
						1,
						0
					]
				],
				"typeOfSection": 0,
				"gfSection": false,
				"altAnim": false,
				"mustHitSection": false,
				"changeBPM": false,
				"bpm": 113
			},
			{
				"sectionBeats": 4,
				"sectionNotes": [
					[
						63716.8141592921,
						2,
						0
					],
					[
						63982.3008849558,
						2,
						0
					],
					[
						64778.7610619469,
						0,
						0
					],
					[
						65044.2477876106,
						0,
						0
					],
					[
						63882.7433628319,
						0,
						0
					],
					[
						64944.6902654868,
						2,
						0
					],
					[
						65210.1769911505,
						0,
						0
					],
					[
						65309.7345132744,
						3,
						132.743362831858
					],
					[
						65575.2212389381,
						0,
						132.743362831858
					],
					[
						64247.7876106195,
						3,
						132.743362831858
					],
					[
						64513.2743362832,
						1,
						132.743362831858
					]
				],
				"typeOfSection": 0,
				"gfSection": false,
				"altAnim": false,
				"mustHitSection": false,
				"changeBPM": false,
				"bpm": 113
			},
			{
				"sectionBeats": 4,
				"sectionNotes": [
					[
						65840.7079646018,
						0,
						0
					],
					[
						66106.1946902655,
						0,
						132.743362831858
					],
					[
						66371.6814159292,
						2,
						398.230088495575
					],
					[
						66902.6548672567,
						0,
						0
					],
					[
						67168.1415929204,
						0,
						132.743362831858
					],
					[
						67433.6283185841,
						1,
						0
					],
					[
						66006.6371681416,
						3,
						0
					],
					[
						67068.5840707965,
						3,
						0
					],
					[
						67699.1150442478,
						2,
						0
					],
					[
						67865.0442477876,
						2,
						0
					]
				],
				"typeOfSection": 0,
				"gfSection": false,
				"altAnim": false,
				"mustHitSection": true,
				"changeBPM": false,
				"bpm": 113
			},
			{
				"sectionBeats": 4,
				"sectionNotes": [
					[
						67964.6017699115,
						1,
						0
					],
					[
						68230.0884955753,
						1,
						0
					],
					[
						69026.5486725664,
						3,
						0
					],
					[
						69292.0353982301,
						3,
						0
					],
					[
						68130.5309734514,
						3,
						0
					],
					[
						69192.4778761062,
						1,
						0
					],
					[
						69457.9646017699,
						3,
						0
					],
					[
						69557.5221238938,
						0,
						132.743362831858
					],
					[
						69823.0088495576,
						3,
						132.743362831858
					],
					[
						68495.575221239,
						0,
						132.743362831858
					],
					[
						68761.0619469027,
						2,
						132.743362831858
					]
				],
				"typeOfSection": 0,
				"gfSection": false,
				"altAnim": false,
				"mustHitSection": true,
				"changeBPM": false,
				"bpm": 113
			},
			{
				"sectionBeats": 4,
				"sectionNotes": [
					[
						70088.4955752213,
						5,
						265.486725663717
					],
					[
						70353.982300885,
						0,
						0
					],
					[
						70619.4690265487,
						0,
						0
					],
					[
						70884.9557522124,
						1,
						0
					],
					[
						71581.8584070796,
						2,
						0
					],
					[
						71415.9292035398,
						0,
						0
					],
					[
						71150.4424778761,
						2,
						0
					],
					[
						71814.1592920354,
						0,
						265.486725663717
					],
					[
						70519.9115044248,
						3,
						0
					],
					[
						71050.8849557522,
						1,
						0
					],
					[
						70088.4955752213,
						1,
						0,
						"Alt Animation"
					],
					[
						70088.4955752213,
						2,
						132.743362831858,
						"Alt Animation"
					]
				],
				"typeOfSection": 0,
				"gfSection": false,
				"altAnim": false,
				"mustHitSection": false,
				"changeBPM": false,
				"bpm": 113
			},
			{
				"sectionBeats": 4,
				"sectionNotes": [
					[
						73008.8495575221,
						1,
						0
					],
					[
						73274.3362831858,
						2,
						0
					],
					[
						73672.5663716814,
						2,
						0
					],
					[
						73539.8230088496,
						3,
						0
					],
					[
						73938.0530973451,
						3,
						265.486725663717
					],
					[
						72212.389380531,
						1,
						0
					],
					[
						72477.8761061947,
						3,
						0
					],
					[
						72743.3628318584,
						3,
						0
					],
					[
						72643.8053097345,
						0,
						0
					],
					[
						73174.778761062,
						1,
						0
					],
					[
						73440.2654867257,
						0,
						0
					]
				],
				"typeOfSection": 0,
				"gfSection": false,
				"altAnim": false,
				"mustHitSection": false,
				"changeBPM": false,
				"bpm": 113
			},
			{
				"sectionBeats": 4,
				"sectionNotes": [
					[
						74336.2831858407,
						1,
						0
					],
					[
						74601.7699115044,
						0,
						0
					],
					[
						74867.2566371681,
						0,
						0
					],
					[
						75132.7433628319,
						1,
						0
					],
					[
						75398.2300884956,
						2,
						0
					],
					[
						76061.9469026549,
						0,
						265.486725663717
					],
					[
						74767.6991150442,
						3,
						0
					],
					[
						75298.6725663717,
						1,
						0
					],
					[
						75663.7168141593,
						1,
						0
					],
					[
						75829.6460176991,
						2,
						0
					]
				],
				"typeOfSection": 0,
				"gfSection": false,
				"altAnim": false,
				"mustHitSection": false,
				"changeBPM": false,
				"bpm": 113
			},
			{
				"sectionBeats": 4,
				"sectionNotes": [
					[
						76460.1769911504,
						2,
						0
					],
					[
						76592.9203539823,
						0,
						0
					],
					[
						76991.1504424779,
						2,
						0
					],
					[
						76858.407079646,
						1,
						0
					],
					[
						77256.6371681416,
						0,
						0
					],
					[
						77389.3805309734,
						2,
						0
					],
					[
						77787.610619469,
						2,
						0
					],
					[
						77654.8672566372,
						1,
						0
					],
					[
						78053.0973451327,
						1,
						0
					],
					[
						78318.5840707965,
						3,
						0
					],
					[
						77953.5398230088,
						0,
						0
					]
				],
				"typeOfSection": 0,
				"gfSection": false,
				"altAnim": false,
				"mustHitSection": false,
				"changeBPM": false,
				"bpm": 113
			},
			{
				"sectionBeats": 4,
				"sectionNotes": [
					[
						78849.5575221239,
						3,
						0
					],
					[
						79115.0442477876,
						3,
						0
					],
					[
						79380.5309734513,
						2,
						0
					],
					[
						80077.4336283186,
						1,
						0
					],
					[
						79911.5044247788,
						3,
						0
					],
					[
						79646.017699115,
						1,
						0
					],
					[
						80309.7345132743,
						3,
						265.486725663717
					],
					[
						79015.4867256637,
						0,
						0
					],
					[
						79546.4601769912,
						2,
						0
					],
					[
						78584.0707964602,
						6,
						929.203539823009
					],
					[
						79646.017699115,
						5,
						0
					]
				],
				"typeOfSection": 0,
				"gfSection": false,
				"altAnim": false,
				"mustHitSection": true,
				"changeBPM": false,
				"bpm": 113
			},
			{
				"sectionBeats": 4,
				"sectionNotes": [
					[
						81504.424778761,
						2,
						0
					],
					[
						81769.9115044247,
						1,
						0
					],
					[
						82168.1415929203,
						1,
						0
					],
					[
						82035.3982300885,
						0,
						0
					],
					[
						82433.628318584,
						0,
						265.486725663717
					],
					[
						80973.4513274336,
						0,
						0
					],
					[
						81238.9380530973,
						0,
						0
					],
					[
						81139.3805309734,
						3,
						0
					],
					[
						81670.3539823008,
						2,
						0
					],
					[
						81935.8407079646,
						3,
						0
					]
				],
				"typeOfSection": 0,
				"gfSection": false,
				"altAnim": false,
				"mustHitSection": true,
				"changeBPM": false,
				"bpm": 113
			},
			{
				"sectionBeats": 4,
				"sectionNotes": [
					[
						83097.3451327433,
						3,
						0
					],
					[
						83362.831858407,
						3,
						0
					],
					[
						83628.3185840708,
						2,
						0
					],
					[
						83893.8053097345,
						1,
						0
					],
					[
						84557.5221238938,
						3,
						265.486725663717
					],
					[
						83263.2743362831,
						0,
						0
					],
					[
						83794.2477876106,
						2,
						0
					],
					[
						84159.2920353982,
						2,
						0
					],
					[
						84325.221238938,
						1,
						0
					],
					[
						82831.8584070797,
						5,
						0,
						"Alt Animation"
					],
					[
						82831.8584070797,
						6,
						265.486725663717,
						"Alt Animation"
					]
				],
				"typeOfSection": 0,
				"gfSection": false,
				"altAnim": false,
				"mustHitSection": true,
				"changeBPM": false,
				"bpm": 113
			},
			{
				"sectionBeats": 4,
				"sectionNotes": [
					[
						84955.7522123893,
						2,
						0
					],
					[
						85088.4955752212,
						0,
						0
					],
					[
						85486.7256637168,
						2,
						0
					],
					[
						85353.9823008849,
						1,
						0
					],
					[
						85752.2123893805,
						0,
						0
					],
					[
						85884.9557522123,
						2,
						0
					],
					[
						86283.1858407079,
						2,
						0
					],
					[
						86150.4424778761,
						1,
						0
					],
					[
						86548.6725663716,
						1,
						0
					],
					[
						86449.1150442477,
						0,
						0
					]
				],
				"typeOfSection": 0,
				"gfSection": false,
				"altAnim": false,
				"mustHitSection": true,
				"changeBPM": false,
				"bpm": 113
			},
			{
				"sectionBeats": 4,
				"sectionNotes": [],
				"typeOfSection": 0,
				"gfSection": true,
				"altAnim": false,
				"mustHitSection": true,
				"changeBPM": false,
				"bpm": 113
			},
			{
				"sectionBeats": 4,
				"sectionNotes": [],
				"typeOfSection": 0,
				"gfSection": true,
				"altAnim": false,
				"mustHitSection": true,
				"changeBPM": false,
				"bpm": 113
			},
			{
				"sectionBeats": 4,
				"sectionNotes": [],
				"typeOfSection": 0,
				"gfSection": true,
				"altAnim": false,
				"mustHitSection": true,
				"changeBPM": false,
				"bpm": 113
			},
			{
				"sectionBeats": 4,
				"sectionNotes": [],
				"typeOfSection": 0,
				"gfSection": true,
				"altAnim": false,
				"mustHitSection": true,
				"changeBPM": false,
				"bpm": 113
			},
			{
				"sectionBeats": 4,
				"sectionNotes": [],
				"typeOfSection": 0,
				"gfSection": true,
				"altAnim": false,
				"mustHitSection": true,
				"changeBPM": false,
				"bpm": 113
			},
			{
				"sectionBeats": 4,
				"sectionNotes": [],
				"typeOfSection": 0,
				"gfSection": true,
				"altAnim": false,
				"mustHitSection": true,
				"changeBPM": false,
				"bpm": 113
			},
			{
				"sectionBeats": 4,
				"sectionNotes": [],
				"typeOfSection": 0,
				"gfSection": true,
				"altAnim": false,
				"mustHitSection": true,
				"changeBPM": false,
				"bpm": 113
			},
			{
				"sectionBeats": 4,
				"sectionNotes": [],
				"typeOfSection": 0,
				"gfSection": true,
				"altAnim": false,
				"mustHitSection": true,
				"changeBPM": false,
				"bpm": 113
			},
			{
				"sectionBeats": 4,
				"sectionNotes": [],
				"typeOfSection": 0,
				"gfSection": true,
				"altAnim": false,
				"mustHitSection": true,
				"changeBPM": false,
				"bpm": 113
			},
			{
				"sectionBeats": 4,
				"sectionNotes": [],
				"typeOfSection": 0,
				"gfSection": true,
				"altAnim": false,
				"mustHitSection": true,
				"changeBPM": false,
				"bpm": 113
			},
			{
				"sectionBeats": 4,
				"sectionNotes": [],
				"typeOfSection": 0,
				"gfSection": true,
				"altAnim": false,
				"mustHitSection": true,
				"changeBPM": false,
				"bpm": 113
			},
			{
				"sectionBeats": 4,
				"sectionNotes": [],
				"typeOfSection": 0,
				"gfSection": true,
				"altAnim": false,
				"mustHitSection": true,
				"changeBPM": false,
				"bpm": 113
			},
			{
				"sectionBeats": 4,
				"sectionNotes": [],
				"typeOfSection": 0,
				"gfSection": true,
				"altAnim": false,
				"mustHitSection": true,
				"changeBPM": false,
				"bpm": 113
			},
			{
				"sectionBeats": 4,
				"sectionNotes": [],
				"typeOfSection": 0,
				"gfSection": true,
				"altAnim": false,
				"mustHitSection": true,
				"changeBPM": false,
				"bpm": 113
			},
			{
				"sectionBeats": 4,
				"sectionNotes": [],
				"typeOfSection": 0,
				"gfSection": true,
				"altAnim": false,
				"mustHitSection": true,
				"changeBPM": false,
				"bpm": 113
			},
			{
				"sectionBeats": 4,
				"sectionNotes": [],
				"typeOfSection": 0,
				"gfSection": true,
				"altAnim": false,
				"mustHitSection": true,
				"changeBPM": false,
				"bpm": 113
			},
			{
				"sectionBeats": 4,
				"sectionNotes": [
					[
						121061.946902655,
						0,
						0
					],
					[
						121327.433628319,
						1,
						0
					],
					[
						121592.920353982,
						0,
						0
					],
					[
						121858.407079646,
						2,
						0
					],
					[
						122123.89380531,
						3,
						0
					],
					[
						122389.380530974,
						3,
						0
					],
					[
						122654.867256637,
						2,
						132.743362831858
					],
					[
						122920.353982301,
						1,
						132.743362831858
					],
					[
						121227.876106195,
						0,
						0
					],
					[
						121493.362831858,
						2,
						0
					],
					[
						121758.849557522,
						0,
						0
					],
					[
						122024.336283186,
						1,
						0
					],
					[
						122289.82300885,
						1,
						0
					],
					[
						122555.309734513,
						0,
						0
					]
				],
				"typeOfSection": 0,
				"gfSection": true,
				"altAnim": false,
				"mustHitSection": true,
				"changeBPM": false,
				"bpm": 113
			},
			{
				"sectionBeats": 4,
				"sectionNotes": [
					[
						123185.840707965,
						0,
						0
					],
					[
						123451.327433628,
						3,
						0
					],
					[
						123716.814159292,
						2,
						0
					],
					[
						123982.300884956,
						0,
						0
					],
					[
						124247.78761062,
						3,
						0
					],
					[
						124513.274336283,
						3,
						0
					],
					[
						124778.761061947,
						0,
						0
					],
					[
						125044.247787611,
						0,
						0
					],
					[
						123351.769911505,
						1,
						0
					],
					[
						123617.256637168,
						1,
						0
					],
					[
						123882.743362832,
						2,
						0
					],
					[
						124148.230088496,
						1,
						0
					],
					[
						124413.716814159,
						2,
						0
					],
					[
						124679.203539823,
						1,
						0
					],
					[
						124944.690265487,
						1,
						0
					],
					[
						125210.176991151,
						3,
						0
					]
				],
				"typeOfSection": 0,
				"gfSection": true,
				"altAnim": false,
				"mustHitSection": true,
				"changeBPM": false,
				"bpm": 113
			},
			{
				"sectionBeats": 4,
				"sectionNotes": [
					[
						125309.734513274,
						0,
						0
					],
					[
						125575.221238938,
						0,
						0
					],
					[
						126371.681415929,
						2,
						0
					],
					[
						126637.168141593,
						1,
						0
					],
					[
						126902.654867257,
						3,
						0
					],
					[
						126106.194690266,
						3,
						0
					],
					[
						127168.14159292,
						0,
						0
					],
					[
						125475.663716814,
						2,
						0
					],
					[
						125741.150442478,
						2,
						0
					],
					[
						126006.637168142,
						1,
						0
					],
					[
						126272.123893805,
						3,
						0
					],
					[
						126537.610619469,
						0,
						0
					],
					[
						126803.097345133,
						1,
						0
					],
					[
						127068.584070797,
						2,
						0
					],
					[
						125840.707964602,
						3,
						0
					],
					[
						127334.07079646,
						2,
						0
					]
				],
				"typeOfSection": 0,
				"gfSection": true,
				"altAnim": false,
				"mustHitSection": true,
				"changeBPM": false,
				"bpm": 113
			},
			{
				"sectionBeats": 4,
				"sectionNotes": [
					[
						127500,
						1,
						0
					],
					[
						127699.115044248,
						1,
						0
					],
					[
						128230.088495575,
						3,
						132.743362831858
					],
					[
						128495.575221239,
						0,
						0
					],
					[
						128561.946902655,
						1,
						0
					],
					[
						128628.318584071,
						2,
						0
					],
					[
						128694.690265487,
						1,
						0
					],
					[
						128761.061946903,
						2,
						0
					],
					[
						128827.433628319,
						3,
						0
					],
					[
						128893.805309735,
						1,
						0
					],
					[
						127964.601769912,
						0,
						132.743362831858
					],
					[
						127433.628318584,
						0,
						0
					],
					[
						127566.371681416,
						2,
						0
					],
					[
						127632.743362832,
						3,
						0
					],
					[
						127765.486725664,
						2,
						0
					],
					[
						127831.85840708,
						3,
						0
					],
					[
						129026.548672566,
						0,
						398.230088495575,
						"No Animation"
					]
				],
				"typeOfSection": 0,
				"gfSection": true,
				"altAnim": false,
				"mustHitSection": true,
				"changeBPM": false,
				"bpm": 113
			},
			{
				"sectionBeats": 4,
				"sectionNotes": [
					[
						129723.451327434,
						2,
						0
					],
					[
						130353.982300885,
						1,
						0
					],
					[
						130619.469026549,
						1,
						0
					],
					[
						130088.495575221,
						3,
						0
					],
					[
						130884.955752212,
						0,
						0
					],
					[
						131150.442477876,
						0,
						0
					],
					[
						131415.92920354,
						1,
						0
					],
					[
						129988.938053097,
						1,
						0
					],
					[
						130254.424778761,
						3,
						0
					],
					[
						130519.911504425,
						2,
						0
					],
					[
						130785.398230089,
						1,
						0
					],
					[
						131050.884955752,
						3,
						0
					],
					[
						131316.371681416,
						2,
						0
					],
					[
						131581.85840708,
						2,
						0
					],
					[
						129823.008849558,
						0,
						0,
						"No Animation"
					],
					[
						129557.522123894,
						1,
						0,
						"No Animation"
					]
				],
				"typeOfSection": 0,
				"gfSection": false,
				"altAnim": false,
				"mustHitSection": true,
				"changeBPM": false,
				"bpm": 113
			},
			{
				"sectionBeats": 4,
				"sectionNotes": [
					[
						131681.415929204,
						0,
						0
					],
					[
						131946.902654867,
						2,
						0
					],
					[
						131681.415929204,
						1,
						132.743362831858
					],
					[
						131946.902654867,
						3,
						132.743362831858
					],
					[
						132212.389380531,
						0,
						0
					],
					[
						132477.876106195,
						3,
						0
					],
					[
						132743.362831859,
						0,
						0
					],
					[
						133008.849557522,
						2,
						0
					],
					[
						133274.336283186,
						0,
						0
					],
					[
						133539.82300885,
						0,
						0
					],
					[
						132378.318584071,
						1,
						0
					],
					[
						132643.805309735,
						1,
						0
					],
					[
						132909.292035398,
						1,
						0
					],
					[
						133174.778761062,
						1,
						0
					],
					[
						133440.265486726,
						3,
						0
					],
					[
						133705.752212389,
						2,
						0
					]
				],
				"typeOfSection": 0,
				"gfSection": false,
				"altAnim": false,
				"mustHitSection": true,
				"changeBPM": false,
				"bpm": 113
			},
			{
				"sectionBeats": 4,
				"sectionNotes": [
					[
						133805.309734513,
						1,
						132.743362831858
					],
					[
						134070.796460177,
						2,
						132.743362831858
					],
					[
						134336.283185841,
						1,
						0
					],
					[
						134601.769911505,
						2,
						0
					],
					[
						134867.256637168,
						1,
						132.743362831858
					],
					[
						135132.743362832,
						0,
						132.743362831858
					],
					[
						135398.230088496,
						2,
						0
					],
					[
						135663.716814159,
						3,
						0
					],
					[
						134502.212389381,
						1,
						0
					],
					[
						134767.699115044,
						2,
						0
					],
					[
						135564.159292036,
						2,
						0
					],
					[
						135829.646017699,
						3,
						0
					]
				],
				"typeOfSection": 0,
				"gfSection": false,
				"altAnim": false,
				"mustHitSection": true,
				"changeBPM": false,
				"bpm": 113
			},
			{
				"sectionBeats": 4,
				"sectionNotes": [
					[
						135929.203539823,
						0,
						0
					],
					[
						135995.575221239,
						1,
						0
					],
					[
						136061.946902655,
						2,
						0
					],
					[
						136128.318584071,
						0,
						0
					],
					[
						136194.690265487,
						1,
						0
					],
					[
						136261.061946903,
						2,
						0
					],
					[
						136327.433628319,
						3,
						0
					],
					[
						136460.176991151,
						0,
						132.743362831858
					],
					[
						136725.663716814,
						2,
						132.743362831858
					],
					[
						136991.150442478,
						0,
						0
					],
					[
						137057.522123894,
						1,
						0
					],
					[
						137123.89380531,
						2,
						0
					],
					[
						137190.265486726,
						1,
						0
					],
					[
						137256.637168142,
						2,
						0
					],
					[
						137323.008849558,
						3,
						0
					],
					[
						137389.380530974,
						0,
						0
					],
					[
						137522.123893805,
						3,
						132.743362831858
					],
					[
						137787.610619469,
						1,
						0
					],
					[
						137953.539823009,
						3,
						0
					]
				],
				"typeOfSection": 0,
				"gfSection": false,
				"altAnim": false,
				"mustHitSection": true,
				"changeBPM": false,
				"bpm": 113
			},
			{
				"sectionBeats": 4,
				"sectionNotes": [
					[
						138053.097345133,
						2,
						1991.15044247788
					],
					[
						138053.097345133,
						0,
						0,
						"GF Sing"
					],
					[
						138318.584070797,
						0,
						0,
						"GF Sing"
					],
					[
						138584.07079646,
						0,
						0,
						"GF Sing"
					],
					[
						138849.557522124,
						3,
						0,
						"GF Sing"
					],
					[
						139115.044247788,
						1,
						0,
						"GF Sing"
					],
					[
						139314.159292035,
						0,
						0,
						"GF Sing"
					],
					[
						139646.017699115,
						0,
						0,
						"GF Sing"
					],
					[
						139845.132743363,
						1,
						0,
						"GF Sing"
					],
					[
						140000,
						3,
						0,
						"GF Sing"
					],
					[
						138219.026548673,
						1,
						0,
						"GF Sing"
					],
					[
						138484.513274336,
						3,
						0,
						"GF Sing"
					],
					[
						138750,
						0,
						0,
						"GF Sing"
					],
					[
						139015.486725664,
						3,
						0,
						"GF Sing"
					],
					[
						139480.088495575,
						3,
						0,
						"GF Sing"
					]
				],
				"typeOfSection": 0,
				"gfSection": false,
				"altAnim": false,
				"mustHitSection": true,
				"changeBPM": false,
				"bpm": 113
			},
			{
				"sectionBeats": 4,
				"sectionNotes": [
					[
						140176.991150443,
						1,
						1991.15044247788
					],
					[
						140176.991150443,
						0,
						0,
						"GF Sing"
					],
					[
						140342.920353982,
						3,
						0,
						"GF Sing"
					],
					[
						140442.477876106,
						0,
						0,
						"GF Sing"
					],
					[
						140608.407079646,
						3,
						0,
						"GF Sing"
					],
					[
						140707.96460177,
						2,
						0,
						"GF Sing"
					],
					[
						140873.89380531,
						2,
						0,
						"GF Sing"
					],
					[
						140973.451327434,
						0,
						0,
						"GF Sing"
					],
					[
						141139.380530974,
						0,
						0,
						"GF Sing"
					],
					[
						141238.938053097,
						3,
						0,
						"GF Sing"
					],
					[
						141415.92920354,
						0,
						0,
						"GF Sing"
					],
					[
						141570.796460177,
						2,
						0,
						"GF Sing"
					],
					[
						141769.911504425,
						0,
						0,
						"GF Sing"
					],
					[
						141946.902654867,
						3,
						0,
						"GF Sing"
					],
					[
						142101.769911504,
						2,
						0,
						"GF Sing"
					]
				],
				"typeOfSection": 0,
				"gfSection": false,
				"altAnim": false,
				"mustHitSection": true,
				"changeBPM": false,
				"bpm": 113
			},
			{
				"sectionBeats": 4,
				"sectionNotes": [
					[
						142300.884955752,
						0,
						1991.15044247788
					],
					[
						142300.884955752,
						3,
						0,
						"GF Sing"
					],
					[
						142699.115044248,
						3,
						0,
						"GF Sing"
					],
					[
						143097.345132743,
						3,
						0,
						"GF Sing"
					],
					[
						143893.805309735,
						1,
						0,
						"GF Sing"
					],
					[
						144026.548672566,
						3,
						0,
						"GF Sing"
					],
					[
						144159.292035398,
						2,
						0,
						"GF Sing"
					]
				],
				"typeOfSection": 0,
				"gfSection": false,
				"altAnim": false,
				"mustHitSection": true,
				"changeBPM": false,
				"bpm": 113
			},
			{
				"sectionBeats": 4,
				"sectionNotes": [
					[
						144424.778761062,
						3,
						1991.15044247788
					],
					[
						144424.778761062,
						1,
						0,
						"GF Sing"
					],
					[
						144823.008849558,
						1,
						0,
						"GF Sing"
					],
					[
						145221.238938053,
						1,
						0,
						"GF Sing"
					],
					[
						145486.725663717,
						0,
						0,
						"GF Sing"
					],
					[
						145752.212389381,
						0,
						0,
						"GF Sing"
					],
					[
						145652.654867257,
						2,
						0,
						"GF Sing"
					],
					[
						145918.14159292,
						2,
						0,
						"GF Sing"
					],
					[
						146017.699115044,
						0,
						398.230088495575,
						"No Animation"
					]
				],
				"typeOfSection": 0,
				"gfSection": false,
				"altAnim": false,
				"mustHitSection": true,
				"changeBPM": false,
				"bpm": 113
			},
			{
				"sectionBeats": 4,
				"sectionNotes": [
					[
						146714.601769912,
						2,
						0
					],
					[
						147345.132743363,
						1,
						0
					],
					[
						147610.619469027,
						1,
						0
					],
					[
						147079.646017699,
						3,
						0
					],
					[
						147876.10619469,
						0,
						0
					],
					[
						148141.592920354,
						0,
						0
					],
					[
						148407.079646018,
						1,
						0
					],
					[
						146980.088495575,
						1,
						0
					],
					[
						147245.575221239,
						3,
						0
					],
					[
						147511.061946903,
						2,
						0
					],
					[
						147776.548672566,
						1,
						0
					],
					[
						148042.03539823,
						3,
						0
					],
					[
						148307.522123894,
						2,
						0
					],
					[
						148573.008849558,
						2,
						0
					],
					[
						146548.672566372,
						1,
						0
					],
					[
						146814.159292035,
						0,
						0
					],
					[
						146548.672566372,
						5,
						0,
						"No Animation"
					],
					[
						146814.159292035,
						4,
						0,
						"No Animation"
					]
				],
				"typeOfSection": 0,
				"gfSection": false,
				"altAnim": false,
				"mustHitSection": false,
				"changeBPM": false,
				"bpm": 113
			},
			{
				"sectionBeats": 4,
				"sectionNotes": [
					[
						148672.566371682,
						0,
						0
					],
					[
						148938.053097345,
						2,
						0
					],
					[
						148672.566371682,
						1,
						132.743362831858
					],
					[
						148938.053097345,
						3,
						132.743362831858
					],
					[
						149203.539823009,
						0,
						0
					],
					[
						149469.026548673,
						3,
						0
					],
					[
						149734.513274336,
						0,
						0
					],
					[
						150000,
						2,
						0
					],
					[
						150265.486725664,
						0,
						0
					],
					[
						150530.973451328,
						0,
						0
					],
					[
						149369.469026549,
						1,
						0
					],
					[
						149634.955752212,
						1,
						0
					],
					[
						149900.442477876,
						1,
						0
					],
					[
						150165.92920354,
						1,
						0
					],
					[
						150431.415929204,
						3,
						0
					],
					[
						150696.902654867,
						2,
						0
					]
				],
				"typeOfSection": 0,
				"gfSection": false,
				"altAnim": false,
				"mustHitSection": false,
				"changeBPM": false,
				"bpm": 113
			},
			{
				"sectionBeats": 4,
				"sectionNotes": [
					[
						150796.460176991,
						1,
						132.743362831858
					],
					[
						151061.946902655,
						2,
						132.743362831858
					],
					[
						151327.433628319,
						1,
						0
					],
					[
						151592.920353982,
						2,
						0
					],
					[
						151858.407079646,
						1,
						132.743362831858
					],
					[
						152123.89380531,
						0,
						132.743362831858
					],
					[
						152389.380530974,
						2,
						0
					],
					[
						152654.867256637,
						3,
						0
					],
					[
						151493.362831859,
						1,
						0
					],
					[
						151758.849557522,
						2,
						0
					],
					[
						152555.309734513,
						2,
						0
					],
					[
						152820.796460177,
						3,
						0
					]
				],
				"typeOfSection": 0,
				"gfSection": false,
				"altAnim": false,
				"mustHitSection": false,
				"changeBPM": false,
				"bpm": 113
			},
			{
				"sectionBeats": 4,
				"sectionNotes": [
					[
						152920.353982301,
						0,
						0
					],
					[
						152986.725663717,
						1,
						0
					],
					[
						153053.097345133,
						2,
						0
					],
					[
						153119.469026549,
						0,
						0
					],
					[
						153185.840707965,
						1,
						0
					],
					[
						153252.212389381,
						2,
						0
					],
					[
						153318.584070797,
						3,
						0
					],
					[
						153451.327433628,
						0,
						132.743362831858
					],
					[
						153716.814159292,
						2,
						132.743362831858
					],
					[
						153982.300884956,
						0,
						0
					],
					[
						154048.672566372,
						1,
						0
					],
					[
						154115.044247788,
						2,
						0
					],
					[
						154181.415929204,
						1,
						0
					],
					[
						154247.78761062,
						2,
						0
					],
					[
						154314.159292035,
						3,
						0
					],
					[
						154380.530973451,
						0,
						0
					],
					[
						154513.274336283,
						3,
						132.743362831858
					],
					[
						154778.761061947,
						1,
						0
					],
					[
						154944.690265487,
						3,
						0
					]
				],
				"typeOfSection": 0,
				"gfSection": false,
				"altAnim": false,
				"mustHitSection": false,
				"changeBPM": false,
				"bpm": 113
			},
			{
				"sectionBeats": 4,
				"sectionNotes": [
					[
						155044.247787611,
						6,
						1991.15044247788
					],
					[
						155309.734513274,
						0,
						0
					],
					[
						155575.221238938,
						0,
						0
					],
					[
						155840.707964602,
						1,
						0
					],
					[
						156537.610619469,
						2,
						0
					],
					[
						156371.681415929,
						0,
						0
					],
					[
						156106.194690265,
						2,
						0
					],
					[
						156769.911504425,
						0,
						265.486725663717
					],
					[
						155475.663716814,
						3,
						0
					],
					[
						156006.637168142,
						1,
						0
					]
				],
				"typeOfSection": 0,
				"gfSection": true,
				"altAnim": false,
				"mustHitSection": true,
				"changeBPM": false,
				"bpm": 113
			},
			{
				"sectionBeats": 4,
				"sectionNotes": [
					[
						157964.601769912,
						1,
						0
					],
					[
						158230.088495575,
						2,
						0
					],
					[
						158628.318584071,
						2,
						0
					],
					[
						158495.575221239,
						3,
						0
					],
					[
						158893.805309735,
						3,
						265.486725663717
					],
					[
						157433.628318584,
						3,
						0
					],
					[
						157699.115044248,
						3,
						0
					],
					[
						157599.557522124,
						0,
						0
					],
					[
						158130.530973451,
						1,
						0
					],
					[
						158396.017699115,
						0,
						0
					]
				],
				"typeOfSection": 0,
				"gfSection": true,
				"altAnim": false,
				"mustHitSection": true,
				"changeBPM": false,
				"bpm": 113
			},
			{
				"sectionBeats": 4,
				"sectionNotes": [
					[
						159557.522123894,
						0,
						0
					],
					[
						159823.008849558,
						0,
						0
					],
					[
						160088.495575221,
						1,
						0
					],
					[
						160353.982300885,
						2,
						0
					],
					[
						161017.699115044,
						0,
						265.486725663717
					],
					[
						159723.451327434,
						3,
						0
					],
					[
						160254.424778761,
						1,
						0
					],
					[
						160619.469026549,
						1,
						0
					],
					[
						160785.398230088,
						2,
						0
					]
				],
				"typeOfSection": 0,
				"gfSection": true,
				"altAnim": false,
				"mustHitSection": true,
				"changeBPM": false,
				"bpm": 113
			},
			{
				"sectionBeats": 4,
				"sectionNotes": [
					[
						161415.92920354,
						2,
						0
					],
					[
						161548.672566372,
						0,
						0
					],
					[
						161946.902654867,
						2,
						0
					],
					[
						161814.159292035,
						1,
						0
					],
					[
						162212.389380531,
						0,
						0
					],
					[
						162345.132743363,
						2,
						0
					],
					[
						162743.362831858,
						2,
						0
					],
					[
						162610.619469027,
						1,
						0
					],
					[
						163008.849557522,
						0,
						398.230088495575,
						"No Animation"
					]
				],
				"typeOfSection": 0,
				"gfSection": true,
				"altAnim": false,
				"mustHitSection": true,
				"changeBPM": false,
				"bpm": 113
			},
			{
				"sectionBeats": 4,
				"sectionNotes": [
					[
						163805.309734513,
						0,
						0
					],
					[
						164070.796460177,
						0,
						0
					],
					[
						164336.283185841,
						1,
						0
					],
					[
						165033.185840708,
						2,
						0
					],
					[
						164867.256637168,
						0,
						0
					],
					[
						164601.769911504,
						2,
						0
					],
					[
						165265.486725664,
						0,
						265.486725663717
					],
					[
						163971.238938053,
						3,
						0
					],
					[
						164502.212389381,
						1,
						0
					],
					[
						163539.823008849,
						5,
						0,
						"No Animation"
					],
					[
						163805.309734513,
						4,
						0,
						"No Animation"
					],
					[
						163539.823008849,
						1,
						0,
						"Alt Animation"
					],
					[
						163539.823008849,
						2,
						132.743362831858,
						"Alt Animation"
					]
				],
				"typeOfSection": 0,
				"gfSection": false,
				"altAnim": false,
				"mustHitSection": false,
				"changeBPM": false,
				"bpm": 113
			},
			{
				"sectionBeats": 4,
				"sectionNotes": [
					[
						166460.17699115,
						2,
						0
					],
					[
						166725.663716814,
						1,
						0
					],
					[
						167123.89380531,
						1,
						0
					],
					[
						166991.150442478,
						0,
						0
					],
					[
						167389.380530973,
						0,
						265.486725663717
					],
					[
						165929.203539823,
						0,
						0
					],
					[
						166194.690265487,
						0,
						0
					],
					[
						166095.132743363,
						3,
						0
					],
					[
						166626.10619469,
						2,
						0
					],
					[
						166891.592920354,
						3,
						0
					],
					[
						165663.716814159,
						5,
						0
					]
				],
				"typeOfSection": 0,
				"gfSection": false,
				"altAnim": false,
				"mustHitSection": true,
				"changeBPM": false,
				"bpm": 113
			},
			{
				"sectionBeats": 4,
				"sectionNotes": [
					[
						168053.097345133,
						0,
						0
					],
					[
						168318.584070796,
						0,
						0
					],
					[
						168584.07079646,
						1,
						0
					],
					[
						168849.557522124,
						2,
						0
					],
					[
						169513.274336283,
						0,
						265.486725663717
					],
					[
						168219.026548673,
						3,
						0
					],
					[
						168750,
						1,
						0
					],
					[
						169115.044247788,
						1,
						0
					],
					[
						169280.973451327,
						2,
						0
					]
				],
				"typeOfSection": 0,
				"gfSection": false,
				"altAnim": false,
				"mustHitSection": false,
				"changeBPM": false,
				"bpm": 113
			},
			{
				"sectionBeats": 4,
				"sectionNotes": [
					[
						169911.504424779,
						1,
						0
					],
					[
						170044.247787611,
						3,
						0
					],
					[
						170442.477876106,
						1,
						0
					],
					[
						170309.734513274,
						2,
						0
					],
					[
						171504.424778761,
						2,
						0
					],
					[
						171769.911504425,
						0,
						0
					],
					[
						170707.96460177,
						4,
						0
					],
					[
						170840.707964602,
						6,
						0
					],
					[
						171106.194690265,
						5,
						0
					],
					[
						171238.938053097,
						6,
						0
					],
					[
						171404.867256637,
						4,
						0
					],
					[
						171504.424778761,
						5,
						0
					],
					[
						171769.911504425,
						7,
						0
					]
				],
				"typeOfSection": 0,
				"gfSection": false,
				"altAnim": false,
				"mustHitSection": true,
				"changeBPM": false,
				"bpm": 113
			},
			{
				"sectionBeats": 4,
				"sectionNotes": [
					[
						172035.398230088,
						1,
						929.203539823009
					],
					[
						172035.398230088,
						5,
						929.203539823009
					]
				],
				"typeOfSection": 0,
				"gfSection": false,
				"altAnim": false,
				"mustHitSection": true,
				"changeBPM": false,
				"bpm": 113
			},
			{
				"sectionBeats": 4,
				"sectionNotes": [],
				"typeOfSection": 0,
				"gfSection": false,
				"altAnim": false,
				"mustHitSection": true,
				"changeBPM": false,
				"bpm": 113
			},
			{
				"sectionBeats": 4,
				"sectionNotes": [],
				"typeOfSection": 0,
				"gfSection": false,
				"altAnim": false,
				"mustHitSection": true,
				"changeBPM": false,
				"bpm": 113
			},
			{
				"sectionBeats": 4,
				"sectionNotes": [],
				"typeOfSection": 0,
				"gfSection": false,
				"altAnim": false,
				"mustHitSection": true,
				"changeBPM": false,
				"bpm": 113
			},
			{
				"typeOfSection": 0,
				"sectionNotes": [],
				"sectionBeats": 4,
				"altAnim": false,
				"gfSection": false,
				"bpm": 113,
				"changeBPM": false,
				"mustHitSection": true
			},
			{
				"typeOfSection": 0,
				"sectionNotes": [],
				"sectionBeats": 4,
				"altAnim": false,
				"gfSection": false,
				"bpm": 113,
				"changeBPM": false,
				"mustHitSection": true
			},
			{
				"typeOfSection": 0,
				"sectionNotes": [],
				"sectionBeats": 4,
				"altAnim": false,
				"gfSection": false,
				"bpm": 113,
				"changeBPM": false,
				"mustHitSection": true
			},
			{
				"typeOfSection": 0,
				"sectionNotes": [],
				"sectionBeats": 4,
				"altAnim": false,
				"gfSection": false,
				"bpm": 113,
				"changeBPM": false,
				"mustHitSection": true
			},
			{
				"sectionBeats": 4,
				"sectionNotes": [],
				"typeOfSection": 0,
				"gfSection": false,
				"altAnim": false,
				"mustHitSection": true,
				"changeBPM": false,
				"bpm": 113
			},
			{
				"sectionBeats": 4,
				"sectionNotes": [],
				"typeOfSection": 0,
				"gfSection": false,
				"altAnim": false,
				"mustHitSection": true,
				"changeBPM": false,
				"bpm": 113
			},
			{
				"sectionBeats": 4,
				"sectionNotes": [],
				"typeOfSection": 0,
				"gfSection": false,
				"altAnim": false,
				"mustHitSection": true,
				"changeBPM": false,
				"bpm": 113
			},
			{
				"sectionBeats": 4,
				"sectionNotes": [],
				"typeOfSection": 0,
				"gfSection": false,
				"altAnim": false,
				"mustHitSection": true,
				"changeBPM": false,
				"bpm": 113
			},
			{
				"sectionBeats": 4,
				"sectionNotes": [],
				"typeOfSection": 0,
				"gfSection": false,
				"altAnim": false,
				"mustHitSection": true,
				"changeBPM": false,
				"bpm": 113
			},
			{
				"sectionBeats": 4,
				"sectionNotes": [],
				"typeOfSection": 0,
				"gfSection": false,
				"altAnim": false,
				"mustHitSection": true,
				"changeBPM": false,
				"bpm": 113
			},
			{
				"sectionBeats": 4,
				"sectionNotes": [],
				"typeOfSection": 0,
				"gfSection": false,
				"altAnim": false,
				"mustHitSection": true,
				"changeBPM": false,
				"bpm": 113
			},
			{
				"sectionBeats": 4,
				"sectionNotes": [],
				"typeOfSection": 0,
				"gfSection": false,
				"altAnim": false,
				"mustHitSection": true,
				"changeBPM": false,
				"bpm": 113
			},
			{
				"sectionBeats": 4,
				"sectionNotes": [],
				"typeOfSection": 0,
				"gfSection": false,
				"altAnim": false,
				"mustHitSection": true,
				"changeBPM": false,
				"bpm": 113
			},
			{
				"sectionBeats": 4,
				"sectionNotes": [],
				"typeOfSection": 0,
				"gfSection": false,
				"altAnim": false,
				"mustHitSection": true,
				"changeBPM": false,
				"bpm": 113
			},
			{
				"sectionBeats": 4,
				"sectionNotes": [],
				"typeOfSection": 0,
				"gfSection": false,
				"altAnim": false,
				"mustHitSection": true,
				"changeBPM": false,
				"bpm": 113
			},
			{
				"sectionBeats": 4,
				"sectionNotes": [],
				"typeOfSection": 0,
				"gfSection": false,
				"altAnim": false,
				"mustHitSection": true,
				"changeBPM": false,
				"bpm": 113
			},
			{
				"sectionBeats": 4,
				"sectionNotes": [],
				"typeOfSection": 0,
				"gfSection": false,
				"altAnim": false,
				"mustHitSection": true,
				"changeBPM": false,
				"bpm": 113
			},
			{
				"sectionBeats": 4,
				"sectionNotes": [],
				"typeOfSection": 0,
				"gfSection": false,
				"altAnim": false,
				"mustHitSection": true,
				"changeBPM": false,
				"bpm": 113
			},
			{
				"sectionBeats": 4,
				"sectionNotes": [],
				"typeOfSection": 0,
				"gfSection": false,
				"altAnim": false,
				"mustHitSection": true,
				"changeBPM": false,
				"bpm": 113
			},
			{
				"sectionBeats": 4,
				"sectionNotes": [],
				"typeOfSection": 0,
				"gfSection": false,
				"altAnim": false,
				"mustHitSection": true,
				"changeBPM": false,
				"bpm": 113
			},
			{
				"sectionBeats": 4,
				"sectionNotes": [],
				"typeOfSection": 0,
				"gfSection": false,
				"altAnim": false,
				"mustHitSection": true,
				"changeBPM": false,
				"bpm": 113
			},
			{
				"sectionBeats": 4,
				"sectionNotes": [],
				"typeOfSection": 0,
				"gfSection": false,
				"altAnim": false,
				"mustHitSection": true,
				"changeBPM": false,
				"bpm": 113
			},
			{
				"sectionBeats": 4,
				"sectionNotes": [],
				"typeOfSection": 0,
				"gfSection": false,
				"altAnim": false,
				"mustHitSection": true,
				"changeBPM": false,
				"bpm": 113
			},
			{
				"sectionBeats": 4,
				"sectionNotes": [],
				"typeOfSection": 0,
				"gfSection": false,
				"altAnim": false,
				"mustHitSection": true,
				"changeBPM": false,
				"bpm": 113
			},
			{
				"typeOfSection": 0,
				"sectionNotes": [],
				"sectionBeats": 4,
				"altAnim": false,
				"gfSection": false,
				"bpm": 113,
				"changeBPM": false,
				"mustHitSection": true
			},
			{
				"typeOfSection": 0,
				"sectionNotes": [],
				"sectionBeats": 4,
				"altAnim": false,
				"gfSection": false,
				"bpm": 113,
				"changeBPM": false,
				"mustHitSection": true
			},
			{
				"typeOfSection": 0,
				"sectionNotes": [],
				"sectionBeats": 4,
				"altAnim": false,
				"gfSection": false,
				"bpm": 113,
				"changeBPM": false,
				"mustHitSection": true
			},
			{
				"sectionBeats": 4,
				"sectionNotes": [],
				"typeOfSection": 0,
				"gfSection": false,
				"altAnim": false,
				"mustHitSection": true,
				"changeBPM": false,
				"bpm": 113
			},
			{
				"sectionBeats": 4,
				"sectionNotes": [],
				"typeOfSection": 0,
				"gfSection": false,
				"altAnim": false,
				"mustHitSection": true,
				"changeBPM": false,
				"bpm": 113
			},
			{
				"sectionBeats": 4,
				"sectionNotes": [],
				"typeOfSection": 0,
				"gfSection": false,
				"altAnim": false,
				"mustHitSection": true,
				"changeBPM": false,
				"bpm": 113
			},
			{
				"typeOfSection": 0,
				"sectionNotes": [],
				"sectionBeats": 4,
				"altAnim": false,
				"gfSection": false,
				"bpm": 113,
				"changeBPM": false,
				"mustHitSection": true
			},
			{
				"typeOfSection": 0,
				"sectionNotes": [],
				"sectionBeats": 4,
				"altAnim": false,
				"gfSection": false,
				"bpm": 113,
				"changeBPM": false,
				"mustHitSection": true
			},
			{
				"sectionBeats": 4,
				"sectionNotes": [],
				"typeOfSection": 0,
				"gfSection": false,
				"altAnim": false,
				"mustHitSection": true,
				"changeBPM": false,
				"bpm": 113
			},
			{
				"sectionBeats": 4,
				"sectionNotes": [],
				"typeOfSection": 0,
				"gfSection": false,
				"altAnim": false,
				"mustHitSection": true,
				"changeBPM": false,
				"bpm": 113
			},
			{
				"sectionBeats": 4,
				"sectionNotes": [],
				"typeOfSection": 0,
				"gfSection": false,
				"altAnim": false,
				"mustHitSection": true,
				"changeBPM": false,
				"bpm": 113
			},
			{
				"sectionBeats": 4,
				"sectionNotes": [],
				"typeOfSection": 0,
				"gfSection": false,
				"altAnim": false,
				"mustHitSection": true,
				"changeBPM": false,
				"bpm": 113
			},
			{
				"gfSection": false,
				"altAnim": false,
				"typeOfSection": 0,
				"sectionNotes": [],
				"bpm": 113,
				"sectionBeats": 4,
				"changeBPM": false,
				"mustHitSection": true
			},
			{
				"gfSection": false,
				"altAnim": false,
				"typeOfSection": 0,
				"sectionNotes": [],
				"bpm": 113,
				"sectionBeats": 4,
				"changeBPM": false,
				"mustHitSection": true
			}
		],
		"events": [
			[
				0,
				[
					[
						"Play Sound",
						"NinoNoise8",
						"0.85"
					]
				]
			],
			[
				12743.3628318584,
				[
					[
						"Play Sound",
						"NinoNoise8",
						"0.85"
					]
				]
			],
			[
				21371.6814159292,
				[
					[
						"Play Sound",
						"NinoNoise8",
						"0.85"
					]
				]
			],
			[
				30530.9734513274,
				[
					[
						"Play Sound",
						"NinoNoise8",
						"0.85"
					]
				]
			],
			[
				70088.4955752213,
				[
					[
						"Play Sound",
						"NinoNoise8",
						"0.85"
					]
				]
			],
			[
				82831.8584070797,
				[
					[
						"Play Sound",
						"NinoNoise8",
						"0.85"
					]
				]
			]
		],
		"player2": "ninov3",
		"splashSkin": "noteSplashes",
		"song": "Not-the-right-order",
		"needsVoices": true,
		"arrowSkin": "",
		"stage": "gotoubun-5_stage",
		"validScore": true,
		"bpm": 113,
		"speed": 2.5
	}
}