{
	"song": {
		"player1": "nino-guitar-alt-player-flipped",
		"events": [
			[
				0,
				[
					[
						"Cam Boom Speed",
						"2",
						"3"
					],
					[
						"Add Camera Zoom",
						"0.30",
						"0.3"
					]
				]
			],
			[
				39170.9844559586,
				[
					[
						"Set Cam Zoom",
						"0.9",
						""
					],
					[
						"Cinematics",
						"1",
						""
					]
				]
			],
			[
				39792.7461139896,
				[
					[
						"Cam Boom Speed",
						"4",
						"2"
					],
					[
						"Set Cam Zoom",
						"1.1",
						""
					]
				]
			],
			[
				48497.4093264249,
				[
					[
						"Cam Boom Speed",
						"4",
						"0"
					],
					[
						"Cinematics",
						"",
						"2"
					]
				]
			],
			[
				49430.0518134715,
				[
					[
						"Cam Boom Speed",
						"4",
						"3"
					]
				]
			],
			[
				49740.9326424871,
				[
					[
						"Set Cam Zoom",
						"0.9",
						""
					]
				]
			],
			[
				53316.0621761658,
				[
					[
						"Set Cam Zoom",
						"1.0",
						""
					]
				]
			],
			[
				54715.0259067358,
				[
					[
						"Set Cam Zoom",
						"0.9",
						""
					]
				]
			],
			[
				57979.274611399,
				[
					[
						"Set Cam Zoom",
						"1.1",
						""
					]
				]
			],
			[
				58290.1554404146,
				[
					[
						"Cinematics",
						"1",
						""
					]
				]
			],
			[
				58445.5958549223,
				[
					[
						"Cam Boom Speed",
						"4",
						"0"
					]
				]
			],
			[
				58911.9170984457,
				[
					[
						"Lyrics",
						"I got it...",
						""
					]
				]
			],
			[
				59659.9740932643,
				[
					[
						"Lyrics",
						"",
						""
					]
				]
			],
			[
				59689.1191709845,
				[
					[
						"Cam Boom Speed",
						"2",
						"2"
					],
					[
						"Set Cam Zoom",
						"0.8",
						""
					],
					[
						"Cinematics",
						"",
						"2"
					]
				]
			],
			[
				75854.9222797928,
				[
					[
						"Set Cam Zoom",
						"1.1",
						""
					],
					[
						"Cinematics",
						"1",
						""
					]
				]
			],
			[
				76165.8031088083,
				[
					[
						"Lyrics",
						"Okey!...",
						""
					]
				]
			],
			[
				76865.2849740933,
				[
					[
						"Lyrics",
						"",
						""
					]
				]
			],
			[
				77098.445595855,
				[
					[
						"Cinematics",
						"",
						"2"
					]
				]
			],
			[
				79430.0518134715,
				[
					[
						"Toggle Ghost Trail",
						"0",
						"1"
					]
				]
			],
			[
				79585.4922279793,
				[
					[
						"Set Cam Zoom",
						"1.3",
						"5"
					],
					[
						"Flash",
						"FFFFFF",
						""
					],
					[
						"Change Character",
						"bf",
						"nino-guitar-flipped-player"
					]
				]
			],
			[
				99481.865284974,
				[
					[
						"Set Cam Zoom",
						"0.9",
						"1.2"
					]
				]
			],
			[
				118134.715025907,
				[
					[
						"MoveArrow",
						"0",
						"0, 0, 0, 0, 0.5"
					]
				]
			],
			[
				118212.435233161,
				[
					[
						"MoveArrow",
						"1",
						"0, 0, 0, 0, 0.5"
					]
				]
			],
			[
				118290.155440414,
				[
					[
						"MoveArrow",
						"2",
						"0, 0, 0, 0, 0.5"
					]
				]
			],
			[
				118367.875647668,
				[
					[
						"MoveArrow",
						"3",
						"0, 0, 0, 0, 0.5"
					]
				]
			],
			[
				118445.595854922,
				[
					[
						"Toggle Ghost Trail",
						"0",
						"0"
					]
				]
			],
			[
				119145.077720207,
				[
					[
						"Toggle Ghost Trail",
						"0",
						"1"
					]
				]
			],
			[
				119222.797927461,
				[
					[
						"Change Character",
						"gf",
						"nino-guitar"
					],
					[
						"Set Property",
						"gf.alpha",
						"0.20"
					],
					[
						"Flash",
						"FFFFFF",
						""
					]
				]
			],
			[
				139274.611398964,
				[
					[
						"Toggle Ghost Trail",
						"0",
						"0"
					]
				]
			]
		],
		"gfVersion": "gf",
		"notes": [
			{
				"sectionNotes": [],
				"lengthInSteps": 16,
				"mustHitSection": false
			},
			{
				"sectionNotes": [],
				"lengthInSteps": 16,
				"mustHitSection": true
			},
			{
				"sectionNotes": [],
				"lengthInSteps": 16,
				"mustHitSection": false
			},
			{
				"sectionNotes": [],
				"lengthInSteps": 16,
				"mustHitSection": true
			},
			{
				"sectionNotes": [],
				"lengthInSteps": 16,
				"mustHitSection": false
			},
			{
				"sectionNotes": [],
				"lengthInSteps": 16,
				"mustHitSection": true
			},
			{
				"sectionNotes": [],
				"lengthInSteps": 16,
				"mustHitSection": false
			},
			{
				"sectionNotes": [],
				"lengthInSteps": 16,
				"mustHitSection": true
			},
			{
				"sectionNotes": [],
				"lengthInSteps": 16,
				"mustHitSection": false
			},
			{
				"sectionNotes": [],
				"lengthInSteps": 16,
				"mustHitSection": true
			},
			{
				"sectionNotes": [],
				"lengthInSteps": 16,
				"mustHitSection": false
			},
			{
				"sectionNotes": [],
				"lengthInSteps": 16,
				"mustHitSection": true
			},
			{
				"sectionNotes": [],
				"lengthInSteps": 16,
				"mustHitSection": false
			},
			{
				"sectionNotes": [],
				"lengthInSteps": 16,
				"mustHitSection": true
			},
			{
				"sectionNotes": [],
				"lengthInSteps": 16,
				"mustHitSection": false
			},
			{
				"sectionNotes": [],
				"lengthInSteps": 16,
				"mustHitSection": true
			},
			{
				"sectionNotes": [
					[
						19896.3730569948,
						3,
						233.160621761658
					],
					[
						20207.2538860104,
						0,
						0
					],
					[
						20284.9740932642,
						1,
						0
					],
					[
						20362.6943005181,
						3,
						0
					],
					[
						20440.414507772,
						0,
						0
					],
					[
						20518.1347150259,
						2,
						0
					],
					[
						20673.5751295337,
						1,
						0
					],
					[
						20751.2953367876,
						3,
						0
					],
					[
						20829.0155440414,
						2,
						0
					],
					[
						20984.4559585492,
						0,
						0
					]
				],
				"lengthInSteps": 16,
				"mustHitSection": false
			},
			{
				"sectionNotes": [
					[
						21139.896373057,
						3,
						233.160621761658
					],
					[
						21450.7772020725,
						0,
						0
					],
					[
						21606.2176165803,
						3,
						233.160621761658
					],
					[
						21917.0984455959,
						1,
						777.20207253886
					]
				],
				"lengthInSteps": 16,
				"mustHitSection": false
			},
			{
				"sectionNotes": [
					[
						22849.7409326425,
						0,
						0
					],
					[
						23005.1813471503,
						2,
						0
					],
					[
						23160.621761658,
						3,
						0
					],
					[
						23238.3419689119,
						1,
						0
					],
					[
						23316.0621761658,
						3,
						0
					],
					[
						23471.5025906736,
						0,
						0
					]
				],
				"lengthInSteps": 16,
				"mustHitSection": false
			},
			{
				"sectionNotes": [
					[
						23626.9430051813,
						1,
						233.160621761658
					],
					[
						23937.8238341969,
						3,
						0
					],
					[
						24015.5440414508,
						2,
						0
					],
					[
						24093.2642487047,
						0,
						0
					],
					[
						24170.9844559585,
						3,
						0
					],
					[
						24248.7046632124,
						0,
						0
					],
					[
						24404.1450777202,
						2,
						0
					],
					[
						24559.585492228,
						1,
						233.160621761658
					]
				],
				"lengthInSteps": 16,
				"mustHitSection": false
			},
			{
				"sectionNotes": [
					[
						24870.4663212435,
						3,
						0
					],
					[
						25103.6269430052,
						3,
						0
					],
					[
						25181.3471502591,
						2,
						0
					],
					[
						25259.0673575129,
						0,
						0
					],
					[
						25336.7875647668,
						3,
						0
					],
					[
						25414.5077720207,
						1,
						0
					],
					[
						25492.2279792746,
						2,
						0
					],
					[
						25647.6683937824,
						0,
						0
					],
					[
						25725.3886010363,
						1,
						0
					],
					[
						25803.1088082902,
						0,
						0
					],
					[
						25958.5492227979,
						2,
						0
					],
					[
						26036.2694300518,
						3,
						0
					]
				],
				"lengthInSteps": 16,
				"mustHitSection": false
			},
			{
				"sectionNotes": [
					[
						26113.9896373057,
						1,
						0
					],
					[
						26735.7512953368,
						3,
						0
					],
					[
						26813.4715025907,
						1,
						0
					],
					[
						26891.1917098446,
						0,
						0
					],
					[
						26968.9119170984,
						3,
						0
					],
					[
						27046.6321243523,
						0,
						233.160621761658
					],
					[
						26658.0310880829,
						0,
						0
					],
					[
						26580.310880829,
						3,
						0
					],
					[
						26502.5906735751,
						2,
						0
					],
					[
						26424.8704663212,
						0,
						0
					]
				],
				"lengthInSteps": 16,
				"mustHitSection": false
			},
			{
				"sectionNotes": [
					[
						27357.5129533679,
						1,
						0
					],
					[
						27512.9533678756,
						3,
						0
					],
					[
						27668.3937823834,
						0,
						0
					],
					[
						27823.8341968912,
						3,
						233.160621761658
					],
					[
						28134.7150259067,
						0,
						0
					],
					[
						28290.1554404145,
						2,
						0
					],
					[
						28212.4352331606,
						1,
						0
					],
					[
						28445.5958549223,
						0,
						0
					],
					[
						28523.3160621762,
						3,
						0
					]
				],
				"lengthInSteps": 16,
				"mustHitSection": false
			},
			{
				"sectionNotes": [
					[
						28601.03626943,
						1,
						0
					],
					[
						28678.7564766839,
						2,
						0
					],
					[
						28756.4766839378,
						0,
						0
					],
					[
						28834.1968911917,
						3,
						0
					],
					[
						28911.9170984456,
						1,
						0
					],
					[
						28989.6373056995,
						2,
						0
					],
					[
						29067.3575129534,
						3,
						0
					],
					[
						29145.0777202072,
						0,
						0
					],
					[
						29222.7979274611,
						2,
						0
					],
					[
						29300.518134715,
						1,
						0
					],
					[
						29378.2383419689,
						0,
						0
					],
					[
						29455.9585492228,
						2,
						0
					],
					[
						29533.6787564767,
						3,
						0
					],
					[
						29611.3989637306,
						1,
						0
					],
					[
						29689.1191709844,
						2,
						0
					],
					[
						29766.8393782383,
						3,
						0
					]
				],
				"lengthInSteps": 16,
				"mustHitSection": false
			},
			{
				"sectionNotes": [
					[
						29844.5595854922,
						5,
						777.20207253886
					],
					[
						29844.5595854922,
						3,
						233.160621761658
					],
					[
						30155.4404145078,
						0,
						0
					],
					[
						30233.1606217617,
						1,
						0
					],
					[
						30310.8808290155,
						3,
						0
					],
					[
						30388.6010362694,
						0,
						0
					],
					[
						30466.3212435233,
						2,
						0
					],
					[
						30621.7616580311,
						1,
						0
					],
					[
						30699.481865285,
						3,
						0
					],
					[
						30777.2020725389,
						2,
						0
					],
					[
						30932.6424870466,
						0,
						0
					]
				],
				"lengthInSteps": 16,
				"mustHitSection": true
			},
			{
				"sectionNotes": [
					[
						31088.0829015544,
						3,
						233.160621761658
					],
					[
						31398.9637305699,
						0,
						0
					],
					[
						31554.4041450777,
						3,
						233.160621761658
					],
					[
						31865.2849740933,
						1,
						699.481865284974
					]
				],
				"lengthInSteps": 16,
				"mustHitSection": true
			},
			{
				"sectionNotes": [
					[
						32797.9274611399,
						0,
						0
					],
					[
						32953.3678756477,
						2,
						0
					],
					[
						33108.8082901554,
						3,
						0
					],
					[
						33186.5284974093,
						1,
						0
					],
					[
						33264.2487046632,
						3,
						0
					],
					[
						33419.689119171,
						0,
						0
					],
					[
						32642.4870466321,
						2,
						0
					]
				],
				"lengthInSteps": 16,
				"mustHitSection": true
			},
			{
				"sectionNotes": [
					[
						33575.1295336788,
						1,
						233.160621761658
					],
					[
						33886.0103626943,
						3,
						0
					],
					[
						33963.7305699482,
						2,
						0
					],
					[
						34041.4507772021,
						0,
						0
					],
					[
						34119.170984456,
						3,
						0
					],
					[
						34196.8911917098,
						0,
						0
					],
					[
						34352.3316062176,
						2,
						0
					],
					[
						34507.7720207254,
						1,
						233.160621761658
					]
				],
				"lengthInSteps": 16,
				"mustHitSection": true
			},
			{
				"sectionNotes": [
					[
						34818.6528497409,
						3,
						0
					],
					[
						35051.8134715026,
						3,
						0
					],
					[
						35129.5336787565,
						2,
						0
					],
					[
						35207.2538860104,
						0,
						0
					],
					[
						35284.9740932642,
						3,
						0
					],
					[
						35362.6943005181,
						1,
						0
					],
					[
						35440.414507772,
						2,
						0
					],
					[
						35595.8549222798,
						0,
						0
					],
					[
						35673.5751295337,
						1,
						0
					],
					[
						35906.7357512953,
						2,
						0
					],
					[
						35984.4559585492,
						3,
						0
					],
					[
						35751.2953367876,
						3,
						0
					]
				],
				"lengthInSteps": 16,
				"mustHitSection": true
			},
			{
				"sectionNotes": [
					[
						36062.1761658031,
						1,
						0
					],
					[
						36683.9378238342,
						3,
						0
					],
					[
						36761.6580310881,
						1,
						0
					],
					[
						36917.0984455959,
						3,
						0
					],
					[
						36994.8186528497,
						0,
						233.160621761658
					],
					[
						36606.2176165803,
						0,
						0
					],
					[
						36528.4974093264,
						3,
						0
					],
					[
						36450.7772020725,
						2,
						0
					],
					[
						36373.0569948186,
						0,
						0
					],
					[
						36839.378238342,
						2,
						0
					]
				],
				"lengthInSteps": 16,
				"mustHitSection": true
			},
			{
				"sectionNotes": [
					[
						37305.6994818653,
						1,
						0
					],
					[
						37461.139896373,
						3,
						0
					],
					[
						37616.5803108808,
						0,
						0
					],
					[
						37772.0207253886,
						3,
						233.160621761658
					],
					[
						38082.9015544041,
						0,
						0
					],
					[
						38238.3419689119,
						2,
						0
					],
					[
						38160.621761658,
						1,
						0
					],
					[
						38393.7823834197,
						0,
						0
					],
					[
						38471.5025906736,
						3,
						0
					]
				],
				"lengthInSteps": 16,
				"mustHitSection": true
			},
			{
				"sectionNotes": [
					[
						38549.2227979275,
						1,
						0
					],
					[
						38626.9430051813,
						2,
						0
					],
					[
						38704.6632124352,
						0,
						0
					],
					[
						38782.3834196891,
						3,
						0
					],
					[
						38860.103626943,
						1,
						0
					],
					[
						38937.8238341969,
						2,
						0
					],
					[
						39015.5440414508,
						3,
						0
					],
					[
						39093.2642487047,
						0,
						0
					],
					[
						39170.9844559585,
						2,
						0
					],
					[
						39248.7046632124,
						1,
						0
					],
					[
						39326.4248704663,
						0,
						0
					],
					[
						39404.1450777202,
						2,
						0
					],
					[
						39481.8652849741,
						3,
						0
					],
					[
						39637.3056994819,
						0,
						0
					]
				],
				"lengthInSteps": 16,
				"mustHitSection": true
			},
			{
				"lengthInSteps": 16,
				"typeOfSection": 0,
				"sectionNotes": [
					[
						39792.7461139896,
						3,
						388.60103626943
					],
					[
						40414.5077720207,
						3,
						0
					],
					[
						40569.9481865285,
						1,
						0
					],
					[
						40725.3886010363,
						3,
						0
					],
					[
						40880.829015544,
						0,
						388.60103626943
					]
				],
				"altAnim": false,
				"bpm": 100,
				"changeBPM": false,
				"mustHitSection": false
			},
			{
				"lengthInSteps": 16,
				"typeOfSection": 0,
				"sectionNotes": [
					[
						41347.1502590674,
						2,
						233.160621761658
					],
					[
						41658.0310880829,
						1,
						233.160621761658
					],
					[
						41968.9119170985,
						3,
						0
					],
					[
						42124.3523316062,
						1,
						233.160621761658
					]
				],
				"altAnim": false,
				"bpm": 100,
				"changeBPM": false,
				"mustHitSection": false
			},
			{
				"lengthInSteps": 16,
				"typeOfSection": 0,
				"sectionNotes": [
					[
						42590.6735751295,
						2,
						233.160621761658
					],
					[
						42435.2331606218,
						0,
						0
					],
					[
						42901.5544041451,
						3,
						233.160621761658
					],
					[
						43212.4352331606,
						0,
						0
					],
					[
						43367.8756476684,
						1,
						0
					]
				],
				"altAnim": false,
				"bpm": 100,
				"changeBPM": false,
				"mustHitSection": false
			},
			{
				"sectionNotes": [
					[
						43678.756476684,
						1,
						0
					],
					[
						43989.6373056995,
						3,
						233.160621761658
					],
					[
						44300.518134715,
						1,
						388.60103626943
					]
				],
				"typeOfSection": 0,
				"lengthInSteps": 16,
				"altAnim": false,
				"mustHitSection": false,
				"changeBPM": false,
				"bpm": 100
			},
			{
				"sectionNotes": [
					[
						44766.8393782384,
						2,
						388.60103626943
					],
					[
						45388.6010362695,
						2,
						0
					],
					[
						45544.0414507772,
						1,
						0
					],
					[
						45699.481865285,
						2,
						0
					],
					[
						45854.9222797928,
						3,
						310.880829015544
					]
				],
				"typeOfSection": 0,
				"lengthInSteps": 16,
				"altAnim": false,
				"mustHitSection": false,
				"changeBPM": false,
				"bpm": 100
			},
			{
				"sectionNotes": [
					[
						46165.8031088083,
						1,
						233.160621761658
					],
					[
						46476.6839378239,
						2,
						233.160621761658
					],
					[
						46787.5647668394,
						1,
						388.60103626943
					]
				],
				"typeOfSection": 0,
				"lengthInSteps": 16,
				"altAnim": false,
				"mustHitSection": false,
				"changeBPM": false,
				"bpm": 100
			},
			{
				"typeOfSection": 0,
				"sectionNotes": [
					[
						47253.8860103627,
						0,
						233.160621761658
					],
					[
						47564.7668393783,
						3,
						0
					],
					[
						47720.207253886,
						3,
						0
					],
					[
						48031.0880829016,
						0,
						233.160621761658
					],
					[
						48341.9689119171,
						1,
						233.160621761658
					]
				],
				"sectionBeats": 4,
				"altAnim": false,
				"gfSection": false,
				"bpm": 100,
				"changeBPM": false,
				"mustHitSection": false
			},
			{
				"typeOfSection": 0,
				"sectionNotes": [
					[
						48652.8497409327,
						2,
						0
					],
					[
						48808.2901554404,
						1,
						0
					],
					[
						48963.7305699482,
						1,
						233.160621761658
					],
					[
						49274.6113989638,
						3,
						0
					],
					[
						49430.0518134715,
						1,
						0
					],
					[
						49585.4922279793,
						2,
						0
					]
				],
				"sectionBeats": 4,
				"altAnim": false,
				"gfSection": false,
				"bpm": 193,
				"changeBPM": false,
				"mustHitSection": false
			},
			{
				"typeOfSection": 0,
				"sectionNotes": [
					[
						49740.9326424871,
						7,
						1165.80310880829
					],
					[
						49740.9326424871,
						3,
						388.60103626943
					],
					[
						50362.6943005181,
						3,
						0
					],
					[
						50518.1347150259,
						1,
						0
					],
					[
						50673.5751295337,
						3,
						0
					],
					[
						50829.0155440415,
						0,
						388.60103626943
					]
				],
				"sectionBeats": 4,
				"altAnim": false,
				"gfSection": false,
				"bpm": 193,
				"changeBPM": false,
				"mustHitSection": true
			},
			{
				"typeOfSection": 0,
				"sectionNotes": [
					[
						51295.3367875648,
						2,
						233.160621761658
					],
					[
						51606.2176165803,
						1,
						233.160621761658
					],
					[
						51917.0984455959,
						3,
						0
					],
					[
						52072.5388601037,
						2,
						233.160621761658
					]
				],
				"sectionBeats": 4,
				"altAnim": false,
				"gfSection": false,
				"bpm": 193,
				"changeBPM": false,
				"mustHitSection": true
			},
			{
				"typeOfSection": 0,
				"sectionNotes": [
					[
						52383.4196891192,
						0,
						0
					],
					[
						52849.7409326425,
						3,
						233.160621761658
					],
					[
						53160.621761658,
						0,
						0
					],
					[
						53316.0621761658,
						1,
						0
					],
					[
						52538.860103627,
						2,
						233.160621761658
					]
				],
				"sectionBeats": 4,
				"altAnim": false,
				"gfSection": false,
				"bpm": 193,
				"changeBPM": false,
				"mustHitSection": true
			},
			{
				"typeOfSection": 0,
				"sectionNotes": [
					[
						53626.9430051814,
						1,
						0
					],
					[
						53937.8238341969,
						3,
						233.160621761658
					],
					[
						54248.7046632125,
						1,
						388.60103626943
					]
				],
				"sectionBeats": 4,
				"altAnim": false,
				"gfSection": false,
				"bpm": 193,
				"changeBPM": false,
				"mustHitSection": true
			},
			{
				"typeOfSection": 0,
				"sectionNotes": [
					[
						54715.0259067358,
						2,
						388.60103626943
					],
					[
						55336.7875647669,
						2,
						0
					],
					[
						55492.2279792746,
						1,
						0
					],
					[
						55647.6683937824,
						2,
						0
					],
					[
						55803.1088082902,
						3,
						310.880829015544
					]
				],
				"sectionBeats": 4,
				"altAnim": false,
				"gfSection": false,
				"bpm": 193,
				"changeBPM": false,
				"mustHitSection": true
			},
			{
				"typeOfSection": 0,
				"sectionNotes": [
					[
						56424.8704663213,
						2,
						233.160621761658
					],
					[
						56735.7512953368,
						1,
						388.60103626943
					],
					[
						56113.9896373057,
						0,
						233.160621761658
					]
				],
				"sectionBeats": 4,
				"altAnim": false,
				"gfSection": false,
				"bpm": 193,
				"changeBPM": false,
				"mustHitSection": true
			},
			{
				"typeOfSection": 0,
				"sectionNotes": [
					[
						57202.0725388601,
						0,
						233.160621761658
					],
					[
						57512.9533678757,
						3,
						0
					],
					[
						57668.3937823834,
						3,
						0
					],
					[
						57979.274611399,
						0,
						233.160621761658
					],
					[
						58290.1554404146,
						1,
						233.160621761658
					]
				],
				"sectionBeats": 4,
				"altAnim": false,
				"gfSection": false,
				"bpm": 193,
				"changeBPM": false,
				"mustHitSection": true
			},
			{
				"typeOfSection": 0,
				"sectionNotes": [
					[
						58601.0362694301,
						6,
						0
					],
					[
						58756.4766839379,
						5,
						0
					],
					[
						58911.9170984456,
						5,
						233.160621761658
					],
					[
						59222.7979274612,
						7,
						0
					],
					[
						59378.2383419689,
						5,
						0
					],
					[
						59533.6787564767,
						6,
						0
					],
					[
						58601.0362694301,
						2,
						0
					],
					[
						58756.4766839379,
						1,
						0
					],
					[
						58911.9170984457,
						2,
						155.440414507772
					],
					[
						59145.0777202073,
						3,
						155.440414507772
					],
					[
						59378.238341969,
						0,
						0
					]
				],
				"sectionBeats": 4,
				"altAnim": false,
				"gfSection": false,
				"bpm": 193,
				"changeBPM": false,
				"mustHitSection": true
			},
			{
				"typeOfSection": 0,
				"sectionNotes": [
					[
						59689.1191709845,
						0,
						233.160621761658
					],
					[
						60000.0000000001,
						1,
						233.160621761658
					],
					[
						60310.8808290156,
						2,
						233.160621761658
					],
					[
						60621.7616580311,
						3,
						233.160621761658
					]
				],
				"sectionBeats": 4,
				"altAnim": false,
				"gfSection": false,
				"bpm": 193,
				"changeBPM": false,
				"mustHitSection": false
			},
			{
				"typeOfSection": 0,
				"sectionNotes": [
					[
						60932.6424870467,
						1,
						233.160621761658
					],
					[
						61243.5233160622,
						2,
						0
					],
					[
						61398.96373057,
						2,
						0
					],
					[
						61476.6839378239,
						1,
						0
					],
					[
						61554.4041450778,
						0,
						233.160621761658
					],
					[
						61865.2849740933,
						1,
						0
					],
					[
						62020.7253886011,
						3,
						0
					],
					[
						62098.445595855,
						2,
						0
					]
				],
				"sectionBeats": 4,
				"altAnim": false,
				"gfSection": false,
				"bpm": 193,
				"changeBPM": false,
				"mustHitSection": false
			},
			{
				"typeOfSection": 0,
				"sectionNotes": [
					[
						62176.1658031089,
						0,
						233.160621761658
					],
					[
						62331.6062176166,
						3,
						77.720207253886
					],
					[
						62487.0466321244,
						1,
						233.160621761658
					],
					[
						62797.92746114,
						2,
						233.160621761658
					],
					[
						63108.8082901555,
						0,
						0
					],
					[
						63264.2487046633,
						3,
						0
					]
				],
				"sectionBeats": 4,
				"altAnim": false,
				"gfSection": false,
				"bpm": 193,
				"changeBPM": false,
				"mustHitSection": false
			},
			{
				"typeOfSection": 0,
				"sectionNotes": [
					[
						63419.6891191711,
						1,
						0
					],
					[
						63575.1295336788,
						1,
						0
					],
					[
						63652.8497409327,
						2,
						0
					],
					[
						63730.5699481866,
						3,
						0
					],
					[
						63886.0103626944,
						1,
						0
					],
					[
						64041.4507772021,
						2,
						233.160621761658
					],
					[
						64352.3316062177,
						0,
						0
					],
					[
						64430.0518134716,
						1,
						0
					],
					[
						64507.7720207255,
						2,
						0
					]
				],
				"sectionBeats": 4,
				"altAnim": false,
				"gfSection": false,
				"bpm": 193,
				"changeBPM": false,
				"mustHitSection": false
			},
			{
				"typeOfSection": 0,
				"sectionNotes": [
					[
						64663.2124352332,
						0,
						233.160621761658
					],
					[
						64974.0932642488,
						1,
						233.160621761658
					],
					[
						65284.9740932643,
						2,
						233.160621761658
					],
					[
						65595.8549222798,
						3,
						233.160621761658
					]
				],
				"sectionBeats": 4,
				"altAnim": false,
				"gfSection": false,
				"bpm": 193,
				"changeBPM": false,
				"mustHitSection": true
			},
			{
				"typeOfSection": 0,
				"sectionNotes": [
					[
						65906.7357512954,
						1,
						233.160621761658
					],
					[
						66217.6165803109,
						2,
						0
					],
					[
						66373.0569948187,
						2,
						0
					],
					[
						66450.7772020726,
						1,
						0
					],
					[
						66528.4974093265,
						0,
						233.160621761658
					],
					[
						66839.378238342,
						1,
						0
					],
					[
						66994.8186528498,
						3,
						0
					],
					[
						67072.5388601037,
						2,
						0
					]
				],
				"sectionBeats": 4,
				"altAnim": false,
				"gfSection": false,
				"bpm": 193,
				"changeBPM": false,
				"mustHitSection": true
			},
			{
				"typeOfSection": 0,
				"sectionNotes": [
					[
						67150.2590673576,
						0,
						233.160621761658
					],
					[
						67305.6994818653,
						3,
						77.720207253886
					],
					[
						67461.1398963731,
						1,
						233.160621761658
					],
					[
						67772.0207253887,
						2,
						233.160621761658
					],
					[
						68082.9015544042,
						0,
						0
					],
					[
						68238.341968912,
						3,
						0
					]
				],
				"sectionBeats": 4,
				"altAnim": false,
				"gfSection": false,
				"bpm": 193,
				"changeBPM": false,
				"mustHitSection": true
			},
			{
				"typeOfSection": 0,
				"sectionNotes": [
					[
						68393.7823834198,
						1,
						0
					],
					[
						68549.2227979275,
						1,
						0
					],
					[
						68626.9430051814,
						2,
						0
					],
					[
						68704.6632124353,
						3,
						0
					],
					[
						68860.1036269431,
						1,
						0
					],
					[
						69015.5440414508,
						2,
						233.160621761658
					],
					[
						69326.4248704664,
						0,
						0
					],
					[
						69404.1450777203,
						1,
						0
					],
					[
						69481.8652849742,
						2,
						0
					]
				],
				"sectionBeats": 4,
				"altAnim": false,
				"gfSection": false,
				"bpm": 193,
				"changeBPM": false,
				"mustHitSection": true
			},
			{
				"typeOfSection": 0,
				"sectionNotes": [
					[
						69637.3056994819,
						0,
						233.160621761658
					],
					[
						69948.1865284975,
						1,
						233.160621761658
					],
					[
						70259.067357513,
						2,
						233.160621761658
					],
					[
						70569.9481865285,
						3,
						233.160621761658
					]
				],
				"sectionBeats": 4,
				"altAnim": false,
				"gfSection": false,
				"bpm": 193,
				"changeBPM": false,
				"mustHitSection": false
			},
			{
				"typeOfSection": 0,
				"sectionNotes": [
					[
						70880.8290155441,
						1,
						233.160621761658
					],
					[
						71191.7098445596,
						2,
						0
					],
					[
						71347.1502590674,
						2,
						0
					],
					[
						71424.8704663213,
						1,
						0
					],
					[
						71502.5906735752,
						0,
						233.160621761658
					],
					[
						71813.4715025907,
						1,
						0
					],
					[
						71968.9119170985,
						3,
						0
					],
					[
						72046.6321243524,
						2,
						0
					]
				],
				"sectionBeats": 4,
				"altAnim": false,
				"gfSection": false,
				"bpm": 193,
				"changeBPM": false,
				"mustHitSection": false
			},
			{
				"typeOfSection": 0,
				"sectionNotes": [
					[
						72124.3523316063,
						0,
						233.160621761658
					],
					[
						72279.792746114,
						3,
						77.720207253886
					],
					[
						72435.2331606218,
						1,
						233.160621761658
					],
					[
						72746.1139896374,
						2,
						233.160621761658
					],
					[
						73056.9948186529,
						0,
						0
					],
					[
						73212.4352331607,
						3,
						0
					],
					[
						72124.3523316063,
						4,
						233.160621761658
					],
					[
						72279.792746114,
						7,
						77.720207253886
					],
					[
						72435.2331606218,
						5,
						233.160621761658
					],
					[
						72746.1139896374,
						6,
						233.160621761658
					],
					[
						73056.9948186529,
						4,
						0
					],
					[
						73212.4352331607,
						7,
						0
					]
				],
				"sectionBeats": 4,
				"altAnim": false,
				"gfSection": false,
				"bpm": 193,
				"changeBPM": false,
				"mustHitSection": true
			},
			{
				"typeOfSection": 0,
				"sectionNotes": [
					[
						73367.8756476685,
						1,
						0
					],
					[
						73523.3160621762,
						1,
						0
					],
					[
						73601.0362694301,
						2,
						0
					],
					[
						73678.756476684,
						3,
						0
					],
					[
						73834.1968911918,
						1,
						0
					],
					[
						73989.6373056996,
						2,
						233.160621761658
					],
					[
						74300.5181347151,
						0,
						0
					],
					[
						74378.238341969,
						1,
						0
					],
					[
						74455.9585492229,
						2,
						0
					],
					[
						73367.8756476685,
						5,
						0
					],
					[
						73523.3160621762,
						5,
						0
					],
					[
						73601.0362694301,
						6,
						0
					],
					[
						73678.756476684,
						7,
						0
					],
					[
						73834.1968911918,
						5,
						0
					],
					[
						73989.6373056996,
						6,
						233.160621761658
					],
					[
						74300.5181347151,
						4,
						0
					],
					[
						74378.238341969,
						5,
						0
					],
					[
						74455.9585492229,
						6,
						0
					]
				],
				"sectionBeats": 4,
				"altAnim": false,
				"gfSection": false,
				"bpm": 193,
				"changeBPM": false,
				"mustHitSection": true
			},
			{
				"typeOfSection": 0,
				"sectionNotes": [
					[
						74611.3989637306,
						0,
						233.160621761658
					],
					[
						74922.2797927462,
						1,
						233.160621761658
					],
					[
						75233.1606217617,
						2,
						233.160621761658
					],
					[
						75544.0414507773,
						3,
						233.160621761658
					]
				],
				"sectionBeats": 4,
				"altAnim": false,
				"gfSection": false,
				"bpm": 193,
				"changeBPM": false,
				"mustHitSection": true
			},
			{
				"typeOfSection": 0,
				"sectionNotes": [
					[
						75854.9222797928,
						2,
						233.160621761658
					],
					[
						76165.8031088083,
						0,
						233.160621761658
					],
					[
						76476.6839378239,
						3,
						233.160621761658
					]
				],
				"sectionBeats": 4,
				"altAnim": false,
				"gfSection": false,
				"bpm": 193,
				"changeBPM": false,
				"mustHitSection": true
			},
			{
				"typeOfSection": 0,
				"sectionNotes": [
					[
						77098.445595855,
						4,
						233.160621761658
					],
					[
						77253.8860103628,
						7,
						77.720207253886
					],
					[
						77409.3264248705,
						5,
						233.160621761658
					],
					[
						77720.2072538861,
						6,
						233.160621761658
					],
					[
						78031.0880829016,
						4,
						0
					],
					[
						78186.5284974094,
						7,
						0
					]
				],
				"sectionBeats": 4,
				"altAnim": false,
				"gfSection": false,
				"bpm": 193,
				"changeBPM": false,
				"mustHitSection": true
			},
			{
				"typeOfSection": 0,
				"sectionNotes": [
					[
						78341.9689119172,
						5,
						0
					],
					[
						78497.4093264249,
						5,
						0
					],
					[
						78575.1295336788,
						6,
						0
					],
					[
						78652.8497409327,
						7,
						0
					],
					[
						78808.2901554405,
						5,
						0
					],
					[
						78963.7305699483,
						6,
						233.160621761658
					],
					[
						79274.6113989638,
						4,
						0
					],
					[
						79352.3316062177,
						5,
						0
					],
					[
						79430.0518134716,
						6,
						0
					]
				],
				"sectionBeats": 4,
				"altAnim": false,
				"gfSection": false,
				"bpm": 193,
				"changeBPM": false,
				"mustHitSection": true
			},
			{
				"typeOfSection": 0,
				"sectionNotes": [
					[
						79585.4922279793,
						2,
						155.440414507772
					],
					[
						79818.652849741,
						0,
						155.440414507772
					],
					[
						80051.8134715026,
						1,
						0
					],
					[
						80207.2538860104,
						3,
						155.440414507772
					],
					[
						80440.414507772,
						0,
						155.440414507772
					],
					[
						80673.5751295337,
						1,
						0
					]
				],
				"sectionBeats": 4,
				"altAnim": false,
				"gfSection": false,
				"bpm": 193,
				"changeBPM": false,
				"mustHitSection": true
			},
			{
				"typeOfSection": 0,
				"sectionNotes": [
					[
						80829.0155440415,
						3,
						0
					],
					[
						80906.7357512954,
						1,
						0
					],
					[
						80984.4559585492,
						0,
						0
					],
					[
						81062.1761658031,
						2,
						0
					],
					[
						81139.896373057,
						1,
						0
					],
					[
						81217.6165803109,
						0,
						0
					],
					[
						81295.3367875648,
						2,
						0
					],
					[
						81373.0569948187,
						3,
						0
					],
					[
						81450.7772020726,
						1,
						0
					],
					[
						81528.4974093264,
						2,
						0
					],
					[
						81606.2176165803,
						3,
						0
					],
					[
						81683.9378238342,
						0,
						0
					],
					[
						81761.6580310881,
						1,
						0
					],
					[
						81839.378238342,
						3,
						0
					],
					[
						81917.0984455959,
						0,
						0
					],
					[
						81994.8186528498,
						2,
						0
					]
				],
				"sectionBeats": 4,
				"altAnim": false,
				"gfSection": false,
				"bpm": 193,
				"changeBPM": false,
				"mustHitSection": true
			},
			{
				"typeOfSection": 0,
				"sectionNotes": [
					[
						82072.5388601036,
						3,
						0
					],
					[
						82227.9792746114,
						2,
						0
					],
					[
						82383.4196891192,
						1,
						0
					],
					[
						82538.860103627,
						0,
						0
					],
					[
						82694.3005181347,
						1,
						0
					],
					[
						82849.7409326425,
						0,
						0
					],
					[
						83005.1813471503,
						2,
						0
					],
					[
						83238.3419689119,
						1,
						0
					],
					[
						83160.621761658,
						3,
						0
					]
				],
				"sectionBeats": 4,
				"altAnim": false,
				"gfSection": false,
				"bpm": 193,
				"changeBPM": false,
				"mustHitSection": true
			},
			{
				"typeOfSection": 0,
				"sectionNotes": [
					[
						83316.0621761658,
						0,
						0
					],
					[
						83471.5025906736,
						1,
						0
					],
					[
						83626.9430051814,
						2,
						0
					],
					[
						83782.3834196891,
						0,
						0
					],
					[
						83937.8238341969,
						3,
						0
					],
					[
						84093.2642487047,
						1,
						0
					],
					[
						84248.7046632124,
						2,
						0
					],
					[
						84404.1450777202,
						0,
						0
					]
				],
				"sectionBeats": 4,
				"altAnim": false,
				"gfSection": false,
				"bpm": 193,
				"changeBPM": false,
				"mustHitSection": true
			},
			{
				"typeOfSection": 0,
				"sectionNotes": [
					[
						84559.585492228,
						2,
						388.60103626943
					],
					[
						84559.585492228,
						3,
						388.60103626943
					],
					[
						85025.9067357513,
						0,
						388.60103626943
					],
					[
						85025.9067357513,
						1,
						310.880829015544
					],
					[
						85492.2279792746,
						3,
						544.041450777202
					],
					[
						85492.2279792746,
						1,
						544.041450777202
					]
				],
				"sectionBeats": 4,
				"altAnim": false,
				"gfSection": false,
				"bpm": 193,
				"changeBPM": false,
				"mustHitSection": true
			},
			{
				"typeOfSection": 0,
				"sectionNotes": [
					[
						86113.9896373057,
						2,
						0
					],
					[
						86269.4300518135,
						1,
						0
					],
					[
						86424.8704663212,
						2,
						0
					],
					[
						86580.310880829,
						0,
						0
					],
					[
						86735.7512953368,
						1,
						0
					],
					[
						86891.1917098446,
						2,
						0
					]
				],
				"sectionBeats": 4,
				"altAnim": false,
				"gfSection": false,
				"bpm": 193,
				"changeBPM": false,
				"mustHitSection": true
			},
			{
				"typeOfSection": 0,
				"sectionNotes": [
					[
						87046.6321243523,
						0,
						233.160621761658
					],
					[
						87357.5129533679,
						3,
						233.160621761658
					],
					[
						87668.3937823834,
						1,
						233.160621761658
					],
					[
						87979.274611399,
						2,
						233.160621761658
					]
				],
				"sectionBeats": 4,
				"altAnim": false,
				"gfSection": false,
				"bpm": 193,
				"changeBPM": false,
				"mustHitSection": true
			},
			{
				"typeOfSection": 0,
				"sectionNotes": [
					[
						88290.1554404145,
						0,
						233.160621761658
					],
					[
						88601.03626943,
						1,
						233.160621761658
					],
					[
						88911.9170984456,
						3,
						233.160621761658
					],
					[
						89222.7979274611,
						1,
						233.160621761658
					]
				],
				"sectionBeats": 4,
				"altAnim": false,
				"gfSection": false,
				"bpm": 193,
				"changeBPM": false,
				"mustHitSection": true
			},
			{
				"typeOfSection": 0,
				"sectionNotes": [
					[
						89533.6787564767,
						2,
						0
					],
					[
						89689.1191709844,
						2,
						0
					],
					[
						89844.5595854922,
						0,
						0
					],
					[
						90000,
						1,
						0
					],
					[
						90155.4404145078,
						0,
						0
					],
					[
						90310.8808290155,
						3,
						0
					],
					[
						90466.3212435233,
						0,
						0
					],
					[
						90621.7616580311,
						1,
						0
					]
				],
				"sectionBeats": 4,
				"altAnim": false,
				"gfSection": false,
				"bpm": 193,
				"changeBPM": false,
				"mustHitSection": true
			},
			{
				"typeOfSection": 0,
				"sectionNotes": [
					[
						90932.6424870466,
						1,
						0
					],
					[
						91088.0829015544,
						3,
						233.160621761658
					],
					[
						91398.9637305699,
						2,
						233.160621761658
					],
					[
						91709.8445595855,
						1,
						233.160621761658
					]
				],
				"sectionBeats": 4,
				"altAnim": false,
				"gfSection": false,
				"bpm": 193,
				"changeBPM": false,
				"mustHitSection": true
			},
			{
				"typeOfSection": 0,
				"sectionNotes": [
					[
						92020.725388601,
						3,
						0
					],
					[
						92176.1658031088,
						3,
						0
					],
					[
						92331.6062176166,
						0,
						0
					],
					[
						92487.0466321243,
						1,
						0
					],
					[
						92642.4870466321,
						0,
						0
					],
					[
						92797.9274611399,
						2,
						0
					],
					[
						92953.3678756476,
						0,
						0
					],
					[
						93108.8082901554,
						3,
						0
					]
				],
				"sectionBeats": 4,
				"altAnim": false,
				"gfSection": false,
				"bpm": 193,
				"changeBPM": false,
				"mustHitSection": true
			},
			{
				"typeOfSection": 0,
				"sectionNotes": [
					[
						93419.689119171,
						3,
						0
					],
					[
						93575.1295336787,
						1,
						233.160621761658
					],
					[
						93886.0103626943,
						2,
						233.160621761658
					],
					[
						94196.8911917098,
						0,
						233.160621761658
					]
				],
				"sectionBeats": 4,
				"altAnim": false,
				"gfSection": false,
				"bpm": 193,
				"changeBPM": false,
				"mustHitSection": true
			},
			{
				"sectionBeats": 4,
				"sectionNotes": [
					[
						94507.7720207254,
						3,
						0
					],
					[
						94663.2124352331,
						3,
						0
					],
					[
						94740.932642487,
						1,
						0
					],
					[
						94818.6528497409,
						0,
						0
					],
					[
						94974.0932642487,
						2,
						0
					],
					[
						95129.5336787564,
						3,
						0
					],
					[
						95284.9740932642,
						1,
						0
					],
					[
						95362.6943005181,
						2,
						0
					],
					[
						95440.414507772,
						3,
						0
					],
					[
						95595.8549222798,
						0,
						0
					]
				],
				"typeOfSection": 0,
				"gfSection": false,
				"altAnim": false,
				"mustHitSection": true,
				"changeBPM": false,
				"bpm": 193
			},
			{
				"sectionBeats": 4,
				"sectionNotes": [
					[
						95751.2953367875,
						3,
						0
					],
					[
						95906.7357512953,
						1,
						0
					],
					[
						95984.4559585492,
						0,
						0
					],
					[
						96062.1761658031,
						2,
						0
					],
					[
						96217.6165803108,
						1,
						233.160621761658
					],
					[
						96528.4974093264,
						3,
						0
					],
					[
						96683.9378238342,
						0,
						233.160621761658
					]
				],
				"typeOfSection": 0,
				"gfSection": false,
				"altAnim": false,
				"mustHitSection": true,
				"changeBPM": false,
				"bpm": 193
			},
			{
				"sectionBeats": 4,
				"sectionNotes": [
					[
						96994.8186528497,
						1,
						0
					],
					[
						97150.2590673575,
						1,
						0
					],
					[
						97227.9792746114,
						2,
						0
					],
					[
						97305.6994818652,
						3,
						0
					],
					[
						97461.139896373,
						1,
						0
					],
					[
						97616.5803108808,
						0,
						0
					],
					[
						97772.0207253886,
						2,
						0
					],
					[
						97849.7409326425,
						1,
						0
					],
					[
						97927.4611398963,
						3,
						0
					],
					[
						98082.9015544041,
						1,
						0
					]
				],
				"typeOfSection": 0,
				"gfSection": false,
				"altAnim": false,
				"mustHitSection": true,
				"changeBPM": false,
				"bpm": 193
			},
			{
				"typeOfSection": 0,
				"sectionNotes": [
					[
						98238.3419689119,
						0,
						233.160621761658
					],
					[
						98549.2227979274,
						2,
						0
					],
					[
						98704.6632124352,
						2,
						0
					],
					[
						98860.103626943,
						1,
						233.160621761658
					],
					[
						99170.9844559585,
						3,
						233.160621761658
					]
				],
				"sectionBeats": 4,
				"altAnim": false,
				"gfSection": false,
				"bpm": 193,
				"changeBPM": false,
				"mustHitSection": true
			},
			{
				"typeOfSection": 0,
				"sectionNotes": [
					[
						99481.865284974,
						6,
						1787.56476683938
					],
					[
						99481.8652849741,
						2,
						155.440414507772
					],
					[
						99715.0259067358,
						0,
						155.440414507772
					],
					[
						99948.1865284974,
						1,
						0
					],
					[
						100103.626943005,
						3,
						155.440414507772
					],
					[
						100336.787564767,
						0,
						155.440414507772
					],
					[
						100569.948186529,
						1,
						0
					]
				],
				"sectionBeats": 4,
				"altAnim": false,
				"gfSection": false,
				"bpm": 193,
				"changeBPM": false,
				"mustHitSection": false
			},
			{
				"typeOfSection": 0,
				"sectionNotes": [
					[
						101347.150259067,
						4,
						544.041450777202
					],
					[
						100725.388601036,
						3,
						0
					],
					[
						100803.10880829,
						1,
						0
					],
					[
						100880.829015544,
						0,
						0
					],
					[
						100958.549222798,
						2,
						0
					],
					[
						101036.269430052,
						1,
						0
					],
					[
						101113.989637306,
						0,
						0
					],
					[
						101191.70984456,
						2,
						0
					],
					[
						101269.430051813,
						3,
						0
					],
					[
						101347.150259067,
						1,
						0
					],
					[
						101424.870466321,
						2,
						0
					],
					[
						101502.590673575,
						3,
						0
					],
					[
						101580.310880829,
						0,
						0
					],
					[
						101658.031088083,
						1,
						0
					],
					[
						101735.751295337,
						3,
						0
					],
					[
						101813.471502591,
						0,
						0
					],
					[
						101891.191709845,
						2,
						0
					]
				],
				"sectionBeats": 4,
				"altAnim": false,
				"gfSection": false,
				"bpm": 193,
				"changeBPM": false,
				"mustHitSection": false
			},
			{
				"typeOfSection": 0,
				"sectionNotes": [
					[
						101968.911917098,
						7,
						1165.80310880829
					],
					[
						101968.911917098,
						3,
						0
					],
					[
						102124.352331606,
						2,
						0
					],
					[
						102279.792746114,
						1,
						0
					],
					[
						102435.233160622,
						0,
						0
					],
					[
						102590.67357513,
						1,
						0
					],
					[
						102746.113989637,
						0,
						0
					],
					[
						102901.554404145,
						2,
						0
					],
					[
						103134.715025907,
						1,
						0
					],
					[
						103056.994818653,
						3,
						0
					]
				],
				"sectionBeats": 4,
				"altAnim": false,
				"gfSection": false,
				"bpm": 193,
				"changeBPM": false,
				"mustHitSection": false
			},
			{
				"typeOfSection": 0,
				"sectionNotes": [
					[
						103212.435233161,
						5,
						1165.80310880829
					],
					[
						103212.435233161,
						0,
						0
					],
					[
						103367.875647668,
						1,
						0
					],
					[
						103523.316062176,
						2,
						0
					],
					[
						103678.756476684,
						0,
						0
					],
					[
						103834.196891192,
						3,
						0
					],
					[
						103989.637305699,
						1,
						0
					],
					[
						104145.077720207,
						2,
						0
					],
					[
						104300.518134715,
						0,
						0
					]
				],
				"sectionBeats": 4,
				"altAnim": false,
				"gfSection": false,
				"bpm": 193,
				"changeBPM": false,
				"mustHitSection": false
			},
			{
				"typeOfSection": 0,
				"sectionNotes": [
					[
						104455.958549223,
						6,
						2409.32642487047
					],
					[
						104455.958549223,
						2,
						388.60103626943
					],
					[
						104455.958549223,
						3,
						388.60103626943
					],
					[
						104922.279792746,
						0,
						388.60103626943
					],
					[
						104922.279792746,
						1,
						310.880829015544
					],
					[
						105388.601036269,
						3,
						544.041450777202
					],
					[
						105388.601036269,
						1,
						544.041450777202
					]
				],
				"sectionBeats": 4,
				"altAnim": false,
				"gfSection": false,
				"bpm": 193,
				"changeBPM": false,
				"mustHitSection": false
			},
			{
				"typeOfSection": 0,
				"sectionNotes": [
					[
						106010.362694301,
						2,
						0
					],
					[
						106165.803108808,
						1,
						0
					],
					[
						106321.243523316,
						2,
						0
					],
					[
						106476.683937824,
						0,
						0
					],
					[
						106632.124352332,
						1,
						0
					],
					[
						106787.564766839,
						2,
						0
					]
				],
				"sectionBeats": 4,
				"altAnim": false,
				"gfSection": false,
				"bpm": 193,
				"changeBPM": false,
				"mustHitSection": false
			},
			{
				"typeOfSection": 0,
				"sectionNotes": [
					[
						106943.005181347,
						5,
						1165.80310880829
					],
					[
						106943.005181347,
						0,
						233.160621761658
					],
					[
						107253.886010363,
						3,
						233.160621761658
					],
					[
						107564.766839378,
						1,
						233.160621761658
					],
					[
						107875.647668394,
						2,
						233.160621761658
					]
				],
				"sectionBeats": 4,
				"altAnim": false,
				"gfSection": false,
				"bpm": 193,
				"changeBPM": false,
				"mustHitSection": false
			},
			{
				"typeOfSection": 0,
				"sectionNotes": [
					[
						108186.528497409,
						4,
						1165.80310880829
					],
					[
						108186.528497409,
						7,
						1165.80310880829
					],
					[
						108186.528497409,
						0,
						233.160621761658
					],
					[
						108497.409326425,
						1,
						233.160621761658
					],
					[
						108808.29015544,
						3,
						233.160621761658
					],
					[
						109119.170984456,
						1,
						233.160621761658
					]
				],
				"sectionBeats": 4,
				"altAnim": false,
				"gfSection": false,
				"bpm": 193,
				"changeBPM": false,
				"mustHitSection": false
			},
			{
				"typeOfSection": 0,
				"sectionNotes": [
					[
						109430.051813471,
						6,
						1165.80310880829
					],
					[
						109430.051813471,
						2,
						0
					],
					[
						109585.492227979,
						2,
						0
					],
					[
						109740.932642487,
						0,
						0
					],
					[
						109896.373056995,
						1,
						0
					],
					[
						110051.813471503,
						0,
						0
					],
					[
						110207.25388601,
						3,
						0
					],
					[
						110362.694300518,
						0,
						0
					],
					[
						110518.134715026,
						1,
						0
					]
				],
				"sectionBeats": 4,
				"altAnim": false,
				"gfSection": false,
				"bpm": 193,
				"changeBPM": false,
				"mustHitSection": false
			},
			{
				"typeOfSection": 0,
				"sectionNotes": [
					[
						111295.336787565,
						4,
						544.041450777202
					],
					[
						110829.015544041,
						1,
						0
					],
					[
						110984.455958549,
						3,
						233.160621761658
					],
					[
						111295.336787565,
						2,
						233.160621761658
					],
					[
						111606.21761658,
						1,
						233.160621761658
					]
				],
				"sectionBeats": 4,
				"altAnim": false,
				"gfSection": false,
				"bpm": 193,
				"changeBPM": false,
				"mustHitSection": false
			},
			{
				"sectionBeats": 4,
				"sectionNotes": [
					[
						111917.098445596,
						5,
						1165.80310880829
					],
					[
						111917.098445596,
						3,
						0
					],
					[
						112072.538860104,
						3,
						0
					],
					[
						112227.979274611,
						0,
						0
					],
					[
						112383.419689119,
						1,
						0
					],
					[
						112538.860103627,
						0,
						0
					],
					[
						112694.300518135,
						2,
						0
					],
					[
						112849.740932642,
						0,
						0
					],
					[
						113005.18134715,
						3,
						0
					]
				],
				"typeOfSection": 0,
				"gfSection": false,
				"altAnim": false,
				"mustHitSection": false,
				"changeBPM": false,
				"bpm": 193
			},
			{
				"typeOfSection": 0,
				"sectionNotes": [
					[
						113160.621761658,
						7,
						1165.80310880829
					],
					[
						113316.062176166,
						3,
						0
					],
					[
						113471.502590674,
						1,
						233.160621761658
					],
					[
						113782.383419689,
						2,
						233.160621761658
					],
					[
						114093.264248705,
						0,
						233.160621761658
					]
				],
				"sectionBeats": 4,
				"altAnim": false,
				"gfSection": false,
				"bpm": 193,
				"changeBPM": false,
				"mustHitSection": false
			},
			{
				"sectionBeats": 4,
				"sectionNotes": [
					[
						114404.14507772,
						4,
						2409.32642487047
					],
					[
						114404.14507772,
						3,
						0
					],
					[
						114559.585492228,
						3,
						0
					],
					[
						114637.305699482,
						1,
						0
					],
					[
						114715.025906736,
						0,
						0
					],
					[
						114870.466321243,
						2,
						0
					],
					[
						115025.906735751,
						3,
						0
					],
					[
						115181.347150259,
						1,
						0
					],
					[
						115259.067357513,
						2,
						0
					],
					[
						115336.787564767,
						3,
						0
					],
					[
						115492.227979275,
						0,
						0
					]
				],
				"typeOfSection": 0,
				"gfSection": false,
				"altAnim": false,
				"mustHitSection": false,
				"changeBPM": false,
				"bpm": 193
			},
			{
				"sectionBeats": 4,
				"sectionNotes": [
					[
						115647.668393782,
						3,
						0
					],
					[
						115803.10880829,
						1,
						0
					],
					[
						115880.829015544,
						0,
						0
					],
					[
						115958.549222798,
						2,
						0
					],
					[
						116113.989637306,
						1,
						233.160621761658
					],
					[
						116424.870466321,
						3,
						0
					],
					[
						116580.310880829,
						0,
						233.160621761658
					]
				],
				"typeOfSection": 0,
				"gfSection": false,
				"altAnim": false,
				"mustHitSection": false,
				"changeBPM": false,
				"bpm": 193
			},
			{
				"typeOfSection": 0,
				"sectionNotes": [
					[
						116891.191709844,
						6,
						1165.80310880829
					],
					[
						116891.191709845,
						1,
						0
					],
					[
						117046.632124352,
						1,
						0
					],
					[
						117124.352331606,
						2,
						0
					],
					[
						117202.07253886,
						3,
						0
					],
					[
						117357.512953368,
						1,
						0
					],
					[
						117512.953367876,
						0,
						0
					],
					[
						117668.393782383,
						2,
						0
					],
					[
						117746.113989637,
						1,
						0
					],
					[
						117823.834196891,
						3,
						0
					],
					[
						117979.274611399,
						1,
						0
					]
				],
				"sectionBeats": 4,
				"altAnim": false,
				"gfSection": false,
				"bpm": 193,
				"changeBPM": false,
				"mustHitSection": false
			},
			{
				"typeOfSection": 0,
				"sectionNotes": [
					[
						118445.595854922,
						5,
						233.160621761658
					],
					[
						118756.476683938,
						7,
						0
					],
					[
						118911.917098445,
						7,
						0
					],
					[
						118134.715025907,
						0,
						233.160621761658
					],
					[
						118445.595854922,
						2,
						0
					],
					[
						118601.03626943,
						2,
						0
					],
					[
						118756.476683938,
						1,
						233.160621761658
					],
					[
						119067.357512953,
						3,
						233.160621761658
					],
					[
						119222.797927461,
						4,
						233.160621761658
					],
					[
						119222.797927461,
						1,
						233.160621761658,
						"GF Sing"
					]
				],
				"sectionBeats": 4,
				"altAnim": false,
				"gfSection": false,
				"bpm": 193,
				"changeBPM": false,
				"mustHitSection": false
			},
			{
				"typeOfSection": 0,
				"sectionNotes": [
					[
						119533.678756477,
						1,
						0
					],
					[
						119689.119170984,
						3,
						0
					],
					[
						119844.559585492,
						1,
						0
					],
					[
						120000,
						2,
						233.160621761658
					],
					[
						120310.880829015,
						0,
						233.160621761658
					],
					[
						119533.678756477,
						7,
						0,
						"GF Sing"
					],
					[
						119689.119170984,
						5,
						0,
						"GF Sing"
					],
					[
						119844.559585492,
						7,
						0,
						"GF Sing"
					],
					[
						120000,
						4,
						233.160621761658,
						"GF Sing"
					],
					[
						120310.880829015,
						5,
						233.160621761658,
						"GF Sing"
					]
				],
				"sectionBeats": 4,
				"altAnim": false,
				"gfSection": false,
				"bpm": 193,
				"changeBPM": false,
				"mustHitSection": true
			},
			{
				"typeOfSection": 0,
				"sectionNotes": [
					[
						120621.761658031,
						3,
						233.160621761658
					],
					[
						120932.642487047,
						2,
						0
					],
					[
						121088.082901554,
						1,
						544.041450777202
					],
					[
						121709.844559585,
						3,
						233.160621761658
					],
					[
						120621.761658031,
						6,
						233.160621761658,
						"GF Sing"
					],
					[
						120932.642487047,
						5,
						0,
						"GF Sing"
					],
					[
						121088.082901554,
						4,
						544.041450777202,
						"GF Sing"
					],
					[
						121709.844559585,
						6,
						233.160621761658,
						"GF Sing"
					]
				],
				"sectionBeats": 4,
				"altAnim": false,
				"gfSection": false,
				"bpm": 193,
				"changeBPM": false,
				"mustHitSection": true
			},
			{
				"typeOfSection": 0,
				"sectionNotes": [
					[
						122020.725388601,
						0,
						0
					],
					[
						122176.165803109,
						3,
						0
					],
					[
						122331.606217616,
						1,
						0
					],
					[
						122487.046632124,
						3,
						0
					],
					[
						122642.487046632,
						2,
						0
					],
					[
						122797.92746114,
						1,
						0
					],
					[
						122953.367875648,
						3,
						0
					],
					[
						122020.725388601,
						7,
						0,
						"GF Sing"
					],
					[
						122176.165803109,
						4,
						0,
						"GF Sing"
					],
					[
						122331.606217616,
						6,
						0,
						"GF Sing"
					],
					[
						122487.046632124,
						4,
						0,
						"GF Sing"
					],
					[
						122642.487046632,
						5,
						0,
						"GF Sing"
					],
					[
						122797.92746114,
						6,
						0,
						"GF Sing"
					],
					[
						122953.367875648,
						4,
						0,
						"GF Sing"
					]
				],
				"sectionBeats": 4,
				"altAnim": false,
				"gfSection": false,
				"bpm": 193,
				"changeBPM": false,
				"mustHitSection": true
			},
			{
				"typeOfSection": 0,
				"sectionNotes": [
					[
						123108.808290155,
						0,
						233.160621761658
					],
					[
						123419.689119171,
						2,
						0
					],
					[
						123575.129533679,
						3,
						544.041450777202
					],
					[
						124196.89119171,
						1,
						233.160621761658
					],
					[
						123108.808290155,
						7,
						233.160621761658,
						"GF Sing"
					],
					[
						123419.689119171,
						5,
						0,
						"GF Sing"
					],
					[
						123575.129533679,
						4,
						544.041450777202,
						"GF Sing"
					],
					[
						124196.89119171,
						6,
						233.160621761658,
						"GF Sing"
					]
				],
				"sectionBeats": 4,
				"altAnim": false,
				"gfSection": false,
				"bpm": 193,
				"changeBPM": false,
				"mustHitSection": true
			},
			{
				"typeOfSection": 0,
				"sectionNotes": [
					[
						124507.772020725,
						0,
						0
					],
					[
						124663.212435233,
						2,
						233.160621761658
					],
					[
						124974.093264249,
						0,
						233.160621761658
					],
					[
						125284.974093264,
						3,
						233.160621761658
					],
					[
						124507.772020725,
						7,
						0,
						"GF Sing"
					],
					[
						124663.212435233,
						5,
						233.160621761658,
						"GF Sing"
					],
					[
						124974.093264249,
						7,
						0,
						"GF Sing"
					],
					[
						125284.974093264,
						4,
						233.160621761658,
						"GF Sing"
					]
				],
				"sectionBeats": 4,
				"altAnim": false,
				"gfSection": false,
				"bpm": 193,
				"changeBPM": false,
				"mustHitSection": true
			},
			{
				"typeOfSection": 0,
				"sectionNotes": [
					[
						125595.85492228,
						1,
						233.160621761658
					],
					[
						125906.735751295,
						2,
						0
					],
					[
						126062.176165803,
						0,
						233.160621761658
					],
					[
						126373.056994819,
						3,
						233.160621761658
					],
					[
						126683.937823834,
						2,
						310.880829015544
					],
					[
						125595.85492228,
						6,
						233.160621761658,
						"GF Sing"
					],
					[
						125906.735751295,
						5,
						0,
						"GF Sing"
					],
					[
						126062.176165803,
						7,
						233.160621761658,
						"GF Sing"
					],
					[
						126373.056994819,
						4,
						233.160621761658,
						"GF Sing"
					],
					[
						126683.937823834,
						5,
						310.880829015544,
						"GF Sing"
					]
				],
				"sectionBeats": 4,
				"altAnim": false,
				"gfSection": false,
				"bpm": 193,
				"changeBPM": false,
				"mustHitSection": true
			},
			{
				"typeOfSection": 0,
				"sectionNotes": [
					[
						126839.378238342,
						1,
						544.041450777202
					],
					[
						127227.979274611,
						3,
						2020.72538860104
					],
					[
						126839.378238342,
						6,
						544.041450777202,
						"GF Sing"
					],
					[
						127227.979274611,
						4,
						2020.72538860104,
						"GF Sing"
					]
				],
				"sectionBeats": 4,
				"altAnim": false,
				"gfSection": false,
				"bpm": 193,
				"changeBPM": false,
				"mustHitSection": true
			},
			{
				"typeOfSection": 0,
				"sectionNotes": [
					[
						128393.78238342,
						1,
						233.160621761658
					],
					[
						128704.663212435,
						3,
						0
					],
					[
						128860.103626943,
						3,
						0
					],
					[
						129170.984455958,
						0,
						233.160621761658
					]
				],
				"sectionBeats": 4,
				"altAnim": false,
				"gfSection": false,
				"bpm": 193,
				"changeBPM": false,
				"mustHitSection": false
			},
			{
				"typeOfSection": 0,
				"sectionNotes": [
					[
						129481.865284974,
						1,
						0
					],
					[
						129637.305699482,
						3,
						0
					],
					[
						129792.74611399,
						1,
						0
					],
					[
						129948.186528497,
						2,
						233.160621761658
					],
					[
						130259.067357513,
						0,
						233.160621761658
					]
				],
				"sectionBeats": 4,
				"altAnim": false,
				"gfSection": false,
				"bpm": 193,
				"changeBPM": false,
				"mustHitSection": false
			},
			{
				"typeOfSection": 0,
				"sectionNotes": [
					[
						130569.948186528,
						3,
						233.160621761658
					],
					[
						130880.829015544,
						2,
						0
					],
					[
						131036.269430052,
						1,
						544.041450777202
					],
					[
						131658.031088083,
						3,
						233.160621761658
					]
				],
				"sectionBeats": 4,
				"altAnim": false,
				"gfSection": false,
				"bpm": 193,
				"changeBPM": false,
				"mustHitSection": false
			},
			{
				"typeOfSection": 0,
				"sectionNotes": [
					[
						131968.911917098,
						0,
						0
					],
					[
						132124.352331606,
						3,
						0
					],
					[
						132279.792746114,
						1,
						0
					],
					[
						132435.233160622,
						3,
						0
					],
					[
						132590.673575129,
						2,
						0
					],
					[
						132746.113989637,
						1,
						0
					],
					[
						132901.554404145,
						3,
						0
					]
				],
				"sectionBeats": 4,
				"altAnim": false,
				"gfSection": false,
				"bpm": 193,
				"changeBPM": false,
				"mustHitSection": false
			},
			{
				"typeOfSection": 0,
				"sectionNotes": [
					[
						133056.994818653,
						0,
						233.160621761658
					],
					[
						133367.875647668,
						2,
						0
					],
					[
						133523.316062176,
						3,
						544.041450777202
					],
					[
						134145.077720207,
						1,
						233.160621761658
					],
					[
						133989.637305699,
						6,
						233.160621761658
					],
					[
						133989.637305699,
						0,
						233.160621761658,
						"GF Sing"
					]
				],
				"sectionBeats": 4,
				"altAnim": false,
				"gfSection": false,
				"bpm": 193,
				"changeBPM": false,
				"mustHitSection": false
			},
			{
				"typeOfSection": 0,
				"sectionNotes": [
					[
						134455.958549223,
						0,
						0
					],
					[
						134611.39896373,
						2,
						233.160621761658
					],
					[
						134922.279792746,
						0,
						233.160621761658
					],
					[
						135233.160621762,
						3,
						233.160621761658
					],
					[
						134300.518134715,
						4,
						544.041450777202
					],
					[
						134922.279792746,
						5,
						544.041450777202
					],
					[
						134300.518134715,
						2,
						544.041450777202,
						"GF Sing"
					],
					[
						134922.279792746,
						3,
						544.041450777202,
						"GF Sing"
					]
				],
				"sectionBeats": 4,
				"altAnim": false,
				"gfSection": false,
				"bpm": 193,
				"changeBPM": false,
				"mustHitSection": false
			},
			{
				"typeOfSection": 0,
				"sectionNotes": [
					[
						135544.041450777,
						1,
						233.160621761658
					],
					[
						135854.922279793,
						2,
						0
					],
					[
						136010.3626943,
						0,
						233.160621761658
					],
					[
						136321.243523316,
						3,
						233.160621761658
					],
					[
						136632.124352331,
						2,
						310.880829015544
					],
					[
						135544.041450777,
						7,
						544.041450777202
					],
					[
						136165.803108808,
						4,
						544.041450777202
					],
					[
						135544.041450777,
						0,
						544.041450777202,
						"GF Sing"
					],
					[
						136165.803108808,
						1,
						544.041450777202,
						"GF Sing"
					]
				],
				"sectionBeats": 4,
				"altAnim": false,
				"gfSection": false,
				"bpm": 193,
				"changeBPM": false,
				"mustHitSection": false
			},
			{
				"typeOfSection": 0,
				"sectionNotes": [
					[
						136787.564766839,
						1,
						544.041450777202
					],
					[
						137176.165803109,
						3,
						621.761658031088
					],
					[
						136787.564766839,
						6,
						1165.80310880829
					],
					[
						136787.564766839,
						0,
						1165.80310880829,
						"GF Sing"
					]
				],
				"sectionBeats": 4,
				"altAnim": false,
				"gfSection": false,
				"bpm": 193,
				"changeBPM": false,
				"mustHitSection": false
			},
			{
				"typeOfSection": 0,
				"sectionNotes": [
					[
						138031.088082901,
						0,
						544.041450777202
					],
					[
						138652.849740932,
						2,
						544.041450777202
					],
					[
						138031.088082901,
						5,
						1165.80310880829
					],
					[
						138031.088082901,
						2,
						1165.80310880829,
						"GF Sing"
					]
				],
				"sectionBeats": 4,
				"altAnim": false,
				"gfSection": false,
				"bpm": 193,
				"changeBPM": false,
				"mustHitSection": false
			},
			{
				"typeOfSection": 0,
				"sectionNotes": [
					[
						139274.611398964,
						3,
						1165.80310880829
					],
					[
						139274.611398964,
						4,
						2409.32642487047
					],
					[
						139274.611398964,
						1,
						2409.32642487047,
						"GF Sing"
					]
				],
				"sectionBeats": 4,
				"altAnim": false,
				"gfSection": false,
				"bpm": 193,
				"changeBPM": false,
				"mustHitSection": false
			},
			{
				"typeOfSection": 0,
				"sectionNotes": [],
				"sectionBeats": 4,
				"altAnim": false,
				"gfSection": false,
				"bpm": 193,
				"changeBPM": false,
				"mustHitSection": true
			},
			{
				"typeOfSection": 0,
				"sectionNotes": [],
				"sectionBeats": 4,
				"altAnim": false,
				"gfSection": false,
				"bpm": 193,
				"changeBPM": false,
				"mustHitSection": true
			},
			{
				"typeOfSection": 0,
				"sectionNotes": [],
				"sectionBeats": 4,
				"altAnim": false,
				"gfSection": false,
				"bpm": 193,
				"changeBPM": false,
				"mustHitSection": true
			},
			{
				"sectionBeats": 4,
				"sectionNotes": [],
				"typeOfSection": 0,
				"gfSection": false,
				"altAnim": false,
				"mustHitSection": true,
				"changeBPM": false,
				"bpm": 193
			},
			{
				"sectionBeats": 4,
				"sectionNotes": [],
				"typeOfSection": 0,
				"gfSection": false,
				"altAnim": false,
				"mustHitSection": true,
				"changeBPM": false,
				"bpm": 193
			},
			{
				"typeOfSection": 0,
				"sectionNotes": [],
				"sectionBeats": 4,
				"altAnim": false,
				"gfSection": false,
				"bpm": 193,
				"changeBPM": false,
				"mustHitSection": true
			},
			{
				"typeOfSection": 0,
				"sectionNotes": [],
				"sectionBeats": 4,
				"altAnim": false,
				"gfSection": false,
				"bpm": 193,
				"changeBPM": false,
				"mustHitSection": true
			},
			{
				"sectionBeats": 4,
				"sectionNotes": [],
				"typeOfSection": 0,
				"gfSection": false,
				"altAnim": false,
				"mustHitSection": true,
				"changeBPM": false,
				"bpm": 193
			},
			{
				"sectionBeats": 4,
				"sectionNotes": [],
				"typeOfSection": 0,
				"gfSection": false,
				"altAnim": false,
				"mustHitSection": true,
				"changeBPM": false,
				"bpm": 193
			},
			{
				"sectionBeats": 4,
				"sectionNotes": [],
				"typeOfSection": 0,
				"gfSection": false,
				"altAnim": false,
				"mustHitSection": true,
				"changeBPM": false,
				"bpm": 193
			},
			{
				"sectionBeats": 4,
				"sectionNotes": [],
				"typeOfSection": 0,
				"gfSection": false,
				"altAnim": false,
				"mustHitSection": true,
				"changeBPM": false,
				"bpm": 193
			},
			{
				"sectionBeats": 4,
				"sectionNotes": [],
				"typeOfSection": 0,
				"gfSection": false,
				"altAnim": false,
				"mustHitSection": true,
				"changeBPM": false,
				"bpm": 193
			},
			{
				"sectionBeats": 4,
				"sectionNotes": [],
				"typeOfSection": 0,
				"gfSection": false,
				"altAnim": false,
				"mustHitSection": true,
				"changeBPM": false,
				"bpm": 193
			},
			{
				"sectionBeats": 4,
				"sectionNotes": [],
				"typeOfSection": 0,
				"gfSection": false,
				"altAnim": false,
				"mustHitSection": true,
				"changeBPM": false,
				"bpm": 193
			},
			{
				"sectionBeats": 4,
				"sectionNotes": [],
				"typeOfSection": 0,
				"gfSection": false,
				"altAnim": false,
				"mustHitSection": true,
				"changeBPM": false,
				"bpm": 193
			},
			{
				"sectionBeats": 4,
				"sectionNotes": [],
				"typeOfSection": 0,
				"gfSection": false,
				"altAnim": false,
				"mustHitSection": true,
				"changeBPM": false,
				"bpm": 193
			},
			{
				"sectionBeats": 4,
				"sectionNotes": [],
				"typeOfSection": 0,
				"gfSection": false,
				"altAnim": false,
				"mustHitSection": true,
				"changeBPM": false,
				"bpm": 193
			},
			{
				"typeOfSection": 0,
				"sectionNotes": [],
				"sectionBeats": 4,
				"altAnim": false,
				"gfSection": false,
				"bpm": 193,
				"changeBPM": false,
				"mustHitSection": true
			},
			{
				"sectionBeats": 4,
				"sectionNotes": [],
				"typeOfSection": 0,
				"gfSection": false,
				"altAnim": false,
				"mustHitSection": true,
				"changeBPM": false,
				"bpm": 193
			},
			{
				"sectionBeats": 4,
				"sectionNotes": [],
				"typeOfSection": 0,
				"gfSection": false,
				"altAnim": false,
				"mustHitSection": true,
				"changeBPM": false,
				"bpm": 193
			},
			{
				"sectionBeats": 4,
				"sectionNotes": [],
				"typeOfSection": 0,
				"gfSection": false,
				"altAnim": false,
				"mustHitSection": true,
				"changeBPM": false,
				"bpm": 193
			},
			{
				"sectionBeats": 4,
				"sectionNotes": [],
				"typeOfSection": 0,
				"gfSection": false,
				"altAnim": false,
				"mustHitSection": true,
				"changeBPM": false,
				"bpm": 193
			},
			{
				"gfSection": false,
				"altAnim": false,
				"typeOfSection": 0,
				"sectionNotes": [],
				"bpm": 193,
				"sectionBeats": 4,
				"changeBPM": false,
				"mustHitSection": true
			}
		],
		"player2": "mutsumi-flipped",
		"player3": null,
		"splashSkin": "NOTE_splashes_quintidiosas",
		"song": "Hear-my-voice",
		"arrowSkin": "NOTE_assets_quinti",
		"stage": "forcesNinoMutsumi",
		"needsVoices": true,
		"validScore": true,
		"bpm": 193,
		"speed": 3
	}
}