{
	"song": {
		"player1": "botan-new-player",
		"notes": [
			{
				"typeOfSection": 0,
				"sectionNotes": [],
				"lengthInSteps": 16,
				"bpm": 110,
				"changeBPM": false,
				"mustHitSection": false
			},
			{
				"typeOfSection": 0,
				"sectionNotes": [],
				"lengthInSteps": 16,
				"bpm": 110,
				"changeBPM": false,
				"mustHitSection": true
			},
			{
				"typeOfSection": 0,
				"sectionNotes": [],
				"lengthInSteps": 16,
				"bpm": 110,
				"changeBPM": false,
				"mustHitSection": false
			},
			{
				"typeOfSection": 0,
				"sectionNotes": [],
				"lengthInSteps": 16,
				"bpm": 110,
				"changeBPM": false,
				"mustHitSection": true
			},
			{
				"typeOfSection": 0,
				"sectionNotes": [
					[
						6857.14285714286,
						2,
						0
					],
					[
						6964.28571428571,
						3,
						0
					],
					[
						7928.57142857143,
						2,
						0
					],
					[
						8142.85714285714,
						2,
						0
					],
					[
						8035.71428571429,
						0,
						0
					],
					[
						8357.14285714286,
						2,
						0
					],
					[
						8464.28571428571,
						0,
						0
					],
					[
						7071.42857142857,
						2,
						0
					],
					[
						7285.71428571429,
						1,
						0
					],
					[
						7500,
						2,
						0
					],
					[
						7714.28571428571,
						1,
						0
					]
				],
				"lengthInSteps": 16,
				"bpm": 110,
				"changeBPM": false,
				"mustHitSection": false
			},
			{
				"typeOfSection": 0,
				"sectionNotes": [
					[
						8571.42857142857,
						2,
						0
					],
					[
						8678.57142857143,
						3,
						0
					],
					[
						8785.71428571428,
						2,
						0
					],
					[
						9000,
						1,
						0
					],
					[
						9214.28571428571,
						2,
						0
					],
					[
						9428.57142857143,
						1,
						321.428571428571
					]
				],
				"lengthInSteps": 16,
				"bpm": 110,
				"changeBPM": false,
				"mustHitSection": false
			},
			{
				"typeOfSection": 0,
				"sectionNotes": [
					[
						10285.7142857143,
						2,
						0
					],
					[
						11357.1428571429,
						2,
						0
					],
					[
						11571.4285714286,
						2,
						0
					],
					[
						10392.8571428571,
						3,
						0
					],
					[
						11464.2857142857,
						0,
						0
					],
					[
						11892.8571428571,
						0,
						0
					],
					[
						11785.7142857143,
						2,
						0
					],
					[
						10500,
						2,
						0
					],
					[
						10714.2857142857,
						1,
						0
					],
					[
						10928.5714285714,
						2,
						0
					],
					[
						11142.8571428571,
						1,
						0
					]
				],
				"lengthInSteps": 16,
				"bpm": 110,
				"changeBPM": false,
				"mustHitSection": false
			},
			{
				"typeOfSection": 0,
				"sectionNotes": [
					[
						12000,
						2,
						0
					],
					[
						12107.1428571429,
						3,
						0
					],
					[
						12214.2857142857,
						2,
						0
					],
					[
						12428.5714285714,
						1,
						0
					],
					[
						12642.8571428571,
						2,
						0
					],
					[
						12857.1428571429,
						1,
						0
					],
					[
						13071.4285714286,
						3,
						0
					],
					[
						13285.7142857143,
						1,
						0
					],
					[
						13500,
						2,
						0
					]
				],
				"lengthInSteps": 16,
				"bpm": 110,
				"changeBPM": false,
				"mustHitSection": false
			},
			{
				"typeOfSection": 0,
				"sectionNotes": [
					[
						14142.8571428571,
						1,
						0
					],
					[
						14357.1428571429,
						2,
						0
					],
					[
						14464.2857142857,
						1,
						0
					],
					[
						14678.5714285714,
						2,
						0
					],
					[
						14785.7142857143,
						1,
						0
					],
					[
						13928.5714285714,
						3,
						0
					],
					[
						15000,
						0,
						0
					],
					[
						15214.2857142857,
						3,
						0
					]
				],
				"lengthInSteps": 16,
				"bpm": 110,
				"changeBPM": false,
				"mustHitSection": true
			},
			{
				"typeOfSection": 0,
				"sectionNotes": [
					[
						15857.1428571429,
						1,
						0
					],
					[
						16178.5714285714,
						1,
						0
					],
					[
						16500,
						1,
						0
					],
					[
						15642.8571428571,
						0,
						0
					],
					[
						16071.4285714286,
						3,
						0
					],
					[
						16392.8571428571,
						3,
						0
					],
					[
						16714.2857142857,
						2,
						0
					],
					[
						16928.5714285714,
						0,
						0
					]
				],
				"lengthInSteps": 16,
				"bpm": 110,
				"changeBPM": false,
				"mustHitSection": true
			},
			{
				"typeOfSection": 0,
				"sectionNotes": [
					[
						17571.4285714286,
						1,
						0
					],
					[
						17892.8571428571,
						1,
						0
					],
					[
						18214.2857142857,
						1,
						0
					],
					[
						17357.1428571429,
						3,
						0
					],
					[
						17785.7142857143,
						2,
						0
					],
					[
						18107.1428571429,
						2,
						0
					],
					[
						18428.5714285714,
						0,
						0
					],
					[
						18642.8571428571,
						3,
						0
					]
				],
				"lengthInSteps": 16,
				"bpm": 110,
				"changeBPM": false,
				"mustHitSection": true
			},
			{
				"typeOfSection": 0,
				"sectionNotes": [
					[
						19071.4285714286,
						0,
						0
					],
					[
						19500,
						3,
						0
					],
					[
						19607.1428571429,
						1,
						0
					],
					[
						19821.4285714286,
						3,
						0
					],
					[
						19928.5714285714,
						1,
						0
					],
					[
						19285.7142857143,
						1,
						0
					],
					[
						20142.8571428571,
						2,
						0
					],
					[
						20357.1428571429,
						0,
						0
					]
				],
				"lengthInSteps": 16,
				"bpm": 110,
				"changeBPM": false,
				"mustHitSection": true
			},
			{
				"typeOfSection": 0,
				"sectionNotes": [
					[
						21000,
						2,
						0
					],
					[
						21214.2857142857,
						0,
						0
					],
					[
						21428.5714285714,
						1,
						0
					],
					[
						21642.8571428571,
						1,
						0
					],
					[
						21750,
						3,
						214.285714285714
					],
					[
						22071.4285714286,
						2,
						214.285714285714
					]
				],
				"lengthInSteps": 16,
				"bpm": 110,
				"changeBPM": false,
				"mustHitSection": false
			},
			{
				"typeOfSection": 0,
				"sectionNotes": [
					[
						22392.8571428571,
						2,
						0
					],
					[
						22500,
						2,
						0
					],
					[
						22714.2857142857,
						1,
						0
					],
					[
						22928.5714285714,
						3,
						0
					],
					[
						23142.8571428571,
						1,
						214.285714285714
					],
					[
						23464.2857142857,
						2,
						321.428571428571
					]
				],
				"lengthInSteps": 16,
				"bpm": 110,
				"changeBPM": false,
				"mustHitSection": false
			},
			{
				"typeOfSection": 0,
				"sectionNotes": [
					[
						24428.5714285714,
						2,
						0
					],
					[
						24857.1428571429,
						1,
						0
					],
					[
						25071.4285714286,
						1,
						0
					],
					[
						25178.5714285714,
						0,
						0
					],
					[
						24642.8571428571,
						3,
						0
					],
					[
						25392.8571428571,
						0,
						0
					],
					[
						25607.1428571429,
						3,
						0
					],
					[
						25529.4642857143,
						2,
						0
					],
					[
						25457.1428571429,
						1,
						0
					]
				],
				"lengthInSteps": 16,
				"bpm": 110,
				"changeBPM": false,
				"mustHitSection": false
			},
			{
				"typeOfSection": 0,
				"sectionNotes": [
					[
						26142.8571428571,
						0,
						0
					],
					[
						26571.4285714286,
						0,
						214.285714285714
					],
					[
						25928.5714285714,
						3,
						0
					],
					[
						25821.4285714286,
						3,
						0
					],
					[
						26357.1428571429,
						2,
						0
					],
					[
						26892.8571428571,
						1,
						321.428571428571
					]
				],
				"lengthInSteps": 16,
				"bpm": 110,
				"changeBPM": false,
				"mustHitSection": false
			},
			{
				"typeOfSection": 0,
				"sectionNotes": [
					[
						27428.5714285714,
						2,
						0
					],
					[
						27642.8571428571,
						3,
						0
					],
					[
						27857.1428571429,
						6,
						0
					],
					[
						27750,
						3,
						0
					],
					[
						27857.1428571429,
						0,
						0
					],
					[
						28285.7142857143,
						3,
						0
					],
					[
						28071.4285714286,
						2,
						0
					],
					[
						28500,
						5,
						0
					],
					[
						28071.4285714286,
						4,
						0
					],
					[
						28285.7142857143,
						4,
						0
					],
					[
						28607.1428571429,
						7,
						214.285714285714
					],
					[
						28928.5714285714,
						6,
						214.285714285714
					],
					[
						28821.4285714286,
						0,
						0
					],
					[
						28928.5714285714,
						1,
						0
					],
					[
						28500,
						3,
						0
					],
					[
						28607.1428571429,
						2,
						0
					]
				],
				"lengthInSteps": 16,
				"bpm": 110,
				"changeBPM": false,
				"mustHitSection": true
			},
			{
				"typeOfSection": 0,
				"sectionNotes": [
					[
						29357.1428571429,
						0,
						0
					],
					[
						29464.2857142857,
						0,
						0
					],
					[
						29571.4285714286,
						2,
						0
					],
					[
						29785.7142857143,
						3,
						0
					],
					[
						30000,
						2,
						0
					],
					[
						30214.2857142857,
						0,
						0
					],
					[
						29785.7142857143,
						7,
						0
					],
					[
						30321.4285714286,
						1,
						0
					],
					[
						30642.8571428571,
						1,
						0
					],
					[
						29250,
						6,
						0
					],
					[
						29357.1428571429,
						6,
						0
					],
					[
						29571.4285714286,
						5,
						0
					],
					[
						30000,
						5,
						214.285714285714
					],
					[
						30321.4285714286,
						6,
						321.428571428571
					]
				],
				"lengthInSteps": 16,
				"bpm": 110,
				"changeBPM": false,
				"mustHitSection": true
			},
			{
				"typeOfSection": 0,
				"sectionNotes": [
					[
						30857.1428571429,
						2,
						0
					],
					[
						31071.4285714286,
						3,
						0
					],
					[
						31178.5714285714,
						3,
						0
					],
					[
						31285.7142857143,
						0,
						0
					],
					[
						31500,
						2,
						0
					],
					[
						31714.2857142857,
						3,
						0
					],
					[
						32357.1428571429,
						1,
						0
					],
					[
						31285.7142857143,
						6,
						0
					],
					[
						31500,
						7,
						0
					],
					[
						31714.2857142857,
						5,
						0
					],
					[
						31928.5714285714,
						5,
						0
					],
					[
						32035.7142857143,
						4,
						0
					],
					[
						32250,
						4,
						0
					],
					[
						32464.2857142857,
						7,
						0
					],
					[
						32322.3214285714,
						5,
						0
					],
					[
						32400,
						6,
						0
					],
					[
						32250,
						0,
						0
					],
					[
						32035.7142857143,
						2,
						0
					],
					[
						31928.5714285714,
						3,
						0
					]
				],
				"lengthInSteps": 16,
				"bpm": 110,
				"changeBPM": false,
				"mustHitSection": true
			},
			{
				"typeOfSection": 0,
				"sectionNotes": [
					[
						33750,
						1,
						0
					],
					[
						34071.4285714286,
						1,
						0
					],
					[
						32785.7142857143,
						0,
						0
					],
					[
						32892.8571428571,
						0,
						0
					],
					[
						33000,
						2,
						0
					],
					[
						33214.2857142857,
						3,
						0
					],
					[
						33428.5714285714,
						2,
						0
					],
					[
						33642.8571428571,
						0,
						0
					],
					[
						32678.5714285714,
						7,
						0
					],
					[
						32785.7142857143,
						7,
						0
					],
					[
						33000,
						4,
						0
					],
					[
						33214.2857142857,
						6,
						0
					],
					[
						33428.5714285714,
						4,
						214.285714285714
					],
					[
						33750,
						5,
						321.428571428571
					]
				],
				"lengthInSteps": 16,
				"bpm": 110,
				"changeBPM": false,
				"mustHitSection": true
			},
			{
				"typeOfSection": 0,
				"sectionNotes": [
					[
						34500,
						3,
						0
					],
					[
						35357.1428571429,
						3,
						0
					],
					[
						35571.4285714286,
						2,
						0
					],
					[
						34607.1428571429,
						1,
						0
					],
					[
						34285.7142857143,
						1,
						0
					],
					[
						34392.8571428571,
						0,
						0
					],
					[
						34821.4285714286,
						1,
						0
					],
					[
						34928.5714285714,
						3,
						0
					],
					[
						35035.7142857143,
						0,
						0
					],
					[
						35142.8571428571,
						1,
						0
					],
					[
						35250,
						0,
						0
					],
					[
						35464.2857142857,
						1,
						0
					],
					[
						35678.5714285714,
						1,
						0
					],
					[
						35785.7142857143,
						3,
						0
					],
					[
						35892.8571428571,
						0,
						0
					],
					[
						34714.2857142857,
						2,
						0
					],
					[
						34714.2857142857,
						3,
						0
					],
					[
						35571.4285714286,
						0,
						0
					]
				],
				"lengthInSteps": 16,
				"bpm": 110,
				"changeBPM": false,
				"mustHitSection": false
			},
			{
				"typeOfSection": 0,
				"sectionNotes": [
					[
						36000,
						0,
						0
					],
					[
						36214.2857142857,
						3,
						0
					],
					[
						36428.5714285714,
						2,
						0
					],
					[
						36964.2857142857,
						2,
						0
					],
					[
						37071.4285714286,
						3,
						0
					],
					[
						37285.7142857143,
						2,
						0
					],
					[
						37392.8571428571,
						3,
						0
					],
					[
						37607.1428571429,
						0,
						0
					],
					[
						36107.1428571429,
						1,
						0
					],
					[
						36321.4285714286,
						1,
						0
					],
					[
						37285.7142857143,
						0,
						0
					],
					[
						36535.7142857143,
						1,
						0
					],
					[
						36428.5714285714,
						3,
						0
					],
					[
						36964.2857142857,
						1,
						0
					],
					[
						36642.8571428571,
						3,
						0
					],
					[
						36750,
						0,
						0
					],
					[
						36857.1428571429,
						3,
						0
					],
					[
						37178.5714285714,
						1,
						0
					],
					[
						37500,
						1,
						0
					]
				],
				"lengthInSteps": 16,
				"bpm": 110,
				"changeBPM": false,
				"mustHitSection": false
			},
			{
				"typeOfSection": 0,
				"sectionNotes": [
					[
						37928.5714285714,
						3,
						0
					],
					[
						38142.8571428571,
						2,
						0
					],
					[
						38785.7142857143,
						3,
						0
					],
					[
						39000,
						2,
						0
					],
					[
						37714.2857142857,
						1,
						0
					],
					[
						37821.4285714286,
						0,
						0
					],
					[
						38035.7142857143,
						1,
						0
					],
					[
						38142.8571428571,
						3,
						0
					],
					[
						38250,
						1,
						0
					],
					[
						38357.1428571429,
						3,
						0
					],
					[
						38464.2857142857,
						0,
						0
					],
					[
						38571.4285714286,
						1,
						0
					],
					[
						38678.5714285714,
						0,
						0
					],
					[
						38892.8571428571,
						1,
						0
					],
					[
						39000,
						0,
						0
					],
					[
						39107.1428571429,
						1,
						0
					],
					[
						39214.2857142857,
						3,
						0
					],
					[
						39321.4285714286,
						0,
						0
					]
				],
				"lengthInSteps": 16,
				"bpm": 110,
				"changeBPM": false,
				"mustHitSection": false
			},
			{
				"typeOfSection": 0,
				"sectionNotes": [
					[
						39428.5714285714,
						0,
						0
					],
					[
						39642.8571428571,
						3,
						0
					],
					[
						39857.1428571429,
						2,
						0
					],
					[
						40392.8571428571,
						2,
						0
					],
					[
						40500,
						3,
						0
					],
					[
						40714.2857142857,
						2,
						0
					],
					[
						40821.4285714286,
						3,
						0
					],
					[
						39535.7142857143,
						1,
						0
					],
					[
						39750,
						1,
						0
					],
					[
						39857.1428571429,
						3,
						0
					],
					[
						39964.2857142857,
						1,
						0
					],
					[
						40071.4285714286,
						3,
						0
					],
					[
						40178.5714285714,
						0,
						0
					],
					[
						40285.7142857143,
						3,
						0
					],
					[
						40392.8571428572,
						1,
						0
					],
					[
						40607.1428571429,
						1,
						0
					],
					[
						40714.2857142857,
						0,
						0
					],
					[
						40928.5714285714,
						1,
						0
					],
					[
						41035.7142857143,
						0,
						0
					]
				],
				"lengthInSteps": 16,
				"bpm": 110,
				"changeBPM": false,
				"mustHitSection": false
			},
			{
				"typeOfSection": 0,
				"sectionNotes": [
					[
						41357.1428571429,
						7,
						0
					],
					[
						41571.4285714286,
						6,
						0
					],
					[
						42214.2857142857,
						7,
						0
					],
					[
						41357.1428571429,
						2,
						0
					],
					[
						41571.4285714286,
						3,
						0
					],
					[
						41785.7142857143,
						2,
						0
					],
					[
						42214.2857142857,
						2,
						0
					],
					[
						41250,
						0,
						0
					],
					[
						41142.8571428572,
						0,
						0
					],
					[
						41142.8571428572,
						5,
						0
					],
					[
						41250,
						4,
						0
					],
					[
						41464.2857142857,
						5,
						0
					],
					[
						41571.4285714286,
						7,
						0
					],
					[
						41678.5714285714,
						5,
						0
					],
					[
						41785.7142857143,
						7,
						0
					],
					[
						41892.8571428572,
						4,
						0
					],
					[
						42000,
						5,
						0
					],
					[
						42107.1428571429,
						4,
						0
					],
					[
						42321.4285714286,
						5,
						0
					],
					[
						42428.5714285714,
						4,
						0
					],
					[
						42535.7142857143,
						5,
						0
					],
					[
						42642.8571428572,
						7,
						0
					],
					[
						42750,
						4,
						0
					],
					[
						42428.5714285714,
						1,
						0
					],
					[
						42428.5714285714,
						6,
						0
					],
					[
						42642.8571428572,
						2,
						0
					],
					[
						42750,
						0,
						0
					],
					[
						41892.8571428572,
						0,
						0
					]
				],
				"lengthInSteps": 16,
				"bpm": 110,
				"changeBPM": false,
				"mustHitSection": true
			},
			{
				"typeOfSection": 0,
				"sectionNotes": [
					[
						43928.5714285714,
						1,
						0
					],
					[
						44357.1428571429,
						2,
						0
					],
					[
						42857.1428571429,
						4,
						0
					],
					[
						43071.4285714286,
						7,
						0
					],
					[
						43285.7142857143,
						6,
						0
					],
					[
						43821.4285714286,
						6,
						0
					],
					[
						43928.5714285714,
						7,
						0
					],
					[
						44142.8571428571,
						6,
						0
					],
					[
						44250,
						7,
						0
					],
					[
						42964.2857142857,
						5,
						0
					],
					[
						43178.5714285714,
						5,
						0
					],
					[
						43285.7142857143,
						7,
						0
					],
					[
						43392.8571428572,
						5,
						0
					],
					[
						43500,
						7,
						0
					],
					[
						43607.1428571429,
						4,
						0
					],
					[
						43714.2857142857,
						7,
						0
					],
					[
						43821.4285714286,
						5,
						0
					],
					[
						44035.7142857143,
						5,
						0
					],
					[
						44142.8571428572,
						4,
						0
					],
					[
						44357.1428571429,
						5,
						0
					],
					[
						44464.2857142857,
						4,
						0
					],
					[
						43071.4285714286,
						2,
						0
					],
					[
						43500,
						2,
						0
					]
				],
				"lengthInSteps": 16,
				"bpm": 110,
				"changeBPM": false,
				"mustHitSection": true
			},
			{
				"typeOfSection": 0,
				"sectionNotes": [
					[
						45642.8571428571,
						2,
						0
					],
					[
						46071.4285714286,
						2,
						0
					],
					[
						44678.5714285714,
						0,
						0
					],
					[
						44785.7142857143,
						7,
						0
					],
					[
						45642.8571428571,
						7,
						0
					],
					[
						44571.4285714286,
						0,
						0
					],
					[
						44571.4285714286,
						5,
						0
					],
					[
						44678.5714285714,
						4,
						0
					],
					[
						44892.8571428572,
						5,
						0
					],
					[
						45000,
						7,
						0
					],
					[
						45107.1428571429,
						5,
						0
					],
					[
						45321.4285714286,
						4,
						0
					],
					[
						45428.5714285714,
						5,
						0
					],
					[
						45535.7142857143,
						4,
						0
					],
					[
						45750,
						5,
						0
					],
					[
						45857.1428571429,
						4,
						0
					],
					[
						45964.2857142857,
						5,
						0
					],
					[
						46071.4285714286,
						7,
						0
					],
					[
						46178.5714285714,
						4,
						0
					],
					[
						45000,
						6,
						0
					],
					[
						44785.7142857143,
						2,
						0
					],
					[
						45000,
						3,
						0
					],
					[
						45214.2857142857,
						2,
						0
					],
					[
						45321.4285714286,
						0,
						0
					],
					[
						45214.2857142857,
						7,
						0
					],
					[
						45857.1428571429,
						1,
						0
					],
					[
						45857.1428571429,
						6,
						0
					],
					[
						46178.5714285714,
						0,
						0
					]
				],
				"lengthInSteps": 16,
				"bpm": 110,
				"changeBPM": false,
				"mustHitSection": true
			},
			{
				"typeOfSection": 0,
				"sectionNotes": [
					[
						46285.7142857143,
						4,
						0
					],
					[
						46500,
						7,
						0
					],
					[
						46714.2857142857,
						6,
						0
					],
					[
						47250,
						6,
						0
					],
					[
						47571.4285714286,
						6,
						0
					],
					[
						47678.5714285714,
						7,
						0
					],
					[
						46392.8571428572,
						5,
						0
					],
					[
						46607.1428571429,
						5,
						0
					],
					[
						46714.2857142857,
						7,
						0
					],
					[
						46821.4285714286,
						5,
						0
					],
					[
						46928.5714285714,
						7,
						0
					],
					[
						47035.7142857143,
						4,
						0
					],
					[
						47142.8571428572,
						7,
						0
					],
					[
						47250,
						5,
						0
					],
					[
						47357.1428571429,
						7,
						0
					],
					[
						47571.4285714286,
						4,
						0
					],
					[
						47785.7142857143,
						5,
						0
					],
					[
						47892.8571428572,
						4,
						0
					],
					[
						46500,
						2,
						0
					],
					[
						46928.5714285714,
						2,
						0
					],
					[
						47357.1428571429,
						1,
						0
					],
					[
						47464.2857142857,
						5,
						0
					],
					[
						47785.7142857143,
						2,
						0
					]
				],
				"lengthInSteps": 16,
				"bpm": 110,
				"changeBPM": false,
				"mustHitSection": true
			},
			{
				"typeOfSection": 0,
				"sectionNotes": [
					[
						48428.5714285714,
						2,
						0
					],
					[
						48857.1428571429,
						1,
						0
					],
					[
						49071.4285714286,
						1,
						0
					],
					[
						48642.8571428572,
						0,
						0
					],
					[
						49178.5714285714,
						3,
						214.285714285714
					],
					[
						49500,
						2,
						214.285714285714
					]
				],
				"lengthInSteps": 16,
				"bpm": 110,
				"changeBPM": false,
				"mustHitSection": false
			},
			{
				"typeOfSection": 0,
				"sectionNotes": [
					[
						49821.4285714286,
						2,
						0
					],
					[
						49928.5714285715,
						2,
						0
					],
					[
						50142.8571428572,
						3,
						0
					],
					[
						50357.1428571429,
						0,
						0
					],
					[
						50571.4285714286,
						1,
						214.285714285714
					],
					[
						50892.8571428572,
						2,
						214.285714285714
					]
				],
				"lengthInSteps": 16,
				"bpm": 110,
				"changeBPM": false,
				"mustHitSection": false
			},
			{
				"typeOfSection": 0,
				"sectionNotes": [
					[
						51857.1428571429,
						2,
						0
					],
					[
						52071.4285714286,
						3,
						0
					],
					[
						52285.7142857143,
						1,
						0
					],
					[
						52500,
						1,
						0
					],
					[
						52607.1428571429,
						0,
						0
					],
					[
						53035.7142857143,
						3,
						0
					],
					[
						52821.4285714286,
						0,
						0
					],
					[
						52883.0357142857,
						1,
						0
					],
					[
						52966.0714285715,
						2,
						0
					]
				],
				"lengthInSteps": 16,
				"bpm": 110,
				"changeBPM": false,
				"mustHitSection": false
			},
			{
				"typeOfSection": 0,
				"sectionNotes": [
					[
						53357.1428571429,
						3,
						0
					],
					[
						53250,
						3,
						0
					],
					[
						53571.4285714286,
						0,
						0
					],
					[
						53785.7142857143,
						2,
						0
					],
					[
						54000,
						0,
						214.285714285714
					],
					[
						54321.4285714286,
						1,
						321.428571428571
					]
				],
				"lengthInSteps": 16,
				"bpm": 110,
				"changeBPM": false,
				"mustHitSection": false
			},
			{
				"typeOfSection": 0,
				"sectionNotes": [
					[
						54857.1428571429,
						2,
						0
					],
					[
						55071.4285714286,
						3,
						0
					],
					[
						55285.7142857143,
						1,
						0
					],
					[
						55500,
						0,
						0
					],
					[
						55285.7142857143,
						6,
						0
					],
					[
						55500,
						4,
						0
					],
					[
						55714.2857142857,
						5,
						0
					],
					[
						55928.5714285715,
						5,
						0
					],
					[
						56035.7142857143,
						7,
						214.285714285714
					],
					[
						55178.5714285715,
						3,
						0
					],
					[
						55714.2857142857,
						1,
						0
					],
					[
						55928.5714285715,
						3,
						0
					],
					[
						56357.1428571429,
						1,
						0
					],
					[
						56035.7142857143,
						2,
						0
					],
					[
						56250,
						0,
						0
					]
				],
				"lengthInSteps": 16,
				"bpm": 110,
				"changeBPM": false,
				"mustHitSection": true
			},
			{
				"typeOfSection": 0,
				"sectionNotes": [
					[
						57642.8571428571,
						3,
						0
					],
					[
						56678.5714285715,
						6,
						0
					],
					[
						56785.7142857143,
						6,
						0
					],
					[
						57000,
						5,
						0
					],
					[
						57214.2857142858,
						0,
						0
					],
					[
						57214.2857142858,
						7,
						0
					],
					[
						57428.5714285715,
						1,
						0
					],
					[
						57428.5714285715,
						5,
						214.285714285714
					],
					[
						57750,
						6,
						321.428571428571
					],
					[
						57000,
						2,
						0
					],
					[
						57750,
						1,
						0
					],
					[
						58071.4285714286,
						1,
						0
					],
					[
						56785.7142857143,
						0,
						0
					],
					[
						56892.8571428572,
						0,
						0
					]
				],
				"lengthInSteps": 16,
				"bpm": 110,
				"changeBPM": false,
				"mustHitSection": true
			},
			{
				"typeOfSection": 0,
				"sectionNotes": [
					[
						58714.2857142857,
						6,
						0
					],
					[
						58928.5714285714,
						7,
						0
					],
					[
						58285.7142857143,
						2,
						0
					],
					[
						58500,
						3,
						0
					],
					[
						59142.8571428572,
						5,
						0
					],
					[
						59357.1428571429,
						5,
						0
					],
					[
						59464.2857142858,
						4,
						0
					],
					[
						59892.8571428572,
						7,
						0
					],
					[
						59678.5714285715,
						4,
						0
					],
					[
						59839.2857142858,
						6,
						0
					],
					[
						59756.25,
						5,
						0
					],
					[
						58500,
						3,
						0
					],
					[
						58607.1428571429,
						3,
						0
					],
					[
						58714.2857142858,
						1,
						0
					],
					[
						58928.5714285715,
						0,
						0
					],
					[
						59142.8571428572,
						1,
						0
					],
					[
						59357.1428571429,
						3,
						0
					],
					[
						59464.2857142858,
						2,
						0
					],
					[
						59678.5714285715,
						0,
						0
					],
					[
						59785.7142857143,
						1,
						0
					]
				],
				"lengthInSteps": 16,
				"bpm": 110,
				"changeBPM": false,
				"mustHitSection": true
			},
			{
				"typeOfSection": 0,
				"sectionNotes": [
					[
						60107.1428571429,
						7,
						0
					],
					[
						60428.5714285715,
						4,
						0
					],
					[
						60642.8571428572,
						6,
						0
					],
					[
						61178.5714285715,
						5,
						321.428571428571
					],
					[
						60428.5714285715,
						2,
						0
					],
					[
						60642.8571428572,
						0,
						0
					],
					[
						60857.1428571429,
						1,
						0
					],
					[
						60857.1428571429,
						4,
						0
					],
					[
						61071.4285714286,
						3,
						0
					],
					[
						61178.5714285715,
						1,
						0
					],
					[
						61500,
						1,
						0
					],
					[
						60214.2857142858,
						7,
						0
					],
					[
						60214.2857142858,
						0,
						0
					],
					[
						60321.4285714286,
						0,
						0
					]
				],
				"lengthInSteps": 16,
				"bpm": 110,
				"changeBPM": false,
				"mustHitSection": true
			},
			{
				"typeOfSection": 0,
				"sectionNotes": [
					[
						62142,
						2,
						0
					],
					[
						62357.1428571429,
						0,
						0
					],
					[
						62571.4285714286,
						1,
						0
					],
					[
						62785.7142857143,
						1,
						0
					],
					[
						62892.8571428572,
						3,
						214.285714285714
					],
					[
						63214.2857142858,
						2,
						214.285714285714
					]
				],
				"lengthInSteps": 16,
				"bpm": 110,
				"changeBPM": false,
				"mustHitSection": false
			},
			{
				"typeOfSection": 0,
				"sectionNotes": [
					[
						63535,
						2,
						0
					],
					[
						63642,
						2,
						0
					],
					[
						64071,
						3,
						0
					],
					[
						63857.1428571429,
						1,
						0
					],
					[
						64285.7142857143,
						1,
						214.285714285714
					],
					[
						64607.1428571429,
						2,
						321.428571428571
					]
				],
				"lengthInSteps": 16,
				"bpm": 110,
				"changeBPM": false,
				"mustHitSection": false
			},
			{
				"typeOfSection": 0,
				"sectionNotes": [
					[
						65571.4285714286,
						2,
						0
					],
					[
						65785.7142857143,
						3,
						0
					],
					[
						66000.0000000001,
						1,
						0
					],
					[
						66214.2857142858,
						1,
						0
					],
					[
						66321.4285714286,
						0,
						0
					],
					[
						66750.0000000001,
						3,
						0
					],
					[
						66535.7142857143,
						0,
						0
					],
					[
						66608.0357142858,
						1,
						0
					],
					[
						66675.0000000001,
						2,
						0
					]
				],
				"lengthInSteps": 16,
				"bpm": 110,
				"changeBPM": false,
				"mustHitSection": false
			},
			{
				"typeOfSection": 0,
				"sectionNotes": [
					[
						67071.4285714286,
						3,
						0
					],
					[
						66964.2857142858,
						3,
						0
					],
					[
						67285.7142857143,
						0,
						0
					],
					[
						67500.0000000001,
						2,
						0
					],
					[
						67714.2857142858,
						0,
						214.285714285714
					],
					[
						68035.7142857143,
						1,
						321.428571428571
					]
				],
				"lengthInSteps": 16,
				"bpm": 110,
				"changeBPM": false,
				"mustHitSection": false
			},
			{
				"typeOfSection": 0,
				"sectionNotes": [
					[
						68571.4285714286,
						2,
						0
					],
					[
						69000,
						6,
						0
					],
					[
						69214.2857142858,
						4,
						0
					],
					[
						69428.5714285715,
						5,
						0
					],
					[
						69642.8571428572,
						5,
						0
					],
					[
						70071.4285714286,
						6,
						214.285714285714
					],
					[
						68785.7142857143,
						3,
						0
					],
					[
						68892.8571428572,
						3,
						0
					],
					[
						69964.2857142858,
						0,
						0
					],
					[
						70071.4285714286,
						1,
						0
					],
					[
						69428.5714285715,
						1,
						0
					],
					[
						69000.0000000001,
						1,
						0
					],
					[
						69214.2857142858,
						0,
						0
					],
					[
						69642.8571428572,
						3,
						0
					],
					[
						69750.0000000001,
						2,
						0
					],
					[
						69750.0000000001,
						7,
						0
					]
				],
				"lengthInSteps": 16,
				"bpm": 110,
				"changeBPM": false,
				"mustHitSection": true
			},
			{
				"typeOfSection": 0,
				"sectionNotes": [
					[
						70392.8571428571,
						6,
						0
					],
					[
						70500,
						6,
						0
					],
					[
						70714.2857142858,
						2,
						0
					],
					[
						70714.2857142858,
						5,
						0
					],
					[
						71142.8571428572,
						5,
						214.285714285714
					],
					[
						71464.2857142858,
						6,
						321.428571428571
					],
					[
						70500,
						0,
						0
					],
					[
						70607.1428571429,
						0,
						0
					],
					[
						70928.5714285715,
						0,
						0
					],
					[
						70928.5714285715,
						7,
						0
					],
					[
						71142.8571428572,
						1,
						0
					],
					[
						71357.1428571429,
						3,
						0
					],
					[
						71464.2857142858,
						1,
						0
					],
					[
						71785.7142857143,
						1,
						0
					]
				],
				"lengthInSteps": 16,
				"bpm": 110,
				"changeBPM": false,
				"mustHitSection": true
			},
			{
				"typeOfSection": 0,
				"sectionNotes": [
					[
						72000,
						2,
						0
					],
					[
						73071.4285714286,
						5,
						0
					],
					[
						72428.5714285715,
						6,
						0
					],
					[
						72642.8571428572,
						7,
						0
					],
					[
						72857.1428571429,
						5,
						0
					],
					[
						73178.5714285715,
						4,
						0
					],
					[
						73607.1428571429,
						7,
						0
					],
					[
						73392.8571428572,
						4,
						0
					],
					[
						73465.1785714286,
						5,
						0
					],
					[
						73534.8214285715,
						6,
						0
					],
					[
						72214.2857142858,
						3,
						0
					],
					[
						72321.4285714286,
						3,
						0
					],
					[
						72428.5714285715,
						1,
						0
					],
					[
						72642.8571428572,
						0,
						0
					],
					[
						72857.1428571429,
						1,
						0
					],
					[
						73071.4285714286,
						3,
						0
					],
					[
						73178.5714285715,
						2,
						0
					],
					[
						73392.8571428572,
						0,
						0
					],
					[
						73500,
						1,
						0
					]
				],
				"lengthInSteps": 16,
				"bpm": 110,
				"changeBPM": false,
				"mustHitSection": true
			},
			{
				"typeOfSection": 0,
				"sectionNotes": [
					[
						75214.2857142857,
						1,
						0
					],
					[
						73928.5714285715,
						7,
						0
					],
					[
						73821.4285714286,
						7,
						0
					],
					[
						74142.8571428572,
						4,
						0
					],
					[
						74571.4285714286,
						4,
						214.285714285714
					],
					[
						74892.8571428572,
						5,
						321.428571428571
					],
					[
						73928.5714285715,
						0,
						0
					],
					[
						74035.7142857143,
						0,
						0
					],
					[
						74142.8571428572,
						2,
						0
					],
					[
						74357.1428571429,
						6,
						0
					],
					[
						74357.1428571429,
						0,
						0
					],
					[
						74571.4285714286,
						1,
						0
					],
					[
						74785.7142857143,
						3,
						0
					],
					[
						74892.8571428572,
						1,
						0
					]
				],
				"lengthInSteps": 16,
				"bpm": 110,
				"changeBPM": false,
				"mustHitSection": true
			},
			{
				"typeOfSection": 0,
				"sectionNotes": [
					[
						75428.5714285714,
						2,
						0
					],
					[
						75428.5714285714,
						2,
						0
					],
					[
						75535.7142857143,
						3,
						0
					],
					[
						76500,
						2,
						0
					],
					[
						76714.2857142857,
						2,
						0
					],
					[
						76928.5714285714,
						2,
						0
					],
					[
						76607.1428571429,
						0,
						0
					],
					[
						77035.7142857143,
						0,
						0
					],
					[
						75642.8571428572,
						2,
						0
					],
					[
						75857.1428571429,
						1,
						0
					],
					[
						76071.4285714286,
						2,
						0
					],
					[
						76285.7142857143,
						1,
						0
					]
				],
				"lengthInSteps": 16,
				"bpm": 110,
				"changeBPM": false,
				"mustHitSection": false
			},
			{
				"typeOfSection": 0,
				"sectionNotes": [
					[
						77142.8571428571,
						2,
						0
					],
					[
						77250,
						3,
						0
					],
					[
						77357.1428571429,
						2,
						0
					],
					[
						77571.4285714286,
						1,
						0
					],
					[
						77785.7142857143,
						2,
						0
					],
					[
						78000,
						1,
						321.428571428571
					]
				],
				"lengthInSteps": 16,
				"bpm": 110,
				"changeBPM": false,
				"mustHitSection": false
			},
			{
				"lengthInSteps": 16,
				"typeOfSection": 0,
				"sectionNotes": [
					[
						78857.1428571429,
						2,
						0
					],
					[
						78964.2857142857,
						3,
						0
					],
					[
						79071.4285714286,
						2,
						0
					],
					[
						79928.5714285714,
						2,
						0
					],
					[
						80142.8571428571,
						2,
						0
					],
					[
						80357.1428571429,
						2,
						0
					],
					[
						79714.2857142857,
						1,
						0
					],
					[
						79285.7142857143,
						1,
						0
					],
					[
						79500,
						2,
						0
					],
					[
						80035.7142857143,
						0,
						0
					],
					[
						80464.2857142857,
						0,
						0
					]
				],
				"altAnim": false,
				"bpm": 110,
				"changeBPM": false,
				"mustHitSection": false
			},
			{
				"lengthInSteps": 16,
				"typeOfSection": 0,
				"sectionNotes": [
					[
						80571.4285714286,
						2,
						0
					],
					[
						80678.5714285714,
						3,
						0
					],
					[
						80785.7142857143,
						2,
						0
					],
					[
						81642.8571428571,
						3,
						0
					],
					[
						81000,
						1,
						0
					],
					[
						81214.2857142857,
						2,
						0
					],
					[
						81428.5714285714,
						1,
						0
					],
					[
						81857.1428571429,
						1,
						0
					],
					[
						82071.4285714286,
						2,
						0
					]
				],
				"altAnim": false,
				"bpm": 140,
				"changeBPM": false,
				"mustHitSection": false
			},
			{
				"lengthInSteps": 16,
				"typeOfSection": 0,
				"sectionNotes": [
					[
						83785.7142857143,
						3,
						0
					],
					[
						82500,
						3,
						0
					],
					[
						82714.2857142857,
						1,
						0
					],
					[
						82928.5714285714,
						2,
						0
					],
					[
						83035.7142857143,
						1,
						0
					],
					[
						83250,
						2,
						0
					],
					[
						83357.1428571429,
						1,
						0
					],
					[
						83571.4285714286,
						0,
						0
					],
					[
						82285.7142857143,
						0,
						0
					],
					[
						82607.1428571429,
						2,
						0
					]
				],
				"altAnim": false,
				"bpm": 140,
				"changeBPM": false,
				"mustHitSection": true
			},
			{
				"lengthInSteps": 16,
				"typeOfSection": 0,
				"sectionNotes": [
					[
						84428.5714285714,
						1,
						0
					],
					[
						84214.2857142857,
						0,
						0
					],
					[
						84642.8571428572,
						3,
						0
					],
					[
						85071.4285714286,
						1,
						0
					],
					[
						85285.7142857143,
						2,
						0
					],
					[
						85500,
						0,
						0
					],
					[
						84000,
						3,
						0
					],
					[
						84107.1428571429,
						2,
						0
					],
					[
						84321.4285714286,
						3,
						0
					],
					[
						84857.1428571429,
						2,
						0
					]
				],
				"altAnim": false,
				"bpm": 140,
				"changeBPM": false,
				"mustHitSection": true
			},
			{
				"lengthInSteps": 16,
				"typeOfSection": 0,
				"sectionNotes": [
					[
						86357.1428571429,
						2,
						0
					],
					[
						86678.5714285714,
						2,
						0
					],
					[
						85928.5714285714,
						3,
						0
					],
					[
						86142.8571428572,
						1,
						0
					],
					[
						86464.2857142857,
						1,
						0
					],
					[
						86785.7142857143,
						1,
						0
					],
					[
						87000,
						0,
						0
					],
					[
						87214.2857142857,
						3,
						0
					],
					[
						85714.2857142857,
						1,
						0
					],
					[
						86035.7142857143,
						2,
						0
					],
					[
						87107.1428571429,
						1,
						0
					]
				],
				"altAnim": false,
				"bpm": 140,
				"changeBPM": false,
				"mustHitSection": true
			},
			{
				"lengthInSteps": 16,
				"typeOfSection": 0,
				"sectionNotes": [
					[
						88071.4285714286,
						3,
						0
					],
					[
						88392.8571428571,
						3,
						0
					],
					[
						87642.8571428571,
						0,
						0
					],
					[
						87857.1428571429,
						1,
						0
					],
					[
						88178.5714285714,
						1,
						0
					],
					[
						88500,
						1,
						0
					],
					[
						88714.2857142857,
						2,
						0
					],
					[
						88928.5714285714,
						0,
						107.142857142857
					],
					[
						87428.5714285714,
						2,
						0
					],
					[
						87535.7142857143,
						3,
						0
					],
					[
						87750,
						2,
						0
					],
					[
						88285.7142857143,
						2,
						0
					]
				],
				"altAnim": false,
				"bpm": 140,
				"changeBPM": false,
				"mustHitSection": true
			},
			{
				"lengthInSteps": 16,
				"typeOfSection": 0,
				"sectionNotes": [],
				"altAnim": false,
				"bpm": 140,
				"changeBPM": false,
				"mustHitSection": true
			},
			{
				"lengthInSteps": 16,
				"typeOfSection": 0,
				"sectionNotes": [],
				"altAnim": false,
				"bpm": 140,
				"changeBPM": false,
				"mustHitSection": true
			},
			{
				"lengthInSteps": 16,
				"typeOfSection": 0,
				"sectionNotes": [],
				"altAnim": false,
				"bpm": 140,
				"changeBPM": false,
				"mustHitSection": true
			},
			{
				"lengthInSteps": 16,
				"typeOfSection": 0,
				"sectionNotes": [],
				"altAnim": false,
				"bpm": 140,
				"changeBPM": false,
				"mustHitSection": true
			},
			{
				"lengthInSteps": 16,
				"typeOfSection": 0,
				"sectionNotes": [],
				"altAnim": false,
				"bpm": 140,
				"changeBPM": false,
				"mustHitSection": true
			},
			{
				"lengthInSteps": 16,
				"typeOfSection": 0,
				"sectionNotes": [],
				"altAnim": false,
				"bpm": 140,
				"changeBPM": false,
				"mustHitSection": true
			},
			{
				"lengthInSteps": 16,
				"typeOfSection": 0,
				"sectionNotes": [],
				"altAnim": false,
				"bpm": 140,
				"changeBPM": false,
				"mustHitSection": true
			},
			{
				"sectionNotes": [],
				"typeOfSection": 0,
				"lengthInSteps": 16,
				"altAnim": false,
				"mustHitSection": true,
				"changeBPM": false,
				"bpm": 140
			},
			{
				"sectionNotes": [],
				"typeOfSection": 0,
				"lengthInSteps": 16,
				"altAnim": false,
				"mustHitSection": true,
				"changeBPM": false,
				"bpm": 140
			},
			{
				"sectionNotes": [],
				"typeOfSection": 0,
				"lengthInSteps": 16,
				"altAnim": false,
				"mustHitSection": true,
				"changeBPM": false,
				"bpm": 140
			},
			{
				"sectionNotes": [],
				"typeOfSection": 0,
				"lengthInSteps": 16,
				"altAnim": false,
				"mustHitSection": true,
				"changeBPM": false,
				"bpm": 140
			},
			{
				"sectionNotes": [],
				"typeOfSection": 0,
				"lengthInSteps": 16,
				"altAnim": false,
				"mustHitSection": true,
				"changeBPM": false,
				"bpm": 140
			},
			{
				"sectionNotes": [],
				"typeOfSection": 0,
				"lengthInSteps": 16,
				"altAnim": false,
				"mustHitSection": true,
				"changeBPM": false,
				"bpm": 140
			},
			{
				"sectionNotes": [],
				"typeOfSection": 0,
				"lengthInSteps": 16,
				"altAnim": false,
				"mustHitSection": true,
				"changeBPM": false,
				"bpm": 140
			},
			{
				"sectionNotes": [],
				"typeOfSection": 0,
				"lengthInSteps": 16,
				"altAnim": false,
				"mustHitSection": true,
				"changeBPM": false,
				"bpm": 140
			},
			{
				"sectionNotes": [],
				"typeOfSection": 0,
				"lengthInSteps": 16,
				"altAnim": false,
				"mustHitSection": true,
				"changeBPM": false,
				"bpm": 140
			},
			{
				"lengthInSteps": 16,
				"typeOfSection": 0,
				"sectionNotes": [],
				"altAnim": false,
				"bpm": 140,
				"changeBPM": false,
				"mustHitSection": true
			},
			{
				"lengthInSteps": 16,
				"typeOfSection": 0,
				"sectionNotes": [],
				"altAnim": false,
				"bpm": 140,
				"changeBPM": false,
				"mustHitSection": true
			},
			{
				"lengthInSteps": 16,
				"typeOfSection": 0,
				"sectionNotes": [],
				"altAnim": false,
				"bpm": 140,
				"changeBPM": false,
				"mustHitSection": true
			},
			{
				"altAnimNum": 0,
				"sectionNotes": [],
				"typeOfSection": 0,
				"lengthInSteps": 16,
				"altAnim": false,
				"mustHitSection": true,
				"changeBPM": false,
				"bpm": 140
			},
			{
				"lengthInSteps": 16,
				"typeOfSection": 0,
				"sectionNotes": [],
				"altAnimNum": 0,
				"altAnim": false,
				"bpm": 140,
				"changeBPM": false,
				"mustHitSection": true
			},
			{
				"lengthInSteps": 16,
				"typeOfSection": 0,
				"sectionNotes": [],
				"altAnimNum": 0,
				"altAnim": false,
				"bpm": 140,
				"changeBPM": false,
				"mustHitSection": true
			},
			{
				"altAnimNum": 0,
				"sectionNotes": [],
				"typeOfSection": 0,
				"lengthInSteps": 16,
				"altAnim": false,
				"mustHitSection": true,
				"changeBPM": false,
				"bpm": 140
			},
			{
				"gfSection": false,
				"altAnim": false,
				"typeOfSection": 0,
				"sectionNotes": [],
				"bpm": 140,
				"sectionBeats": 4,
				"changeBPM": false,
				"mustHitSection": true
			},
			{
				"gfSection": false,
				"altAnim": false,
				"typeOfSection": 0,
				"sectionNotes": [],
				"bpm": 140,
				"sectionBeats": 4,
				"changeBPM": false,
				"mustHitSection": true
			},
			{
				"gfSection": false,
				"altAnim": false,
				"typeOfSection": 0,
				"sectionNotes": [],
				"bpm": 140,
				"sectionBeats": 4,
				"changeBPM": false,
				"mustHitSection": true
			},
			{
				"gfSection": false,
				"altAnim": false,
				"typeOfSection": 0,
				"sectionNotes": [],
				"bpm": 140,
				"sectionBeats": 4,
				"changeBPM": false,
				"mustHitSection": true
			},
			{
				"gfSection": false,
				"altAnim": false,
				"typeOfSection": 0,
				"sectionNotes": [],
				"bpm": 140,
				"sectionBeats": 4,
				"changeBPM": false,
				"mustHitSection": true
			}
		],
		"player2": "momosuzu-nene-rival",
		"player3": null,
		"convertMineToNuke": false,
		"mania": 0,
		"isHey": false,
		"isCheer": null,
		"splashSkin": "noteSplashesHololive",
		"cutsceneType": "none",
		"isSpooky": false,
		"song": "As-before",
		"arrowSkin": "new",
		"validScore": true,
		"speed": 2.1,
		"isMoody": false,
		"events": [
			[
				0,
				[
					[
						"Cam Boom Speed",
						"0",
						"0"
					]
				]
			],
			[
				6857.14285714286,
				[
					[
						"Zoom",
						"1.15",
						""
					]
				]
			],
			[
				33428.5714285714,
				[
					[
						"Set Property",
						"cameraSpeed",
						"10"
					]
				]
			],
			[
				34285.7142857143,
				[
					[
						"MoveArrowsToMiddle",
						"1",
						"1"
					],
					[
						"Flash",
						"FFFFFF",
						""
					],
					[
						"Toggle Ghost Trail",
						"1",
						""
					]
				]
			],
			[
				47357.1428571429,
				[
					[
						"Set Property",
						"cameraSpeed",
						"2"
					]
				]
			],
			[
				48000,
				[
					[
						"Toggle Ghost Trail",
						"0",
						""
					],
					[
						"Flash",
						"FFFFFF",
						""
					],
					[
						"MoveArrowsToMiddle",
						"0",
						"0"
					]
				]
			],
			[
				59785.7142857143,
				[
					[
						"Cinematics",
						"1",
						""
					]
				]
			],
			[
				59892.8571428572,
				[
					[
						"Set Cam Zoom",
						"1.25",
						"0.5"
					]
				]
			],
			[
				61500,
				[
					[
						"Cinematics",
						"",
						"2"
					]
				]
			],
			[
				61607.1428571429,
				[
					[
						"Set Cam Zoom",
						"1",
						"0.5"
					]
				]
			]
		],
		"gfVersion": "speakers",
		"forceJudgements": false,
		"preferredNoteAmount": 4,
		"uiType": "normal",
		"needsVoices": true,
		"stage": "holoweek1",
		"bpm": 140,
		"gf": "bfafter"
	}
}