{
	"song": {
		"player1": "tari",
		"player2": "belle",
		"notes": [
			{
				"lengthInSteps": 16,
				"sectionNotes": [
					[
						0,
						-1,
						"Blammed Lights",
						"1",
						""
					]
				],
				"mustHitSection": true
			},
			{
				"lengthInSteps": 16,
				"sectionNotes": [],
				"mustHitSection": true
			},
			{
				"lengthInSteps": 16,
				"sectionNotes": [],
				"mustHitSection": true
			},
			{
				"lengthInSteps": 16,
				"sectionNotes": [],
				"mustHitSection": true
			},
			{
				"lengthInSteps": 16,
				"sectionNotes": [
					[
						5818.18181818182,
						-1,
						"Blammed Lights",
						"4",
						""
					]
				],
				"mustHitSection": false
			},
			{
				"lengthInSteps": 16,
				"sectionNotes": [],
				"mustHitSection": false
			},
			{
				"lengthInSteps": 16,
				"sectionNotes": [],
				"mustHitSection": false
			},
			{
				"lengthInSteps": 16,
				"sectionNotes": [],
				"mustHitSection": false
			},
			{
				"lengthInSteps": 16,
				"sectionNotes": [
					[
						11818.1816,
						1,
						0
					],
					[
						12000,
						3,
						0
					],
					[
						12181.8184,
						0,
						0
					],
					[
						12363.6367,
						0,
						0
					],
					[
						12545.4541,
						1,
						0
					],
					[
						12727.2725,
						3,
						181.818176
					],
					[
						11636.3636363636,
						-1,
						"Blammed Lights",
						"0",
						""
					],
					[
						11640.1515151515,
						-1,
						"Zoom",
						"1.20",
						""
					]
				],
				"mustHitSection": false
			},
			{
				"lengthInSteps": 16,
				"sectionNotes": [
					[
						13272.7275,
						0,
						0
					],
					[
						13454.5449,
						2,
						0
					],
					[
						13636.3633,
						3,
						0
					],
					[
						13727.2725,
						0,
						0
					],
					[
						13818.1816,
						3,
						0
					],
					[
						14000,
						3,
						0
					],
					[
						14181.8184,
						1,
						0
					],
					[
						14181.8181818182,
						5,
						0,
						"nota de peligro"
					],
					[
						13090.9090909091,
						2,
						0,
						"Botan alert"
					],
					[
						13818.1818181818,
						-1,
						"Add Camera Zoom",
						"",
						""
					],
					[
						14000,
						-1,
						"Add Camera Zoom",
						"",
						""
					]
				],
				"mustHitSection": false
			},
			{
				"lengthInSteps": 16,
				"sectionNotes": [
					[
						14727.2725,
						1,
						0
					],
					[
						14909.0908,
						3,
						0
					],
					[
						15090.9092,
						0,
						0
					],
					[
						15272.7275,
						0,
						0
					],
					[
						15636.3633,
						3,
						0
					],
					[
						15818.1816,
						2,
						0
					],
					[
						15272.7272727273,
						4,
						0,
						"nota de peligro"
					],
					[
						15454.5454545455,
						1,
						0,
						"Botan alert"
					],
					[
						15272.7272727273,
						-1,
						"Add Camera Zoom",
						"",
						""
					],
					[
						15454.5454545455,
						-1,
						"Add Camera Zoom",
						"",
						""
					]
				],
				"mustHitSection": false
			},
			{
				"lengthInSteps": 16,
				"sectionNotes": [
					[
						16000,
						3,
						0
					],
					[
						16181.8184,
						1,
						90.90909
					],
					[
						16363.6357,
						3,
						0
					],
					[
						16545.4551,
						2,
						0
					],
					[
						16727.2734,
						1,
						90.90909
					],
					[
						16909.09,
						3,
						0
					],
					[
						17090.9082,
						1,
						181.818176
					],
					[
						17090.9090909091,
						5,
						0,
						"nota de peligro"
					]
				],
				"mustHitSection": false
			},
			{
				"lengthInSteps": 16,
				"sectionNotes": [
					[
						17636.3633,
						1,
						0
					],
					[
						17818.1816,
						3,
						0
					],
					[
						18000,
						0,
						0
					],
					[
						18181.8184,
						0,
						0
					],
					[
						18363.6367,
						1,
						0
					],
					[
						18545.4551,
						3,
						181.818176
					],
					[
						18545.4545454545,
						7,
						0,
						"Botan alert"
					],
					[
						18545.4545454545,
						-1,
						"Add Camera Zoom",
						"",
						""
					]
				],
				"mustHitSection": true
			},
			{
				"lengthInSteps": 16,
				"sectionNotes": [
					[
						18909.09,
						2,
						0
					],
					[
						19090.9082,
						0,
						0
					],
					[
						19272.7266,
						2,
						0
					],
					[
						19454.5449,
						3,
						0
					],
					[
						19545.4551,
						0,
						0
					],
					[
						19636.3633,
						3,
						0
					],
					[
						19818.1816,
						3,
						0
					],
					[
						20000,
						1,
						0
					],
					[
						20000,
						5,
						0,
						"Botan alert"
					],
					[
						19454.5454545455,
						-1,
						"Add Camera Zoom",
						"",
						""
					],
					[
						19545.4545454545,
						-1,
						"Add Camera Zoom",
						"",
						""
					],
					[
						19636.3636363636,
						-1,
						"Add Camera Zoom",
						"",
						""
					],
					[
						19818.1818181818,
						-1,
						"Add Camera Zoom",
						"",
						""
					],
					[
						20000,
						-1,
						"Add Camera Zoom",
						"",
						""
					]
				],
				"mustHitSection": true
			},
			{
				"lengthInSteps": 16,
				"sectionNotes": [
					[
						20545.4551,
						1,
						0
					],
					[
						20727.2734,
						3,
						0
					],
					[
						20909.09,
						0,
						0
					],
					[
						21090.9082,
						0,
						0
					],
					[
						21272.7266,
						1,
						0
					],
					[
						21454.5449,
						3,
						0
					],
					[
						21636.3633,
						2,
						0
					]
				],
				"mustHitSection": true
			},
			{
				"lengthInSteps": 16,
				"sectionNotes": [
					[
						21818.1816,
						3,
						0
					],
					[
						22000,
						1,
						90.90909
					],
					[
						22181.8184,
						3,
						0
					],
					[
						22363.6367,
						2,
						0
					],
					[
						22545.4551,
						1,
						90.90909
					],
					[
						22727.2734,
						3,
						0
					],
					[
						22909.09,
						1,
						181.818176
					],
					[
						22909.0909090909,
						5,
						0,
						"Botan alert"
					],
					[
						22909.0909090909,
						-1,
						"Add Camera Zoom",
						"",
						""
					]
				],
				"mustHitSection": true
			},
			{
				"lengthInSteps": 16,
				"sectionNotes": [
					[
						23454.5449,
						2,
						0
					],
					[
						23636.3633,
						3,
						0
					],
					[
						23818.1816,
						3,
						0
					],
					[
						24000,
						2,
						0
					],
					[
						24181.8184,
						0,
						0
					],
					[
						24363.6367,
						3,
						0
					],
					[
						24545.4551,
						1,
						0
					],
					[
						24000,
						6,
						0,
						"nota de peligro"
					],
					[
						24181.8181818182,
						4,
						0,
						"nota de peligro"
					],
					[
						24000,
						-1,
						"Add Camera Zoom",
						"",
						""
					],
					[
						24181.8181818182,
						-1,
						"Add Camera Zoom",
						"",
						""
					]
				],
				"mustHitSection": false
			},
			{
				"lengthInSteps": 16,
				"sectionNotes": [
					[
						24727.2734,
						3,
						0
					],
					[
						24909.09,
						1,
						0
					],
					[
						25090.9082,
						0,
						0
					],
					[
						25272.7266,
						1,
						0
					],
					[
						25454.5449,
						2,
						0
					],
					[
						25636.3633,
						3,
						0
					],
					[
						25818.1816,
						0,
						0
					],
					[
						26000,
						1,
						0
					],
					[
						25818.1818181818,
						4,
						0,
						"nota de peligro"
					],
					[
						25818.1818181818,
						7,
						0,
						"nota de peligro"
					],
					[
						26000,
						5,
						0,
						"nota de peligro"
					],
					[
						26000,
						6,
						0,
						"nota de peligro"
					],
					[
						25818.1818181818,
						-1,
						"Add Camera Zoom",
						"",
						""
					],
					[
						26000,
						-1,
						"Add Camera Zoom",
						"",
						""
					]
				],
				"mustHitSection": false
			},
			{
				"lengthInSteps": 16,
				"sectionNotes": [
					[
						26363.6367,
						2,
						0
					],
					[
						26545.4551,
						3,
						0
					],
					[
						26727.2734,
						3,
						0
					],
					[
						26909.09,
						1,
						0
					],
					[
						27090.9082,
						0,
						0
					],
					[
						27272.7266,
						3,
						0
					],
					[
						27454.5449,
						2,
						0
					]
				],
				"mustHitSection": false
			},
			{
				"lengthInSteps": 16,
				"sectionNotes": [
					[
						27636.3633,
						3,
						0
					],
					[
						27818.1816,
						0,
						0
					],
					[
						28000,
						1,
						0
					],
					[
						28181.8184,
						1,
						0
					],
					[
						28363.6367,
						3,
						0
					],
					[
						28545.4551,
						2,
						0
					],
					[
						28727.2715,
						0,
						0
					],
					[
						28909.09,
						1,
						0
					],
					[
						28909.0909090909,
						5,
						0,
						"nota de peligro"
					],
					[
						28727.2727272727,
						4,
						0,
						"nota de peligro"
					],
					[
						28727.2727272727,
						-1,
						"Add Camera Zoom",
						"",
						""
					],
					[
						28909.0909090909,
						-1,
						"Add Camera Zoom",
						"",
						""
					]
				],
				"mustHitSection": false
			},
			{
				"lengthInSteps": 16,
				"sectionNotes": [
					[
						29272.7266,
						2,
						0
					],
					[
						29454.5449,
						3,
						0
					],
					[
						29636.3633,
						3,
						0
					],
					[
						29818.1816,
						2,
						0
					],
					[
						30000,
						0,
						0
					],
					[
						30363.6367,
						1,
						0
					],
					[
						29818.1818181818,
						6,
						0,
						"Botan alert"
					],
					[
						30000,
						4,
						0,
						"Botan alert"
					],
					[
						29818.1818181818,
						-1,
						"Add Camera Zoom",
						"",
						""
					],
					[
						30000,
						-1,
						"Add Camera Zoom",
						"",
						""
					]
				],
				"mustHitSection": true
			},
			{
				"lengthInSteps": 16,
				"sectionNotes": [
					[
						30545.4551,
						3,
						0
					],
					[
						30727.2715,
						1,
						0
					],
					[
						30909.09,
						0,
						0
					],
					[
						31090.9082,
						1,
						0
					],
					[
						31272.7266,
						2,
						0
					],
					[
						31454.5449,
						3,
						0
					],
					[
						31636.3633,
						0,
						0
					],
					[
						31818.1816,
						1,
						0
					],
					[
						31636.3636363636,
						4,
						0,
						"Botan alert"
					],
					[
						31818.1818181818,
						5,
						0,
						"Botan alert"
					],
					[
						31636.3636363636,
						-1,
						"Add Camera Zoom",
						"",
						""
					],
					[
						31818.1818181818,
						-1,
						"Add Camera Zoom",
						"",
						""
					]
				],
				"mustHitSection": true
			},
			{
				"lengthInSteps": 16,
				"sectionNotes": [
					[
						32181.8184,
						2,
						0
					],
					[
						32363.6367,
						3,
						0
					],
					[
						32545.4551,
						3,
						0
					],
					[
						32727.2715,
						1,
						0
					],
					[
						32909.09,
						0,
						0
					],
					[
						33272.7266,
						2,
						0
					],
					[
						32727.2727272727,
						5,
						0,
						"Botan alert"
					],
					[
						32909.0909090909,
						4,
						0,
						"Botan alert"
					],
					[
						32727.2727272727,
						-1,
						"Add Camera Zoom",
						"",
						""
					],
					[
						32909.0909090909,
						-1,
						"Add Camera Zoom",
						"",
						""
					]
				],
				"mustHitSection": true
			},
			{
				"lengthInSteps": 16,
				"sectionNotes": [
					[
						33454.5469,
						3,
						0
					],
					[
						33636.3633,
						0,
						0
					],
					[
						33818.18,
						1,
						0
					],
					[
						34000,
						1,
						0
					],
					[
						34181.8164,
						3,
						0
					],
					[
						34363.6367,
						2,
						0
					],
					[
						34545.4531,
						0,
						0
					],
					[
						34727.2734,
						1,
						0
					],
					[
						34727.2727272727,
						5,
						0,
						"Botan alert"
					],
					[
						34545.4545454546,
						-1,
						"Add Camera Zoom",
						"",
						""
					],
					[
						34727.2727272727,
						-1,
						"Add Camera Zoom",
						"",
						""
					]
				],
				"mustHitSection": true
			},
			{
				"lengthInSteps": 16,
				"sectionNotes": [
					[
						35090.91,
						0,
						0
					],
					[
						35272.7266,
						2,
						181.818176
					],
					[
						35636.3633,
						3,
						0
					],
					[
						35818.18,
						3,
						0
					],
					[
						36000,
						1,
						272.727264
					]
				],
				"mustHitSection": false
			},
			{
				"lengthInSteps": 16,
				"sectionNotes": [
					[
						36363.6367,
						2,
						181.818176
					],
					[
						36727.2734,
						3,
						0
					],
					[
						37090.91,
						2,
						0
					],
					[
						37454.5469,
						0,
						0
					],
					[
						37636.3633,
						3,
						0
					],
					[
						36363.6363636364,
						6,
						0,
						"nota de peligro"
					],
					[
						36727.2727272727,
						7,
						0,
						"nota de peligro"
					],
					[
						37090.9090909091,
						6,
						0,
						"nota de peligro"
					],
					[
						37454.5454545455,
						4,
						0,
						"nota de peligro"
					],
					[
						37636.3636363636,
						7,
						0,
						"nota de peligro"
					]
				],
				"mustHitSection": false
			},
			{
				"lengthInSteps": 16,
				"sectionNotes": [
					[
						38000,
						0,
						0
					],
					[
						38181.8164,
						2,
						181.818176
					],
					[
						38545.4531,
						3,
						0
					],
					[
						38727.2734,
						3,
						0
					],
					[
						38909.09,
						1,
						272.727264
					]
				],
				"mustHitSection": false
			},
			{
				"lengthInSteps": 16,
				"sectionNotes": [
					[
						39272.7266,
						0,
						272.727264
					],
					[
						39636.3633,
						1,
						0
					],
					[
						40000,
						3,
						0
					],
					[
						40090.91,
						3,
						0
					],
					[
						40181.8164,
						1,
						0
					],
					[
						40363.6367,
						2,
						0
					],
					[
						40545.4531,
						3,
						0
					],
					[
						40000,
						7,
						0,
						"nota de peligro"
					],
					[
						40090.9090909091,
						7,
						0,
						"nota de peligro"
					],
					[
						40181.8181818182,
						5,
						0,
						"nota de peligro"
					],
					[
						40363.6363636364,
						6,
						0,
						"nota de peligro"
					],
					[
						40545.4545454546,
						7,
						0,
						"nota de peligro"
					]
				],
				"mustHitSection": false
			},
			{
				"lengthInSteps": 16,
				"sectionNotes": [
					[
						40909.09,
						0,
						0
					],
					[
						41090.91,
						2,
						181.818176
					],
					[
						41454.5469,
						3,
						0
					],
					[
						41636.3633,
						3,
						0
					],
					[
						41818.18,
						1,
						272.727264
					]
				],
				"mustHitSection": true
			},
			{
				"lengthInSteps": 16,
				"sectionNotes": [
					[
						42181.8164,
						2,
						181.818176
					],
					[
						42545.4531,
						3,
						0
					],
					[
						42909.09,
						2,
						0
					],
					[
						43272.7266,
						0,
						0
					],
					[
						43454.5469,
						3,
						0
					],
					[
						42181.8181818182,
						6,
						0,
						"Botan alert"
					],
					[
						42545.4545454546,
						7,
						0,
						"Botan alert"
					],
					[
						42909.0909090909,
						6,
						0,
						"Botan alert"
					],
					[
						43272.7272727273,
						4,
						0,
						"Botan alert"
					],
					[
						43454.5454545455,
						7,
						0,
						"Botan alert"
					]
				],
				"mustHitSection": true
			},
			{
				"lengthInSteps": 16,
				"sectionNotes": [
					[
						43818.18,
						0,
						0
					],
					[
						44000,
						2,
						181.818176
					],
					[
						44363.6367,
						3,
						0
					],
					[
						44545.4531,
						3,
						0
					],
					[
						44727.2734,
						1,
						272.727264
					]
				],
				"mustHitSection": true
			},
			{
				"lengthInSteps": 16,
				"sectionNotes": [
					[
						45090.91,
						0,
						272.727264
					],
					[
						45454.5469,
						1,
						0
					],
					[
						45818.18,
						3,
						0
					],
					[
						45909.09,
						3,
						0
					],
					[
						46000,
						1,
						0
					],
					[
						46181.8164,
						2,
						0
					],
					[
						46363.6367,
						3,
						0
					],
					[
						45909.0909090909,
						-1,
						"Blammed Lights",
						"7",
						""
					]
				],
				"mustHitSection": true
			},
			{
				"lengthInSteps": 16,
				"sectionNotes": [
					[
						46545.4531,
						0,
						0
					],
					[
						46727.2734,
						0,
						0
					],
					[
						46909.09,
						3,
						0
					],
					[
						47090.91,
						1,
						0
					],
					[
						47181.8164,
						3,
						0
					],
					[
						47272.7266,
						1,
						0
					],
					[
						47454.5469,
						0,
						0
					],
					[
						47636.3633,
						1,
						0
					],
					[
						47818.18,
						0,
						0
					],
					[
						47272.7272727273,
						-1,
						"Blammed Lights",
						"7",
						""
					]
				],
				"mustHitSection": false
			},
			{
				"lengthInSteps": 16,
				"sectionNotes": [
					[
						48000,
						2,
						0
					],
					[
						48181.8164,
						2,
						0
					],
					[
						48363.6367,
						3,
						0
					],
					[
						48545.4531,
						2,
						0
					],
					[
						48727.2734,
						1,
						0
					],
					[
						48909.09,
						0,
						0
					],
					[
						49000,
						1,
						0
					],
					[
						49090.91,
						0,
						0
					],
					[
						49272.7266,
						0,
						0
					],
					[
						48727.2727272727,
						-1,
						"Blammed Lights",
						"7",
						""
					]
				],
				"mustHitSection": false
			},
			{
				"lengthInSteps": 16,
				"sectionNotes": [
					[
						49454.5469,
						3,
						0
					],
					[
						49636.3633,
						3,
						0
					],
					[
						49818.18,
						3,
						0
					],
					[
						50000,
						2,
						0
					],
					[
						50090.91,
						0,
						0
					],
					[
						50181.8164,
						2,
						0
					],
					[
						50363.6367,
						0,
						0
					],
					[
						50545.4531,
						0,
						0
					],
					[
						50727.2734,
						0,
						0
					],
					[
						49454.5454545455,
						7,
						0,
						"nota de peligro"
					],
					[
						49818.1818181818,
						7,
						0,
						"nota de peligro"
					],
					[
						50181.8181818182,
						6,
						0,
						"nota de peligro"
					],
					[
						50545.4545454546,
						4,
						0,
						"nota de peligro"
					],
					[
						50181.8181818182,
						-1,
						"Blammed Lights",
						"7",
						""
					]
				],
				"mustHitSection": false
			},
			{
				"lengthInSteps": 16,
				"sectionNotes": [
					[
						50909.09,
						0,
						0
					],
					[
						51090.91,
						0,
						0
					],
					[
						51272.7266,
						3,
						0
					],
					[
						51454.5469,
						3,
						0
					],
					[
						51636.3633,
						2,
						0
					],
					[
						51818.18,
						0,
						0
					],
					[
						52000,
						2,
						0
					],
					[
						52181.8164,
						3,
						0
					],
					[
						50909.0909090909,
						4,
						0,
						"nota de peligro"
					],
					[
						51272.7272727273,
						7,
						0,
						"nota de peligro"
					],
					[
						51636.3636363637,
						6,
						0,
						"nota de peligro"
					],
					[
						52000,
						6,
						0,
						"nota de peligro"
					],
					[
						51636.3636363637,
						-1,
						"Blammed Lights",
						"7",
						""
					],
					[
						50909.0909090909,
						-1,
						"Add Camera Zoom",
						"",
						""
					],
					[
						51272.7272727273,
						-1,
						"Add Camera Zoom",
						"",
						""
					],
					[
						51276.5151515152,
						-1,
						"Add Camera Zoom",
						"",
						""
					],
					[
						52000,
						-1,
						"Add Camera Zoom",
						"",
						""
					]
				],
				"mustHitSection": false
			},
			{
				"lengthInSteps": 16,
				"sectionNotes": [
					[
						52545.4531,
						0,
						0
					],
					[
						52727.2734,
						3,
						0
					],
					[
						52909.09,
						1,
						0
					],
					[
						53000,
						3,
						0
					],
					[
						53090.91,
						1,
						0
					],
					[
						53272.7266,
						0,
						0
					],
					[
						53454.5469,
						1,
						0
					],
					[
						53636.3633,
						0,
						0
					],
					[
						52363.6363636364,
						0,
						0,
						"Hey!"
					],
					[
						52363.6363636364,
						4,
						0,
						"Botan alert"
					],
					[
						52727.2727272727,
						7,
						0,
						"Botan alert"
					],
					[
						53090.9090909091,
						5,
						0,
						"Botan alert"
					],
					[
						53454.5454545455,
						5,
						0,
						"Botan alert"
					],
					[
						53090.9090909091,
						-1,
						"Blammed Lights",
						"7",
						""
					]
				],
				"mustHitSection": true
			},
			{
				"lengthInSteps": 16,
				"sectionNotes": [
					[
						53818.18,
						2,
						0
					],
					[
						54000,
						2,
						0
					],
					[
						54181.8164,
						3,
						0
					],
					[
						54363.6367,
						2,
						0
					],
					[
						54545.4531,
						1,
						0
					],
					[
						54727.2734,
						0,
						0
					],
					[
						54818.18,
						1,
						0
					],
					[
						54909.09,
						0,
						0
					],
					[
						55090.9090909091,
						0,
						0,
						"Hey!"
					],
					[
						53818.1818181818,
						6,
						0,
						"Botan alert"
					],
					[
						54181.8181818182,
						7,
						0,
						"Botan alert"
					],
					[
						54545.4545454546,
						5,
						0,
						"Botan alert"
					],
					[
						54909.0909090909,
						4,
						0,
						"Botan alert"
					]
				],
				"mustHitSection": true
			},
			{
				"lengthInSteps": 16,
				"sectionNotes": [
					[
						55272.7266,
						3,
						0
					],
					[
						55454.5469,
						3,
						0
					],
					[
						55636.3633,
						3,
						0
					],
					[
						55818.18,
						2,
						0
					],
					[
						55909.09,
						0,
						0
					],
					[
						56000,
						2,
						0
					],
					[
						56181.8164,
						0,
						0
					],
					[
						56363.6367,
						0,
						0
					],
					[
						56545.4531,
						0,
						0
					],
					[
						55272.7272727273,
						7,
						0,
						"Botan alert"
					],
					[
						55636.3636363637,
						7,
						0,
						"Botan alert"
					],
					[
						56000,
						6,
						0,
						"Botan alert"
					],
					[
						56363.6363636364,
						4,
						0,
						"Botan alert"
					],
					[
						55272.7272727273,
						-1,
						"Blammed Lights",
						"7",
						""
					]
				],
				"mustHitSection": true
			},
			{
				"lengthInSteps": 16,
				"sectionNotes": [
					[
						57090.91,
						3,
						0
					],
					[
						57272.7266,
						3,
						0
					],
					[
						57454.543,
						2,
						0
					],
					[
						57636.3633,
						0,
						0
					],
					[
						57818.18,
						2,
						0
					],
					[
						58000,
						3,
						0
					],
					[
						56727.2727272728,
						0,
						0,
						"Hey!"
					],
					[
						56909.0909090909,
						0,
						0,
						"Hey!"
					],
					[
						56727.2727272728,
						4,
						0,
						"Botan alert"
					],
					[
						57090.9090909091,
						7,
						0,
						"Botan alert"
					],
					[
						57454.5454545455,
						6,
						0,
						"Botan alert"
					],
					[
						57818.1818181818,
						6,
						0,
						"Botan alert"
					],
					[
						56727.2727272728,
						-1,
						"Blammed Lights",
						"7",
						""
					],
					[
						57454.5454545455,
						-1,
						"Blammed Lights",
						"7",
						""
					]
				],
				"mustHitSection": true
			},
			{
				"lengthInSteps": 16,
				"sectionNotes": [
					[
						58181.8164,
						0,
						0
					],
					[
						58363.6367,
						0,
						0
					],
					[
						58545.4531,
						3,
						0
					],
					[
						58727.2734,
						1,
						0
					],
					[
						58818.18,
						3,
						0
					],
					[
						58909.09,
						1,
						0
					],
					[
						59090.91,
						0,
						0
					],
					[
						59272.7266,
						1,
						0
					],
					[
						59454.543,
						0,
						0
					],
					[
						58181.8181818182,
						-1,
						"Blammed Lights",
						"7",
						""
					],
					[
						58363.6363636364,
						-1,
						"Blammed Lights",
						"7",
						""
					],
					[
						58545.4545454546,
						-1,
						"Blammed Lights",
						"7",
						""
					],
					[
						58727.2727272728,
						-1,
						"Blammed Lights",
						"7",
						""
					],
					[
						58818.1818181819,
						-1,
						"Blammed Lights",
						"7",
						""
					],
					[
						58909.0909090909,
						-1,
						"Blammed Lights",
						"7",
						""
					],
					[
						59090.9090909091,
						-1,
						"Blammed Lights",
						"7",
						""
					],
					[
						59272.7272727273,
						-1,
						"Blammed Lights",
						"7",
						""
					],
					[
						59454.5454545455,
						-1,
						"Blammed Lights",
						"7",
						""
					]
				],
				"mustHitSection": false
			},
			{
				"lengthInSteps": 16,
				"sectionNotes": [
					[
						59636.3633,
						2,
						0
					],
					[
						59818.18,
						2,
						0
					],
					[
						60000,
						3,
						0
					],
					[
						60181.8164,
						2,
						0
					],
					[
						60363.6367,
						1,
						0
					],
					[
						60545.4531,
						0,
						0
					],
					[
						60636.3633,
						1,
						0
					],
					[
						60727.2734,
						0,
						0
					],
					[
						60909.09,
						0,
						0
					],
					[
						59636.3636363637,
						6,
						0,
						"nota de peligro"
					],
					[
						60000,
						7,
						0,
						"nota de peligro"
					],
					[
						60727.2727272728,
						4,
						0,
						"nota de peligro"
					],
					[
						60909.0909090909,
						4,
						0,
						"nota de peligro"
					],
					[
						59636.3636363637,
						-1,
						"Blammed Lights",
						"7",
						""
					],
					[
						59818.1818181819,
						-1,
						"Blammed Lights",
						"7",
						""
					],
					[
						60000,
						-1,
						"Blammed Lights",
						"7",
						""
					],
					[
						60181.8181818182,
						-1,
						"Blammed Lights",
						"7",
						""
					],
					[
						60363.6363636364,
						-1,
						"Blammed Lights",
						"7",
						""
					],
					[
						60545.4545454546,
						-1,
						"Blammed Lights",
						"7",
						""
					],
					[
						60636.3636363637,
						-1,
						"Blammed Lights",
						"7",
						""
					],
					[
						60727.2727272728,
						-1,
						"Blammed Lights",
						"7",
						""
					],
					[
						60909.0909090909,
						-1,
						"Blammed Lights",
						"7",
						""
					]
				],
				"mustHitSection": false
			},
			{
				"lengthInSteps": 16,
				"sectionNotes": [
					[
						61090.91,
						3,
						0
					],
					[
						61272.7266,
						3,
						0
					],
					[
						61454.543,
						3,
						0
					],
					[
						61636.3633,
						2,
						0
					],
					[
						61727.2734,
						0,
						0
					],
					[
						61818.18,
						2,
						0
					],
					[
						62000,
						0,
						0
					],
					[
						62181.8164,
						0,
						0
					],
					[
						62363.6367,
						0,
						0
					],
					[
						61090.9090909091,
						-1,
						"Blammed Lights",
						"7",
						""
					],
					[
						61272.7272727273,
						-1,
						"Blammed Lights",
						"7",
						""
					],
					[
						61454.5454545455,
						-1,
						"Blammed Lights",
						"7",
						""
					],
					[
						61636.3636363637,
						-1,
						"Blammed Lights",
						"7",
						""
					],
					[
						61727.2727272728,
						-1,
						"Blammed Lights",
						"7",
						""
					],
					[
						61818.1818181819,
						-1,
						"Blammed Lights",
						"7",
						""
					],
					[
						62000,
						-1,
						"Blammed Lights",
						"7",
						""
					],
					[
						62181.8181818182,
						-1,
						"Blammed Lights",
						"7",
						""
					],
					[
						62363.6363636364,
						-1,
						"Blammed Lights",
						"7",
						""
					]
				],
				"mustHitSection": false
			},
			{
				"lengthInSteps": 16,
				"sectionNotes": [
					[
						62545.4531,
						2,
						0
					],
					[
						62727.2734,
						3,
						0
					],
					[
						62909.09,
						2,
						0
					],
					[
						63090.91,
						0,
						0
					],
					[
						63272.7266,
						1,
						0
					],
					[
						63454.543,
						0,
						0
					],
					[
						63636.3633,
						2,
						0
					],
					[
						63818.18,
						3,
						0
					],
					[
						63636.3636363637,
						6,
						0,
						"nota de peligro"
					],
					[
						63818.1818181819,
						7,
						0,
						"nota de peligro"
					],
					[
						62545.4545454546,
						-1,
						"Blammed Lights",
						"7",
						""
					],
					[
						62727.2727272728,
						-1,
						"Blammed Lights",
						"7",
						""
					],
					[
						62909.0909090909,
						-1,
						"Blammed Lights",
						"7",
						""
					],
					[
						63090.9090909091,
						-1,
						"Blammed Lights",
						"7",
						""
					],
					[
						63272.7272727273,
						-1,
						"Blammed Lights",
						"7",
						""
					],
					[
						63454.5454545455,
						-1,
						"Blammed Lights",
						"7",
						""
					],
					[
						63636.3636363637,
						-1,
						"Blammed Lights",
						"7",
						""
					],
					[
						63818.1818181819,
						-1,
						"Blammed Lights",
						"7",
						""
					]
				],
				"mustHitSection": false
			},
			{
				"lengthInSteps": 16,
				"sectionNotes": [
					[
						64000,
						0,
						0
					],
					[
						64363.6367,
						3,
						0
					],
					[
						64545.4531,
						1,
						0
					],
					[
						64636.3633,
						3,
						0
					],
					[
						64727.2734,
						1,
						0
					],
					[
						64909.09,
						0,
						0
					],
					[
						65090.91,
						1,
						0
					],
					[
						64181.8181818182,
						0,
						0,
						"Hey!"
					],
					[
						65272.7272727273,
						0,
						0,
						"Hey!"
					],
					[
						64000,
						4,
						0,
						"Botan alert"
					],
					[
						64181.8181818182,
						4,
						0,
						"Botan alert"
					],
					[
						64000,
						-1,
						"Blammed Lights",
						"7",
						""
					],
					[
						64181.8181818182,
						-1,
						"Blammed Lights",
						"7",
						""
					],
					[
						64363.6363636364,
						-1,
						"Blammed Lights",
						"7",
						""
					],
					[
						64545.4545454546,
						-1,
						"Blammed Lights",
						"7",
						""
					],
					[
						64636.3636363637,
						-1,
						"Blammed Lights",
						"7",
						""
					],
					[
						64727.2727272728,
						-1,
						"Blammed Lights",
						"7",
						""
					],
					[
						64909.0909090909,
						-1,
						"Blammed Lights",
						"7",
						""
					],
					[
						65090.9090909091,
						-1,
						"Blammed Lights",
						"7",
						""
					],
					[
						65272.7272727273,
						-1,
						"Blammed Lights",
						"7",
						""
					]
				],
				"mustHitSection": true
			},
			{
				"lengthInSteps": 16,
				"sectionNotes": [
					[
						65454.543,
						2,
						0
					],
					[
						65636.36,
						2,
						0
					],
					[
						65818.18,
						3,
						0
					],
					[
						66000,
						2,
						0
					],
					[
						66181.82,
						1,
						0
					],
					[
						66363.63,
						0,
						0
					],
					[
						66454.55,
						1,
						0
					],
					[
						66545.45,
						0,
						0
					],
					[
						66727.27,
						0,
						0
					],
					[
						65454.5454545455,
						6,
						0,
						"Botan alert"
					],
					[
						65636.3636363637,
						6,
						0,
						"Botan alert"
					],
					[
						65818.1818181819,
						7,
						0,
						"Botan alert"
					],
					[
						65454.5454545455,
						-1,
						"Blammed Lights",
						"7",
						""
					],
					[
						65636.3636363637,
						-1,
						"Blammed Lights",
						"7",
						""
					],
					[
						65818.1818181819,
						-1,
						"Blammed Lights",
						"7",
						""
					],
					[
						66000,
						-1,
						"Blammed Lights",
						"7",
						""
					],
					[
						66181.8181818182,
						-1,
						"Blammed Lights",
						"7",
						""
					],
					[
						66363.6363636364,
						-1,
						"Blammed Lights",
						"7",
						""
					],
					[
						66454.5454545455,
						-1,
						"Blammed Lights",
						"7",
						""
					],
					[
						66545.4545454546,
						-1,
						"Blammed Lights",
						"7",
						""
					],
					[
						66727.2727272728,
						-1,
						"Blammed Lights",
						"7",
						""
					]
				],
				"mustHitSection": true
			},
			{
				"lengthInSteps": 16,
				"sectionNotes": [
					[
						66909.09,
						3,
						0
					],
					[
						67090.91,
						3,
						0
					],
					[
						67272.73,
						3,
						0
					],
					[
						67454.55,
						2,
						0
					],
					[
						67545.45,
						0,
						0
					],
					[
						67636.36,
						2,
						0
					],
					[
						68181.82,
						0,
						0
					],
					[
						68000,
						0,
						0,
						"Hey!"
					],
					[
						67818.1818181819,
						0,
						0,
						"Hey!"
					],
					[
						66909.0909090909,
						7,
						0,
						"Botan alert"
					],
					[
						66909.0909090909,
						-1,
						"Blammed Lights",
						"7",
						""
					],
					[
						67090.9090909091,
						-1,
						"Blammed Lights",
						"7",
						""
					],
					[
						67272.7272727273,
						-1,
						"Blammed Lights",
						"7",
						""
					],
					[
						67454.5454545455,
						-1,
						"Blammed Lights",
						"7",
						""
					],
					[
						67545.4545454546,
						-1,
						"Blammed Lights",
						"7",
						""
					],
					[
						67636.3636363637,
						-1,
						"Blammed Lights",
						"7",
						""
					],
					[
						67818.1818181819,
						-1,
						"Blammed Lights",
						"7",
						""
					],
					[
						68000,
						-1,
						"Blammed Lights",
						"7",
						""
					],
					[
						68181.8181818182,
						-1,
						"Blammed Lights",
						"7",
						""
					]
				],
				"mustHitSection": true
			},
			{
				"lengthInSteps": 16,
				"sectionNotes": [
					[
						68363.63,
						2,
						0
					],
					[
						68545.45,
						3,
						0
					],
					[
						68727.27,
						2,
						0
					],
					[
						68909.09,
						0,
						0
					],
					[
						69090.91,
						1,
						0
					],
					[
						69272.73,
						0,
						0
					],
					[
						69454.55,
						2,
						0
					],
					[
						69636.3636363637,
						0,
						0,
						"Hey!"
					],
					[
						69454.5454545455,
						6,
						0,
						"Botan alert"
					],
					[
						69636.3636363637,
						4,
						0,
						"Botan alert"
					],
					[
						68363.6363636364,
						-1,
						"Blammed Lights",
						"7",
						""
					],
					[
						68545.4545454546,
						-1,
						"Blammed Lights",
						"7",
						""
					],
					[
						68727.2727272728,
						-1,
						"Blammed Lights",
						"7",
						""
					],
					[
						68909.0909090909,
						-1,
						"Blammed Lights",
						"7",
						""
					],
					[
						69090.9090909091,
						-1,
						"Blammed Lights",
						"0",
						""
					]
				],
				"mustHitSection": true
			},
			{
				"lengthInSteps": 16,
				"sectionNotes": [
					[
						70000,
						0,
						0
					],
					[
						70181.82,
						2,
						181.818176
					],
					[
						70545.45,
						3,
						0
					],
					[
						70727.27,
						3,
						0
					],
					[
						70909.09,
						1,
						272.727264
					]
				],
				"mustHitSection": false
			},
			{
				"lengthInSteps": 16,
				"sectionNotes": [
					[
						71272.73,
						2,
						181.818176
					],
					[
						71636.36,
						3,
						0
					],
					[
						72000,
						2,
						0
					],
					[
						72363.63,
						0,
						0
					],
					[
						72545.45,
						3,
						0
					]
				],
				"mustHitSection": false
			},
			{
				"lengthInSteps": 16,
				"sectionNotes": [
					[
						72909.09,
						0,
						0
					],
					[
						73090.91,
						2,
						181.818176
					],
					[
						73454.55,
						3,
						0
					],
					[
						73636.36,
						3,
						0
					],
					[
						73818.18,
						1,
						272.727264
					]
				],
				"mustHitSection": false
			},
			{
				"lengthInSteps": 16,
				"sectionNotes": [
					[
						74181.82,
						0,
						272.727264
					],
					[
						74545.45,
						1,
						0
					],
					[
						74909.09,
						3,
						0
					],
					[
						75000,
						3,
						0
					],
					[
						75090.91,
						1,
						0
					],
					[
						75272.73,
						2,
						0
					],
					[
						75454.55,
						3,
						0
					],
					[
						75454.5454545455,
						7,
						0,
						"nota de peligro"
					],
					[
						74909.0909090909,
						-1,
						"Zoom",
						"1",
						""
					],
					[
						75454.5454545455,
						-1,
						"Zoom",
						"1.20",
						""
					],
					[
						75272.7272727273,
						-1,
						"Zoom",
						"1.10",
						""
					]
				],
				"mustHitSection": false
			},
			{
				"lengthInSteps": 16,
				"sectionNotes": [
					[
						76000,
						2,
						181.818176
					],
					[
						76363.63,
						3,
						0
					],
					[
						76545.45,
						3,
						0
					],
					[
						76727.27,
						1,
						272.727264
					]
				],
				"mustHitSection": true
			},
			{
				"lengthInSteps": 16,
				"sectionNotes": [
					[
						77090.91,
						2,
						181.818176
					],
					[
						77454.55,
						3,
						0
					],
					[
						77818.18,
						2,
						0
					],
					[
						78181.82,
						0,
						0
					],
					[
						78363.63,
						3,
						0
					]
				],
				"mustHitSection": true
			},
			{
				"lengthInSteps": 16,
				"sectionNotes": [
					[
						78727.27,
						0,
						0
					],
					[
						78909.09,
						2,
						181.818176
					],
					[
						79272.73,
						3,
						0
					],
					[
						79454.55,
						3,
						0
					],
					[
						79636.36,
						1,
						272.727264
					]
				],
				"mustHitSection": true
			},
			{
				"lengthInSteps": 16,
				"sectionNotes": [
					[
						80000,
						0,
						272.727264
					],
					[
						80363.63,
						1,
						0
					],
					[
						80727.27,
						3,
						0
					],
					[
						80818.18,
						3,
						0
					],
					[
						80909.09,
						1,
						0
					],
					[
						81090.91,
						2,
						0
					],
					[
						81272.73,
						3,
						0
					],
					[
						81272.7272727273,
						7,
						0,
						"Botan alert"
					]
				],
				"mustHitSection": true
			},
			{
				"lengthInSteps": 16,
				"sectionNotes": [
					[
						81636.36,
						0,
						0
					],
					[
						81727.27,
						0,
						0
					],
					[
						81818.18,
						2,
						181.818176
					],
					[
						82181.82,
						3,
						0
					],
					[
						82363.63,
						3,
						0
					],
					[
						82545.45,
						1,
						272.727264
					],
					[
						82181.8181818182,
						7,
						0,
						"nota de peligro"
					],
					[
						82363.6363636364,
						7,
						0,
						"nota de peligro"
					]
				],
				"mustHitSection": false
			},
			{
				"lengthInSteps": 16,
				"sectionNotes": [
					[
						82909.09,
						2,
						181.818176
					],
					[
						83272.73,
						3,
						0
					],
					[
						83636.36,
						2,
						0
					],
					[
						84000,
						0,
						0
					],
					[
						84181.82,
						3,
						0
					],
					[
						84181.8181818182,
						7,
						0,
						"nota de peligro"
					]
				],
				"mustHitSection": false
			},
			{
				"lengthInSteps": 16,
				"sectionNotes": [
					[
						84545.45,
						0,
						0
					],
					[
						84727.27,
						2,
						181.818176
					],
					[
						85090.91,
						3,
						0
					],
					[
						85272.73,
						3,
						0
					],
					[
						85454.55,
						1,
						272.727264
					]
				],
				"mustHitSection": false
			},
			{
				"lengthInSteps": 16,
				"sectionNotes": [
					[
						85818.18,
						0,
						272.727264
					],
					[
						86181.82,
						1,
						0
					],
					[
						86545.45,
						3,
						0
					],
					[
						86636.36,
						3,
						0
					],
					[
						86727.27,
						1,
						0
					],
					[
						86909.09,
						2,
						0
					],
					[
						87090.91,
						3,
						0
					],
					[
						87090.9090909091,
						7,
						0,
						"nota de peligro"
					]
				],
				"mustHitSection": false
			},
			{
				"lengthInSteps": 16,
				"sectionNotes": [
					[
						87454.55,
						0,
						0
					],
					[
						87545.45,
						0,
						0
					],
					[
						87636.36,
						2,
						181.818176
					],
					[
						88000,
						3,
						0
					],
					[
						88181.82,
						3,
						0
					],
					[
						88363.63,
						1,
						272.727264
					]
				],
				"mustHitSection": true
			},
			{
				"lengthInSteps": 16,
				"sectionNotes": [
					[
						88727.27,
						2,
						181.818176
					],
					[
						89090.91,
						3,
						0
					],
					[
						89454.55,
						2,
						0
					],
					[
						89818.18,
						0,
						0
					],
					[
						90000,
						3,
						0
					]
				],
				"mustHitSection": true
			},
			{
				"lengthInSteps": 16,
				"sectionNotes": [
					[
						90363.63,
						0,
						0
					],
					[
						90545.45,
						2,
						181.818176
					],
					[
						90909.09,
						3,
						0
					],
					[
						91090.91,
						3,
						0
					],
					[
						91272.73,
						1,
						272.727264
					]
				],
				"mustHitSection": true
			},
			{
				"lengthInSteps": 16,
				"sectionNotes": [
					[
						91636.36,
						0,
						272.727264
					],
					[
						92000,
						1,
						0
					],
					[
						92363.63,
						3,
						0
					],
					[
						92454.55,
						3,
						0
					],
					[
						92545.45,
						1,
						0
					],
					[
						92727.27,
						2,
						0
					],
					[
						92909.09,
						3,
						0
					],
					[
						92909.090909091,
						7,
						0,
						"Botan alert"
					],
					[
						91636.3636363637,
						4,
						0,
						"Botan alert"
					]
				],
				"mustHitSection": true
			},
			{
				"lengthInSteps": 16,
				"sectionNotes": [],
				"mustHitSection": true
			},
			{
				"lengthInSteps": 16,
				"sectionNotes": [],
				"mustHitSection": true
			},
			{
				"lengthInSteps": 16,
				"sectionNotes": [],
				"mustHitSection": true
			},
			{
				"lengthInSteps": 16,
				"sectionNotes": [],
				"mustHitSection": true
			},
			{
				"lengthInSteps": 16,
				"sectionNotes": [],
				"mustHitSection": true
			},
			{
				"lengthInSteps": 16,
				"sectionNotes": [],
				"mustHitSection": true
			},
			{
				"lengthInSteps": 16,
				"sectionNotes": [],
				"mustHitSection": true
			},
			{
				"lengthInSteps": 16,
				"sectionNotes": [],
				"mustHitSection": true
			},
			{
				"lengthInSteps": 16,
				"sectionNotes": [],
				"mustHitSection": true
			},
			{
				"lengthInSteps": 16,
				"sectionNotes": [],
				"mustHitSection": true
			},
			{
				"sectionNotes": [],
				"typeOfSection": 0,
				"lengthInSteps": 16,
				"altAnim": false,
				"mustHitSection": true,
				"changeBPM": false,
				"bpm": 165
			},
			{
				"sectionNotes": [],
				"typeOfSection": 0,
				"lengthInSteps": 16,
				"altAnim": false,
				"mustHitSection": true,
				"changeBPM": false,
				"bpm": 165
			},
			{
				"lengthInSteps": 16,
				"typeOfSection": 0,
				"sectionNotes": [],
				"altAnim": false,
				"bpm": 165,
				"changeBPM": false,
				"mustHitSection": true
			},
			{
				"sectionNotes": [],
				"typeOfSection": 0,
				"lengthInSteps": 16,
				"altAnim": false,
				"mustHitSection": true,
				"changeBPM": false,
				"bpm": 165
			},
			{
				"sectionNotes": [],
				"typeOfSection": 0,
				"lengthInSteps": 16,
				"altAnim": false,
				"mustHitSection": true,
				"changeBPM": false,
				"bpm": 165
			},
			{
				"lengthInSteps": 16,
				"altAnim": false,
				"typeOfSection": 0,
				"sectionNotes": [],
				"bpm": 165,
				"changeBPM": false,
				"mustHitSection": true
			},
			{
				"lengthInSteps": 16,
				"altAnim": false,
				"typeOfSection": 0,
				"sectionNotes": [],
				"bpm": 165,
				"changeBPM": false,
				"mustHitSection": true
			},
			{
				"lengthInSteps": 16,
				"altAnim": false,
				"typeOfSection": 0,
				"sectionNotes": [],
				"bpm": 165,
				"changeBPM": false,
				"mustHitSection": true
			}
		],
		"player3": "speakers",
		"song": "Blammed-Runner",
		"stage": "philly",
		"needsVoices": true,
		"validScore": true,
		"arrowSkin": "NOTE_assets_holo",
		"speed": 3,
		"bpm": 165
	}
}