{"song":{"player1":"aloo-no-necklace","notes":[{"typeOfSection":0,"lengthInSteps":16,"sectionNotes":[],"mustHitSection":true},{"typeOfSection":0,"lengthInSteps":16,"sectionNotes":[],"mustHitSection":true},{"typeOfSection":0,"lengthInSteps":16,"sectionNotes":[],"mustHitSection":false},{"typeOfSection":0,"lengthInSteps":16,"sectionNotes":[],"mustHitSection":false},{"typeOfSection":0,"lengthInSteps":16,"sectionNotes":[],"mustHitSection":true},{"typeOfSection":0,"lengthInSteps":16,"sectionNotes":[],"mustHitSection":true},{"typeOfSection":0,"lengthInSteps":16,"sectionNotes":[[8228.57142857143,0,0,"normal",false,false,false],[8571.42857142857,1,0,"normal",false,false,false],[9257.14285714286,1,171.428571428571,"normal",false,false,false],[8914.28571428571,3,0,"normal",false,false,false],[9085.71428571428,0,0,"normal",false,false,false]],"mustHitSection":false},{"typeOfSection":0,"lengthInSteps":16,"sectionNotes":[[9600,0,0,"normal",false,false,false],[10285.7142857143,0,0,"normal",false,false,false],[10628.5714285714,1,257.142857142857,"normal",false,false,false],[9814.28571428571,1,0,"normal",false,false,false],[9942.85714285714,3,0,"normal",false,false,false],[10073.5714285714,2,0,"normal",false,false,false],[10457.1428571429,3,0,"normal"]],"mustHitSection":false},{"typeOfSection":0,"lengthInSteps":16,"sectionNotes":[[11314.2857142857,3,0,"normal",false,false,false],[11485.7142857143,0,0,"normal",false,false,false],[12000,1,171.428571428571,"normal",false,false,false],[10971.4285714286,2,0,"normal",false,false,false],[11657.1428571429,2,0,"normal",false,false,false],[11142.8571428571,1,0,"normal",false,false,false],[11828.5714285714,3,0,"normal",false,false,false]],"mustHitSection":false},{"typeOfSection":0,"lengthInSteps":16,"sectionNotes":[[12514.2857142857,2,0,"normal",false,false,false],[12653.5714285714,3,0,"normal",false,false,false],[13371.4285714286,3,171.428571428571,"normal",false,false,false],[13028.5714285714,0,171.428571428571,"normal",false,false,false],[12342.8571428571,0,0,"normal",false,false,false]],"mustHitSection":false},{"typeOfSection":0,"lengthInSteps":16,"sectionNotes":[[14057.1428571429,0,0,"normal",false,false,false],[13935,2,0,"normal",false,false,false],[14625,2,0,"normal",false,false,false],[14955,0,0,"normal",false,false,false],[14400,0,128.571428571429,"normal",false,false,false]],"mustHitSection":false},{"typeOfSection":0,"lengthInSteps":16,"sectionNotes":[[15771.4285714286,1,171.428571428571,"normal",false,false,false],[15085.7142857143,2,0,"normal",false,false,false],[15428.5714285714,1,0,"normal",false,false,false],[15302.1428571429,3,0,"normal",false,false,false],[15642.8571428571,0,0,"normal",false,false,false],[16114.2857142857,2,171.428571428571,"normal",false,false,false]],"mustHitSection":false},{"typeOfSection":0,"lengthInSteps":16,"sectionNotes":[[17170.7142857143,2,0,"normal",false,false,false],[16671.4285714286,2,0,"normal",false,false,false],[16800,0,0,"normal",false,false,false],[17014.2857142857,0,0,"normal",false,false,false],[17357.1428571429,3,0,"normal",false,false,false],[17485.7142857143,1,0,"normal",false,false,false],[17700,0,0,"normal",false,false,false]],"mustHitSection":true},{"typeOfSection":0,"lengthInSteps":16,"sectionNotes":[[17828.5714285714,3,0,"normal",false,false,false],[18042.8571428571,3,0,"normal",false,false,false],[18385.7142857143,3,0,"normal",false,false,false],[18514.2857142857,0,0,"normal",false,false,false],[18728.5714285714,0,0,"normal",false,false,false],[18857.1428571429,1,171.428571428571,"normal",false,false,false]],"mustHitSection":true},{"typeOfSection":0,"lengthInSteps":16,"sectionNotes":[[19414.2857142857,3,0,"normal",false,false,false],[19542.8571428571,2,0,"normal",false,false,false],[19757.1428571429,2,0,"normal",false,false,false],[20100,0,0,"normal",false,false,false],[19885.7142857143,1,128.571428571429,"normal",false,false,false],[20228.5714285714,3,128.571428571429,"normal",false,false,false],[20442.8571428571,0,0,"normal",false,false,false]],"mustHitSection":true},{"typeOfSection":0,"lengthInSteps":16,"sectionNotes":[[20571.4285714286,3,0,"normal",false,false,false],[20785.7142857143,2,0,"normal",false,false,false],[20914.2857142857,3,0,"normal",false,false,false],[21128.5714285714,2,0,"normal",false,false,false],[21257.1428571429,0,171.428571428571,"normal",false,false,false],[21600,1,171.428571428571,"normal",false,false,false]],"mustHitSection":true},{"typeOfSection":0,"lengthInSteps":16,"sectionNotes":[[22088.5714285714,1,171.428571428571,"normal",false,false,false],[22457.1428571429,2,0,"normal",false,false,false],[22542.8571428571,3,0,"normal",false,false,false],[22842.8571428571,2,257.142857142857,"normal"],[23185.7142857143,0,0,"normal"]],"mustHitSection":false},{"typeOfSection":0,"lengthInSteps":16,"sectionNotes":[[23485.7142857143,2,257.142857142857,"normal",false,false,false],[23860.7142857143,0,0,"normal",false,false,false],[24000,1,0,"normal",false,false,false],[24207.8571428571,2,0,"normal",false,false,false],[24342.8571428571,3,0,"normal",false,false,false],[24557.1428571429,2,0,"normal",false,false,false]],"mustHitSection":false},{"typeOfSection":0,"lengthInSteps":16,"sectionNotes":[[25971.4285714286,0,0,"normal",false,false,false],[25028.5714285714,3,0,"normal",false,false,false],[24872.1428571429,2,0,"normal",false,false,false],[25245,0,0,"normal",false,false,false],[25371.4285714286,3,85.7142857142857,"normal",false,false,false],[25564.2857142857,1,0,"normal",false,false,false],[25740,0,0,"normal",false,false,false]],"mustHitSection":false},{"typeOfSection":0,"lengthInSteps":16,"sectionNotes":[[26057.1428571429,3,0,"normal",false,false,false],[26400,2,0,"normal",false,false,false],[27085.7142857143,3,171.428571428571,"normal",false,false,false],[26256.4285714286,1,0,"normal",false,false,false],[26862.8571428571,0,0,"normal",false,false,false],[27300,0,0,"normal",false,false,false],[26614.2857142857,1,0,"normal"]],"mustHitSection":false},{"typeOfSection":0,"lengthInSteps":16,"sectionNotes":[[27642.8571428571,0,0,"normal",false,false,false],[27771.4285714286,1,0,"normal",false,false,false],[27985.7142857143,0,0,"normal",false,false,false],[28114.2857142857,1,0,"normal",false,false,false],[28457.1428571429,3,0,"normal",false,false,false],[28328.5714285714,2,0,"normal",false,false,false],[28671.4285714286,2,0,"normal",false,false,false]],"mustHitSection":true},{"typeOfSection":0,"lengthInSteps":16,"sectionNotes":[[29485.7142857143,4,0,"normal",false,false,false],[29485.7142857143,3,0,"normal",false,false,false],[29142.8571428571,7,0,"normal",false,false,false],[29142.8571428571,0,0,"normal",false,false,false],[29334.8,0,0,"normal",false,false,false],[29334.8,7,0,"normal",false,false,false],[29691.2,0,0,"normal",false,false,false],[29691.2,7,0,"normal",false,false,false],[29828.5714285714,1,171.428571428571,"normal",false,false,false],[29828.5714285714,6,171.428571428571,"normal",false,false,false],[28971.4285714286,6,0,"normal",false,false,false],[28971.4285714286,1,0,"normal",false,false,false]],"mustHitSection":true},{"typeOfSection":0,"lengthInSteps":16,"sectionNotes":[[30514.2857142857,7,0,"normal",false,false,false],[30857.1428571429,4,0,"normal",false,false,false],[30171.4285714286,6,0,"normal",false,false,false],[30171.4285714286,1,0,"normal",false,false,false],[30514.2857142857,0,0,"normal",false,false,false],[30857.1428571429,3,0,"normal",false,false,false],[31200,4,257.142857142857,"normal",false,false,false],[31200,3,257.142857142857,"normal",false,false,false],[30379.2857142857,4,0,"normal",false,false,false],[30377.1428571429,3,0,"normal",false,false,false],[30711,5,0,"normal",false,false,false],[30711,2,0,"normal",false,false,false],[31050,0,0,"normal",false,false,false],[31050,7,0,"normal",false,false,false]],"mustHitSection":true},{"typeOfSection":0,"lengthInSteps":16,"sectionNotes":[[32228.5714285714,6,0,"normal",false,false,false],[32571.4285714286,6,0,"normal",false,false,false],[31741.5,0,0,"normal",false,false,false],[31741.5,7,0,"normal",false,false,false],[31885.7142857143,1,0,"normal",false,false,false],[31885.7142857143,6,0,"normal",false,false,false],[32425,7,0,"normal",false,false,false],[32081.1,2,0,"normal",false,false,false],[32081.1,5,0,"normal",false,false,false],[32228.5714285714,1,257.142857142857,"normal",false,false,false],[32571.4285714286,0,257.142857142857,"normal",false,false,false],[31542.8571428571,2,0,"normal",false,false,false],[31542.8571428571,5,0,"normal",false,false,false]],"mustHitSection":true},{"typeOfSection":0,"lengthInSteps":16,"sectionNotes":[[33171.4285714286,2,0,"normal",false,false,false],[32914.2857142857,7,257.142857142857,"normal",false,false,false],[33282.8571428571,1,0,"normal",false,false,false],[33428.5714285714,0,0,"normal",false,false,false],[33540,3,0,"normal",false,false,false],[33857.1428571429,0,171.428571428571,"normal",false,false,false],[32914.2857142857,0,257.142857142857,"normal",false,false,false],[34114.2857142857,3,0,"normal"]],"mustHitSection":false},{"typeOfSection":0,"lengthInSteps":16,"sectionNotes":[[34285.7142857143,1,0,"normal",false,false,false],[34542.8571428571,3,0,"normal",false,false,false],[34476.4285714286,0,0,"normal",false,false,false],[34800,0,257.142857142857,"normal",false,false,false],[35314.2857142857,3,0,"normal",false,false,false],[35185.7142857143,2,0,"normal",false,false,false],[35485.7142857143,0,0,"normal",false,false,false]],"mustHitSection":false},{"typeOfSection":0,"lengthInSteps":16,"sectionNotes":[[35657.1428571429,3,0,"normal",false,false,false],[36000,0,85.7142857142857,"normal",false,false,false],[36514.2857142857,1,0,"normal",false,false,false],[36857.1428571429,3,0,"normal",false,false,false],[36685.7142857143,2,0,"normal",false,false,false],[35828.5714285714,1,0,"normal",false,false,false],[36342.8571428571,3,0,"normal",false,false,false],[36985.7142857143,0,0,"normal",false,false,false]],"mustHitSection":false},{"typeOfSection":0,"lengthInSteps":16,"sectionNotes":[[37200,7,0,"normal",false,false,false],[37371.4285714286,5,0,"normal",false,false,false],[37542.8571428572,4,257.142857142857,"normal",false,false,false],[37971.4285714286,0,0,"normal",false,false,false],[38314.2857142857,1,171.428571428571,"normal",false,false,false],[38087.1428571429,3,0,"normal",false,false,false]],"mustHitSection":true},{"typeOfSection":0,"lengthInSteps":16,"sectionNotes":[[38614.2857142857,2,0,"normal",false,false,false],[38742.8571428572,1,171.428571428571,"normal",false,false,false],[39085.7142857143,0,0,"normal",false,false,false],[39300,3,0,"normal",false,false,false],[39428.5714285714,3,171.428571428571,"normal",false,false,false],[39642.8571428572,0,0,"normal",false,false,false]],"mustHitSection":true},{"typeOfSection":0,"lengthInSteps":16,"sectionNotes":[[40371.4285714286,1,171.428571428571,"normal",false,false,false],[40714.2857142857,3,0,"normal",false,false,false],[40800,0,0,"normal",false,false,false],[40971.4285714286,2,0,"normal",false,false,false],[39942.8571428572,3,0,"normal",false,false,false],[40133.5714285714,0,0,"normal",false,false,false],[39771.4285714286,1,0,"normal",false,false,false]],"mustHitSection":true},{"typeOfSection":0,"lengthInSteps":16,"sectionNotes":[[41400,1,0,"normal",false,false,false],[41500.7142857143,3,0,"normal",false,false,false],[42085.7142857143,3,0,"normal",false,false,false],[42201.4285714286,2,0,"normal",false,false,false],[42428.5714285714,1,0,"normal",false,false,false],[41742.8571428572,0,0,"normal",false,false,false],[41858.5714285714,0,0,"normal",false,false,false]],"mustHitSection":true},{"typeOfSection":0,"lengthInSteps":16,"sectionNotes":[[43542.8571428572,3,257.142857142857,"normal",false,false,false],[43628.5714285714,4,85.7142857142857,"normal",false,false,false],[43767.8571428572,7,0,"normal",false,false,false],[42514.2857142857,0,0,"normal",false,false,false],[42728.5714285714,2,0,"normal",false,false,false],[42857.1428571429,3,171.428571428571,"normal",false,false,false],[43071.4285714286,1,0,"normal",false,false,false],[43200,0,257.142857142857,"normal",false,false,false],[43414.2857142857,5,0,"normal",false,false,false]],"mustHitSection":true},{"typeOfSection":0,"lengthInSteps":16,"sectionNotes":[[43885.7142857143,2,0,"normal",false,false,false],[44228.5714285714,3,0,"normal",false,false,false],[44228.5714285714,0,0,"normal",false,false,false],[44571.4285714286,2,0,"normal",false,false,false],[44419.2857142857,0,0,"normal",false,false,false],[44914.2857142857,3,0,"normal",false,false,false],[45113.5714285714,2,0,"normal",false,false,false],[44785.7142857143,0,0,"normal",false,false,false]],"mustHitSection":false},{"typeOfSection":0,"lengthInSteps":16,"sectionNotes":[[45257.1428571429,1,0,"normal",false,false,false],[45771.4285714286,3,257.142857142857,"normal",false,false,false],[45471.4285714286,0,0,"normal",false,false,false],[45600,1,0,"normal",false,false,false],[46157.1428571429,0,0,"normal",false,false,false],[46285.7142857143,3,0,"normal",false,false,false],[46457.1428571429,2,0,"normal",false,false,false]],"mustHitSection":false},{"typeOfSection":0,"lengthInSteps":16,"sectionNotes":[[47485.7142857143,1,0,"normal",false,false,false],[46800,2,0,"normal",false,false,false],[47250,3,171.428571428571,"normal",false,false,false],[47142.8571428572,0,0,"normal",false,false,false],[46971.4285714286,1,0,"normal",false,false,false],[46628.5714285714,3,0,"normal",false,false,false],[47657.1428571429,0,0,"normal",false,false,false],[47742.8571428572,1,0,"normal",false,false,false]],"mustHitSection":false},{"typeOfSection":0,"lengthInSteps":16,"sectionNotes":[[48000,3,0,"normal",false,false,false],[48199.2857142857,3,0,"normal",false,false,false],[48342.8571428572,1,0,"normal",false,false,false],[48514.2857142857,0,257.142857142857,"normal",false,false,false],[49028.5714285714,3,0,"normal",false,false,false],[48900,1,0,"normal",false,false,false],[49157.1428571429,1,0,"normal",false,false,false]],"mustHitSection":false},{"typeOfSection":0,"lengthInSteps":16,"sectionNotes":[[50228.5714285714,7,0,"normal",false,false,false],[50571.4285714286,4,0,"normal",false,false,false],[49628.5714285714,5,0,"normal",false,false,false],[49742.1428571429,7,0,"normal",false,false,false],[49371.4285714286,1,771.428571428571,"normal",false,false,false],[50057.1428571429,5,0,"normal",false,false,false],[50400,6,0,"normal",false,false,false],[49371.4285714286,7,0,"normal",false,false,false],[49542.8571428572,6,0,"normal",false,false,false]],"mustHitSection":true},{"typeOfSection":0,"lengthInSteps":16,"sectionNotes":[[50742.8571428572,0,942.857142857143,"normal",false,false,false],[50742.8571428572,7,0,"normal",false,false,false],[50914.2857142857,5,0,"normal",false,false,false],[51171.4285714286,6,0,"normal",false,false,false],[51362.1428571429,4,0,"normal",false,false,false],[51514.2857142857,7,0,"normal",false,false,false],[51771.4285714286,2,1028.57142857143,"normal",false,false,false],[51707.1428571429,5,0,"normal",false,false,false],[51942.8571428572,6,0,"normal",false,false,false]],"mustHitSection":true},{"typeOfSection":0,"lengthInSteps":16,"sectionNotes":[[52125,5,0,"normal",false,false,false],[52285.7142857143,4,0,"normal",false,false,false],[52476.4285714286,7,171.428571428571,"normal",false,false,false],[52714.2857142857,5,0,"normal",false,false,false],[52808.5714285714,7,0,"normal",false,false,false],[52971.4285714286,6,0,"normal",false,false,false],[53085,4,171.428571428571,"normal",false,false,false]],"mustHitSection":true},{"typeOfSection":0,"lengthInSteps":16,"sectionNotes":[[53485.7142857143,2,600,"normal",false,false,false],[53485.7142857143,4,0,"normal",false,false,false],[53828.5714285714,7,171.428571428571,"normal",false,false,false],[54197.1428571429,1,514.285714285714,"normal",false,false,false],[54107.1428571429,5,0,"normal",false,false,false],[54257.1428571429,4,257.142857142857,"normal",false,false,false],[53657.1428571429,5,0,"normal",false,false,false]],"mustHitSection":true},{"typeOfSection":0,"lengthInSteps":16,"sectionNotes":[[54857.1428571429,2,0,"normal",false,false,false],[55542.8571428572,0,0,"normal",false,false,false],[55885.7142857143,3,171.428571428571,"normal",false,false,false],[55045.7142857143,0,0,"normal",false,false,false],[55200,1,0,"normal",false,false,false],[55380,3,0,"normal",false,false,false],[55737.8571428572,1,0,"normal",false,false,false]],"mustHitSection":false},{"typeOfSection":0,"lengthInSteps":16,"sectionNotes":[[56228.5714285714,1,0,"normal",false,false,false],[56828.5714285714,1,0,"normal",false,false,false],[57085.7142857143,3,0,"normal",false,false,false],[56365.7142857143,0,0,"normal",false,false,false],[56571.4285714286,2,171.428571428571,"normal",false,false,false],[56937.8571428572,0,0,"normal",false,false,false],[57272.1428571429,2,0,"normal",false,false,false]],"mustHitSection":false},{"typeOfSection":0,"lengthInSteps":16,"sectionNotes":[[57942.8571428572,1,0,"normal",false,false,false],[57600,0,0,"normal",false,false,false],[57790.7142857143,3,0,"normal",false,false,false],[58285.7142857143,3,0,"normal",false,false,false],[58628.5714285714,3,0,"normal",false,false,false],[58480.7142857143,1,0,"normal",false,false,false],[58817.1428571429,0,0,"normal",false,false,false]],"mustHitSection":false},{"typeOfSection":0,"lengthInSteps":16,"sectionNotes":[[58971.4285714286,5,0,"normal",false,false,false],[59852.1428571429,0,0,"normal",false,false,false],[60000,1,0,"normal",false,false,false],[60186.4285714286,2,0,"normal",false,false,false],[59164.2857142857,7,0,"normal",false,false,false],[59485.7142857143,7,0,"normal",false,false,false],[59314.2857142857,5,0,"normal",false,false,false],[59571.4285714286,4,0,"normal",false,false,false]],"mustHitSection":true},{"typeOfSection":0,"lengthInSteps":16,"sectionNotes":[[60342.8571428572,1,0,"normal",false,false,false],[61028.5714285714,3,0,"normal",false,false,false],[61285.7142857143,3,171.428571428571,"normal",false,false,false],[61628.5714285714,2,0,"normal",false,false,false],[60537.8571428572,2,0,"normal",false,false,false],[60685.7142857143,0,0,"normal",false,false,false],[60885,0,0,"normal",false,false,false]],"mustHitSection":true},{"typeOfSection":0,"lengthInSteps":16,"sectionNotes":[[62657.1428571429,1,171.428571428571,"normal",false,false,false],[62914.2857142857,3,0,"normal",false,false,false],[62057.1428571429,1,0,"normal",false,false,false],[61905,0,0,"normal",false,false,false],[62254.2857142857,3,0,"normal",false,false,false],[62400,0,0,"normal",false,false,false]],"mustHitSection":true},{"typeOfSection":0,"lengthInSteps":16,"sectionNotes":[[63257.1428571429,2,0,"normal",false,false,false],[63428.5714285715,3,0,"normal",false,false,false],[63600,0,0,"normal",false,false,false],[63771.4285714286,2,0,"normal",false,false,false],[63942.8571428572,1,0,"normal",false,false,false],[64285.7142857143,1,0,"normal",false,false,false]],"mustHitSection":true},{"typeOfSection":0,"lengthInSteps":16,"sectionNotes":[[64628.5714285715,3,0,"normal",false,false,false],[64800,0,0,"normal",false,false,false],[65057.1428571429,0,0,"normal",false,false,false],[65657.1428571429,5,0,"normal",false,false,false],[65485.7142857143,1,0,"normal",false,false,false],[65179.2857142857,3,0,"normal",false,false,false]],"mustHitSection":true},{"typeOfSection":0,"lengthInSteps":16,"sectionNotes":[[65828.5714285714,0,0,"normal",false,false,false],[66771.4285714286,1,171.428571428571,"normal",false,false,false],[67028.5714285714,3,0,"normal",false,false,false],[66600,0,0,"normal",false,false,false],[66000,3,0,"normal",false,false,false],[66085.7142857143,1,171.428571428571,"normal",false,false,false],[66342.8571428572,2,0,"normal",false,false,false]],"mustHitSection":false},{"typeOfSection":0,"lengthInSteps":16,"sectionNotes":[[67200,1,0,"normal",false,false,false],[67714.2857142857,3,257.142857142857,"normal",false,false,false],[68400,2,0,"normal",false,false,false],[67371.4285714286,0,0,"normal",false,false,false],[67542.8571428572,1,0,"normal",false,false,false],[68057.1428571429,0,85.7142857142857,"normal",false,false,false],[68228.5714285714,1,0,"normal",false,false,false]],"altAnim":false,"mustHitSection":false},{"typeOfSection":0,"lengthInSteps":16,"sectionNotes":[[68571.4285714286,1,0,"normal",false,false,false],[68742.8571428571,0,0,"normal",false,false,false],[68914.2857142857,1,0,"normal",false,false,false],[69085.7142857143,2,0,"normal",false,false,false],[69257.1428571429,3,171.428571428571,"normal",false,false,false],[69771.4285714286,2,0,"normal",false,false,false],[69471.4285714286,0,171.428571428571,"normal",false,false,false]],"altAnim":false,"mustHitSection":false},{"typeOfSection":0,"lengthInSteps":16,"sectionNotes":[[69942.8571428571,0,0,"normal",false,false,false],[70285.7142857143,1,0,"normal",false,false,false],[70971.4285714286,1,0,"normal",false,false,false],[70457.1428571429,0,0,"normal",false,false,false],[69985.7142857143,3,0,"normal",false,false,false],[70114.2857142857,2,0,"normal",false,false,false],[70671.4285714286,2,171.428571428571,"normal",false,false,false],[70542.8571428571,3,0,"normal",false,false,false],[71142.8571428571,6,0,"normal",false,false,false]],"mustHitSection":false},{"typeOfSection":0,"lengthInSteps":16,"sectionNotes":[[71828.5714285714,0,0,"normal",false,false,false],[71657.1428571429,3,0,"normal",false,false,false],[71528.5714285714,1,0,"normal",false,false,false],[71314.2857142857,0,0,"normal",false,false,false],[72342.8571428571,1,0,"normal",false,false,false],[72600,3,0,"normal",false,false,false],[72000,3,171.428571428571,"normal",false,false,false]],"mustHitSection":true},{"typeOfSection":0,"lengthInSteps":16,"sectionNotes":[[72685.7142857143,2,0,"normal",false,false,false],[73714.2857142857,3,0,"normal",false,false,false],[73542.8571428571,2,0,"normal",false,false,false],[72900,1,0,"normal",false,false,false],[73028.5714285714,3,0,"normal",false,false,false],[73242.8571428571,0,0,"normal",false,false,false],[73371.4285714286,1,0,"normal",false,false,false],[73885.7142857143,3,0,"normal",false,false,false]],"mustHitSection":true},{"typeOfSection":0,"lengthInSteps":16,"sectionNotes":[[74057.1428571428,3,0,"normal",false,false,false],[75257.1428571428,2,0,"normal",false,false,false],[74247.8571428571,0,0,"normal",false,false,false],[74400,3,0,"normal",false,false,false],[74742.8571428571,1,0,"normal",false,false,false],[74940,3,0,"normal",false,false,false],[74592.8571428571,0,0,"normal",false,false,false]],"mustHitSection":true},{"typeOfSection":0,"lengthInSteps":16,"sectionNotes":[[75428.5714285714,1,0,"normal",false,false,false],[76127.1428571428,3,0,"normal",false,false,false],[75642.8571428571,0,171.428571428571,"normal",false,false,false],[75985.7142857143,1,0,"normal",false,false,false],[76671.4285714286,1,0,"normal",false,false,false],[76671.4285714286,3,0,"normal",false,false,false],[76328.5714285714,2,257.142857142857,"normal",false,false,false]],"mustHitSection":true},{"typeOfSection":0,"lengthInSteps":16,"sectionNotes":[[77828.5714285714,1,0,"normal",false,false,false],[77142.8571428571,1,0,"normal",false,false,false],[77314.2857142857,0,0,"normal",false,false,false],[77485.7142857143,2,171.428571428571,"normal",false,false,false],[78000,3,0,"normal",false,false,false]],"mustHitSection":false},{"typeOfSection":0,"lengthInSteps":16,"sectionNotes":[[79028.5714285714,0,0,"normal",false,false,false],[78857.1428571428,1,0,"normal",false,false,false],[78171.4285714285,1,0,"normal",false,false,false],[78717.8571428571,3,0,"normal",false,false,false],[78385.7142857142,2,0,"normal",false,false,false],[78514.2857142857,1,0,"normal",false,false,false],[79200,3,85.7142857142857,"normal",false,false,false]],"mustHitSection":false},{"typeOfSection":0,"lengthInSteps":16,"sectionNotes":[[79542.8571428571,0,0,"normal",false,false,false],[79885.7142857142,3,257.142857142857,"normal",false,false,false],[80400,0,0,"normal",false,false,false],[80775,2,0,"normal",false,false,false],[79714.2857142857,1,0,"normal",false,false,false],[80228.5714285714,1,0,"normal",false,false,false],[80571.4285714285,3,0,"normal",false,false,false]],"mustHitSection":false},{"typeOfSection":0,"lengthInSteps":16,"sectionNotes":[[80914.2857142857,0,0,"normal",false,false,false],[81257.1428571428,1,0,"normal",false,false,false],[81300,2,171.428571428571,"normal",false,false,false],[81600,0,171.428571428571,"normal",false,false,false],[81942.8571428571,4,0,"normal",false,false,false],[82200,7,0,"normal",false,false,false],[81085.7142857142,3,0,"normal",false,false,false]],"mustHitSection":false},{"typeOfSection":0,"lengthInSteps":16,"sectionNotes":[[83314.2857142857,0,0,"normal",false,false,false],[82971.4285714285,2,0,"normal",false,false,false],[82842.8571428571,0,0,"normal",false,false,false],[82628.5714285714,1,0,"normal",false,false,false],[82542.8571428571,3,0,"normal",false,false,false],[82285.7142857142,0,0,"normal",false,false,false],[83571.4285714285,3,0,"normal",false,false,false]],"mustHitSection":true},{"typeOfSection":0,"lengthInSteps":16,"sectionNotes":[[83657.1428571428,2,0,"normal",false,false,false],[83914.2857142857,1,0,"normal",false,false,false],[84342.8571428571,2,0,"normal",false,false,false],[84257.1428571428,1,0,"normal",false,false,false],[84599.9999999999,0,0,"normal",false,false,false],[83999.9999999999,3,0,"normal",false,false,false],[84771.4285714285,3,0,"normal",false,false,false],[84899.9999999999,0,0,"normal",false,false,false]],"mustHitSection":true},{"lengthInSteps":16,"sectionNotes":[[85714.2857142857,1,0,"normal",false,false,false],[86057.1428571428,0,0,"normal",false,false,false],[85285.7142857142,1,0,"normal",false,false,false],[85902.8571428571,3,0,"normal",false,false,false],[85028.5714285714,2,0,"normal",false,false,false],[85371.4285714285,0,0,"normal",false,false,false],[85585.7142857142,3,0,"normal",false,false,false]],"typeOfSection":0,"mustHitSection":true,"changeBPM":false,"bpm":180},{"lengthInSteps":16,"sectionNotes":[[86399.9999999999,2,0,"normal",false,false,false],[86999.9999999999,3,0,"normal",false,false,false],[86614.2857142856,2,0,"normal",false,false,false],[86742.8571428571,0,0,"normal",false,false,false],[87342.8571428571,5,0,"normal",false,false,false],[87085.7142857142,0,0,"normal",false,false,false],[87342.8571428571,2,0,"normal",false,false,false],[87471.4285714285,0,0,"normal",false,false,false],[87642.8571428571,3,0,"normal",false,false,false],[87471.4285714285,7,0,"normal",false,false,false],[87642.8571428571,6,0,"normal",false,false,false],[87685.7142857142,4,171.428571428571,"normal",false,false,false]],"typeOfSection":0,"mustHitSection":true,"changeBPM":false,"bpm":180},{"lengthInSteps":16,"sectionNotes":[[87942.8571428571,3,0,"normal",false,false,false],[88135.7142857142,0,0,"normal",false,false,false],[88285.7142857142,1,0,"normal",false,false,false],[88457.1428571428,2,0,"normal",false,false,false],[88971.4285714285,0,0,"normal",false,false,false],[88585.7142857142,3,0,"normal",false,false,false],[88799.9999999999,2,0,"normal",false,false,false]],"typeOfSection":0,"mustHitSection":false,"changeBPM":false,"bpm":180},{"sectionNotes":[[89142.8571428571,1,0,"normal",false,false,false],[90342.8571428571,3,0,"normal",false,false,false],[89331.4285714285,2,0,"normal",false,false,false],[89485.7142857142,3,0,"normal",false,false,false],[89672.1428571428,0,257.142857142857,"normal",false,false,false],[90042.8571428571,2,0,"normal",false,false,false],[90171.4285714285,0,0,"normal",false,false,false]],"typeOfSection":0,"lengthInSteps":16,"altAnim":false,"mustHitSection":false,"changeBPM":false,"bpm":180},{"sectionNotes":[[90685.7142857142,1,0,"normal",false,false,false],[91028.5714285713,3,0,"normal",false,false,false],[91371.4285714285,2,0,"normal",false,false,false],[91714.2857142856,3,0,"normal",false,false,false],[90514.2857142856,0,0,"normal",false,false,false],[90857.1428571428,2,0,"normal",false,false,false],[91199.9999999999,3,0,"normal",false,false,false],[91542.8571428571,0,0,"normal",false,false,false]],"typeOfSection":0,"lengthInSteps":16,"altAnim":false,"mustHitSection":false,"changeBPM":false,"bpm":175},{"sectionNotes":[[91885.7142857142,0,0,"normal",false,false,false],[93085.7142857142,4,0,"normal",false,false,false],[92228.5714285713,2,0,"normal",false,false,false],[93085.7142857142,3,0,"normal",false,false,false],[92057.1428571428,1,0,"normal",false,false,false],[92399.9999999999,3,0,"normal",false,false,false],[92785.7142857142,2,0,"normal",false,false,false],[92914.2857142856,0,0,"normal",false,false,false],[92914.2857142856,7,0,"normal",false,false,false]],"typeOfSection":0,"lengthInSteps":16,"altAnim":false,"mustHitSection":false,"changeBPM":false,"bpm":175},{"sectionNotes":[[93257.1428571428,5,0,"normal",false,false,false],[93599.9999999999,7,0,"normal",false,false,false],[94285.7142857142,5,171.428571428571,"normal",false,false,false],[94285.7142857142,1,0,"normal",false,false,false],[94476.4285714285,1,0,"normal",false,false,false],[93942.857142857,3,0,"normal",false,false,false],[93471.4285714285,1,0,"normal",false,false,false],[93471.4285714285,6,0,"normal",false,false,false],[93257.1428571428,2,0,"normal",false,false,false],[93599.9999999999,0,0,"normal",false,false,false],[93814.2857142856,2,0,"normal",false,false,false],[93814.2857142856,5,0,"normal",false,false,false],[93942.857142857,4,0,"normal",false,false,false],[94157.1428571428,7,0,"normal",false,false,false],[94542.857142857,6,0,"normal",false,false,false]],"typeOfSection":0,"lengthInSteps":16,"altAnim":false,"mustHitSection":true,"changeBPM":false,"bpm":175},{"sectionNotes":[[95657.1428571428,4,0,"normal",false,false,false],[94628.5714285713,3,0,"normal",false,false,false],[95914.2857142856,6,0,"normal",false,false,false],[95057.1428571428,3,0,"normal",false,false,false],[94799.9999999999,5,0,"normal",false,false,false],[94885.7142857142,4,0,"normal",false,false,false],[94628.5714285713,4,0,"normal",false,false,false],[94885.7142857142,2,0,"normal",false,false,false],[95228.5714285713,7,171.428571428571,"normal",false,false,false],[95057.1428571428,6,0,"normal",false,false,false],[95528.5714285713,5,0,"normal",false,false,false],[95228.5714285713,1,0,"normal"]],"typeOfSection":0,"lengthInSteps":16,"altAnim":false,"mustHitSection":true,"changeBPM":false,"bpm":175},{"sectionNotes":[[96514.2857142856,1,0,"normal",false,false,false],[96771.4285714284,3,0,"normal",false,false,false],[96942.857142857,3,0,"normal",false,false,false],[96010.7142857142,1,0,"normal",false,false,false],[96085.7142857142,0,0,"normal",false,false,false],[96188.5714285713,1,0,"normal",false,false,false],[96869.9999999999,0,0,"normal",false,false,false],[97039.2857142856,0,0,"normal",false,false,false],[96428.5714285713,0,0,"normal",false,false,false],[96599.9999999999,3,0,"normal",false,false,false],[96257.1428571427,3,0,"normal",false,false,false],[96342.857142857,2,0,"normal",false,false,false]],"typeOfSection":0,"lengthInSteps":16,"altAnim":false,"mustHitSection":false,"changeBPM":false,"bpm":175},{"sectionNotes":[[97371.4285714284,1,0,"normal",false,false,false],[97714.2857142856,3,0,"normal",false,false,false],[97922.1428571427,0,257.142857142857,"normal",false,false,false],[98314.2857142856,2,0,"normal",false,false,false],[97542.857142857,0,0,"normal",false,false,false],[97585.7142857142,2,0,"normal",false,false,false],[98399.9999999999,1,0,"normal",false,false,false],[98571.4285714284,3,0,"normal",false,false,false]],"typeOfSection":0,"lengthInSteps":16,"altAnim":false,"mustHitSection":false,"changeBPM":false,"bpm":175},{"sectionNotes":[[98742.857142857,0,685.714285714286,"normal",false,false,false],[99428.5714285713,2,514.285714285714,"normal",false,false,false]],"typeOfSection":0,"lengthInSteps":16,"altAnim":false,"mustHitSection":false,"changeBPM":false,"bpm":175},{"sectionNotes":[[101057.142857143,3,0,"normal",false,false,false],[101265,0,0,"normal",false,false,false],[100628.571428571,1,0,"normal",false,false,false],[100885.714285714,2,0,"normal",false,false,false],[100285.714285714,0,0,"normal",false,false,false],[100371.428571428,3,0,"normal",false,false,false],[100500,0,0,"normal",false,false,false],[100714.285714286,3,0,"normal",false,false,false]],"typeOfSection":0,"lengthInSteps":16,"altAnim":false,"mustHitSection":false,"changeBPM":false,"bpm":175},{"sectionNotes":[[102342.857142857,0,0,"normal",false,false,false],[102000,1,0,"normal",false,false,false],[102597.857142857,3,0,"normal",false,false,false],[102042.857142857,0,0,"normal",false,false,false],[102214.285714286,2,0,"normal",false,false,false],[102728.571428571,2,0,"normal",false,false,false],[102771.428571428,3,85.7142857142857,"normal",false,false,false]],"typeOfSection":0,"lengthInSteps":16,"altAnim":false,"mustHitSection":false,"changeBPM":false,"bpm":175},{"sectionNotes":[[103028.571428571,1,0,"normal",false,false,false],[103200,0,257.142857142857,"normal",false,false,false]],"typeOfSection":0,"lengthInSteps":16,"altAnim":false,"mustHitSection":false,"changeBPM":false,"bpm":175},{"sectionNotes":[[104400,1,0,"normal",false,false,false],[104742.857142857,0,0,"normal",false,false,false],[104871.428571428,3,0,"normal",false,false,false],[104228.571428571,2,0,"normal",false,false,false],[105257.142857143,2,171.428571428571,"normal",false,false,false],[104571.428571428,3,0,"normal",false,false,false],[104957.142857143,1,171.428571428571,"normal",false,false,false]],"typeOfSection":0,"lengthInSteps":16,"altAnim":false,"mustHitSection":false,"changeBPM":false,"bpm":175},{"sectionNotes":[[106628.571428571,0,257.142857142857,"normal",false,false,false],[105600,0,0,"normal",false,false,false],[105942.857142857,3,0,"normal",false,false,false],[106114.285714286,0,0,"normal",false,false,false],[105771.428571428,1,0,"normal",false,false,false],[106242.857142857,2,257.142857142857,"normal",false,false,false]],"typeOfSection":0,"lengthInSteps":16,"altAnim":false,"mustHitSection":false,"changeBPM":false,"bpm":175},{"sectionNotes":[[107185.714285714,2,0,"normal",false,false,false],[107314.285714286,0,0,"normal",false,false,false],[107528.571428571,3,0,"normal",false,false,false],[107657.142857143,0,85.7142857142857,"normal",false,false,false],[108000,3,0,"normal",false,false,false],[108171.428571428,2,0,"normal",false,false,false],[107957.142857143,1,0,"normal",false,false,false]],"typeOfSection":0,"lengthInSteps":16,"altAnim":false,"mustHitSection":false,"changeBPM":false,"bpm":175},{"sectionNotes":[[109371.428571428,2,257.142857142857,"normal",false,false,false],[108342.857142857,0,0,"normal",false,false,false],[109045.714285714,1,171.428571428571,"normal",false,false,false],[108880.714285714,0,0,"normal",false,false,false],[108514.285714286,3,0,"normal",false,false,false],[108685.714285714,1,0,"normal",false,false,false]],"typeOfSection":0,"lengthInSteps":16,"altAnim":false,"mustHitSection":false,"changeBPM":false,"bpm":175},{"sectionNotes":[[109928.571428571,2,0,"normal",false,false,false],[110057.142857143,0,0,"normal",false,false,false],[110271.428571428,0,0,"normal",false,false,false],[110400,2,0,"normal",false,false,false],[110614.285714286,3,0,"normal",false,false,false],[110742.857142857,1,171.428571428571,"normal",false,false,false],[110957.142857143,0,0,"normal",false,false,false]],"typeOfSection":0,"lengthInSteps":16,"altAnim":false,"mustHitSection":true,"changeBPM":false,"bpm":175},{"sectionNotes":[[111085.714285714,2,0,"normal",false,false,false],[111300,3,0,"normal",false,false,false],[111428.571428571,1,0,"normal",false,false,false],[111642.857142857,2,0,"normal",false,false,false],[111771.428571428,0,0,"normal",false,false,false],[111985.714285714,1,0,"normal",false,false,false],[112114.285714286,3,257.142857142857,"normal",false,false,false]],"typeOfSection":0,"lengthInSteps":16,"altAnim":false,"mustHitSection":true,"changeBPM":false,"bpm":175},{"sectionNotes":[[112800,2,0,"normal",false,false,false],[112671.428571428,3,0,"normal",false,false,false],[113142.857142857,0,171.428571428571,"normal",false,false,false],[113357.142857143,1,0,"normal",false,false,false],[113485.714285714,3,171.428571428571,"normal",false,false,false],[113700,2,0,"normal",false,false,false],[113014.285714286,1,0,"normal",false,false,false]],"typeOfSection":0,"lengthInSteps":16,"altAnim":false,"mustHitSection":true,"changeBPM":false,"bpm":175},{"sectionNotes":[[113828.571428571,1,0,"normal",false,false,false],[114428.571428571,2,0,"normal",false,false,false],[114857.142857143,1,257.142857142857,"normal",false,false,false],[114042.857142857,2,0,"normal",false,false,false],[114171.428571428,3,0,"normal",false,false,false],[114514.285714286,0,257.142857142857,"normal",false,false,false]],"typeOfSection":0,"lengthInSteps":16,"altAnim":false,"mustHitSection":true,"changeBPM":false,"bpm":175},{"sectionNotes":[[116228.571428571,0,0,"normal",false,false,false],[115885.714285714,1,0,"normal",false,false,false],[116074.285714286,3,0,"normal",false,false,false],[115242.857142857,0,0,"normal",false,false,false],[115414.285714286,3,0,"normal",false,false,false],[115714.285714286,0,0,"normal",false,false,false],[116400,3,257.142857142857,"normal",false,false,false]],"typeOfSection":0,"lengthInSteps":16,"altAnim":false,"mustHitSection":false,"changeBPM":false,"bpm":175},{"sectionNotes":[[116766.428571428,2,257.142857142857,"normal",false,false,false],[117216.428571428,1,0,"normal",false,false,false],[117128.571428571,0,0,"normal",false,false,false],[117385.714285714,2,0,"normal",false,false,false],[117600,3,0,"normal",false,false,false],[117814.285714286,0,0,"normal",false,false,false]],"typeOfSection":0,"lengthInSteps":16,"altAnim":false,"mustHitSection":false,"changeBPM":false,"bpm":175},{"sectionNotes":[[118457.142857143,0,0,"normal",false,false,false],[118971.428571428,1,0,"normal",false,false,false],[118628.571428571,3,0,"normal",false,false,false],[118285.714285714,3,0,"normal",false,false,false],[118114.285714285,2,0,"normal",false,false,false],[118800,1,0,"normal",false,false,false],[119142.857142857,0,0,"normal",false,false,false]],"typeOfSection":0,"lengthInSteps":16,"altAnim":false,"mustHitSection":false,"changeBPM":false,"bpm":175},{"sectionNotes":[[119314.285714285,3,0,"normal",false,false,false],[120000,3,0,"normal",false,false,false],[119657.142857143,3,0,"normal",false,false,false],[119528.571428571,0,0,"normal",false,false,false],[119871.428571428,1,0,"normal",false,false,false],[120042.857142857,2,0,"normal",false,false,false],[120557.142857143,1,0,"normal",false,false,false],[120214.285714285,1,0,"normal",false,false,false],[120342.857142857,0,128.571428571429,"normal",false,false,false]],"typeOfSection":0,"lengthInSteps":16,"altAnim":false,"mustHitSection":false,"changeBPM":false,"bpm":175},{"sectionNotes":[[121971.428571428,2,0,"normal",false,false,false],[121971.428571428,5,171.428571428571,"normal",false,false,false],[120900,7,0,"normal",false,false,false],[120900,0,0,"normal",false,false,false],[121028.571428571,6,0,"normal",false,false,false],[121028.571428571,1,0,"normal",false,false,false],[121242.857142857,7,0,"normal",false,false,false],[121242.857142857,0,0,"normal",false,false,false],[121371.428571428,6,0,"normal",false,false,false],[121371.428571428,1,0,"normal",false,false,false],[121585.714285714,5,0,"normal",false,false,false],[121585.714285714,2,0,"normal",false,false,false],[121714.285714285,3,0,"normal",false,false,false],[121714.285714285,4,0,"normal",false,false,false]],"typeOfSection":0,"lengthInSteps":16,"altAnim":false,"mustHitSection":true,"changeBPM":false,"bpm":175},{"sectionNotes":[[123085.714285714,7,0,"normal",false,false,false],[123205.714285714,4,0,"normal",false,false,false],[122828.571428571,6,0,"normal",false,false,false],[122271.428571428,7,0,"normal",false,false,false],[122271.428571428,1,0,"normal",false,false,false],[122571.428571428,5,0,"normal",false,false,false],[122400,1,171.428571428571,"normal",false,false,false],[122400,5,0,"normal",false,false,false],[122614.285714285,3,0,"normal",false,false,false],[122742.857142857,0,0,"normal",false,false,false],[122957.142857143,2,0,"normal",false,false,false],[123085.714285714,1,257.142857142857,"normal",false,false,false]],"typeOfSection":0,"lengthInSteps":16,"altAnim":false,"mustHitSection":true,"changeBPM":false,"bpm":175},{"sectionNotes":[[123600,4,0,"normal",false,false,false],[123771.428571428,7,257.142857142857,"normal",false,false,false],[124285.714285714,7,0,"normal",false,false,false],[124114.285714285,4,0,"normal",false,false,false],[124542.857142857,5,171.428571428571,"normal",false,false,false],[123428.571428571,0,0,"normal",false,false,false],[123600,3,0,"normal",false,false,false],[123771.428571428,0,257.142857142857,"normal",false,false,false],[124114.285714285,2,171.428571428571,"normal",false,false,false],[124028.571428571,1,0,"normal",false,false,false],[124371.428571428,3,0,"normal",false,false,false],[124457.142857143,1,171.428571428571,"normal",false,false,false],[124457.142857143,6,0,"normal",false,false,false]],"typeOfSection":0,"lengthInSteps":16,"altAnim":false,"mustHitSection":true,"changeBPM":false,"bpm":175},{"sectionNotes":[[126023.571428571,5,342.857142857143,"normal",false,false,false],[124800,2,0,"normal",false,false,false],[125485.714285714,0,171.428571428571,"normal",false,false,false],[125828.571428571,1,171.428571428571,"normal",false,false,false],[125828.571428571,4,0,"normal",false,false,false],[124800,4,0,"normal",false,false,false],[125014.285714285,6,0,"normal",false,false,false],[125014.285714285,2,0,"normal",false,false,false],[125142.857142857,1,0,"normal",false,false,false],[125357.142857143,3,0,"normal",false,false,false],[125142.857142857,4,0,"normal",false,false,false],[125357.142857143,6,0,"normal",false,false,false],[125485.714285714,7,171.428571428571,"normal",false,false,false]],"typeOfSection":0,"lengthInSteps":16,"altAnim":false,"mustHitSection":true,"changeBPM":false,"bpm":175},{"sectionNotes":[[127067.142857143,4,428.571428571429,"normal",false,false,false]],"typeOfSection":0,"lengthInSteps":16,"altAnim":false,"mustHitSection":true,"changeBPM":false,"bpm":175},{"sectionNotes":[],"typeOfSection":0,"lengthInSteps":16,"altAnim":false,"mustHitSection":true,"changeBPM":false,"bpm":175},{"sectionNotes":[],"typeOfSection":0,"lengthInSteps":16,"altAnim":false,"mustHitSection":true,"changeBPM":false,"bpm":175},{"lengthInSteps":16,"typeOfSection":0,"sectionNotes":[],"altAnim":false,"bpm":175,"changeBPM":false,"mustHitSection":true},{"lengthInSteps":16,"typeOfSection":0,"sectionNotes":[],"altAnim":false,"bpm":175,"changeBPM":false,"mustHitSection":true},{"sectionNotes":[],"typeOfSection":0,"lengthInSteps":16,"altAnim":false,"mustHitSection":true,"changeBPM":false,"bpm":175},{"sectionNotes":[],"typeOfSection":0,"lengthInSteps":16,"altAnim":false,"mustHitSection":true,"changeBPM":false,"bpm":175},{"sectionNotes":[],"typeOfSection":0,"lengthInSteps":16,"altAnim":false,"mustHitSection":true,"changeBPM":false,"bpm":175},{"sectionNotes":[],"typeOfSection":0,"lengthInSteps":16,"altAnim":false,"mustHitSection":true,"changeBPM":false,"bpm":175},{"sectionNotes":[],"typeOfSection":0,"lengthInSteps":16,"altAnim":false,"mustHitSection":true,"changeBPM":false,"bpm":175},{"sectionNotes":[],"typeOfSection":0,"lengthInSteps":16,"altAnim":false,"mustHitSection":true,"changeBPM":false,"bpm":175},{"sectionNotes":[],"typeOfSection":0,"lengthInSteps":16,"altAnim":false,"mustHitSection":true,"changeBPM":false,"bpm":175},{"sectionNotes":[],"typeOfSection":0,"lengthInSteps":16,"altAnim":false,"mustHitSection":true,"changeBPM":false,"bpm":175},{"lengthInSteps":16,"typeOfSection":0,"sectionNotes":[],"altAnim":false,"bpm":175,"changeBPM":false,"mustHitSection":true},{"sectionNotes":[],"typeOfSection":0,"lengthInSteps":16,"altAnim":false,"mustHitSection":true,"changeBPM":false,"bpm":175},{"lengthInSteps":16,"typeOfSection":0,"sectionNotes":[],"altAnim":false,"bpm":175,"changeBPM":false,"mustHitSection":true},{"sectionNotes":[],"typeOfSection":0,"lengthInSteps":16,"altAnim":false,"mustHitSection":true,"changeBPM":false,"bpm":175},{"lengthInSteps":16,"typeOfSection":0,"sectionNotes":[],"altAnim":false,"bpm":175,"changeBPM":false,"mustHitSection":true},{"sectionNotes":[],"typeOfSection":0,"lengthInSteps":16,"altAnim":false,"mustHitSection":true,"changeBPM":false,"bpm":175},{"lengthInSteps":16,"typeOfSection":0,"sectionNotes":[],"altAnim":false,"bpm":175,"changeBPM":false,"mustHitSection":true},{"sectionNotes":[],"typeOfSection":0,"lengthInSteps":16,"altAnim":false,"mustHitSection":true,"changeBPM":false,"bpm":175},{"lengthInSteps":16,"typeOfSection":0,"sectionNotes":[],"altAnim":false,"bpm":175,"changeBPM":false,"mustHitSection":true},{"lengthInSteps":16,"typeOfSection":0,"sectionNotes":[],"altAnim":false,"bpm":175,"changeBPM":false,"mustHitSection":true},{"sectionNotes":[],"typeOfSection":0,"lengthInSteps":16,"altAnim":false,"mustHitSection":true,"changeBPM":false,"bpm":175},{"lengthInSteps":16,"typeOfSection":0,"sectionNotes":[],"altAnim":false,"bpm":175,"changeBPM":false,"mustHitSection":true},{"sectionNotes":[],"typeOfSection":0,"lengthInSteps":16,"altAnim":false,"mustHitSection":true,"changeBPM":false,"bpm":175},{"lengthInSteps":16,"typeOfSection":0,"sectionNotes":[],"altAnim":false,"bpm":175,"changeBPM":false,"mustHitSection":true},{"lengthInSteps":16,"typeOfSection":0,"sectionNotes":[],"altAnim":false,"bpm":175,"changeBPM":false,"mustHitSection":true},{"lengthInSteps":16,"typeOfSection":0,"sectionNotes":[],"altAnim":false,"bpm":175,"changeBPM":false,"mustHitSection":true},{"lengthInSteps":16,"typeOfSection":0,"sectionNotes":[],"altAnim":false,"bpm":175,"changeBPM":false,"mustHitSection":true},{"sectionNotes":[],"typeOfSection":0,"lengthInSteps":16,"altAnim":false,"mustHitSection":true,"changeBPM":false,"bpm":175},{"sectionNotes":[],"typeOfSection":0,"lengthInSteps":16,"altAnim":false,"mustHitSection":true,"changeBPM":false,"bpm":175},{"sectionNotes":[],"typeOfSection":0,"lengthInSteps":16,"altAnim":false,"mustHitSection":true,"changeBPM":false,"bpm":175},{"sectionNotes":[],"typeOfSection":0,"lengthInSteps":16,"altAnim":false,"mustHitSection":true,"changeBPM":false,"bpm":175},{"lengthInSteps":16,"typeOfSection":0,"sectionNotes":[],"altAnim":false,"bpm":175,"changeBPM":false,"mustHitSection":true},{"sectionNotes":[],"typeOfSection":0,"lengthInSteps":16,"altAnim":false,"mustHitSection":true,"changeBPM":false,"bpm":175},{"sectionNotes":[],"typeOfSection":0,"lengthInSteps":16,"altAnim":false,"mustHitSection":true,"changeBPM":false,"bpm":175},{"sectionNotes":[],"typeOfSection":0,"lengthInSteps":16,"altAnim":false,"mustHitSection":true,"changeBPM":false,"bpm":175},{"sectionNotes":[],"typeOfSection":0,"lengthInSteps":16,"altAnim":false,"mustHitSection":true,"changeBPM":false,"bpm":175},{"lengthInSteps":16,"typeOfSection":0,"sectionNotes":[],"altAnim":false,"bpm":175,"changeBPM":false,"mustHitSection":true},{"sectionNotes":[],"typeOfSection":0,"lengthInSteps":16,"altAnim":false,"mustHitSection":true,"changeBPM":false,"bpm":175},{"lengthInSteps":16,"typeOfSection":0,"sectionNotes":[],"altAnim":false,"bpm":175,"changeBPM":false,"mustHitSection":true},{"lengthInSteps":16,"typeOfSection":0,"sectionNotes":[],"altAnim":false,"bpm":175,"changeBPM":false,"mustHitSection":true},{"sectionNotes":[],"typeOfSection":0,"lengthInSteps":16,"altAnim":false,"mustHitSection":true,"changeBPM":false,"bpm":175},{"sectionNotes":[],"typeOfSection":0,"lengthInSteps":16,"altAnim":false,"mustHitSection":true,"changeBPM":false,"bpm":175},{"lengthInSteps":16,"typeOfSection":0,"sectionNotes":[],"altAnim":false,"bpm":175,"changeBPM":false,"mustHitSection":true},{"lengthInSteps":16,"typeOfSection":0,"sectionNotes":[],"altAnim":false,"bpm":175,"changeBPM":false,"mustHitSection":true},{"sectionNotes":[],"typeOfSection":0,"lengthInSteps":16,"altAnim":false,"mustHitSection":true,"changeBPM":false,"bpm":175},{"lengthInSteps":16,"typeOfSection":0,"sectionNotes":[],"altAnim":false,"bpm":175,"changeBPM":false,"mustHitSection":true},{"lengthInSteps":16,"typeOfSection":0,"sectionNotes":[],"altAnim":false,"bpm":175,"changeBPM":false,"mustHitSection":true},{"sectionNotes":[],"typeOfSection":0,"lengthInSteps":16,"altAnim":false,"mustHitSection":true,"changeBPM":false,"bpm":175},{"CPUPrimaryAltAnim":false,"playerPrimaryAltAnim":false,"altAnim":false,"mustHitSection":true,"lengthInSteps":16,"typeOfSection":0,"sectionNotes":[],"CPUSecondaryAltAnim":false,"bpm":175,"playerSecondaryAltAnim":false,"changeBPM":false},{"CPUPrimaryAltAnim":false,"playerPrimaryAltAnim":false,"altAnim":false,"mustHitSection":true,"lengthInSteps":16,"typeOfSection":0,"sectionNotes":[],"CPUSecondaryAltAnim":false,"changeBPM":false,"playerSecondaryAltAnim":false,"bpm":175},{"CPUSecondaryAltAnim":false,"playerSecondaryAltAnim":false,"lengthInSteps":16,"altAnim":false,"typeOfSection":0,"playerPrimaryAltAnim":false,"sectionNotes":[],"bpm":175,"changeBPM":false,"CPUPrimaryAltAnim":false,"mustHitSection":true}],"player2":"dad","opponentHealth":2,"startingHealth":1,"song":"Callibattle","validScore":true,"sections":45,"needsVoices":true,"speed":2.4,"bpm":175}}