{"song":{"player1":"aloe-mano","notes":[{"sectionNotes":[],"lengthInSteps":16,"mustHitSection":true},{"sectionNotes":[],"lengthInSteps":16,"mustHitSection":true},{"sectionNotes":[],"lengthInSteps":16,"mustHitSection":true},{"sectionNotes":[],"lengthInSteps":16,"mustHitSection":true},{"sectionNotes":[],"lengthInSteps":16,"mustHitSection":true},{"sectionNotes":[],"lengthInSteps":16,"bpm":155,"changeBPM":false,"mustHitSection":false},{"sectionNotes":[],"lengthInSteps":16,"mustHitSection":false},{"sectionNotes":[[10500,1,0,"normal",false],[10583.3333333333,1,0,"normal",false]],"lengthInSteps":16,"mustHitSection":false},{"sectionNotes":[[10666,2,250,"normal",false],[11000,0,0,"normal",false],[11083,1,0,"normal",false],[11250,3,0,"normal",false],[11333,2,0,"normal",false],[11833,3,0,"normal",false],[11916,1,0,"normal",false],[11416,0,0,"normal",false],[11583,1,0,"normal",false],[11500,3,0,"normal",false],[11666,2,0,"normal",false],[11250,0,0,"haato",false],[11416.6666666667,1,0,"haato",false]],"lengthInSteps":16,"mustHitSection":false},{"sectionNotes":[[12583,0,0,"normal",false],[12916,3,0,"normal",false],[13083,3,0,"normal",false],[13166,1,0,"normal",false],[13250,0,0,"normal",false],[12000,2,250,"normal",false],[12333,3,0,"normal",false],[12666.6666666667,2,0,"normal",false],[12916.6666666667,1,0,"haato",false],[13083.3333333333,0,0,"haato",false]],"lengthInSteps":16,"mustHitSection":false},{"sectionNotes":[[13333.3333333333,1,0,"normal",false],[13416.6666666667,2,166.666666666667,"normal",false],[13666.6666666667,0,0,"normal",false],[13833.3333333333,3,0,"normal",false],[14000,2,0,"normal",false],[14166.6666666667,1,0,"normal",false],[14333.3333333333,3,0,"normal",false],[14500,0,0,"normal",false],[14500,2,0,"haato",false],[14333.3333333333,1,0,"haato",false],[14000,0,0,"haato",false]],"lengthInSteps":16,"mustHitSection":false},{"sectionNotes":[[14666,2,0,"normal",false],[15000,2,0,"normal",false],[15333,1,0,"normal",false],[15666,1,0,"normal",false],[15833,2,0,"normal",false],[15916,3,0,"normal",false]],"lengthInSteps":16,"mustHitSection":false},{"sectionNotes":[[16000,2,250,"normal",false],[16333,0,0,"normal",false],[16666,1,0,"normal",false],[16750,2,0,"normal",false],[16583,0,0,"normal",false],[16916,2,0,"normal",false],[17166,1,0,"normal",false],[17250,0,0,"normal",false]],"lengthInSteps":16,"mustHitSection":false},{"sectionNotes":[[17333.3333333333,2,250,"normal",false],[17666.6666666667,0,0,"normal",false],[18000,3,250,"normal",false],[18333.3333333333,1,250,"normal",false]],"lengthInSteps":16,"mustHitSection":false},{"sectionNotes":[[18666.6666666667,2,0,"normal",false],[18833.3333333333,2,0,"normal",false],[19000,3,0,"normal",false],[19166.6666666667,3,0,"normal",false],[19333.3333333333,2,0,"normal",false],[19416.6666666667,1,0,"normal",false],[19500,0,0,"normal",false],[19583.3333333333,2,0,"normal",false],[19666.6666666667,0,0,"normal",false],[19750,1,0,"normal",false]],"lengthInSteps":16,"mustHitSection":false,"bpm":127,"changeBPM":false},{"sectionNotes":[[20000,2,0,"normal",false],[20666.6666666667,1,0,"normal",false],[21250,5,0,"normal",false],[21166.6666666667,6,0,"normal",false]],"lengthInSteps":16,"mustHitSection":false,"bpm":95,"changeBPM":false},{"sectionNotes":[[21332.6666666667,2,250,"normal",false],[21666.6666666667,0,0,"normal",false],[21749.6666666667,1,0,"normal",false],[22249.6666666667,1,0,"normal",false],[22166.6666666667,0,0,"normal",false],[22416.6666666667,3,0,"normal",false],[22500,2,0,"normal",false],[22000,1,0,"normal",false],[21916.6666666667,2,0,"normal",false],[21833.3333333333,3,0,"haato",false],[22083.3333333333,2,0,"haato",false],[22333.3333333333,2,0,"haato",false],[22583.3333333333,0,0,"haato",false]],"lengthInSteps":16,"mustHitSection":true,"bpm":127,"changeBPM":false},{"sectionNotes":[[23249.6666666667,0,0,"normal",false],[23582.6666666667,3,0,"normal",false],[22999.6666666667,3,0,"normal",false],[22666.6666666667,1,0,"normal",false],[22833.3333333333,1,0,"normal",false],[23666.6666666667,0,0,"normal",false],[23833.3333333333,2,0,"normal",false],[23916.6666666667,1,0,"normal",false],[23333.3333333333,1,0,"normal",false],[23416.6666666667,2,0,"haato",false]],"lengthInSteps":16,"mustHitSection":true,"bpm":100,"changeBPM":false},{"sectionNotes":[[24333.3333333333,0,0,"normal",false],[24666.6666666667,2,0,"normal",false],[24833.3333333333,1,0,"normal",false],[25000,3,0,"normal",false],[25166.6666666667,0,0,"normal",false],[24083.3333333333,0,0,"normal",false],[24166.6666666667,3,0,"normal",false],[24000,2,0,"normal",false],[24250,1,0,"normal",false],[24416.6666666667,2,0,"normal",false],[24500,0,0,"normal",false],[24583.3333333333,3,0,"normal",false],[24083.3333333333,1,0,"haato",false],[24166.6666666667,2,0,"haato",false],[24416.6666666667,3,0,"haato",false],[24583.3333333333,1,0,"haato",false],[24916.6666666667,2,0,"haato",false],[25250,1,0,"haato",false]],"lengthInSteps":16,"mustHitSection":true,"bpm":105,"changeBPM":false},{"sectionNotes":[[25333.3333333333,2,0,"normal",false],[25416.6666666667,1,0,"normal",false],[25500,0,0,"normal",false],[25583.3333333333,3,0,"normal",false],[25666.6666666667,2,0,"normal",false],[25750,1,0,"normal",false],[25833.3333333333,3,0,"normal",false],[25916.6666666667,1,0,"normal",false],[26000,0,0,"normal",false],[26166.6666666667,0,0,"normal",false],[26333.3333333333,0,0,"normal",false],[26500,2,0,"normal",false],[26583.3333333333,3,0,"normal",false],[26166.6666666667,3,0,"haato",false],[26333.3333333333,3,0,"haato",false]],"lengthInSteps":16,"mustHitSection":true},{"sectionNotes":[[27000,3,0,"normal",false],[26916.6666666667,2,0,"normal",false],[27333.3333333333,0,0,"normal",false],[27500,0,0,"normal",false],[27250,2,0,"normal",false],[27833.3333333333,2,0,"normal",false],[27916.6666666667,3,0,"normal",false],[26666.6666666667,1,0,"normal",false],[27666.6666666667,0,0,"haato",false]],"lengthInSteps":16,"mustHitSection":true},{"sectionNotes":[[28000,1,250,"normal",false],[28333.3333333333,3,166.666666666667,"normal",false],[28666.6666666667,2,0,"normal",false],[28833.3333333333,2,0,"normal",false],[29000,0,166.666666666667,"normal",false],[29000,3,166.666666666667,"haato",false]],"lengthInSteps":16,"mustHitSection":true},{"sectionNotes":[[29333.3333333333,2,0,"normal",false],[29500,2,0,"normal",false],[29666.6666666667,0,0,"normal",false],[29833.3333333333,0,0,"normal",false],[30083.3333333333,2,0,"normal",false],[30000,0,0,"normal",false],[30166.6666666667,1,0,"normal",false],[30250,3,0,"normal",false],[30333.3333333333,2,0,"normal",false],[30500,2,0,"normal",false],[30416.6666666667,1,0,"normal",false],[30583.3333333333,0,0,"normal",false],[29666.6666666667,3,0,"haato",false],[29833.3333333333,2,0,"haato",false],[30000,3,0,"haato",false]],"lengthInSteps":16,"mustHitSection":true},{"sectionNotes":[[30666.6666666667,3,0,"normal",false],[31000,3,0,"normal",false],[31333.3333333333,1,0,"normal",false],[31666.6666666667,0,0,"normal",false]],"lengthInSteps":16,"mustHitSection":true},{"sectionNotes":[[32000,3,0,"normal",false],[32166,2,0,"normal",false],[32333,1,0,"normal",false],[32500,0,0,"normal",false],[32666,3,0,"normal",false],[33000,2,250,"normal",false]],"lengthInSteps":16,"mustHitSection":false},{"sectionNotes":[[33333,0,0,"normal",false],[33500,1,0,"normal",false],[33666,2,0,"normal",false],[33833,3,0,"normal",false],[34000,0,0,"normal",false],[34333,2,0,"normal",false],[34500,2,0,"normal",false]],"lengthInSteps":16,"mustHitSection":false},{"sectionNotes":[[34666,2,250,"normal",false],[35166,1,0,"normal",false],[35333,0,0,"normal",false],[35666,2,0,"normal",false]],"lengthInSteps":16,"mustHitSection":false},{"sectionNotes":[[35999,3,916,"normal",false],[37166,2,0,"normal",false]],"lengthInSteps":16,"mustHitSection":false},{"sectionNotes":[[37333,0,0,"normal",false],[37499,3,0,"normal",false],[37666,2,0,"normal",false],[37833,1,0,"normal",false],[37999,0,0,"normal",false],[38333,3,250,"normal",false]],"lengthInSteps":16,"mustHitSection":false},{"sectionNotes":[[38666.6666666667,0,0,"normal",false],[38833.3333333333,1,0,"normal",false],[39000,2,0,"normal",false],[39166.6666666667,3,0,"normal",false],[39333.3333333333,1,0,"normal",false],[39666.6666666667,2,0,"normal",false],[39833.3333333333,2,0,"normal",false]],"lengthInSteps":16,"bpm":160,"changeBPM":false,"mustHitSection":false},{"sectionNotes":[[40000,0,0,"normal",false],[40250,1,0,"normal",false],[40500,3,0,"normal",false],[40666.6666666667,2,0,"normal",false],[41000,0,250,"normal",false]],"lengthInSteps":16,"mustHitSection":false},{"sectionNotes":[[41666.6666666667,1,0,"normal",false],[41333.3333333333,2,0,"normal",false],[42000,2,0,"normal",false],[42500,4,0,"normal",false]],"lengthInSteps":16,"mustHitSection":false},{"sectionNotes":[[42666,3,0,"normal",false],[42833,2,0,"normal",false],[42999,1,0,"normal",false],[43166,0,0,"normal",false],[43500,3,0,"normal",false],[43666.6666666667,0,0,"normal",false],[43083.3333333333,3,0,"normal",false],[43250,2,0,"normal",false],[43583.3333333333,1,0,"normal",false],[43750,2,0,"normal",false],[43916.6666666667,1,0,"normal",false],[43416.6666666667,0,0,"normal",false],[43833.3333333333,3,0,"normal",false],[43333.3333333333,1,0,"normal",false],[42750,1,0,"haato",false],[42916.6666666667,0,0,"haato",false]],"lengthInSteps":16,"mustHitSection":true},{"sectionNotes":[[44333,2,0,"normal",false],[44499,3,0,"normal",false],[44416,0,0,"normal",false],[45000,1,250,"normal",false],[44166.6666666667,1,0,"normal",false],[44583.3333333333,1,0,"normal",false],[44666.6666666667,0,0,"normal",false],[44833.3333333333,0,0,"normal",false],[44000,2,0,"normal",false],[45000,3,250,"haato",false],[44750,2,0,"haato",false]],"lengthInSteps":16,"mustHitSection":true},{"sectionNotes":[[45833,1,0,"normal",false],[45999,0,0,"normal",false],[45333,1,0,"normal",false],[45583,3,0,"normal",false],[46333,1,0,"normal",false],[46500,1,0,"normal",false],[46416,3,0,"normal",false],[46583,2,0,"normal",false],[46250,2,0,"normal",false],[46125,3,0,"haato",false],[45708.3333333333,2,0,"haato",false]],"lengthInSteps":16,"mustHitSection":true,"bpm":216,"changeBPM":false},{"sectionNotes":[[47000,3,0,"normal",false],[47833,2,0,"normal",false],[47583.3333333333,0,0,"normal",false],[47333.3333333333,0,0,"normal",false],[47166.6666666667,1,0,"normal",false],[47500,1,0,"normal",false]],"lengthInSteps":16,"mustHitSection":true,"bpm":95,"changeBPM":false},{"sectionNotes":[[48000,0,0,"normal",false],[48166,2,0,"normal",false],[48333,1,0,"normal",false],[48750,0,0,"normal",false],[48500,3,0,"normal",false],[48666.6666666667,3,0,"normal",false],[48833.3333333334,3,0,"normal",false],[48916.6666666667,0,0,"normal",false],[49000,1,250,"normal",false]],"lengthInSteps":16,"mustHitSection":true},{"sectionNotes":[[49333.3333333333,0,0,"normal",false],[49500,1,0,"normal",false],[49666.6666666667,2,0,"normal",false],[49833.3333333333,3,0,"normal",false],[50000,0,0,"normal",false],[50166.6666666667,0,0,"normal",false],[50333.3333333334,1,250,"normal",false],[49750,0,0,"normal",false],[49916.6666666667,1,0,"normal",false],[49583.3333333334,3,0,"normal",false],[50083.3333333334,3,0,"haato",false]],"lengthInSteps":16,"mustHitSection":true},{"sectionNotes":[[50666.6666666667,2,0,"normal",false],[51000,0,0,"normal",false],[51166.6666666667,1,0,"normal",false],[51333.3333333334,3,166.666666666667,"normal",false],[51583.3333333334,1,0,"normal",false],[51666.6666666667,0,0,"normal",false],[51916.6666666667,2,0,"normal",false]],"lengthInSteps":16,"mustHitSection":true},{"sectionNotes":[[52000,1,250,"normal",false],[52666.6666666667,3,250,"normal",false]],"lengthInSteps":16,"mustHitSection":true},{"sectionNotes":[[53333,2,250,"normal",false],[53333,0,250,"normal",false],[53833,2,0,"normal",false],[54000,1,916,"normal",false],[54000,3,916,"normal",false]],"lengthInSteps":16,"mustHitSection":false},{"sectionNotes":[[55000,2,0,"normal",false],[55166,1,0,"normal",false],[55333,3,0,"normal",false],[55500,0,0,"normal",false],[55666,2,0,"normal",false],[55833,2,0,"normal",false],[55750,0,0,"normal",false],[55000,0,0,"haato",false],[55333.3333333334,1,0,"haato",false]],"lengthInSteps":16,"mustHitSection":false},{"sectionNotes":[[56000,2,250,"normal",false],[56500,0,0,"normal",false],[56666,3,250,"normal",false]],"lengthInSteps":16,"mustHitSection":false},{"sectionNotes":[[57333,2,0,"normal",false],[57541,3,0,"normal",false],[57666,0,0,"normal",false],[57875,3,0,"normal",false],[58000,0,250,"normal",false]],"lengthInSteps":16,"mustHitSection":false},{"sectionNotes":[[58666,2,333,"normal",false],[59166,1,0,"normal",false],[59333,0,833,"normal",false]],"lengthInSteps":16,"mustHitSection":false},{"sectionNotes":[[60666.6666666667,1,0,"normal",false],[60333.3333333334,2,166.666666666667,"normal",false],[61000,2,0,"normal",false]],"lengthInSteps":16,"bpm":170,"changeBPM":false,"mustHitSection":false},{"sectionNotes":[[61333,2,0,"normal",false],[61583,1,0,"normal",false],[61833,3,0,"normal",false],[62000,3,0,"normal",false],[62250,1,0,"normal",false],[62500,0,0,"normal",false],[61833.3333333334,1,0,"haato",false],[62000,0,0,"haato",false]],"lengthInSteps":16,"mustHitSection":false},{"sectionNotes":[[62666.6666666667,2,916.666666666667,"normal",false],[63833.3333333334,7,0,"normal",false]],"lengthInSteps":16,"mustHitSection":false},{"sectionNotes":[[64000,2,583,"normal",false],[64666,0,583,"normal",false]],"lengthInSteps":16,"mustHitSection":true},{"sectionNotes":[[65666,3,0,"normal",false],[65833,1,0,"normal",false],[66000,2,0,"normal",false],[66166,0,0,"normal",false],[66333,1,0,"normal",false],[66500,1,0,"normal",false],[66416,3,0,"normal",false],[66583,3,0,"normal",false],[66083.3333333334,1,0,"haato",false],[66166.6666666667,3,0,"haato",false],[65750,2,0,"haato",false],[66583.3333333334,2,0,"haato",false],[66416.6666666667,2,0,"haato",false]],"lengthInSteps":16,"mustHitSection":true,"bpm":132,"changeBPM":false},{"sectionNotes":[[66666,0,166,"normal",false],[66916,1,166,"normal",false],[67166,3,0,"normal",false],[67333,3,166,"normal",false],[67583,1,166,"normal",false],[67833,0,0,"normal",false]],"lengthInSteps":16,"mustHitSection":true},{"sectionNotes":[[68000,2,250,"normal",false],[69166,1,0,"normal",false]],"lengthInSteps":16,"mustHitSection":true},{"sectionNotes":[[69333,3,583,"normal",false],[70000,1,250,"normal",false],[70333,2,0,"normal",false],[70416,0,0,"normal",false],[70500,2,0,"normal",false],[70583,0,0,"normal",false],[70416.6666666667,1,0,"haato",false],[70583.3333333334,1,0,"haato",false]],"lengthInSteps":16,"mustHitSection":true},{"sectionNotes":[[70666,3,583,"normal",false],[71333,2,250,"normal",false],[71666,0,250,"normal",false]],"lengthInSteps":16,"mustHitSection":true},{"sectionNotes":[[72083,0,0,"normal",false],[72166,3,0,"normal",false],[72000,2,0,"normal",false],[72250,1,166,"normal",false],[72500,3,0,"normal",false],[72666,3,0,"normal",false],[72916,0,0,"normal",false],[73166,1,0,"normal",false]],"lengthInSteps":16,"mustHitSection":true},{"sectionNotes":[[73333,4,0,0,0],[73666,7,0,0,0],[73500,4,0,0,0],[74000,5,250,0,0],[74333,6,250,0,0],[73833,7,0,0,0],[74000,2,0,0,0],[74166,1,0,0,0],[73333.3333333334,6,0,"haato",false],[73500,6,0,"haato",false],[73833.3333333334,4,0,"haato",false],[74000,7,250,"haato",false],[74333.3333333334,4,250,"haato",false],[73833.3333333334,0,0,"normal",false],[73666.6666666667,4,0,"haato",false],[74333.3333333334,0,166.666666666667,"normal",false]],"lengthInSteps":16,"mustHitSection":false},{"sectionNotes":[[74666,7,916,0,0],[75500,2,0,0,0],[75750,3,250,0,0]],"lengthInSteps":16,"mustHitSection":false},{"sectionNotes":[[76166,2,0,"normal",false],[76333.3333333333,0,0,"normal",false],[76500,1,0,"normal",false],[76666.6666666667,3,83.3333333333333,"normal",false],[76875,0,250,"normal",false]],"lengthInSteps":16,"mustHitSection":false,"bpm":120,"changeBPM":false},{"sectionNotes":[[77666,1,0,"normal",false],[77833,1,0,"normal",false],[77333,2,250,"normal",false],[78000,3,250,"normal",false],[78500,0,0,"normal",false],[78333,0,0,"normal",false]],"lengthInSteps":16,"mustHitSection":false},{"sectionNotes":[[79333,2,250,"normal",false],[78666,3,0,"normal",false],[78833,3,0,"normal",false],[79666,0,0,"normal",false],[79750,3,0,"normal",false],[79833,0,0,"normal",false],[79916,3,0,"normal",false],[79000,3,0,"haato",false],[79166.6666666667,2,0,"haato",false],[79166.6666666667,1,0,"normal",false],[79000,1,0,"normal",false]],"lengthInSteps":16,"mustHitSection":false},{"sectionNotes":[[80000,2,0,"normal",false],[80166,2,0,"normal",false],[80333,1,0,"normal",false],[80500,3,0,"normal",false],[80666,2,250,"normal",false],[81000,0,250,"normal",false]],"lengthInSteps":16,"mustHitSection":false},{"sectionNotes":[[81666,1,0,"normal",false],[81833,1,0,"normal",false],[82000,2,500,"normal",false],[81333,3,0,"normal",false],[81500,3,0,"normal",false]],"lengthInSteps":16,"mustHitSection":false},{"sectionNotes":[[82666,3,0,"normal",false],[82750,2,0,"normal",false],[82833,3,0,"normal",false],[82916,2,0,"normal",false],[83000,1,0,"normal",false],[83166,1,0,"normal",false],[83333,2,0,"normal",false],[83666,3,0,"normal",false],[83500,0,0,"normal",false],[83833,1,0,"normal",false]],"lengthInSteps":16,"mustHitSection":false},{"sectionNotes":[[84666,2,250,"normal",false],[84333,3,0,"normal",false],[84500,3,0,"normal",false],[84166,0,0,"normal",false],[84000,0,0,"normal",false],[85000,0,0,"normal",false],[85083,2,0,"normal",false],[85166,1,0,"normal",false],[85250,3,0,"normal",false]],"lengthInSteps":16,"mustHitSection":false},{"sectionNotes":[[85333.3333333333,2,0,"normal",false],[85500,2,0,"normal",false],[85666.6666666666,1,0,"normal",false],[85833.3333333333,1,0,"normal",false],[86000,3,166.666666666667,"normal",false],[86250,0,166.666666666667,"normal",false],[86500,2,0,"normal",false]],"lengthInSteps":16,"changeBPM":false,"bpm":170,"mustHitSection":false},{"sectionNotes":[[87333.3333333333,2,250,"normal",false],[86666.6666666666,3,0,"normal",false],[86833.3333333333,1,0,"normal",false],[87083.3333333333,0,0,"normal",false]],"lengthInSteps":16,"mustHitSection":false},{"sectionNotes":[[88000,2,0,"normal",false],[88166,2,0,"normal",false],[88333,1,0,"normal",false],[88416,3,0,"normal",false],[88500,1,0,"normal",false],[88583,3,0,"normal",false],[88666,0,0,"normal",false],[88833,0,0,"normal",false],[88916,1,0,"normal",false],[89083,2,0,"normal",false],[89250,2,0,"normal",false],[89000,3,0,"normal",false],[89166,3,0,"normal",false],[88750,2,0,"haato",false]],"lengthInSteps":16,"mustHitSection":true},{"sectionNotes":[[89333,0,166,"normal",false],[89500,1,83,"normal",false],[89666,3,0,"normal",false],[89750,2,0,"normal",false],[89833,0,0,"normal",false],[89916,1,0,"normal",false],[90000,3,0,"normal",false],[90250,3,0,"normal",false],[90333,0,0,"normal",false],[90500,0,0,"normal",false],[90583,0,0,"normal",false],[90125,1,0,"haato",false]],"lengthInSteps":16,"mustHitSection":true},{"sectionNotes":[[90666,1,0,"normal",false],[90833,1,0,"normal",false],[91000,3,166,"normal",false],[91166,1,83,"normal",false],[91333,0,250,"normal",false],[91666,2,0,"normal",false],[91833,2,0,"normal",false]],"lengthInSteps":16,"mustHitSection":true},{"sectionNotes":[[92000,3,0,"normal",false],[92166,3,0,"normal",false],[92333,0,166,"normal",false],[92500,1,83,"normal",false],[92666,3,0,"normal",false],[92916,3,0,"normal",false],[93166,3,0,"normal",false],[93250,1,0,"normal",false]],"lengthInSteps":16,"mustHitSection":true},{"sectionNotes":[[93333,0,0,"normal",false],[93416,1,0,"normal",false],[93500,2,0,"normal",false],[93666,1,0,"normal",false],[93833,1,0,"normal",false],[94000,2,0,"normal",false],[94166,2,0,"normal",false],[94333,3,0,"normal",false],[94500,3,0,"normal",false],[94583,3,0,"normal",false]],"lengthInSteps":16,"mustHitSection":true},{"sectionNotes":[[94666,0,166,"normal",false],[94999,3,166,"normal",false],[94916,2,0,"normal",false],[95166,1,83,"normal",false],[95333,0,250,"normal",false],[95666,2,0,"normal",false],[95833,2,0,"normal",false],[95916,2,0,"normal",false],[95749.9999999999,0,0,"haato",false]],"lengthInSteps":16,"mustHitSection":true},{"sectionNotes":[[95999.9999999999,1,0,"normal",false],[96171.4285714285,1,0,"normal",false],[96333.3333333333,2,166.666666666667,"normal",false],[96499.9999999999,3,83.3333333333333,"normal",false],[96666.6666666666,1,166.666666666667,"normal",false],[96916.6666666666,2,166.666666666667,"normal",false],[97166.6666666666,3,0,"normal",false],[97249.9999999999,0,0,"normal",false]],"lengthInSteps":16,"bpm":175,"changeBPM":false,"mustHitSection":true},{"sectionNotes":[[97666.6666666666,0,0,"normal",false],[97833.3333333333,0,0,"normal",false],[97999.9999999999,1,0,"normal",false],[98166.6666666666,1,0,"normal",false],[97333.3333333333,2,0,"normal",false],[97499.9999999999,2,0,"normal",false],[98333.3333333333,3,0,"normal",false],[98499.9999999999,3,0,"normal",false]],"lengthInSteps":16,"mustHitSection":true},{"sectionNotes":[[98742,2,0,"normal",false],[98828,2,0,"normal",false],[98914,2,0,"normal",false],[99042,2,0,"normal",false],[98666,6,916,"normal",false],[99166.6666666666,1,0,"normal",false],[99249.9999999999,3,0,"normal",false],[99416.6666666666,0,0,"normal",false],[99499.9999999999,0,166.666666666667,"normal",false]],"lengthInSteps":16,"mustHitSection":false},{"sectionNotes":[],"lengthInSteps":16,"mustHitSection":true},{"sectionNotes":[],"lengthInSteps":16,"mustHitSection":true},{"sectionNotes":[],"lengthInSteps":16,"mustHitSection":true},{"sectionNotes":[],"lengthInSteps":16,"mustHitSection":true},{"sectionNotes":[],"lengthInSteps":16,"mustHitSection":true},{"lengthInSteps":16,"typeOfSection":0,"sectionNotes":[],"altAnim":false,"bpm":113,"changeBPM":true,"mustHitSection":true},{"sectionNotes":[],"typeOfSection":0,"lengthInSteps":16,"altAnim":false,"mustHitSection":true,"changeBPM":true,"bpm":60},{"sectionNotes":[],"typeOfSection":0,"lengthInSteps":16,"altAnim":false,"mustHitSection":true,"changeBPM":false,"bpm":95},{"sectionNotes":[],"typeOfSection":0,"lengthInSteps":16,"altAnim":false,"mustHitSection":true,"changeBPM":false,"bpm":150},{"sectionNotes":[],"typeOfSection":0,"lengthInSteps":16,"altAnim":false,"mustHitSection":true,"changeBPM":false,"bpm":150},{"sectionNotes":[],"typeOfSection":0,"lengthInSteps":16,"altAnim":false,"mustHitSection":true,"changeBPM":false,"bpm":150},{"sectionNotes":[],"typeOfSection":0,"lengthInSteps":16,"altAnim":false,"mustHitSection":true,"changeBPM":false,"bpm":150},{"sectionNotes":[],"typeOfSection":0,"lengthInSteps":16,"altAnim":false,"mustHitSection":true,"changeBPM":false,"bpm":150},{"sectionNotes":[],"typeOfSection":0,"lengthInSteps":16,"altAnim":false,"mustHitSection":true,"changeBPM":false,"bpm":150},{"sectionNotes":[],"typeOfSection":0,"lengthInSteps":16,"altAnim":false,"mustHitSection":true,"changeBPM":false,"bpm":150},{"sectionNotes":[],"typeOfSection":0,"lengthInSteps":16,"altAnim":false,"mustHitSection":true,"changeBPM":false,"bpm":150},{"sectionNotes":[],"typeOfSection":0,"lengthInSteps":16,"altAnim":false,"mustHitSection":true,"changeBPM":false,"bpm":150},{"sectionNotes":[],"typeOfSection":0,"lengthInSteps":16,"altAnim":false,"mustHitSection":true,"changeBPM":false,"bpm":150},{"lengthInSteps":16,"typeOfSection":0,"sectionNotes":[],"altAnim":false,"bpm":150,"changeBPM":false,"mustHitSection":true},{"playerAltAnim":false,"altAnim":false,"CPUAltAnim":false,"mustHitSection":true,"lengthInSteps":16,"typeOfSection":0,"sectionNotes":[],"bpm":150,"changeBPM":false},{"playerAltAnim":false,"altAnim":false,"CPUAltAnim":false,"mustHitSection":true,"lengthInSteps":16,"typeOfSection":0,"sectionNotes":[],"bpm":180,"changeBPM":false},{"playerAltAnim":false,"altAnim":false,"CPUAltAnim":false,"mustHitSection":true,"lengthInSteps":16,"typeOfSection":0,"sectionNotes":[],"bpm":180,"changeBPM":false},{"playerAltAnim":false,"altAnim":false,"CPUAltAnim":false,"mustHitSection":true,"lengthInSteps":16,"typeOfSection":0,"sectionNotes":[],"changeBPM":false,"bpm":180},{"playerAltAnim":false,"altAnim":false,"CPUAltAnim":false,"mustHitSection":true,"lengthInSteps":16,"typeOfSection":0,"sectionNotes":[],"bpm":180,"changeBPM":false},{"playerAltAnim":false,"altAnim":false,"CPUAltAnim":false,"mustHitSection":true,"lengthInSteps":16,"typeOfSection":0,"sectionNotes":[],"bpm":180,"changeBPM":false},{"playerAltAnim":false,"altAnim":false,"CPUAltAnim":false,"mustHitSection":true,"lengthInSteps":16,"typeOfSection":0,"sectionNotes":[],"bpm":180,"changeBPM":false},{"playerAltAnim":false,"altAnim":false,"CPUAltAnim":false,"mustHitSection":true,"lengthInSteps":16,"typeOfSection":0,"sectionNotes":[],"changeBPM":false,"bpm":180},{"playerAltAnim":false,"altAnim":false,"CPUAltAnim":false,"mustHitSection":true,"lengthInSteps":16,"typeOfSection":0,"sectionNotes":[],"bpm":180,"changeBPM":false},{"playerAltAnim":false,"altAnim":false,"CPUAltAnim":false,"mustHitSection":true,"lengthInSteps":16,"typeOfSection":0,"sectionNotes":[],"bpm":180,"changeBPM":false},{"playerAltAnim":false,"altAnim":false,"CPUAltAnim":false,"mustHitSection":true,"lengthInSteps":16,"typeOfSection":0,"sectionNotes":[],"bpm":180,"changeBPM":false},{"playerAltAnim":false,"altAnim":false,"CPUAltAnim":false,"mustHitSection":true,"lengthInSteps":16,"typeOfSection":0,"sectionNotes":[],"bpm":180,"changeBPM":false},{"playerAltAnim":false,"altAnim":false,"CPUAltAnim":false,"mustHitSection":true,"lengthInSteps":16,"typeOfSection":0,"sectionNotes":[],"bpm":180,"changeBPM":false},{"playerAltAnim":false,"altAnim":false,"CPUAltAnim":false,"mustHitSection":true,"lengthInSteps":16,"typeOfSection":0,"sectionNotes":[],"bpm":180,"changeBPM":false},{"lengthInSteps":16,"altAnim":false,"CPUAltAnim":false,"typeOfSection":0,"sectionNotes":[],"bpm":180,"changeBPM":false,"playerAltAnim":false,"mustHitSection":true}],"player2":"haachama-christmas","opponentHealth":2,"startingHealth":1,"song":"Haachama-Ex","needsVoices":true,"validScore":true,"stage":"halloween","bpm":180,"speed":3}}