{
	"song": {
		"player1": "itsukiv3-player",
		"gfVersion": "speakers",
		"notes": [
			{
				"sectionBeats": 4,
				"sectionNotes": [
					[
						512.820512820513,
						3,
						128.205128205128
					],
					[
						1538.46153846154,
						2,
						128.205128205128
					],
					[
						1794.87179487179,
						0,
						128.205128205128
					],
					[
						0,
						3,
						256.410256410256
					],
					[
						769.230769230769,
						0,
						0
					],
					[
						1025.64102564103,
						0,
						0
					],
					[
						1282.05128205128,
						0,
						0
					]
				],
				"typeOfSection": 0,
				"gfSection": false,
				"altAnim": false,
				"mustHitSection": true,
				"changeBPM": false,
				"bpm": 150
			},
			{
				"sectionBeats": 4,
				"sectionNotes": [
					[
						2051.28205128205,
						2,
						128.205128205128
					],
					[
						2307.69230769231,
						0,
						128.205128205128
					],
					[
						2564.10256410256,
						2,
						128.205128205128
					],
					[
						3846.15384615385,
						0,
						128.205128205128
					],
					[
						2820.51282051282,
						0,
						0
					],
					[
						3076.92307692308,
						1,
						384.615384615385
					]
				],
				"typeOfSection": 0,
				"gfSection": false,
				"altAnim": false,
				"mustHitSection": true,
				"changeBPM": false,
				"bpm": 150
			},
			{
				"sectionBeats": 4,
				"sectionNotes": [
					[
						4102.5641025641,
						2,
						128.205128205128
					],
					[
						4358.97435897436,
						0,
						128.205128205128
					],
					[
						4615.38461538462,
						2,
						128.205128205128
					],
					[
						4871.79487179487,
						0,
						128.205128205128
					],
					[
						5128.20512820513,
						1,
						128.205128205128
					],
					[
						5384.61538461538,
						0,
						128.205128205128
					],
					[
						5641.02564102564,
						2,
						128.205128205128
					],
					[
						5897.4358974359,
						0,
						128.205128205128
					]
				],
				"typeOfSection": 0,
				"gfSection": false,
				"altAnim": false,
				"mustHitSection": true,
				"changeBPM": false,
				"bpm": 117
			},
			{
				"sectionBeats": 4,
				"sectionNotes": [
					[
						6153.84615384615,
						2,
						128.205128205128
					],
					[
						6923.07692307692,
						2,
						641.025641025641
					],
					[
						7692.30769230769,
						1,
						128.205128205128
					],
					[
						6410.25641025641,
						3,
						0
					],
					[
						6666.66666666667,
						0,
						0
					]
				],
				"typeOfSection": 0,
				"gfSection": false,
				"altAnim": false,
				"mustHitSection": true,
				"changeBPM": false,
				"bpm": 117
			},
			{
				"sectionBeats": 4,
				"sectionNotes": [
					[
						8233.97435897436,
						3,
						128.205128205128
					],
					[
						8615.38461538462,
						3,
						128.205128205128
					],
					[
						9487.17948717949,
						1,
						384.615384615385
					],
					[
						10000,
						0,
						384.615384615385
					],
					[
						8974.35897435897,
						2,
						384.615384615385
					]
				],
				"typeOfSection": 0,
				"gfSection": false,
				"altAnim": false,
				"mustHitSection": true,
				"changeBPM": false,
				"bpm": 117
			},
			{
				"sectionBeats": 4,
				"sectionNotes": [
					[
						11282.0512820513,
						2,
						384.615384615385
					],
					[
						11794.8717948718,
						0,
						384.615384615385
					]
				],
				"typeOfSection": 0,
				"gfSection": false,
				"altAnim": false,
				"mustHitSection": true,
				"changeBPM": false,
				"bpm": 117
			},
			{
				"sectionBeats": 4,
				"sectionNotes": [
					[
						12342.9487179487,
						3,
						128.205128205128
					],
					[
						12714.7435897436,
						3,
						128.205128205128
					],
					[
						13076.9230769231,
						1,
						256.410256410256
					],
					[
						13589.7435897436,
						1,
						128.205128205128
					],
					[
						14102.5641025641,
						0,
						384.615384615385
					]
				],
				"typeOfSection": 0,
				"gfSection": false,
				"altAnim": false,
				"mustHitSection": true,
				"changeBPM": false,
				"bpm": 117
			},
			{
				"sectionBeats": 4,
				"sectionNotes": [
					[
						15384.6153846154,
						3,
						256.410256410256
					],
					[
						15897.4358974359,
						0,
						256.410256410256
					]
				],
				"typeOfSection": 0,
				"gfSection": false,
				"altAnim": false,
				"mustHitSection": true,
				"changeBPM": false,
				"bpm": 117
			},
			{
				"sectionBeats": 4,
				"sectionNotes": [
					[
						16439.1025641026,
						3,
						128.205128205128
					],
					[
						16826.9230769231,
						3,
						128.205128205128
					],
					[
						17208.3333333333,
						1,
						128.205128205128
					],
					[
						17692.3076923077,
						1,
						256.410256410256
					],
					[
						18233.9743589744,
						0,
						384.615384615385
					]
				],
				"typeOfSection": 0,
				"gfSection": false,
				"altAnim": false,
				"mustHitSection": true,
				"changeBPM": false,
				"bpm": 117
			},
			{
				"typeOfSection": 0,
				"sectionNotes": [
					[
						19487.1794871795,
						2,
						384.615384615385
					],
					[
						20000,
						1,
						384.615384615385
					]
				],
				"sectionBeats": 4,
				"altAnim": false,
				"gfSection": false,
				"bpm": 117,
				"changeBPM": false,
				"mustHitSection": true
			},
			{
				"typeOfSection": 0,
				"sectionNotes": [
					[
						20538.4615384615,
						3,
						128.205128205128
					],
					[
						20923.0769230769,
						3,
						128.205128205128
					],
					[
						21794.8717948718,
						1,
						128.205128205128
					],
					[
						21282.0512820513,
						0,
						128.205128205128
					]
				],
				"sectionBeats": 4,
				"altAnim": false,
				"gfSection": false,
				"bpm": 117,
				"changeBPM": false,
				"mustHitSection": true
			},
			{
				"typeOfSection": 0,
				"sectionNotes": [
					[
						22564.1025641026,
						2,
						256.410256410256
					],
					[
						23589.7435897436,
						3,
						256.410256410257
					],
					[
						24102.5641025641,
						0,
						256.410256410256
					],
					[
						23076.9230769231,
						1,
						256.410256410256
					]
				],
				"sectionBeats": 4,
				"altAnim": false,
				"gfSection": false,
				"bpm": 117,
				"changeBPM": false,
				"mustHitSection": true
			},
			{
				"sectionBeats": 4,
				"sectionNotes": [
					[
						24615.3846153846,
						0,
						384.615384615385
					],
					[
						25128.2051282051,
						2,
						512.820512820513
					],
					[
						25897.4358974359,
						3,
						128.205128205128
					],
					[
						26153.8461538462,
						1,
						128.205128205128
					],
					[
						26410.2564102564,
						0,
						384.615384615385
					],
					[
						26153.8461538462,
						2,
						0,
						"Glitch"
					]
				],
				"typeOfSection": 0,
				"gfSection": false,
				"altAnim": false,
				"mustHitSection": true,
				"changeBPM": false,
				"bpm": 117
			},
			{
				"typeOfSection": 0,
				"sectionNotes": [
					[
						27179.4871794872,
						2,
						128.205128205128
					],
					[
						27435.8974358974,
						0,
						384.615384615385
					],
					[
						28205.1282051282,
						3,
						128.205128205128
					],
					[
						28461.5384615385,
						1,
						128.205128205128
					],
					[
						26923.0769230769,
						3,
						0
					],
					[
						27948.7179487179,
						2,
						0
					]
				],
				"sectionBeats": 4,
				"altAnim": false,
				"gfSection": false,
				"bpm": 117,
				"changeBPM": false,
				"mustHitSection": true
			},
			{
				"sectionBeats": 4,
				"sectionNotes": [
					[
						28717.9487179487,
						0,
						384.615384615385
					],
					[
						30000,
						3,
						128.205128205128
					],
					[
						30256.4102564103,
						1,
						128.205128205128
					],
					[
						30512.8205128205,
						0,
						384.615384615385
					],
					[
						29230.7692307692,
						2,
						256.410256410256
					]
				],
				"typeOfSection": 0,
				"gfSection": false,
				"altAnim": false,
				"mustHitSection": true,
				"changeBPM": false,
				"bpm": 117
			},
			{
				"sectionBeats": 4,
				"sectionNotes": [
					[
						31025.641025641,
						3,
						128.205128205128
					],
					[
						31282.0512820513,
						1,
						128.205128205128
					],
					[
						31538.4615384615,
						2,
						128.205128205128
					],
					[
						32051.282051282,
						0,
						128.205128205128
					],
					[
						32307.6923076923,
						1,
						128.205128205128
					],
					[
						32564.1025641026,
						0,
						128.205128205128
					],
					[
						31794.8717948718,
						1,
						0
					]
				],
				"typeOfSection": 0,
				"gfSection": false,
				"altAnim": false,
				"mustHitSection": true,
				"changeBPM": false,
				"bpm": 117
			},
			{
				"sectionBeats": 4,
				"sectionNotes": [
					[
						33589.7435897436,
						0,
						384.615384615385
					],
					[
						34102.5641025641,
						3,
						128.205128205128
					],
					[
						34615.3846153846,
						0,
						384.615384615385
					],
					[
						33333.3333333333,
						1,
						0,
						"Glitch"
					],
					[
						34358.9743589744,
						2,
						0,
						"Glitch"
					],
					[
						32820.5128205128,
						3,
						256.410256410256
					],
					[
						33333.3333333333,
						2,
						0
					],
					[
						34358.9743589744,
						1,
						0
					]
				],
				"typeOfSection": 0,
				"gfSection": false,
				"altAnim": false,
				"mustHitSection": true,
				"changeBPM": false,
				"bpm": 117
			},
			{
				"sectionBeats": 4,
				"sectionNotes": [
					[
						35128.2051282051,
						3,
						128.205128205128
					],
					[
						35384.6153846154,
						1,
						128.205128205128
					],
					[
						35641.0256410256,
						2,
						128.205128205128
					],
					[
						35897.4358974359,
						0,
						128.205128205128
					],
					[
						36153.8461538462,
						3,
						128.205128205128
					],
					[
						36410.2564102564,
						1,
						128.205128205128
					],
					[
						36666.6666666667,
						0,
						256.410256410256
					],
					[
						35384.6153846154,
						0,
						0,
						"Glitch"
					],
					[
						36153.8461538462,
						2,
						0,
						"Glitch"
					],
					[
						36666.6666666667,
						2,
						0,
						"Glitch"
					]
				],
				"typeOfSection": 0,
				"gfSection": false,
				"altAnim": false,
				"mustHitSection": true,
				"changeBPM": false,
				"bpm": 117
			},
			{
				"sectionBeats": 4,
				"sectionNotes": [
					[
						37179.4871794872,
						0,
						128.205128205128
					],
					[
						38461.5384615385,
						3,
						128.205128205128
					],
					[
						38717.9487179487,
						1,
						128.205128205128
					],
					[
						37435.8974358974,
						1,
						0,
						"Glitch"
					],
					[
						37435.8974358974,
						2,
						0
					],
					[
						37692.3076923077,
						2,
						0
					],
					[
						37948.717948718,
						0,
						0
					],
					[
						38205.1282051282,
						0,
						0
					]
				],
				"typeOfSection": 0,
				"gfSection": false,
				"altAnim": false,
				"mustHitSection": true,
				"changeBPM": false,
				"bpm": 117
			},
			{
				"sectionBeats": 4,
				"sectionNotes": [
					[
						38974.358974359,
						3,
						384.615384615385
					],
					[
						39487.1794871795,
						0,
						641.025641025641
					],
					[
						40512.8205128205,
						3,
						128.205128205128
					],
					[
						40769.2307692308,
						1,
						128.205128205128
					],
					[
						39487.1794871795,
						1,
						0,
						"Glitch"
					],
					[
						40256.4102564103,
						2,
						0
					]
				],
				"typeOfSection": 0,
				"gfSection": false,
				"altAnim": false,
				"mustHitSection": true,
				"changeBPM": false,
				"bpm": 117
			},
			{
				"sectionBeats": 4,
				"sectionNotes": [
					[
						41025.641025641,
						0,
						384.615384615385
					],
					[
						41538.4615384616,
						2,
						641.025641025641
					],
					[
						42307.6923076923,
						3,
						128.205128205128
					],
					[
						42564.1025641026,
						1,
						128.205128205128
					],
					[
						42820.5128205128,
						0,
						128.205128205128
					],
					[
						41538.4615384616,
						1,
						0,
						"Glitch"
					],
					[
						42820.5128205128,
						2,
						0,
						"Glitch"
					]
				],
				"typeOfSection": 0,
				"gfSection": false,
				"altAnim": false,
				"mustHitSection": true,
				"changeBPM": false,
				"bpm": 117
			},
			{
				"sectionBeats": 4,
				"sectionNotes": [
					[
						43589.7435897436,
						2,
						128.205128205128
					],
					[
						43846.1538461539,
						0,
						384.615384615385
					],
					[
						44615.3846153846,
						3,
						128.205128205128
					],
					[
						44871.7948717949,
						1,
						128.205128205128
					],
					[
						43846.1538461539,
						1,
						0,
						"Glitch"
					],
					[
						43333.3333333334,
						3,
						0
					],
					[
						44358.9743589744,
						2,
						0
					]
				],
				"typeOfSection": 0,
				"gfSection": false,
				"altAnim": false,
				"mustHitSection": true,
				"changeBPM": false,
				"bpm": 117
			},
			{
				"sectionBeats": 4,
				"sectionNotes": [
					[
						45128.2051282051,
						0,
						384.615384615385
					],
					[
						45641.0256410257,
						2,
						641.025641025641
					],
					[
						46410.2564102564,
						3,
						128.205128205128
					],
					[
						46666.6666666667,
						1,
						128.205128205128
					],
					[
						46923.0769230769,
						0,
						384.615384615385
					],
					[
						45641.0256410257,
						1,
						0,
						"Glitch"
					],
					[
						46666.6666666667,
						2,
						0,
						"Glitch"
					]
				],
				"typeOfSection": 0,
				"gfSection": false,
				"altAnim": false,
				"mustHitSection": true,
				"changeBPM": false,
				"bpm": 117
			},
			{
				"sectionBeats": 4,
				"sectionNotes": [
					[
						47435.8974358975,
						3,
						128.205128205128
					],
					[
						47692.3076923077,
						0,
						128.205128205128
					],
					[
						47948.717948718,
						2,
						128.205128205128
					],
					[
						48717.9487179487,
						1,
						128.205128205128
					],
					[
						48205.1282051282,
						0,
						0
					],
					[
						48461.5384615385,
						0,
						0
					],
					[
						48974.358974359,
						2,
						0
					]
				],
				"typeOfSection": 0,
				"gfSection": false,
				"altAnim": false,
				"mustHitSection": true,
				"changeBPM": false,
				"bpm": 117
			},
			{
				"sectionBeats": 4,
				"sectionNotes": [
					[
						49230.7692307693,
						0,
						384.615384615385
					],
					[
						50512.8205128205,
						0,
						128.205128205128
					],
					[
						50769.2307692308,
						1,
						128.205128205128
					],
					[
						51025.6410256411,
						0,
						128.205128205128
					],
					[
						50000,
						1,
						0
					],
					[
						49743.5897435898,
						3,
						0
					]
				],
				"typeOfSection": 0,
				"gfSection": false,
				"altAnim": false,
				"mustHitSection": true,
				"changeBPM": false,
				"bpm": 117
			},
			{
				"sectionBeats": 4,
				"sectionNotes": [
					[
						51794.8717948718,
						3,
						128.205128205128
					],
					[
						52051.2820512821,
						0,
						128.205128205128
					],
					[
						53076.9230769231,
						1,
						0
					],
					[
						52852.5641025641,
						3,
						128.205128205128
					],
					[
						51282.0512820513,
						2,
						384.615384615385
					],
					[
						52606.8376068376,
						3,
						0
					],
					[
						53205.1282051282,
						2,
						0
					]
				],
				"typeOfSection": 0,
				"gfSection": false,
				"altAnim": false,
				"mustHitSection": true,
				"changeBPM": false,
				"bpm": 117
			},
			{
				"sectionBeats": 4,
				"sectionNotes": [
					[
						53589.7435897436,
						0,
						128.205128205128
					],
					[
						53846.1538461539,
						2,
						0
					],
					[
						54102.5641025641,
						2,
						0
					],
					[
						54871.7948717949,
						3,
						128.205128205128
					],
					[
						55128.2051282052,
						1,
						128.205128205128
					],
					[
						54358.9743589744,
						0,
						0
					],
					[
						54615.3846153846,
						0,
						0
					]
				],
				"typeOfSection": 0,
				"gfSection": false,
				"altAnim": false,
				"mustHitSection": true,
				"changeBPM": false,
				"bpm": 117
			},
			{
				"sectionBeats": 4,
				"sectionNotes": [
					[
						55384.6153846154,
						3,
						256.410256410256
					],
					[
						55897.4358974359,
						1,
						641.025641025641
					],
					[
						56666.6666666667,
						0,
						128.205128205128
					],
					[
						56923.076923077,
						1,
						128.205128205128
					],
					[
						57179.4871794872,
						3,
						384.615384615385
					]
				],
				"typeOfSection": 0,
				"gfSection": false,
				"altAnim": false,
				"mustHitSection": true,
				"changeBPM": false,
				"bpm": 117
			},
			{
				"sectionBeats": 4,
				"sectionNotes": [
					[
						57692.3076923077,
						0,
						128.205128205128
					],
					[
						57948.717948718,
						2,
						128.205128205128
					],
					[
						58205.1282051282,
						0,
						384.615384615385
					],
					[
						58717.9487179488,
						3,
						128.205128205128
					],
					[
						58974.358974359,
						1,
						128.205128205128
					],
					[
						59230.7692307693,
						3,
						384.615384615385
					],
					[
						57692.3076923077,
						1,
						0,
						"Glitch"
					],
					[
						58717.9487179488,
						2,
						0,
						"Glitch"
					]
				],
				"typeOfSection": 0,
				"gfSection": false,
				"altAnim": false,
				"mustHitSection": true,
				"changeBPM": false,
				"bpm": 117
			},
			{
				"sectionBeats": 4,
				"sectionNotes": [
					[
						59743.5897435898,
						0,
						128.205128205128
					],
					[
						60000,
						2,
						128.205128205128
					],
					[
						61025.6410256411,
						2,
						128.205128205128
					],
					[
						61282.0512820513,
						0,
						384.615384615385
					],
					[
						60769.2307692308,
						3,
						128.205128205128
					],
					[
						60256.4102564103,
						1,
						256.410256410256
					]
				],
				"typeOfSection": 0,
				"gfSection": false,
				"altAnim": false,
				"mustHitSection": true,
				"changeBPM": false,
				"bpm": 117
			},
			{
				"sectionBeats": 4,
				"sectionNotes": [
					[
						61794.8717948718,
						3,
						128.205128205128
					],
					[
						62051.2820512821,
						0,
						128.205128205128
					],
					[
						62307.6923076923,
						2,
						128.205128205128
					],
					[
						62564.1025641026,
						0,
						128.205128205128
					],
					[
						62820.5128205129,
						2,
						128.205128205128
					],
					[
						63076.9230769231,
						0,
						128.205128205128
					],
					[
						63333.3333333334,
						2,
						384.615384615385
					]
				],
				"typeOfSection": 0,
				"gfSection": false,
				"altAnim": false,
				"mustHitSection": true,
				"changeBPM": false,
				"bpm": 117
			},
			{
				"sectionBeats": 4,
				"sectionNotes": [
					[
						63846.1538461539,
						0,
						128.205128205128
					],
					[
						64102.5641025642,
						3,
						128.205128205128
					],
					[
						64358.9743589744,
						1,
						384.615384615385
					],
					[
						64871.7948717949,
						0,
						128.205128205128
					],
					[
						65128.2051282052,
						1,
						128.205128205128
					],
					[
						65384.6153846154,
						3,
						384.615384615385
					]
				],
				"typeOfSection": 0,
				"gfSection": false,
				"altAnim": false,
				"mustHitSection": true,
				"changeBPM": false,
				"bpm": 117
			},
			{
				"sectionBeats": 4,
				"sectionNotes": [
					[
						65897.4358974359,
						0,
						128.205128205128
					],
					[
						66153.8461538462,
						2,
						128.205128205128
					],
					[
						66410.2564102565,
						1,
						384.615384615385
					],
					[
						66923.076923077,
						3,
						128.205128205128
					],
					[
						67179.4871794872,
						0,
						128.205128205128
					],
					[
						67435.8974358975,
						3,
						384.615384615385
					]
				],
				"typeOfSection": 0,
				"gfSection": false,
				"altAnim": false,
				"mustHitSection": true,
				"changeBPM": false,
				"bpm": 117
			},
			{
				"sectionBeats": 4,
				"sectionNotes": [
					[
						67948.717948718,
						0,
						128.205128205128
					],
					[
						68205.1282051282,
						3,
						128.205128205128
					],
					[
						68461.5384615385,
						0,
						384.615384615385
					],
					[
						68974.358974359,
						2,
						128.205128205128
					],
					[
						69230.7692307693,
						0,
						128.205128205128
					],
					[
						69487.1794871795,
						2,
						0
					]
				],
				"typeOfSection": 0,
				"gfSection": false,
				"altAnim": false,
				"mustHitSection": true,
				"changeBPM": false,
				"bpm": 117
			},
			{
				"sectionBeats": 4,
				"sectionNotes": [
					[
						70769.2307692308,
						2,
						128.205128205128
					],
					[
						71025.6410256411,
						0,
						128.205128205128
					],
					[
						71282.0512820513,
						3,
						128.205128205128
					],
					[
						71538.4615384616,
						0,
						128.205128205128
					],
					[
						69743.5897435898,
						2,
						0
					],
					[
						70256.4102564103,
						0,
						0
					],
					[
						70512.8205128205,
						0,
						0
					],
					[
						70000,
						1,
						0
					]
				],
				"typeOfSection": 0,
				"gfSection": false,
				"altAnim": false,
				"mustHitSection": true,
				"changeBPM": false,
				"bpm": 117
			},
			{
				"sectionBeats": 4,
				"sectionNotes": [
					[
						72820.5128205129,
						2,
						0
					],
					[
						71794.8717948718,
						3,
						0
					],
					[
						72307.6923076923,
						0,
						0
					],
					[
						73333.3333333334,
						1,
						0
					]
				],
				"typeOfSection": 0,
				"gfSection": false,
				"altAnim": false,
				"mustHitSection": true,
				"changeBPM": false,
				"bpm": 117
			},
			{
				"sectionBeats": 4,
				"sectionNotes": [
					[
						73846.1538461539,
						3,
						256.410256410256
					],
					[
						74358.9743589744,
						3,
						0
					],
					[
						74615.3846153846,
						0,
						0
					],
					[
						74871.7948717949,
						1,
						0
					],
					[
						75128.2051282052,
						0,
						0
					],
					[
						75384.6153846154,
						2,
						0
					],
					[
						75641.0256410257,
						0,
						0
					]
				],
				"typeOfSection": 0,
				"gfSection": false,
				"altAnim": false,
				"mustHitSection": true,
				"changeBPM": false,
				"bpm": 117
			},
			{
				"sectionBeats": 4,
				"sectionNotes": [
					[
						75897.4358974359,
						2,
						0
					],
					[
						76153.8461538462,
						0,
						0
					],
					[
						76410.2564102564,
						2,
						0
					],
					[
						76666.6666666667,
						0,
						0
					],
					[
						76923.076923077,
						1,
						384.615384615385
					],
					[
						77692.3076923077,
						0,
						0
					]
				],
				"typeOfSection": 0,
				"gfSection": false,
				"altAnim": false,
				"mustHitSection": true,
				"changeBPM": false,
				"bpm": 117
			},
			{
				"sectionBeats": 4,
				"sectionNotes": [
					[
						79487.1794871795,
						2,
						128.205128205128
					],
					[
						79743.5897435898,
						0,
						128.205128205128
					],
					[
						77948.717948718,
						2,
						0
					],
					[
						78205.1282051282,
						0,
						0
					],
					[
						78461.5384615385,
						2,
						0
					],
					[
						78717.9487179487,
						0,
						0
					],
					[
						78974.358974359,
						1,
						0
					],
					[
						79230.7692307692,
						0,
						0
					]
				],
				"typeOfSection": 0,
				"gfSection": false,
				"altAnim": false,
				"mustHitSection": true,
				"changeBPM": false,
				"bpm": 117
			},
			{
				"sectionBeats": 4,
				"sectionNotes": [
					[
						80000,
						2,
						128.205128205128
					],
					[
						80512.8205128205,
						0,
						128.205128205128
					],
					[
						80769.2307692308,
						2,
						128.205128205128
					],
					[
						81025.641025641,
						0,
						128.205128205128
					],
					[
						81282.0512820513,
						1,
						128.205128205128
					],
					[
						81538.4615384615,
						2,
						128.205128205128
					],
					[
						81794.8717948718,
						0,
						128.205128205128
					],
					[
						80256.4102564103,
						1,
						0
					]
				],
				"typeOfSection": 0,
				"gfSection": false,
				"altAnim": false,
				"mustHitSection": true,
				"changeBPM": false,
				"bpm": 117
			},
			{
				"sectionBeats": 4,
				"sectionNotes": [
					[
						82051.2820512821,
						3,
						256.410256410256
					],
					[
						82564.1025641026,
						3,
						0
					],
					[
						82820.5128205128,
						0,
						0
					],
					[
						83076.9230769231,
						1,
						0
					],
					[
						83333.3333333333,
						0,
						0
					],
					[
						83589.7435897436,
						2,
						0
					],
					[
						83846.1538461539,
						0,
						0
					]
				],
				"typeOfSection": 0,
				"gfSection": false,
				"altAnim": false,
				"mustHitSection": true,
				"changeBPM": false,
				"bpm": 117
			},
			{
				"sectionBeats": 4,
				"sectionNotes": [
					[
						85128.2051282051,
						0,
						384.615384615385
					],
					[
						84102.5641025641,
						2,
						0
					],
					[
						84358.9743589744,
						3,
						0
					],
					[
						84615.3846153846,
						2,
						0
					],
					[
						84871.7948717949,
						3,
						0
					],
					[
						85641.0256410256,
						2,
						0
					],
					[
						85897.4358974359,
						1,
						0
					]
				],
				"typeOfSection": 0,
				"gfSection": false,
				"altAnim": false,
				"mustHitSection": true,
				"changeBPM": false,
				"bpm": 117
			},
			{
				"sectionBeats": 4,
				"sectionNotes": [
					[
						86410.2564102564,
						0,
						128.205128205128
					],
					[
						86666.6666666667,
						2,
						128.205128205128
					],
					[
						86923.0769230769,
						0,
						384.615384615385
					],
					[
						87948.717948718,
						0,
						897.435897435897
					],
					[
						87435.8974358974,
						1,
						0
					],
					[
						87692.3076923077,
						2,
						0
					]
				],
				"typeOfSection": 0,
				"gfSection": false,
				"altAnim": false,
				"mustHitSection": true,
				"changeBPM": false,
				"bpm": 117
			},
			{
				"sectionBeats": 4,
				"sectionNotes": [
					[
						89230.7692307692,
						0,
						0
					],
					[
						89487.1794871795,
						1,
						0
					],
					[
						89743.5897435897,
						2,
						0
					],
					[
						90000,
						0,
						0
					]
				],
				"typeOfSection": 0,
				"gfSection": false,
				"altAnim": false,
				"mustHitSection": true,
				"changeBPM": false,
				"bpm": 117
			},
			{
				"sectionBeats": 4,
				"sectionNotes": [
					[
						90256.4102564103,
						3,
						128.205128205128
					],
					[
						90641.0256410256,
						3,
						128.205128205128
					],
					[
						91025.641025641,
						1,
						128.205128205128
					],
					[
						91538.4615384615,
						1,
						128.205128205128
					],
					[
						92051.282051282,
						0,
						384.615384615385
					]
				],
				"typeOfSection": 0,
				"gfSection": false,
				"altAnim": false,
				"mustHitSection": true,
				"changeBPM": false,
				"bpm": 117
			},
			{
				"sectionBeats": 4,
				"sectionNotes": [
					[
						93333.3333333333,
						2,
						384.615384615385
					],
					[
						93846.1538461538,
						0,
						384.615384615385
					]
				],
				"typeOfSection": 0,
				"gfSection": false,
				"altAnim": false,
				"mustHitSection": true,
				"changeBPM": false,
				"bpm": 117
			},
			{
				"sectionBeats": 4,
				"sectionNotes": [
					[
						94358.9743589743,
						3,
						128.205128205128
					],
					[
						94743.5897435897,
						3,
						128.205128205128
					],
					[
						95128.2051282051,
						1,
						128.205128205128
					],
					[
						95641.0256410256,
						1,
						128.205128205128
					],
					[
						96153.8461538461,
						3,
						384.615384615385
					]
				],
				"typeOfSection": 0,
				"gfSection": false,
				"altAnim": false,
				"mustHitSection": true,
				"changeBPM": false,
				"bpm": 117
			},
			{
				"sectionBeats": 4,
				"sectionNotes": [
					[
						97435.8974358974,
						3,
						384.615384615385
					],
					[
						97948.7179487179,
						0,
						384.615384615385
					]
				],
				"typeOfSection": 0,
				"gfSection": false,
				"altAnim": false,
				"mustHitSection": true,
				"changeBPM": false,
				"bpm": 117
			},
			{
				"sectionBeats": 4,
				"sectionNotes": [
					[
						98461.5384615384,
						3,
						128.205128205128
					],
					[
						98846.1538461538,
						3,
						128.205128205128
					],
					[
						100256.41025641,
						3,
						384.615384615385
					],
					[
						99230.7692307692,
						0,
						0
					],
					[
						99743.5897435897,
						2,
						0
					],
					[
						99743.5897435897,
						1,
						0
					]
				],
				"typeOfSection": 0,
				"gfSection": false,
				"altAnim": false,
				"mustHitSection": true,
				"changeBPM": false,
				"bpm": 117
			},
			{
				"sectionBeats": 4,
				"sectionNotes": [
					[
						101538.461538462,
						2,
						384.615384615385
					],
					[
						102051.282051282,
						0,
						384.615384615385
					]
				],
				"typeOfSection": 0,
				"gfSection": false,
				"altAnim": false,
				"mustHitSection": true,
				"changeBPM": false,
				"bpm": 117
			},
			{
				"sectionBeats": 4,
				"sectionNotes": [
					[
						102948.717948718,
						3,
						128.205128205128
					],
					[
						102564.102564103,
						3,
						128.205128205128
					],
					[
						103333.333333333,
						0,
						0
					],
					[
						103846.153846154,
						0,
						0
					],
					[
						103846.153846154,
						2,
						0
					]
				],
				"typeOfSection": 0,
				"gfSection": false,
				"altAnim": false,
				"mustHitSection": true,
				"changeBPM": false,
				"bpm": 117
			},
			{
				"sectionBeats": 4,
				"sectionNotes": [
					[
						104615.384615385,
						2,
						384.615384615385
					],
					[
						105128.205128205,
						1,
						256.410256410256
					],
					[
						105897.435897436,
						3,
						0
					],
					[
						106153.846153846,
						3,
						0
					],
					[
						106410.256410256,
						1,
						0
					]
				],
				"typeOfSection": 0,
				"gfSection": false,
				"altAnim": false,
				"mustHitSection": true,
				"changeBPM": false,
				"bpm": 117
			},
			{
				"sectionBeats": 4,
				"sectionNotes": [
					[
						107179.487179487,
						2,
						384.615384615385
					],
					[
						106666.666666667,
						0,
						256.410256410256
					],
					[
						107948.717948718,
						3,
						0
					],
					[
						108205.128205128,
						0,
						0
					],
					[
						108461.538461538,
						1,
						0
					]
				],
				"typeOfSection": 0,
				"gfSection": false,
				"altAnim": false,
				"mustHitSection": true,
				"changeBPM": false,
				"bpm": 117
			},
			{
				"sectionBeats": 4,
				"sectionNotes": [
					[
						108974.358974359,
						2,
						0
					],
					[
						109230.769230769,
						3,
						0
					],
					[
						109487.179487179,
						1,
						256.410256410256
					],
					[
						110000,
						3,
						0
					],
					[
						110256.41025641,
						3,
						0
					],
					[
						110512.82051282,
						1,
						0
					]
				],
				"typeOfSection": 0,
				"gfSection": false,
				"altAnim": false,
				"mustHitSection": true,
				"changeBPM": false,
				"bpm": 117
			},
			{
				"sectionBeats": 4,
				"sectionNotes": [
					[
						110769.230769231,
						0,
						384.615384615385
					],
					[
						111282.051282051,
						2,
						384.615384615385
					],
					[
						112051.282051282,
						3,
						0
					],
					[
						112307.692307692,
						1,
						0
					],
					[
						112564.102564103,
						0,
						256.410256410256
					]
				],
				"typeOfSection": 0,
				"gfSection": false,
				"altAnim": false,
				"mustHitSection": true,
				"changeBPM": false,
				"bpm": 117
			},
			{
				"sectionBeats": 4,
				"sectionNotes": [
					[
						113076.923076923,
						3,
						0
					],
					[
						113333.333333333,
						1,
						0
					],
					[
						113589.743589744,
						2,
						0
					],
					[
						114358.974358974,
						1,
						0
					],
					[
						114615.384615385,
						0,
						0
					],
					[
						113846.153846154,
						3,
						0
					],
					[
						114102.564102564,
						3,
						0
					]
				],
				"typeOfSection": 0,
				"gfSection": false,
				"altAnim": false,
				"mustHitSection": true,
				"changeBPM": false,
				"bpm": 117
			},
			{
				"typeOfSection": 0,
				"sectionNotes": [
					[
						115641.025641026,
						0,
						128.205128205128
					],
					[
						114871.794871795,
						2,
						384.615384615385
					],
					[
						115384.615384615,
						3,
						128.205128205128
					],
					[
						116410.256410256,
						1,
						0
					],
					[
						116153.846153846,
						2,
						0
					],
					[
						116666.666666667,
						3,
						0
					]
				],
				"sectionBeats": 4,
				"altAnim": false,
				"gfSection": false,
				"bpm": 117,
				"changeBPM": false,
				"mustHitSection": true
			},
			{
				"typeOfSection": 0,
				"sectionNotes": [
					[
						116923.076923077,
						0,
						384.615384615385
					],
					[
						118272.435897436,
						3,
						0
					],
					[
						118503.205128205,
						3,
						0
					],
					[
						118717.948717949,
						1,
						0
					],
					[
						117435.897435897,
						3,
						0
					],
					[
						117692.307692308,
						1,
						384.615384615385
					],
					[
						118846.153846154,
						0,
						0
					]
				],
				"sectionBeats": 4,
				"altAnim": false,
				"gfSection": false,
				"bpm": 117,
				"changeBPM": false,
				"mustHitSection": true
			},
			{
				"typeOfSection": 0,
				"sectionNotes": [
					[
						119230.769230769,
						0,
						0
					],
					[
						119487.179487179,
						2,
						0
					],
					[
						119743.58974359,
						2,
						0
					],
					[
						120000,
						3,
						0
					],
					[
						120256.41025641,
						3,
						0
					],
					[
						120512.82051282,
						2,
						0
					],
					[
						120769.230769231,
						1,
						0
					]
				],
				"sectionBeats": 4,
				"altAnim": false,
				"gfSection": false,
				"bpm": 117,
				"changeBPM": false,
				"mustHitSection": true
			},
			{
				"typeOfSection": 0,
				"sectionNotes": [
					[
						122051.282051282,
						2,
						384.615384615385
					],
					[
						122564.102564102,
						0,
						384.615384615385
					],
					[
						121025.641025641,
						0,
						256.410256410256
					],
					[
						121538.461538461,
						3,
						256.410256410256
					]
				],
				"sectionBeats": 4,
				"altAnim": false,
				"gfSection": false,
				"bpm": 117,
				"changeBPM": false,
				"mustHitSection": true
			},
			{
				"typeOfSection": 0,
				"sectionNotes": [
					[
						123076.923076923,
						2,
						0
					],
					[
						123589.743589744,
						2,
						0
					],
					[
						124102.564102564,
						2,
						0
					],
					[
						123205.128205128,
						1,
						0
					],
					[
						123717.948717949,
						1,
						0
					],
					[
						124230.769230769,
						1,
						0
					],
					[
						124615.384615385,
						3,
						128.205128205128
					]
				],
				"sectionBeats": 4,
				"altAnim": false,
				"gfSection": false,
				"bpm": 117,
				"changeBPM": false,
				"mustHitSection": true
			},
			{
				"typeOfSection": 0,
				"sectionNotes": [
					[
						125128.205128205,
						2,
						0
					],
					[
						126153.846153846,
						2,
						0
					],
					[
						125256.41025641,
						1,
						0
					],
					[
						125641.025641026,
						2,
						0
					],
					[
						125769.230769231,
						1,
						0
					],
					[
						126282.051282051,
						1,
						0
					],
					[
						126666.666666667,
						3,
						384.615384615385
					]
				],
				"sectionBeats": 4,
				"altAnim": false,
				"gfSection": false,
				"bpm": 117,
				"changeBPM": false,
				"mustHitSection": true
			},
			{
				"typeOfSection": 0,
				"sectionNotes": [
					[
						128205.128205128,
						3,
						128.205128205128
					],
					[
						128461.538461538,
						0,
						128.205128205128
					],
					[
						128717.948717949,
						2,
						128.205128205128
					],
					[
						128974.358974359,
						0,
						128.205128205128
					],
					[
						127435.897435897,
						1,
						0
					],
					[
						127692.307692308,
						2,
						256.410256410256
					]
				],
				"sectionBeats": 4,
				"altAnim": false,
				"gfSection": false,
				"bpm": 117,
				"changeBPM": false,
				"mustHitSection": true
			},
			{
				"typeOfSection": 0,
				"sectionNotes": [
					[
						129230.769230769,
						1,
						128.205128205128
					],
					[
						129487.179487179,
						0,
						128.205128205128
					],
					[
						130512.82051282,
						2,
						128.205128205128
					],
					[
						130769.230769231,
						0,
						128.205128205128
					],
					[
						130000,
						3,
						256.410256410256
					]
				],
				"sectionBeats": 4,
				"altAnim": false,
				"gfSection": false,
				"bpm": 117,
				"changeBPM": false,
				"mustHitSection": true
			},
			{
				"typeOfSection": 0,
				"sectionNotes": [
					[
						131282.051282051,
						2,
						0
					],
					[
						131794.871794872,
						2,
						0
					],
					[
						132307.692307692,
						2,
						0
					],
					[
						132820.512820513,
						0,
						256.410256410256
					],
					[
						131410.256410256,
						1,
						0
					],
					[
						131923.076923077,
						1,
						0
					],
					[
						132435.897435897,
						1,
						0
					]
				],
				"sectionBeats": 4,
				"altAnim": false,
				"gfSection": false,
				"bpm": 117,
				"changeBPM": false,
				"mustHitSection": true
			},
			{
				"typeOfSection": 0,
				"sectionNotes": [
					[
						133333.333333333,
						2,
						0
					],
					[
						133846.153846154,
						2,
						0
					],
					[
						134871.794871795,
						3,
						0
					],
					[
						133461.538461538,
						1,
						0
					],
					[
						133974.358974359,
						1,
						0
					],
					[
						134358.974358974,
						2,
						0
					],
					[
						134487.179487179,
						1,
						0
					],
					[
						135000,
						0,
						256.410256410256
					]
				],
				"sectionBeats": 4,
				"altAnim": false,
				"gfSection": false,
				"bpm": 117,
				"changeBPM": false,
				"mustHitSection": true
			},
			{
				"typeOfSection": 0,
				"sectionNotes": [
					[
						137179.487179487,
						2,
						384.615384615385
					],
					[
						135641.025641026,
						1,
						0
					],
					[
						135897.435897436,
						1,
						0
					],
					[
						136153.846153846,
						2,
						0
					],
					[
						136410.256410256,
						0,
						0
					],
					[
						136666.666666667,
						1,
						0
					],
					[
						136923.076923077,
						0,
						0
					]
				],
				"sectionBeats": 4,
				"altAnim": false,
				"gfSection": false,
				"bpm": 117,
				"changeBPM": false,
				"mustHitSection": true
			},
			{
				"typeOfSection": 0,
				"sectionNotes": [
					[
						137692.307692308,
						0,
						384.615384615385
					],
					[
						138205.128205128,
						3,
						384.615384615385
					],
					[
						138717.948717949,
						0,
						0
					],
					[
						138974.358974359,
						2,
						0
					],
					[
						139230.769230769,
						0,
						0
					]
				],
				"sectionBeats": 4,
				"altAnim": false,
				"gfSection": false,
				"bpm": 117,
				"changeBPM": false,
				"mustHitSection": true
			},
			{
				"typeOfSection": 0,
				"sectionNotes": [
					[
						139487.179487179,
						3,
						256.410256410256
					],
					[
						140000,
						3,
						0
					],
					[
						140256.41025641,
						0,
						0
					],
					[
						140512.82051282,
						1,
						0
					],
					[
						140769.230769231,
						0,
						0
					],
					[
						141025.641025641,
						2,
						0
					],
					[
						141282.051282051,
						1,
						0
					]
				],
				"sectionBeats": 4,
				"altAnim": false,
				"gfSection": false,
				"bpm": 117,
				"changeBPM": false,
				"mustHitSection": true
			},
			{
				"typeOfSection": 0,
				"sectionNotes": [
					[
						141538.461538462,
						2,
						0
					],
					[
						141794.871794872,
						0,
						0
					],
					[
						142051.282051282,
						2,
						0
					],
					[
						142307.692307692,
						0,
						0
					],
					[
						142564.102564103,
						0,
						384.615384615385
					],
					[
						143333.333333333,
						0,
						0
					]
				],
				"sectionBeats": 4,
				"altAnim": false,
				"gfSection": false,
				"bpm": 117,
				"changeBPM": false,
				"mustHitSection": true
			},
			{
				"typeOfSection": 0,
				"sectionNotes": [
					[
						143589.743589744,
						2,
						0
					],
					[
						143846.153846154,
						0,
						0
					],
					[
						144102.564102564,
						2,
						0
					],
					[
						144358.974358974,
						0,
						0
					],
					[
						144615.384615385,
						1,
						0
					],
					[
						144871.794871795,
						0,
						0
					],
					[
						145128.205128205,
						2,
						0
					],
					[
						145384.615384615,
						0,
						0
					]
				],
				"sectionBeats": 4,
				"altAnim": false,
				"gfSection": false,
				"bpm": 117,
				"changeBPM": false,
				"mustHitSection": true
			},
			{
				"typeOfSection": 0,
				"sectionNotes": [
					[
						145641.025641026,
						2,
						0
					],
					[
						145897.435897436,
						0,
						0
					],
					[
						146153.846153846,
						0,
						0
					],
					[
						146410.256410256,
						2,
						0
					],
					[
						146666.666666667,
						0,
						0
					],
					[
						146923.076923077,
						1,
						0
					],
					[
						147179.487179487,
						2,
						0
					],
					[
						147435.897435897,
						0,
						0
					]
				],
				"sectionBeats": 4,
				"altAnim": false,
				"gfSection": false,
				"bpm": 117,
				"changeBPM": false,
				"mustHitSection": true
			},
			{
				"typeOfSection": 0,
				"sectionNotes": [
					[
						147692.307692308,
						3,
						256.410256410256
					],
					[
						148205.128205128,
						3,
						128.205128205128
					],
					[
						148461.538461538,
						1,
						0
					],
					[
						148974.358974359,
						1,
						0
					],
					[
						149487.179487179,
						0,
						0
					],
					[
						148717.948717949,
						0,
						0
					],
					[
						149230.769230769,
						3,
						0
					]
				],
				"sectionBeats": 4,
				"altAnim": false,
				"gfSection": false,
				"bpm": 117,
				"changeBPM": false,
				"mustHitSection": true
			},
			{
				"typeOfSection": 0,
				"sectionNotes": [
					[
						150769.230769231,
						0,
						384.615384615385
					],
					[
						149743.58974359,
						2,
						0
					],
					[
						150000,
						1,
						0
					],
					[
						150256.41025641,
						2,
						0
					],
					[
						150512.820512821,
						1,
						0
					],
					[
						151282.051282051,
						2,
						0
					],
					[
						151538.461538462,
						3,
						0
					]
				],
				"sectionBeats": 4,
				"altAnim": false,
				"gfSection": false,
				"bpm": 117,
				"changeBPM": false,
				"mustHitSection": true
			},
			{
				"typeOfSection": 0,
				"sectionNotes": [
					[
						152564.102564103,
						0,
						256.410256410257
					],
					[
						152051.282051282,
						0,
						0
					],
					[
						152307.692307692,
						2,
						0
					],
					[
						153076.923076923,
						1,
						0
					],
					[
						153333.333333333,
						2,
						0
					],
					[
						153589.743589744,
						3,
						769.230769230769
					]
				],
				"sectionBeats": 4,
				"altAnim": false,
				"gfSection": false,
				"bpm": 117,
				"changeBPM": false,
				"mustHitSection": true
			},
			{
				"typeOfSection": 0,
				"sectionNotes": [
					[
						154871.794871795,
						0,
						0
					],
					[
						155128.205128205,
						1,
						0
					],
					[
						155384.615384615,
						2,
						0
					],
					[
						155641.025641026,
						0,
						0
					]
				],
				"sectionBeats": 4,
				"altAnim": false,
				"gfSection": false,
				"bpm": 117,
				"changeBPM": false,
				"mustHitSection": true
			},
			{
				"typeOfSection": 0,
				"sectionNotes": [
					[
						157179.487179487,
						1,
						384.615384615385
					],
					[
						157692.307692308,
						3,
						384.615384615384
					],
					[
						155897.435897436,
						3,
						0
					],
					[
						156282.051282051,
						3,
						0
					],
					[
						156666.666666667,
						1,
						0
					]
				],
				"sectionBeats": 4,
				"altAnim": false,
				"gfSection": false,
				"bpm": 117,
				"changeBPM": false,
				"mustHitSection": true
			},
			{
				"typeOfSection": 0,
				"sectionNotes": [
					[
						158974.358974359,
						2,
						384.615384615385
					],
					[
						159487.17948718,
						1,
						384.615384615385
					]
				],
				"sectionBeats": 4,
				"altAnim": false,
				"gfSection": false,
				"bpm": 117,
				"changeBPM": false,
				"mustHitSection": true
			},
			{
				"typeOfSection": 0,
				"sectionNotes": [
					[
						160769.230769231,
						1,
						128.205128205128
					],
					[
						161282.051282051,
						1,
						128.205128205128
					],
					[
						160000,
						3,
						0
					],
					[
						160384.615384615,
						3,
						0
					],
					[
						161794.871794872,
						0,
						384.615384615385
					]
				],
				"sectionBeats": 4,
				"altAnim": false,
				"gfSection": false,
				"bpm": 117,
				"changeBPM": false,
				"mustHitSection": true
			},
			{
				"typeOfSection": 0,
				"sectionNotes": [
					[
						163076.923076923,
						3,
						384.615384615385
					],
					[
						163589.743589744,
						0,
						384.615384615385
					]
				],
				"sectionBeats": 4,
				"altAnim": false,
				"gfSection": false,
				"bpm": 117,
				"changeBPM": false,
				"mustHitSection": true
			},
			{
				"typeOfSection": 0,
				"sectionNotes": [
					[
						164102.564102564,
						3,
						128.205128205128
					],
					[
						164487.17948718,
						3,
						128.205128205128
					],
					[
						164871.794871795,
						1,
						256.410256410256
					],
					[
						165384.615384615,
						1,
						256.410256410256
					],
					[
						165897.435897436,
						0,
						384.615384615385
					]
				],
				"sectionBeats": 4,
				"altAnim": false,
				"gfSection": false,
				"bpm": 117,
				"changeBPM": false,
				"mustHitSection": true
			},
			{
				"typeOfSection": 0,
				"sectionNotes": [
					[
						167179.487179487,
						2,
						384.615384615385
					],
					[
						167692.307692308,
						1,
						384.615384615385
					]
				],
				"sectionBeats": 4,
				"altAnim": false,
				"gfSection": false,
				"bpm": 117,
				"changeBPM": false,
				"mustHitSection": true
			},
			{
				"typeOfSection": 0,
				"sectionNotes": [
					[
						168205.128205128,
						3,
						128.205128205128
					],
					[
						168589.743589744,
						3,
						128.205128205128
					],
					[
						168974.358974359,
						1,
						128.205128205128
					],
					[
						169487.17948718,
						1,
						128.205128205128
					]
				],
				"sectionBeats": 4,
				"altAnim": false,
				"gfSection": false,
				"bpm": 117,
				"changeBPM": false,
				"mustHitSection": true
			},
			{
				"typeOfSection": 0,
				"sectionNotes": [
					[
						170256.41025641,
						2,
						256.410256410256
					],
					[
						170769.230769231,
						1,
						256.410256410256
					],
					[
						171282.051282051,
						3,
						384.615384615385
					],
					[
						171794.871794872,
						0,
						384.615384615385
					]
				],
				"sectionBeats": 4,
				"altAnim": false,
				"gfSection": false,
				"bpm": 117,
				"changeBPM": false,
				"mustHitSection": true
			},
			{
				"typeOfSection": 0,
				"sectionNotes": [],
				"sectionBeats": 4,
				"altAnim": false,
				"gfSection": false,
				"bpm": 117,
				"changeBPM": false,
				"mustHitSection": true
			},
			{
				"typeOfSection": 0,
				"sectionNotes": [
					[
						174358.974358974,
						3,
						256.410256410256
					],
					[
						175128.205128205,
						0,
						0
					],
					[
						174871.794871795,
						3,
						0
					],
					[
						175384.615384616,
						1,
						0
					],
					[
						175641.025641026,
						0,
						0
					],
					[
						175897.435897436,
						2,
						0
					],
					[
						176153.846153846,
						0,
						0
					]
				],
				"sectionBeats": 4,
				"altAnim": false,
				"gfSection": false,
				"bpm": 117,
				"changeBPM": false,
				"mustHitSection": true
			},
			{
				"typeOfSection": 0,
				"sectionNotes": [
					[
						176410.256410257,
						2,
						0
					],
					[
						176666.666666667,
						0,
						0
					],
					[
						176923.076923077,
						2,
						0
					],
					[
						177179.487179487,
						1,
						0
					],
					[
						177435.897435898,
						3,
						384.615384615385
					],
					[
						178205.128205128,
						0,
						0
					]
				],
				"sectionBeats": 4,
				"altAnim": false,
				"gfSection": false,
				"bpm": 117,
				"changeBPM": false,
				"mustHitSection": true
			},
			{
				"typeOfSection": 0,
				"sectionNotes": [
					[
						178461.538461539,
						2,
						0
					],
					[
						178717.948717949,
						0,
						0
					],
					[
						178974.358974359,
						2,
						0
					],
					[
						179230.769230769,
						0,
						0
					],
					[
						179487.17948718,
						1,
						0
					],
					[
						179743.58974359,
						3,
						0
					],
					[
						180000,
						2,
						0
					],
					[
						180256.41025641,
						3,
						0
					]
				],
				"sectionBeats": 4,
				"altAnim": false,
				"gfSection": false,
				"bpm": 117,
				"changeBPM": false,
				"mustHitSection": true
			},
			{
				"typeOfSection": 0,
				"sectionNotes": [
					[
						180769.230769231,
						1,
						0
					],
					[
						180512.820512821,
						2,
						0
					],
					[
						181025.641025641,
						0,
						0
					],
					[
						181282.051282051,
						3,
						0
					],
					[
						181538.461538462,
						1,
						0
					],
					[
						181794.871794872,
						2,
						0
					],
					[
						182051.282051282,
						1,
						0
					],
					[
						182307.692307692,
						0,
						0
					]
				],
				"sectionBeats": 4,
				"altAnim": false,
				"gfSection": false,
				"bpm": 117,
				"changeBPM": false,
				"mustHitSection": true
			},
			{
				"typeOfSection": 0,
				"sectionNotes": [
					[
						182564.102564103,
						3,
						256.410256410256
					],
					[
						183076.923076923,
						3,
						0
					],
					[
						183333.333333334,
						0,
						0
					],
					[
						183589.743589744,
						1,
						0
					],
					[
						183846.153846154,
						0,
						0
					],
					[
						184102.564102564,
						1,
						0
					],
					[
						184358.974358975,
						3,
						0
					]
				],
				"sectionBeats": 4,
				"altAnim": false,
				"gfSection": false,
				"bpm": 117,
				"changeBPM": false,
				"mustHitSection": true
			},
			{
				"typeOfSection": 0,
				"sectionNotes": [
					[
						185641.025641026,
						0,
						384.615384615385
					],
					[
						184615.384615385,
						2,
						0
					],
					[
						184871.794871795,
						3,
						0
					],
					[
						185128.205128205,
						2,
						0
					],
					[
						185384.615384616,
						3,
						0
					],
					[
						186153.846153846,
						2,
						0
					],
					[
						186410.256410257,
						3,
						384.615384615385
					]
				],
				"sectionBeats": 4,
				"altAnim": false,
				"gfSection": false,
				"bpm": 117,
				"changeBPM": false,
				"mustHitSection": true
			},
			{
				"typeOfSection": 0,
				"sectionNotes": [
					[
						188461.538461539,
						2,
						384.615384615385
					],
					[
						188205.128205128,
						0,
						0
					]
				],
				"sectionBeats": 4,
				"altAnim": false,
				"gfSection": false,
				"bpm": 117,
				"changeBPM": false,
				"mustHitSection": true
			},
			{
				"typeOfSection": 0,
				"sectionNotes": [
					[
						188974.358974359,
						0,
						256.410256410256
					],
					[
						189487.17948718,
						3,
						384.615384615385
					],
					[
						190000,
						1,
						0
					],
					[
						190256.41025641,
						0,
						0
					],
					[
						190512.820512821,
						2,
						0
					]
				],
				"sectionBeats": 4,
				"altAnim": false,
				"gfSection": false,
				"bpm": 117,
				"changeBPM": false,
				"mustHitSection": true
			},
			{
				"typeOfSection": 0,
				"sectionNotes": [
					[
						191282.051282051,
						3,
						0
					],
					[
						190769.230769231,
						3,
						256.410256410256
					],
					[
						191538.461538462,
						0,
						0
					],
					[
						191794.871794872,
						1,
						0
					],
					[
						192051.282051282,
						0,
						0
					],
					[
						192307.692307693,
						2,
						0
					],
					[
						192564.102564103,
						0,
						0
					]
				],
				"sectionBeats": 4,
				"altAnim": false,
				"gfSection": false,
				"bpm": 117,
				"changeBPM": false,
				"mustHitSection": true
			},
			{
				"typeOfSection": 0,
				"sectionNotes": [
					[
						193846.153846154,
						0,
						512.820512820513
					],
					[
						192820.512820513,
						2,
						0
					],
					[
						193076.923076923,
						3,
						0
					],
					[
						193589.743589744,
						3,
						0
					],
					[
						193333.333333334,
						2,
						0
					],
					[
						194615.384615385,
						1,
						0
					]
				],
				"sectionBeats": 4,
				"altAnim": false,
				"gfSection": false,
				"bpm": 117,
				"changeBPM": false,
				"mustHitSection": true
			},
			{
				"typeOfSection": 0,
				"sectionNotes": [
					[
						194871.794871795,
						2,
						0
					],
					[
						195128.205128205,
						0,
						0
					],
					[
						195384.615384616,
						2,
						0
					],
					[
						195641.025641026,
						3,
						0
					],
					[
						195897.435897436,
						1,
						0
					],
					[
						196153.846153846,
						3,
						0
					],
					[
						196410.256410257,
						2,
						0
					],
					[
						196666.666666667,
						0,
						0
					]
				],
				"sectionBeats": 4,
				"altAnim": false,
				"gfSection": false,
				"bpm": 117,
				"changeBPM": false,
				"mustHitSection": true
			},
			{
				"typeOfSection": 0,
				"sectionNotes": [
					[
						197179.487179487,
						3,
						0
					],
					[
						197435.897435898,
						3,
						0
					],
					[
						196923.076923077,
						2,
						0
					],
					[
						197692.307692308,
						2,
						0
					],
					[
						197948.717948718,
						0,
						0
					],
					[
						198205.128205128,
						1,
						0
					],
					[
						198461.538461539,
						2,
						0
					],
					[
						198717.948717949,
						0,
						0
					]
				],
				"sectionBeats": 4,
				"altAnim": false,
				"gfSection": false,
				"bpm": 117,
				"changeBPM": false,
				"mustHitSection": true
			},
			{
				"typeOfSection": 0,
				"sectionNotes": [
					[
						198974.358974359,
						3,
						256.410256410256
					],
					[
						199487.17948718,
						3,
						128.205128205128
					],
					[
						199743.58974359,
						1,
						0
					],
					[
						200000,
						2,
						0
					],
					[
						200256.410256411,
						1,
						0
					],
					[
						200512.820512821,
						2,
						0
					],
					[
						200769.230769231,
						0,
						0
					]
				],
				"sectionBeats": 4,
				"altAnim": false,
				"gfSection": false,
				"bpm": 117,
				"changeBPM": false,
				"mustHitSection": true
			},
			{
				"typeOfSection": 0,
				"sectionNotes": [
					[
						202051.282051282,
						0,
						384.615384615385
					],
					[
						201025.641025641,
						2,
						0
					],
					[
						201282.051282052,
						3,
						0
					],
					[
						201538.461538462,
						2,
						0
					],
					[
						201794.871794872,
						3,
						0
					],
					[
						202564.102564103,
						2,
						0
					],
					[
						202820.512820513,
						3,
						256.410256410256
					]
				],
				"sectionBeats": 4,
				"altAnim": false,
				"gfSection": false,
				"bpm": 117,
				"changeBPM": false,
				"mustHitSection": true
			},
			{
				"typeOfSection": 0,
				"sectionNotes": [
					[
						204871.794871795,
						0,
						641.025641025649
					],
					[
						203333.333333334,
						0,
						0
					],
					[
						203589.743589744,
						2,
						0
					],
					[
						203846.153846154,
						3,
						256.410256410256
					],
					[
						204358.974358975,
						1,
						0
					],
					[
						204615.384615385,
						2,
						0
					]
				],
				"sectionBeats": 4,
				"altAnim": false,
				"gfSection": false,
				"bpm": 117,
				"changeBPM": false,
				"mustHitSection": true
			},
			{
				"typeOfSection": 0,
				"sectionNotes": [],
				"sectionBeats": 4,
				"altAnim": false,
				"gfSection": false,
				"bpm": 117,
				"changeBPM": false,
				"mustHitSection": true
			},
			{
				"typeOfSection": 0,
				"sectionNotes": [],
				"sectionBeats": 4,
				"altAnim": false,
				"gfSection": false,
				"bpm": 117,
				"changeBPM": false,
				"mustHitSection": true
			},
			{
				"typeOfSection": 0,
				"sectionNotes": [],
				"sectionBeats": 4,
				"altAnim": false,
				"gfSection": false,
				"bpm": 117,
				"changeBPM": false,
				"mustHitSection": true
			},
			{
				"typeOfSection": 0,
				"sectionNotes": [],
				"sectionBeats": 4,
				"altAnim": false,
				"gfSection": false,
				"bpm": 117,
				"changeBPM": false,
				"mustHitSection": true
			},
			{
				"typeOfSection": 0,
				"sectionNotes": [],
				"sectionBeats": 4,
				"altAnim": false,
				"gfSection": false,
				"bpm": 117,
				"changeBPM": false,
				"mustHitSection": true
			},
			{
				"typeOfSection": 0,
				"sectionNotes": [],
				"sectionBeats": 4,
				"altAnim": false,
				"gfSection": false,
				"bpm": 117,
				"changeBPM": false,
				"mustHitSection": true
			},
			{
				"typeOfSection": 0,
				"sectionNotes": [],
				"sectionBeats": 4,
				"altAnim": false,
				"gfSection": false,
				"bpm": 117,
				"changeBPM": false,
				"mustHitSection": true
			},
			{
				"sectionBeats": 4,
				"sectionNotes": [],
				"typeOfSection": 0,
				"gfSection": false,
				"altAnim": false,
				"mustHitSection": true,
				"changeBPM": false,
				"bpm": 117
			},
			{
				"sectionBeats": 4,
				"sectionNotes": [],
				"typeOfSection": 0,
				"gfSection": false,
				"altAnim": false,
				"mustHitSection": true,
				"changeBPM": false,
				"bpm": 117
			},
			{
				"sectionBeats": 4,
				"sectionNotes": [],
				"typeOfSection": 0,
				"gfSection": false,
				"altAnim": false,
				"mustHitSection": true,
				"changeBPM": false,
				"bpm": 117
			},
			{
				"sectionBeats": 4,
				"sectionNotes": [],
				"typeOfSection": 0,
				"gfSection": false,
				"altAnim": false,
				"mustHitSection": true,
				"changeBPM": false,
				"bpm": 117
			},
			{
				"sectionBeats": 4,
				"sectionNotes": [],
				"typeOfSection": 0,
				"gfSection": false,
				"altAnim": false,
				"mustHitSection": true,
				"changeBPM": false,
				"bpm": 117
			},
			{
				"sectionBeats": 4,
				"sectionNotes": [],
				"typeOfSection": 0,
				"gfSection": false,
				"altAnim": false,
				"mustHitSection": true,
				"changeBPM": false,
				"bpm": 117
			},
			{
				"sectionBeats": 4,
				"sectionNotes": [],
				"typeOfSection": 0,
				"gfSection": false,
				"altAnim": false,
				"mustHitSection": true,
				"changeBPM": false,
				"bpm": 117
			},
			{
				"typeOfSection": 0,
				"sectionNotes": [],
				"sectionBeats": 4,
				"altAnim": false,
				"gfSection": false,
				"bpm": 117,
				"changeBPM": false,
				"mustHitSection": true
			},
			{
				"typeOfSection": 0,
				"sectionNotes": [],
				"sectionBeats": 4,
				"altAnim": false,
				"gfSection": false,
				"bpm": 117,
				"changeBPM": false,
				"mustHitSection": true
			},
			{
				"typeOfSection": 0,
				"sectionNotes": [],
				"sectionBeats": 4,
				"altAnim": false,
				"gfSection": false,
				"bpm": 117,
				"changeBPM": false,
				"mustHitSection": true
			},
			{
				"typeOfSection": 0,
				"sectionNotes": [],
				"sectionBeats": 4,
				"altAnim": false,
				"gfSection": false,
				"bpm": 117,
				"changeBPM": false,
				"mustHitSection": true
			},
			{
				"typeOfSection": 0,
				"sectionNotes": [],
				"sectionBeats": 4,
				"altAnim": false,
				"gfSection": false,
				"bpm": 117,
				"changeBPM": false,
				"mustHitSection": true
			},
			{
				"typeOfSection": 0,
				"sectionNotes": [],
				"sectionBeats": 4,
				"altAnim": false,
				"gfSection": false,
				"bpm": 117,
				"changeBPM": false,
				"mustHitSection": true
			},
			{
				"typeOfSection": 0,
				"sectionNotes": [],
				"sectionBeats": 4,
				"altAnim": false,
				"gfSection": false,
				"bpm": 117,
				"changeBPM": false,
				"mustHitSection": true
			},
			{
				"typeOfSection": 0,
				"sectionNotes": [],
				"sectionBeats": 4,
				"altAnim": false,
				"gfSection": false,
				"bpm": 117,
				"changeBPM": false,
				"mustHitSection": true
			},
			{
				"typeOfSection": 0,
				"sectionNotes": [],
				"sectionBeats": 4,
				"altAnim": false,
				"gfSection": false,
				"bpm": 117,
				"changeBPM": false,
				"mustHitSection": true
			},
			{
				"typeOfSection": 0,
				"sectionNotes": [],
				"sectionBeats": 4,
				"altAnim": false,
				"gfSection": false,
				"bpm": 117,
				"changeBPM": false,
				"mustHitSection": true
			},
			{
				"sectionBeats": 4,
				"sectionNotes": [],
				"typeOfSection": 0,
				"gfSection": false,
				"altAnim": false,
				"mustHitSection": true,
				"changeBPM": false,
				"bpm": 117
			},
			{
				"sectionBeats": 4,
				"sectionNotes": [],
				"typeOfSection": 0,
				"gfSection": false,
				"altAnim": false,
				"mustHitSection": true,
				"changeBPM": false,
				"bpm": 117
			},
			{
				"typeOfSection": 0,
				"sectionNotes": [],
				"sectionBeats": 4,
				"altAnim": false,
				"gfSection": false,
				"bpm": 117,
				"changeBPM": false,
				"mustHitSection": true
			},
			{
				"typeOfSection": 0,
				"sectionNotes": [],
				"sectionBeats": 4,
				"altAnim": false,
				"gfSection": false,
				"bpm": 117,
				"changeBPM": false,
				"mustHitSection": true
			},
			{
				"typeOfSection": 0,
				"sectionNotes": [],
				"sectionBeats": 4,
				"altAnim": false,
				"gfSection": false,
				"bpm": 117,
				"changeBPM": false,
				"mustHitSection": true
			},
			{
				"typeOfSection": 0,
				"sectionNotes": [],
				"sectionBeats": 4,
				"altAnim": false,
				"gfSection": false,
				"bpm": 117,
				"changeBPM": false,
				"mustHitSection": true
			},
			{
				"typeOfSection": 0,
				"sectionNotes": [],
				"sectionBeats": 4,
				"altAnim": false,
				"gfSection": false,
				"bpm": 117,
				"changeBPM": false,
				"mustHitSection": true
			},
			{
				"sectionBeats": 4,
				"sectionNotes": [],
				"typeOfSection": 0,
				"gfSection": false,
				"altAnim": false,
				"mustHitSection": true,
				"changeBPM": false,
				"bpm": 117
			},
			{
				"sectionBeats": 4,
				"sectionNotes": [],
				"typeOfSection": 0,
				"gfSection": false,
				"altAnim": false,
				"mustHitSection": true,
				"changeBPM": false,
				"bpm": 117
			},
			{
				"sectionBeats": 4,
				"sectionNotes": [],
				"typeOfSection": 0,
				"gfSection": false,
				"altAnim": false,
				"mustHitSection": true,
				"changeBPM": false,
				"bpm": 117
			},
			{
				"sectionBeats": 4,
				"sectionNotes": [],
				"typeOfSection": 0,
				"gfSection": false,
				"altAnim": false,
				"mustHitSection": true,
				"changeBPM": false,
				"bpm": 117
			},
			{
				"sectionBeats": 4,
				"sectionNotes": [],
				"typeOfSection": 0,
				"gfSection": false,
				"altAnim": false,
				"mustHitSection": true,
				"changeBPM": false,
				"bpm": 117
			},
			{
				"sectionBeats": 4,
				"sectionNotes": [],
				"typeOfSection": 0,
				"gfSection": false,
				"altAnim": false,
				"mustHitSection": true,
				"changeBPM": false,
				"bpm": 117
			},
			{
				"sectionBeats": 4,
				"sectionNotes": [],
				"typeOfSection": 0,
				"gfSection": false,
				"altAnim": false,
				"mustHitSection": true,
				"changeBPM": false,
				"bpm": 117
			},
			{
				"sectionBeats": 4,
				"sectionNotes": [],
				"typeOfSection": 0,
				"gfSection": false,
				"altAnim": false,
				"mustHitSection": true,
				"changeBPM": false,
				"bpm": 117
			},
			{
				"sectionBeats": 4,
				"sectionNotes": [],
				"typeOfSection": 0,
				"gfSection": false,
				"altAnim": false,
				"mustHitSection": true,
				"changeBPM": false,
				"bpm": 117
			},
			{
				"gfSection": false,
				"altAnim": false,
				"typeOfSection": 0,
				"sectionNotes": [],
				"bpm": 117,
				"sectionBeats": 4,
				"changeBPM": false,
				"mustHitSection": true
			},
			{
				"gfSection": false,
				"altAnim": false,
				"typeOfSection": 0,
				"sectionNotes": [],
				"bpm": 117,
				"sectionBeats": 4,
				"changeBPM": false,
				"mustHitSection": true
			},
			{
				"gfSection": false,
				"altAnim": false,
				"typeOfSection": 0,
				"sectionNotes": [],
				"bpm": 117,
				"sectionBeats": 4,
				"changeBPM": false,
				"mustHitSection": true
			},
			{
				"gfSection": false,
				"altAnim": false,
				"typeOfSection": 0,
				"sectionNotes": [],
				"bpm": 117,
				"sectionBeats": 4,
				"changeBPM": false,
				"mustHitSection": true
			},
			{
				"gfSection": false,
				"altAnim": false,
				"typeOfSection": 0,
				"sectionNotes": [],
				"bpm": 117,
				"sectionBeats": 4,
				"changeBPM": false,
				"mustHitSection": true
			},
			{
				"gfSection": false,
				"altAnim": false,
				"typeOfSection": 0,
				"sectionNotes": [],
				"bpm": 117,
				"sectionBeats": 4,
				"changeBPM": false,
				"mustHitSection": true
			},
			{
				"gfSection": false,
				"altAnim": false,
				"typeOfSection": 0,
				"sectionNotes": [],
				"bpm": 117,
				"sectionBeats": 4,
				"changeBPM": false,
				"mustHitSection": true
			}
		],
		"events": [],
		"player2": "itsukiv3",
		"splashSkin": "NOTE_splashes_itsuki",
		"song": "Midnight-snack",
		"needsVoices": true,
		"arrowSkin": "NOTE_assets_itsuki",
		"stage": "itsuki-night-dancer",
		"validScore": true,
		"bpm": 117,
		"speed": 1.7
	}
}