﻿<?xml version="1.0" encoding="utf-8"?>
<TextureAtlas imagePath="Ram_assets.png">
	<!-- Created with Adobe Animate version 19.2.1.408 -->
	<!-- http://www.adobe.com/products/animate.html -->
	<SubTexture name="Ram Idle0000" x="0" y="0" width="292" height="630" frameX="0" frameY="-8" frameWidth="292" frameHeight="638"/>
	<SubTexture name="Ram Idle0001" x="0" y="0" width="292" height="630" frameX="0" frameY="-8" frameWidth="292" frameHeight="638"/>
	<SubTexture name="Ram Idle0002" x="292" y="0" width="277" height="638" frameX="-12" frameY="0" frameWidth="292" frameHeight="638"/>
	<SubTexture name="Ram Idle0003" x="292" y="0" width="277" height="638" frameX="-12" frameY="0" frameWidth="292" frameHeight="638"/>
	<SubTexture name="Ram Idle0004" x="569" y="0" width="267" height="634" frameX="-17" frameY="-4" frameWidth="292" frameHeight="638"/>
	<SubTexture name="Ram Idle0005" x="569" y="0" width="267" height="634" frameX="-17" frameY="-4" frameWidth="292" frameHeight="638"/>
	<SubTexture name="Ram Idle0006" x="569" y="0" width="267" height="634" frameX="-17" frameY="-4" frameWidth="292" frameHeight="638"/>
	<SubTexture name="Ram Idle0007" x="569" y="0" width="267" height="634" frameX="-17" frameY="-4" frameWidth="292" frameHeight="638"/>
	<SubTexture name="Ram Idle0008" x="569" y="0" width="267" height="634" frameX="-17" frameY="-4" frameWidth="292" frameHeight="638"/>
	<SubTexture name="Ram Idle0009" x="569" y="0" width="267" height="634" frameX="-17" frameY="-4" frameWidth="292" frameHeight="638"/>
	<SubTexture name="Ram Idle0010" x="569" y="0" width="267" height="634" frameX="-17" frameY="-4" frameWidth="292" frameHeight="638"/>
	<SubTexture name="Ram Idle0011" x="569" y="0" width="267" height="634" frameX="-17" frameY="-4" frameWidth="292" frameHeight="638"/>
	<SubTexture name="Ram Idle0012" x="569" y="0" width="267" height="634" frameX="-17" frameY="-4" frameWidth="292" frameHeight="638"/>
	<SubTexture name="Ram Idle0013" x="569" y="0" width="267" height="634" frameX="-17" frameY="-4" frameWidth="292" frameHeight="638"/>
	<SubTexture name="Ram Idle0014" x="569" y="0" width="267" height="634" frameX="-17" frameY="-4" frameWidth="292" frameHeight="638"/>
	<SubTexture name="Ram Idle0015" x="569" y="0" width="267" height="634" frameX="-17" frameY="-4" frameWidth="292" frameHeight="638"/>
	<SubTexture name="Ram Idle0016" x="569" y="0" width="267" height="634" frameX="-17" frameY="-4" frameWidth="292" frameHeight="638"/>
	<SubTexture name="Ram Sing Down0000" x="836" y="0" width="291" height="607" frameX="0" frameY="-21" frameWidth="291" frameHeight="628"/>
	<SubTexture name="Ram Sing Down0001" x="836" y="0" width="291" height="607" frameX="0" frameY="-21" frameWidth="291" frameHeight="628"/>
	<SubTexture name="Ram Sing Down0002" x="1127" y="0" width="277" height="622" frameX="-14" frameY="-5" frameWidth="291" frameHeight="628"/>
	<SubTexture name="Ram Sing Down0003" x="1127" y="0" width="277" height="622" frameX="-14" frameY="-5" frameWidth="291" frameHeight="628"/>
	<SubTexture name="Ram Sing Down0004" x="1404" y="0" width="265" height="628" frameX="-26" frameY="0" frameWidth="291" frameHeight="628"/>
	<SubTexture name="Ram Sing Down0005" x="1404" y="0" width="265" height="628" frameX="-26" frameY="0" frameWidth="291" frameHeight="628"/>
	<SubTexture name="Ram Sing Down0006" x="1404" y="0" width="265" height="628" frameX="-26" frameY="0" frameWidth="291" frameHeight="628"/>
	<SubTexture name="Ram Sing Down0007" x="1404" y="0" width="265" height="628" frameX="-26" frameY="0" frameWidth="291" frameHeight="628"/>
	<SubTexture name="Ram Sing Down0008" x="1404" y="0" width="265" height="628" frameX="-26" frameY="0" frameWidth="291" frameHeight="628"/>
	<SubTexture name="Ram Sing Down0009" x="1404" y="0" width="265" height="628" frameX="-26" frameY="0" frameWidth="291" frameHeight="628"/>
	<SubTexture name="Ram Sing Down0010" x="1404" y="0" width="265" height="628" frameX="-26" frameY="0" frameWidth="291" frameHeight="628"/>
	<SubTexture name="Ram Sing Down0011" x="1404" y="0" width="265" height="628" frameX="-26" frameY="0" frameWidth="291" frameHeight="628"/>
	<SubTexture name="Ram Sing Down0012" x="1404" y="0" width="265" height="628" frameX="-26" frameY="0" frameWidth="291" frameHeight="628"/>
	<SubTexture name="Ram Sing Down0013" x="1404" y="0" width="265" height="628" frameX="-26" frameY="0" frameWidth="291" frameHeight="628"/>
	<SubTexture name="Ram Sing Down0014" x="1404" y="0" width="265" height="628" frameX="-26" frameY="0" frameWidth="291" frameHeight="628"/>
	<SubTexture name="Ram Sing Down0015" x="1404" y="0" width="265" height="628" frameX="-26" frameY="0" frameWidth="291" frameHeight="628"/>
	<SubTexture name="Ram Sing Down MISS0000" x="1669" y="0" width="291" height="614" frameX="0" frameY="-3" frameWidth="291" frameHeight="617"/>
	<SubTexture name="Ram Sing Down MISS0001" x="1960" y="0" width="291" height="597" frameX="0" frameY="-19" frameWidth="291" frameHeight="617"/>
	<SubTexture name="Ram Sing Down MISS0002" x="1960" y="0" width="291" height="597" frameX="0" frameY="-19" frameWidth="291" frameHeight="617"/>
	<SubTexture name="Ram Sing Down MISS0003" x="2251" y="0" width="291" height="617"/>
	<SubTexture name="Ram Sing Down MISS0004" x="2251" y="0" width="291" height="617"/>
	<SubTexture name="Ram Sing Down MISS0005" x="2251" y="0" width="291" height="617"/>
	<SubTexture name="Ram Sing Down MISS0006" x="2251" y="0" width="291" height="617"/>
	<SubTexture name="Ram Sing Down MISS0007" x="2251" y="0" width="291" height="617"/>
	<SubTexture name="Ram Sing Down MISS0008" x="2251" y="0" width="291" height="617"/>
	<SubTexture name="Ram Sing Down MISS0009" x="2251" y="0" width="291" height="617"/>
	<SubTexture name="Ram Sing Down MISS0010" x="2251" y="0" width="291" height="617"/>
	<SubTexture name="Ram Sing Down MISS0011" x="2251" y="0" width="291" height="617"/>
	<SubTexture name="Ram Sing Down MISS0012" x="2251" y="0" width="291" height="617"/>
	<SubTexture name="Ram Sing Down MISS0013" x="2251" y="0" width="291" height="617"/>
	<SubTexture name="Ram Sing Down MISS0014" x="2251" y="0" width="291" height="617"/>
	<SubTexture name="Ram Sing Down MISS0015" x="2251" y="0" width="291" height="617"/>
	<SubTexture name="Ram Sing Left0000" x="2542" y="0" width="335" height="625" frameX="0" frameY="-3" frameWidth="335" frameHeight="628"/>
	<SubTexture name="Ram Sing Left0001" x="2542" y="0" width="335" height="625" frameX="0" frameY="-3" frameWidth="335" frameHeight="628"/>
	<SubTexture name="Ram Sing Left0002" x="2877" y="0" width="319" height="621" frameX="-16" frameY="-7" frameWidth="335" frameHeight="628"/>
	<SubTexture name="Ram Sing Left0003" x="2877" y="0" width="319" height="621" frameX="-16" frameY="-7" frameWidth="335" frameHeight="628"/>
	<SubTexture name="Ram Sing Left0004" x="3196" y="0" width="300" height="626" frameX="-35" frameY="-2" frameWidth="335" frameHeight="628"/>
	<SubTexture name="Ram Sing Left0005" x="3196" y="0" width="300" height="626" frameX="-35" frameY="-2" frameWidth="335" frameHeight="628"/>
	<SubTexture name="Ram Sing Left0006" x="3496" y="0" width="282" height="628" frameX="-53" frameY="0" frameWidth="335" frameHeight="628"/>
	<SubTexture name="Ram Sing Left0007" x="3496" y="0" width="282" height="628" frameX="-53" frameY="0" frameWidth="335" frameHeight="628"/>
	<SubTexture name="Ram Sing Left0008" x="3496" y="0" width="282" height="628" frameX="-53" frameY="0" frameWidth="335" frameHeight="628"/>
	<SubTexture name="Ram Sing Left0009" x="3496" y="0" width="282" height="628" frameX="-53" frameY="0" frameWidth="335" frameHeight="628"/>
	<SubTexture name="Ram Sing Left0010" x="3496" y="0" width="282" height="628" frameX="-53" frameY="0" frameWidth="335" frameHeight="628"/>
	<SubTexture name="Ram Sing Left0011" x="3496" y="0" width="282" height="628" frameX="-53" frameY="0" frameWidth="335" frameHeight="628"/>
	<SubTexture name="Ram Sing Left0012" x="3496" y="0" width="282" height="628" frameX="-53" frameY="0" frameWidth="335" frameHeight="628"/>
	<SubTexture name="Ram Sing Left0013" x="3496" y="0" width="282" height="628" frameX="-53" frameY="0" frameWidth="335" frameHeight="628"/>
	<SubTexture name="Ram Sing Left0014" x="3496" y="0" width="282" height="628" frameX="-53" frameY="0" frameWidth="335" frameHeight="628"/>
	<SubTexture name="Ram Sing Left0015" x="3496" y="0" width="282" height="628" frameX="-53" frameY="0" frameWidth="335" frameHeight="628"/>
	<SubTexture name="Ram Sing Left0016" x="3496" y="0" width="282" height="628" frameX="-53" frameY="0" frameWidth="335" frameHeight="628"/>
	<SubTexture name="Ram Sing Left MISS0000" x="0" y="638" width="335" height="620"/>
	<SubTexture name="Ram Sing Left MISS0001" x="335" y="638" width="319" height="609" frameX="-16" frameY="-11" frameWidth="335" frameHeight="620"/>
	<SubTexture name="Ram Sing Left MISS0002" x="335" y="638" width="319" height="609" frameX="-16" frameY="-11" frameWidth="335" frameHeight="620"/>
	<SubTexture name="Ram Sing Left MISS0003" x="654" y="638" width="319" height="620" frameX="-16" frameY="0" frameWidth="335" frameHeight="620"/>
	<SubTexture name="Ram Sing Left MISS0004" x="654" y="638" width="319" height="620" frameX="-16" frameY="0" frameWidth="335" frameHeight="620"/>
	<SubTexture name="Ram Sing Left MISS0005" x="654" y="638" width="319" height="620" frameX="-16" frameY="0" frameWidth="335" frameHeight="620"/>
	<SubTexture name="Ram Sing Left MISS0006" x="654" y="638" width="319" height="620" frameX="-16" frameY="0" frameWidth="335" frameHeight="620"/>
	<SubTexture name="Ram Sing Left MISS0007" x="654" y="638" width="319" height="620" frameX="-16" frameY="0" frameWidth="335" frameHeight="620"/>
	<SubTexture name="Ram Sing Left MISS0008" x="654" y="638" width="319" height="620" frameX="-16" frameY="0" frameWidth="335" frameHeight="620"/>
	<SubTexture name="Ram Sing Left MISS0009" x="654" y="638" width="319" height="620" frameX="-16" frameY="0" frameWidth="335" frameHeight="620"/>
	<SubTexture name="Ram Sing Left MISS0010" x="654" y="638" width="319" height="620" frameX="-16" frameY="0" frameWidth="335" frameHeight="620"/>
	<SubTexture name="Ram Sing Left MISS0011" x="654" y="638" width="319" height="620" frameX="-16" frameY="0" frameWidth="335" frameHeight="620"/>
	<SubTexture name="Ram Sing Left MISS0012" x="654" y="638" width="319" height="620" frameX="-16" frameY="0" frameWidth="335" frameHeight="620"/>
	<SubTexture name="Ram Sing Left MISS0013" x="654" y="638" width="319" height="620" frameX="-16" frameY="0" frameWidth="335" frameHeight="620"/>
	<SubTexture name="Ram Sing Left MISS0014" x="654" y="638" width="319" height="620" frameX="-16" frameY="0" frameWidth="335" frameHeight="620"/>
	<SubTexture name="Ram Sing Left MISS0015" x="654" y="638" width="319" height="620" frameX="-16" frameY="0" frameWidth="335" frameHeight="620"/>
	<SubTexture name="Ram Sing Left MISS0016" x="654" y="638" width="319" height="620" frameX="-16" frameY="0" frameWidth="335" frameHeight="620"/>
	<SubTexture name="Ram Sing Right0000" x="973" y="638" width="328" height="653"/>
	<SubTexture name="Ram Sing Right0001" x="973" y="638" width="328" height="653"/>
	<SubTexture name="Ram Sing Right0002" x="1301" y="638" width="317" height="653" frameX="0" frameY="0" frameWidth="328" frameHeight="653"/>
	<SubTexture name="Ram Sing Right0003" x="1301" y="638" width="317" height="653" frameX="0" frameY="0" frameWidth="328" frameHeight="653"/>
	<SubTexture name="Ram Sing Right0004" x="1618" y="638" width="315" height="642" frameX="0" frameY="-11" frameWidth="328" frameHeight="653"/>
	<SubTexture name="Ram Sing Right0005" x="1618" y="638" width="315" height="642" frameX="0" frameY="-11" frameWidth="328" frameHeight="653"/>
	<SubTexture name="Ram Sing Right0006" x="1933" y="638" width="303" height="640" frameX="0" frameY="-13" frameWidth="328" frameHeight="653"/>
	<SubTexture name="Ram Sing Right0007" x="1933" y="638" width="303" height="640" frameX="0" frameY="-13" frameWidth="328" frameHeight="653"/>
	<SubTexture name="Ram Sing Right0008" x="1933" y="638" width="303" height="640" frameX="0" frameY="-13" frameWidth="328" frameHeight="653"/>
	<SubTexture name="Ram Sing Right0009" x="1933" y="638" width="303" height="640" frameX="0" frameY="-13" frameWidth="328" frameHeight="653"/>
	<SubTexture name="Ram Sing Right0010" x="1933" y="638" width="303" height="640" frameX="0" frameY="-13" frameWidth="328" frameHeight="653"/>
	<SubTexture name="Ram Sing Right0011" x="1933" y="638" width="303" height="640" frameX="0" frameY="-13" frameWidth="328" frameHeight="653"/>
	<SubTexture name="Ram Sing Right0012" x="1933" y="638" width="303" height="640" frameX="0" frameY="-13" frameWidth="328" frameHeight="653"/>
	<SubTexture name="Ram Sing Right0013" x="1933" y="638" width="303" height="640" frameX="0" frameY="-13" frameWidth="328" frameHeight="653"/>
	<SubTexture name="Ram Sing Right0014" x="1933" y="638" width="303" height="640" frameX="0" frameY="-13" frameWidth="328" frameHeight="653"/>
	<SubTexture name="Ram Sing Right0015" x="1933" y="638" width="303" height="640" frameX="0" frameY="-13" frameWidth="328" frameHeight="653"/>
	<SubTexture name="Ram Sing Right0016" x="1933" y="638" width="303" height="640" frameX="0" frameY="-13" frameWidth="328" frameHeight="653"/>
	<SubTexture name="Ram Sing Right MISS0000" x="2236" y="638" width="328" height="653" frameX="0" frameY="0" frameWidth="331" frameHeight="653"/>
	<SubTexture name="Ram Sing Right MISS0001" x="2564" y="638" width="330" height="635" frameX="-1" frameY="-18" frameWidth="331" frameHeight="653"/>
	<SubTexture name="Ram Sing Right MISS0002" x="2564" y="638" width="330" height="635" frameX="-1" frameY="-18" frameWidth="331" frameHeight="653"/>
	<SubTexture name="Ram Sing Right MISS0003" x="2894" y="638" width="330" height="653" frameX="-1" frameY="0" frameWidth="331" frameHeight="653"/>
	<SubTexture name="Ram Sing Right MISS0004" x="2894" y="638" width="330" height="653" frameX="-1" frameY="0" frameWidth="331" frameHeight="653"/>
	<SubTexture name="Ram Sing Right MISS0005" x="2894" y="638" width="330" height="653" frameX="-1" frameY="0" frameWidth="331" frameHeight="653"/>
	<SubTexture name="Ram Sing Right MISS0006" x="2894" y="638" width="330" height="653" frameX="-1" frameY="0" frameWidth="331" frameHeight="653"/>
	<SubTexture name="Ram Sing Right MISS0007" x="2894" y="638" width="330" height="653" frameX="-1" frameY="0" frameWidth="331" frameHeight="653"/>
	<SubTexture name="Ram Sing Right MISS0008" x="2894" y="638" width="330" height="653" frameX="-1" frameY="0" frameWidth="331" frameHeight="653"/>
	<SubTexture name="Ram Sing Right MISS0009" x="2894" y="638" width="330" height="653" frameX="-1" frameY="0" frameWidth="331" frameHeight="653"/>
	<SubTexture name="Ram Sing Right MISS0010" x="2894" y="638" width="330" height="653" frameX="-1" frameY="0" frameWidth="331" frameHeight="653"/>
	<SubTexture name="Ram Sing Right MISS0011" x="2894" y="638" width="330" height="653" frameX="-1" frameY="0" frameWidth="331" frameHeight="653"/>
	<SubTexture name="Ram Sing Right MISS0012" x="2894" y="638" width="330" height="653" frameX="-1" frameY="0" frameWidth="331" frameHeight="653"/>
	<SubTexture name="Ram Sing Right MISS0013" x="2894" y="638" width="330" height="653" frameX="-1" frameY="0" frameWidth="331" frameHeight="653"/>
	<SubTexture name="Ram Sing Right MISS0014" x="2894" y="638" width="330" height="653" frameX="-1" frameY="0" frameWidth="331" frameHeight="653"/>
	<SubTexture name="Ram Sing Right MISS0015" x="2894" y="638" width="330" height="653" frameX="-1" frameY="0" frameWidth="331" frameHeight="653"/>
	<SubTexture name="Ram Sing Right MISS0016" x="2894" y="638" width="330" height="653" frameX="-1" frameY="0" frameWidth="331" frameHeight="653"/>
	<SubTexture name="Ram Sing Up0000" x="3224" y="638" width="307" height="687"/>
	<SubTexture name="Ram Sing Up0001" x="3224" y="638" width="307" height="687"/>
	<SubTexture name="Ram Sing Up0002" x="3531" y="638" width="287" height="660" frameX="0" frameY="-27" frameWidth="307" frameHeight="687"/>
	<SubTexture name="Ram Sing Up0003" x="3531" y="638" width="287" height="660" frameX="0" frameY="-27" frameWidth="307" frameHeight="687"/>
	<SubTexture name="Ram Sing Up0004" x="3818" y="638" width="268" height="635" frameX="0" frameY="-52" frameWidth="307" frameHeight="687"/>
	<SubTexture name="Ram Sing Up0005" x="3818" y="638" width="268" height="635" frameX="0" frameY="-52" frameWidth="307" frameHeight="687"/>
	<SubTexture name="Ram Sing Up0006" x="3818" y="638" width="268" height="635" frameX="0" frameY="-52" frameWidth="307" frameHeight="687"/>
	<SubTexture name="Ram Sing Up0007" x="3818" y="638" width="268" height="635" frameX="0" frameY="-52" frameWidth="307" frameHeight="687"/>
	<SubTexture name="Ram Sing Up0008" x="3818" y="638" width="268" height="635" frameX="0" frameY="-52" frameWidth="307" frameHeight="687"/>
	<SubTexture name="Ram Sing Up0009" x="3818" y="638" width="268" height="635" frameX="0" frameY="-52" frameWidth="307" frameHeight="687"/>
	<SubTexture name="Ram Sing Up0010" x="3818" y="638" width="268" height="635" frameX="0" frameY="-52" frameWidth="307" frameHeight="687"/>
	<SubTexture name="Ram Sing Up0011" x="3818" y="638" width="268" height="635" frameX="0" frameY="-52" frameWidth="307" frameHeight="687"/>
	<SubTexture name="Ram Sing Up0012" x="3818" y="638" width="268" height="635" frameX="0" frameY="-52" frameWidth="307" frameHeight="687"/>
	<SubTexture name="Ram Sing Up0013" x="3818" y="638" width="268" height="635" frameX="0" frameY="-52" frameWidth="307" frameHeight="687"/>
	<SubTexture name="Ram Sing Up0014" x="3818" y="638" width="268" height="635" frameX="0" frameY="-52" frameWidth="307" frameHeight="687"/>
	<SubTexture name="Ram Sing Up0015" x="3818" y="638" width="268" height="635" frameX="0" frameY="-52" frameWidth="307" frameHeight="687"/>
	<SubTexture name="Ram Sing Up0016" x="3818" y="638" width="268" height="635" frameX="0" frameY="-52" frameWidth="307" frameHeight="687"/>
	<SubTexture name="Ram Sing Up MISS0000" x="0" y="1325" width="307" height="689" frameX="0" frameY="0" frameWidth="307" frameHeight="690"/>
	<SubTexture name="Ram Sing Up MISS0001" x="307" y="1325" width="307" height="668" frameX="0" frameY="-22" frameWidth="307" frameHeight="690"/>
	<SubTexture name="Ram Sing Up MISS0002" x="307" y="1325" width="307" height="668" frameX="0" frameY="-22" frameWidth="307" frameHeight="690"/>
	<SubTexture name="Ram Sing Up MISS0003" x="614" y="1325" width="307" height="678" frameX="0" frameY="-12" frameWidth="307" frameHeight="690"/>
	<SubTexture name="Ram Sing Up MISS0004" x="614" y="1325" width="307" height="678" frameX="0" frameY="-12" frameWidth="307" frameHeight="690"/>
	<SubTexture name="Ram Sing Up MISS0005" x="614" y="1325" width="307" height="678" frameX="0" frameY="-12" frameWidth="307" frameHeight="690"/>
	<SubTexture name="Ram Sing Up MISS0006" x="614" y="1325" width="307" height="678" frameX="0" frameY="-12" frameWidth="307" frameHeight="690"/>
	<SubTexture name="Ram Sing Up MISS0007" x="614" y="1325" width="307" height="678" frameX="0" frameY="-12" frameWidth="307" frameHeight="690"/>
	<SubTexture name="Ram Sing Up MISS0008" x="614" y="1325" width="307" height="678" frameX="0" frameY="-12" frameWidth="307" frameHeight="690"/>
	<SubTexture name="Ram Sing Up MISS0009" x="614" y="1325" width="307" height="678" frameX="0" frameY="-12" frameWidth="307" frameHeight="690"/>
	<SubTexture name="Ram Sing Up MISS0010" x="614" y="1325" width="307" height="678" frameX="0" frameY="-12" frameWidth="307" frameHeight="690"/>
	<SubTexture name="Ram Sing Up MISS0011" x="614" y="1325" width="307" height="678" frameX="0" frameY="-12" frameWidth="307" frameHeight="690"/>
	<SubTexture name="Ram Sing Up MISS0012" x="614" y="1325" width="307" height="678" frameX="0" frameY="-12" frameWidth="307" frameHeight="690"/>
	<SubTexture name="Ram Sing Up MISS0013" x="614" y="1325" width="307" height="678" frameX="0" frameY="-12" frameWidth="307" frameHeight="690"/>
	<SubTexture name="Ram Sing Up MISS0014" x="614" y="1325" width="307" height="678" frameX="0" frameY="-12" frameWidth="307" frameHeight="690"/>
	<SubTexture name="Ram Sing Up MISS0015" x="614" y="1325" width="307" height="678" frameX="0" frameY="-12" frameWidth="307" frameHeight="690"/>
	<SubTexture name="Ram Sing Up MISS0016" x="614" y="1325" width="307" height="678" frameX="0" frameY="-12" frameWidth="307" frameHeight="690"/>
</TextureAtlas>
