﻿<?xml version="1.0" encoding="utf-8"?>
<TextureAtlas imagePath="Rem_assets.png">
	<!-- Created with Adobe Animate version 19.2.1.408 -->
	<!-- http://www.adobe.com/products/animate.html -->
	<SubTexture name="Rem Idle0000" x="0" y="0" width="293" height="645" frameX="0" frameY="-8" frameWidth="293" frameHeight="653"/>
	<SubTexture name="Rem Idle0001" x="0" y="0" width="293" height="645" frameX="0" frameY="-8" frameWidth="293" frameHeight="653"/>
	<SubTexture name="Rem Idle0002" x="293" y="0" width="276" height="648" frameX="-8" frameY="-5" frameWidth="293" frameHeight="653"/>
	<SubTexture name="Rem Idle0003" x="293" y="0" width="276" height="648" frameX="-8" frameY="-5" frameWidth="293" frameHeight="653"/>
	<SubTexture name="Rem Idle0004" x="569" y="0" width="258" height="650" frameX="-16" frameY="-3" frameWidth="293" frameHeight="653"/>
	<SubTexture name="Rem Idle0005" x="569" y="0" width="258" height="650" frameX="-16" frameY="-3" frameWidth="293" frameHeight="653"/>
	<SubTexture name="Rem Idle0006" x="827" y="0" width="257" height="653" frameX="-16" frameY="0" frameWidth="293" frameHeight="653"/>
	<SubTexture name="Rem Idle0007" x="827" y="0" width="257" height="653" frameX="-16" frameY="0" frameWidth="293" frameHeight="653"/>
	<SubTexture name="Rem Idle0008" x="1084" y="0" width="255" height="650" frameX="-17" frameY="-3" frameWidth="293" frameHeight="653"/>
	<SubTexture name="Rem Idle0009" x="1084" y="0" width="255" height="650" frameX="-17" frameY="-3" frameWidth="293" frameHeight="653"/>
	<SubTexture name="Rem Idle0010" x="1084" y="0" width="255" height="650" frameX="-17" frameY="-3" frameWidth="293" frameHeight="653"/>
	<SubTexture name="Rem Idle0011" x="1084" y="0" width="255" height="650" frameX="-17" frameY="-3" frameWidth="293" frameHeight="653"/>
	<SubTexture name="Rem Idle0012" x="1084" y="0" width="255" height="650" frameX="-17" frameY="-3" frameWidth="293" frameHeight="653"/>
	<SubTexture name="Rem Idle0013" x="1084" y="0" width="255" height="650" frameX="-17" frameY="-3" frameWidth="293" frameHeight="653"/>
	<SubTexture name="Rem Idle0014" x="1084" y="0" width="255" height="650" frameX="-17" frameY="-3" frameWidth="293" frameHeight="653"/>
	<SubTexture name="Rem Idle0015" x="1084" y="0" width="255" height="650" frameX="-17" frameY="-3" frameWidth="293" frameHeight="653"/>
	<SubTexture name="Rem Idle0016" x="1084" y="0" width="255" height="650" frameX="-17" frameY="-3" frameWidth="293" frameHeight="653"/>
	<SubTexture name="Rem Sing Down0000" x="1339" y="0" width="290" height="628" frameX="0" frameY="-15" frameWidth="290" frameHeight="643"/>
	<SubTexture name="Rem Sing Down0001" x="1339" y="0" width="290" height="628" frameX="0" frameY="-15" frameWidth="290" frameHeight="643"/>
	<SubTexture name="Rem Sing Down0002" x="1629" y="0" width="276" height="632" frameX="-3" frameY="-11" frameWidth="290" frameHeight="643"/>
	<SubTexture name="Rem Sing Down0003" x="1629" y="0" width="276" height="632" frameX="-3" frameY="-11" frameWidth="290" frameHeight="643"/>
	<SubTexture name="Rem Sing Down0004" x="1905" y="0" width="264" height="634" frameX="-5" frameY="-9" frameWidth="290" frameHeight="643"/>
	<SubTexture name="Rem Sing Down0005" x="1905" y="0" width="264" height="634" frameX="-5" frameY="-9" frameWidth="290" frameHeight="643"/>
	<SubTexture name="Rem Sing Down0006" x="2169" y="0" width="255" height="636" frameX="-7" frameY="-7" frameWidth="290" frameHeight="643"/>
	<SubTexture name="Rem Sing Down0007" x="2424" y="0" width="255" height="643" frameX="-7" frameY="0" frameWidth="290" frameHeight="643"/>
	<SubTexture name="Rem Sing Down0008" x="2424" y="0" width="255" height="643" frameX="-7" frameY="0" frameWidth="290" frameHeight="643"/>
	<SubTexture name="Rem Sing Down0009" x="2424" y="0" width="255" height="643" frameX="-7" frameY="0" frameWidth="290" frameHeight="643"/>
	<SubTexture name="Rem Sing Down0010" x="2424" y="0" width="255" height="643" frameX="-7" frameY="0" frameWidth="290" frameHeight="643"/>
	<SubTexture name="Rem Sing Down0011" x="2424" y="0" width="255" height="643" frameX="-7" frameY="0" frameWidth="290" frameHeight="643"/>
	<SubTexture name="Rem Sing Down0012" x="2424" y="0" width="255" height="643" frameX="-7" frameY="0" frameWidth="290" frameHeight="643"/>
	<SubTexture name="Rem Sing Down0013" x="2424" y="0" width="255" height="643" frameX="-7" frameY="0" frameWidth="290" frameHeight="643"/>
	<SubTexture name="Rem Sing Down0014" x="2424" y="0" width="255" height="643" frameX="-7" frameY="0" frameWidth="290" frameHeight="643"/>
	<SubTexture name="Rem Sing Down0015" x="2424" y="0" width="255" height="643" frameX="-7" frameY="0" frameWidth="290" frameHeight="643"/>
	<SubTexture name="Rem Sing Down0016" x="2424" y="0" width="255" height="643" frameX="-7" frameY="0" frameWidth="290" frameHeight="643"/>
	<SubTexture name="Rem Sing Down0017" x="2424" y="0" width="255" height="643" frameX="-7" frameY="0" frameWidth="290" frameHeight="643"/>
	<SubTexture name="Rem Sing Down0018" x="2424" y="0" width="255" height="643" frameX="-7" frameY="0" frameWidth="290" frameHeight="643"/>
	<SubTexture name="Rem Sing Left0000" x="2679" y="0" width="351" height="667"/>
	<SubTexture name="Rem Sing Left0001" x="2679" y="0" width="351" height="667"/>
	<SubTexture name="Rem Sing Left0002" x="3030" y="0" width="335" height="667" frameX="-16" frameY="0" frameWidth="351" frameHeight="667"/>
	<SubTexture name="Rem Sing Left0003" x="3030" y="0" width="335" height="667" frameX="-16" frameY="0" frameWidth="351" frameHeight="667"/>
	<SubTexture name="Rem Sing Left0004" x="3365" y="0" width="313" height="667" frameX="-38" frameY="0" frameWidth="351" frameHeight="667"/>
	<SubTexture name="Rem Sing Left0005" x="3365" y="0" width="313" height="667" frameX="-38" frameY="0" frameWidth="351" frameHeight="667"/>
	<SubTexture name="Rem Sing Left0006" x="3678" y="0" width="255" height="650" frameX="-96" frameY="-17" frameWidth="351" frameHeight="667"/>
	<SubTexture name="Rem Sing Left0007" x="3678" y="0" width="255" height="650" frameX="-96" frameY="-17" frameWidth="351" frameHeight="667"/>
	<SubTexture name="Rem Sing Left0008" x="3678" y="0" width="255" height="650" frameX="-96" frameY="-17" frameWidth="351" frameHeight="667"/>
	<SubTexture name="Rem Sing Left0009" x="3678" y="0" width="255" height="650" frameX="-96" frameY="-17" frameWidth="351" frameHeight="667"/>
	<SubTexture name="Rem Sing Left0010" x="3678" y="0" width="255" height="650" frameX="-96" frameY="-17" frameWidth="351" frameHeight="667"/>
	<SubTexture name="Rem Sing Left0011" x="3678" y="0" width="255" height="650" frameX="-96" frameY="-17" frameWidth="351" frameHeight="667"/>
	<SubTexture name="Rem Sing Left0012" x="3678" y="0" width="255" height="650" frameX="-96" frameY="-17" frameWidth="351" frameHeight="667"/>
	<SubTexture name="Rem Sing Left0013" x="3678" y="0" width="255" height="650" frameX="-96" frameY="-17" frameWidth="351" frameHeight="667"/>
	<SubTexture name="Rem Sing Left0014" x="3678" y="0" width="255" height="650" frameX="-96" frameY="-17" frameWidth="351" frameHeight="667"/>
	<SubTexture name="Rem Sing Left0015" x="3678" y="0" width="255" height="650" frameX="-96" frameY="-17" frameWidth="351" frameHeight="667"/>
	<SubTexture name="Rem Sing Left0016" x="3678" y="0" width="255" height="650" frameX="-96" frameY="-17" frameWidth="351" frameHeight="667"/>
	<SubTexture name="Rem Sing Left0017" x="3678" y="0" width="255" height="650" frameX="-96" frameY="-17" frameWidth="351" frameHeight="667"/>
	<SubTexture name="Rem Sing Left0018" x="3678" y="0" width="255" height="650" frameX="-96" frameY="-17" frameWidth="351" frameHeight="667"/>
	<SubTexture name="Rem Sing Right0000" x="0" y="667" width="300" height="650" frameX="-8" frameY="0" frameWidth="308" frameHeight="650"/>
	<SubTexture name="Rem Sing Right0001" x="0" y="667" width="300" height="650" frameX="-8" frameY="0" frameWidth="308" frameHeight="650"/>
	<SubTexture name="Rem Sing Right0002" x="300" y="667" width="291" height="650" frameX="-8" frameY="0" frameWidth="308" frameHeight="650"/>
	<SubTexture name="Rem Sing Right0003" x="300" y="667" width="291" height="650" frameX="-8" frameY="0" frameWidth="308" frameHeight="650"/>
	<SubTexture name="Rem Sing Right0004" x="591" y="667" width="279" height="650" frameX="-9" frameY="0" frameWidth="308" frameHeight="650"/>
	<SubTexture name="Rem Sing Right0005" x="591" y="667" width="279" height="650" frameX="-9" frameY="0" frameWidth="308" frameHeight="650"/>
	<SubTexture name="Rem Sing Right0006" x="1084" y="0" width="255" height="650" frameX="0" frameY="0" frameWidth="293" frameHeight="653"/>
	<SubTexture name="Rem Sing Right0007" x="1084" y="0" width="255" height="650" frameX="0" frameY="0" frameWidth="293" frameHeight="653"/>
	<SubTexture name="Rem Sing Right0008" x="1084" y="0" width="255" height="650" frameX="0" frameY="0" frameWidth="293" frameHeight="653"/>
	<SubTexture name="Rem Sing Right0009" x="1084" y="0" width="255" height="650" frameX="0" frameY="0" frameWidth="293" frameHeight="653"/>
	<SubTexture name="Rem Sing Right0010" x="1084" y="0" width="255" height="650" frameX="0" frameY="0" frameWidth="293" frameHeight="653"/>
	<SubTexture name="Rem Sing Right0011" x="1084" y="0" width="255" height="650" frameX="0" frameY="0" frameWidth="293" frameHeight="653"/>
	<SubTexture name="Rem Sing Right0012" x="1084" y="0" width="255" height="650" frameX="0" frameY="0" frameWidth="293" frameHeight="653"/>
	<SubTexture name="Rem Sing Right0013" x="1084" y="0" width="255" height="650" frameX="0" frameY="0" frameWidth="293" frameHeight="653"/>
	<SubTexture name="Rem Sing Right0014" x="1084" y="0" width="255" height="650" frameX="0" frameY="0" frameWidth="293" frameHeight="653"/>
	<SubTexture name="Rem Sing Right0015" x="1084" y="0" width="255" height="650" frameX="0" frameY="0" frameWidth="293" frameHeight="653"/>
	<SubTexture name="Rem Sing Right0016" x="1084" y="0" width="255" height="650" frameX="0" frameY="0" frameWidth="293" frameHeight="653"/>
	<SubTexture name="Rem Sing Right0017" x="1084" y="0" width="255" height="650" frameX="0" frameY="0" frameWidth="293" frameHeight="653"/>
	<SubTexture name="Rem Sing Right0018" x="1084" y="0" width="255" height="650" frameX="0" frameY="0" frameWidth="293" frameHeight="653"/>
	<SubTexture name="Rem Sing Up0000" x="870" y="667" width="311" height="705" frameX="0" frameY="0" frameWidth="312" frameHeight="705"/>
	<SubTexture name="Rem Sing Up0001" x="870" y="667" width="311" height="705" frameX="0" frameY="0" frameWidth="312" frameHeight="705"/>
	<SubTexture name="Rem Sing Up0002" x="1181" y="667" width="287" height="683" frameX="-24" frameY="-22" frameWidth="312" frameHeight="705"/>
	<SubTexture name="Rem Sing Up0003" x="1181" y="667" width="287" height="683" frameX="-24" frameY="-22" frameWidth="312" frameHeight="705"/>
	<SubTexture name="Rem Sing Up0004" x="1468" y="667" width="268" height="663" frameX="-44" frameY="-42" frameWidth="312" frameHeight="705"/>
	<SubTexture name="Rem Sing Up0005" x="1468" y="667" width="268" height="663" frameX="-44" frameY="-42" frameWidth="312" frameHeight="705"/>
	<SubTexture name="Rem Sing Up0006" x="1736" y="667" width="255" height="650" frameX="-56" frameY="-55" frameWidth="312" frameHeight="705"/>
	<SubTexture name="Rem Sing Up0007" x="1736" y="667" width="255" height="650" frameX="-56" frameY="-55" frameWidth="312" frameHeight="705"/>
	<SubTexture name="Rem Sing Up0008" x="1736" y="667" width="255" height="650" frameX="-56" frameY="-55" frameWidth="312" frameHeight="705"/>
	<SubTexture name="Rem Sing Up0009" x="1736" y="667" width="255" height="650" frameX="-56" frameY="-55" frameWidth="312" frameHeight="705"/>
	<SubTexture name="Rem Sing Up0010" x="1736" y="667" width="255" height="650" frameX="-56" frameY="-55" frameWidth="312" frameHeight="705"/>
	<SubTexture name="Rem Sing Up0011" x="1736" y="667" width="255" height="650" frameX="-56" frameY="-55" frameWidth="312" frameHeight="705"/>
	<SubTexture name="Rem Sing Up0012" x="1736" y="667" width="255" height="650" frameX="-56" frameY="-55" frameWidth="312" frameHeight="705"/>
	<SubTexture name="Rem Sing Up0013" x="1736" y="667" width="255" height="650" frameX="-56" frameY="-55" frameWidth="312" frameHeight="705"/>
	<SubTexture name="Rem Sing Up0014" x="1736" y="667" width="255" height="650" frameX="-56" frameY="-55" frameWidth="312" frameHeight="705"/>
	<SubTexture name="Rem Sing Up0015" x="1736" y="667" width="255" height="650" frameX="-56" frameY="-55" frameWidth="312" frameHeight="705"/>
	<SubTexture name="Rem Sing Up0016" x="1736" y="667" width="255" height="650" frameX="-56" frameY="-55" frameWidth="312" frameHeight="705"/>
	<SubTexture name="Rem Sing Up0017" x="1736" y="667" width="255" height="650" frameX="-56" frameY="-55" frameWidth="312" frameHeight="705"/>
	<SubTexture name="Rem Sing Up0018" x="1736" y="667" width="255" height="650" frameX="-56" frameY="-55" frameWidth="312" frameHeight="705"/>
</TextureAtlas>
