{
	"song": {
		"player1": "ruka-player",
		"player2": "curse",
		"notes": [
			{
				"lengthInSteps": 16,
				"sectionNotes": [],
				"mustHitSection": false
			},
			{
				"lengthInSteps": 16,
				"sectionNotes": [
					[
						2250,
						1,
						0
					],
					[
						2750,
						0,
						0
					],
					[
						2875,
						3,
						0
					],
					[
						3125,
						1,
						0
					],
					[
						3250,
						2,
						0
					],
					[
						2000,
						3,
						0
					],
					[
						2500,
						3,
						0
					],
					[
						3500,
						2,
						0
					],
					[
						3750,
						3,
						0
					]
				],
				"mustHitSection": false
			},
			{
				"lengthInSteps": 16,
				"sectionNotes": [
					[
						4500,
						2,
						0
					],
					[
						4875,
						1,
						0
					],
					[
						5250,
						2,
						0
					],
					[
						4000,
						0,
						0
					],
					[
						4250,
						1,
						0
					],
					[
						4625,
						1,
						0
					],
					[
						5000,
						3,
						0
					],
					[
						5500,
						0,
						0
					],
					[
						5750,
						2,
						0
					]
				],
				"mustHitSection": false
			},
			{
				"lengthInSteps": 16,
				"sectionNotes": [
					[
						6250,
						1,
						0
					],
					[
						6750,
						0,
						0
					],
					[
						6875,
						3,
						0
					],
					[
						7125,
						1,
						0
					],
					[
						7250,
						2,
						0
					],
					[
						6500,
						3,
						0
					],
					[
						7500,
						2,
						0
					],
					[
						7750,
						3,
						0
					],
					[
						6000,
						3,
						0
					]
				],
				"mustHitSection": true
			},
			{
				"lengthInSteps": 16,
				"sectionNotes": [
					[
						8500,
						2,
						0
					],
					[
						8875,
						1,
						0
					],
					[
						9250,
						2,
						0
					],
					[
						8000,
						0,
						0
					],
					[
						8250,
						1,
						0
					],
					[
						8625,
						1,
						0
					],
					[
						9000,
						3,
						0
					],
					[
						9500,
						0,
						0
					],
					[
						9750,
						2,
						0
					]
				],
				"mustHitSection": true
			},
			{
				"lengthInSteps": 16,
				"sectionNotes": [
					[
						10000,
						0,
						0
					],
					[
						10125,
						2,
						0
					],
					[
						10375,
						0,
						0
					],
					[
						10750,
						3,
						0
					],
					[
						10875,
						1,
						0
					],
					[
						11125,
						1,
						0
					],
					[
						11625,
						0,
						0
					],
					[
						11687.5,
						1,
						0
					],
					[
						10500,
						2,
						0
					],
					[
						11375,
						2,
						0
					],
					[
						11750,
						2,
						0
					]
				],
				"mustHitSection": false
			},
			{
				"lengthInSteps": 16,
				"sectionNotes": [
					[
						12375,
						0,
						0
					],
					[
						12437.5,
						2,
						0
					],
					[
						12500,
						1,
						0
					],
					[
						12875,
						3,
						0
					],
					[
						12687.5,
						2,
						0
					],
					[
						13375,
						3,
						0
					],
					[
						13437.5,
						2,
						0
					],
					[
						12000,
						3,
						0
					],
					[
						13000,
						0,
						0
					],
					[
						13500,
						0,
						0
					],
					[
						13750,
						1,
						0
					]
				],
				"mustHitSection": false
			},
			{
				"lengthInSteps": 16,
				"sectionNotes": [
					[
						14000,
						0,
						0
					],
					[
						14125,
						2,
						0
					],
					[
						14375,
						0,
						0
					],
					[
						14750,
						3,
						0
					],
					[
						14875,
						1,
						0
					],
					[
						15125,
						1,
						0
					],
					[
						15625,
						0,
						0
					],
					[
						15687.5,
						1,
						0
					],
					[
						14500,
						2,
						0
					],
					[
						15375,
						2,
						0
					],
					[
						15750,
						2,
						0
					]
				],
				"mustHitSection": true
			},
			{
				"lengthInSteps": 16,
				"sectionNotes": [
					[
						16375,
						0,
						0
					],
					[
						16437.5,
						2,
						0
					],
					[
						16500,
						1,
						0
					],
					[
						16875,
						3,
						0
					],
					[
						16687.5,
						2,
						0
					],
					[
						17375,
						3,
						0
					],
					[
						17437.5,
						2,
						0
					],
					[
						16000,
						3,
						0
					],
					[
						17000,
						0,
						0
					],
					[
						17500,
						0,
						0
					],
					[
						17750,
						1,
						0
					]
				],
				"mustHitSection": true
			},
			{
				"lengthInSteps": 16,
				"sectionNotes": [
					[
						18000,
						0,
						0
					],
					[
						18000,
						1,
						0
					],
					[
						18125,
						3,
						0
					],
					[
						18250,
						2,
						0
					],
					[
						19000,
						0,
						0
					],
					[
						19125,
						2,
						0
					],
					[
						19250,
						3,
						0
					],
					[
						19375,
						1,
						0
					],
					[
						19500,
						0,
						0
					],
					[
						18375,
						3,
						0
					],
					[
						18500,
						0,
						0
					],
					[
						18625,
						1,
						0
					],
					[
						18750,
						3,
						0
					],
					[
						18875,
						2,
						0
					],
					[
						19625,
						2,
						0
					],
					[
						19750,
						0,
						0
					],
					[
						19875,
						1,
						0
					],
					[
						18000,
						7,
						0
					],
					[
						18000,
						6,
						0
					],
					[
						18375,
						5,
						0
					],
					[
						19000,
						7,
						0
					],
					[
						19375,
						5,
						0
					],
					[
						19750,
						4,
						0
					],
					[
						18750,
						4,
						0
					]
				],
				"mustHitSection": false
			},
			{
				"lengthInSteps": 16,
				"sectionNotes": [
					[
						20000,
						2,
						0
					],
					[
						20000,
						3,
						0
					],
					[
						20125,
						0,
						0
					],
					[
						20250,
						2,
						0
					],
					[
						20375,
						1,
						0
					],
					[
						20500,
						3,
						0
					],
					[
						20625,
						1,
						0
					],
					[
						20750,
						0,
						0
					],
					[
						20875,
						2,
						0
					],
					[
						21000,
						3,
						0
					],
					[
						21125,
						1,
						0
					],
					[
						21250,
						3,
						0
					],
					[
						21375,
						0,
						0
					],
					[
						21500,
						1,
						0
					],
					[
						21625,
						3,
						0
					],
					[
						20000,
						5,
						0
					],
					[
						20000,
						6,
						0
					],
					[
						20375,
						7,
						0
					],
					[
						21375,
						7,
						0
					],
					[
						21750,
						6,
						0
					],
					[
						20750,
						6,
						0
					],
					[
						21000,
						5,
						0
					],
					[
						21687.5,
						2,
						0
					],
					[
						21750,
						1,
						0
					]
				],
				"mustHitSection": false
			},
			{
				"lengthInSteps": 16,
				"sectionNotes": [
					[
						22000,
						0,
						0
					],
					[
						22000,
						1,
						0
					],
					[
						22125,
						3,
						0
					],
					[
						22250,
						2,
						0
					],
					[
						23000,
						0,
						0
					],
					[
						23125,
						2,
						0
					],
					[
						23250,
						3,
						0
					],
					[
						23375,
						1,
						0
					],
					[
						23500,
						0,
						0
					],
					[
						22375,
						3,
						0
					],
					[
						22500,
						0,
						0
					],
					[
						22625,
						1,
						0
					],
					[
						22750,
						3,
						0
					],
					[
						22875,
						2,
						0
					],
					[
						23625,
						2,
						0
					],
					[
						23750,
						0,
						0
					],
					[
						23875,
						1,
						0
					],
					[
						22000,
						7,
						0
					],
					[
						22000,
						6,
						0
					],
					[
						22375,
						5,
						0
					],
					[
						23000,
						7,
						0
					],
					[
						23375,
						5,
						0
					],
					[
						23750,
						4,
						0
					],
					[
						22750,
						4,
						0
					]
				],
				"mustHitSection": true
			},
			{
				"lengthInSteps": 16,
				"sectionNotes": [
					[
						24000,
						2,
						0
					],
					[
						24000,
						3,
						0
					],
					[
						24125,
						0,
						0
					],
					[
						24250,
						2,
						0
					],
					[
						24375,
						1,
						0
					],
					[
						24500,
						3,
						0
					],
					[
						24625,
						1,
						0
					],
					[
						24750,
						0,
						0
					],
					[
						24875,
						2,
						0
					],
					[
						25000,
						3,
						0
					],
					[
						25125,
						1,
						0
					],
					[
						25250,
						3,
						0
					],
					[
						25375,
						0,
						0
					],
					[
						25500,
						1,
						0
					],
					[
						25625,
						3,
						0
					],
					[
						24000,
						5,
						0
					],
					[
						24000,
						6,
						0
					],
					[
						24375,
						7,
						0
					],
					[
						25375,
						7,
						0
					],
					[
						25750,
						6,
						0
					],
					[
						24750,
						6,
						0
					],
					[
						25000,
						5,
						0
					],
					[
						25687.5,
						2,
						0
					],
					[
						25750,
						1,
						0
					]
				],
				"mustHitSection": true
			},
			{
				"lengthInSteps": 16,
				"sectionNotes": [
					[
						26000,
						0,
						0,
						"Sayori Note"
					],
					[
						26000,
						1,
						0,
						"Sayori Note"
					],
					[
						26125,
						3,
						0,
						"Sayori Note"
					],
					[
						26250,
						1,
						0,
						"Sayori Note"
					],
					[
						26375,
						1,
						0,
						"Sayori Note"
					],
					[
						26187.5,
						2,
						0,
						"Sayori Note"
					],
					[
						26500,
						3,
						0,
						"Sayori Note"
					],
					[
						26625,
						0,
						0,
						"Sayori Note"
					],
					[
						26750,
						2,
						0,
						"Sayori Note"
					],
					[
						26687.5,
						1,
						0,
						"Sayori Note"
					],
					[
						26875,
						3,
						0,
						"Sayori Note"
					],
					[
						27000,
						1,
						0,
						"Sayori Note"
					],
					[
						27125,
						2,
						0,
						"Sayori Note"
					],
					[
						27187.5,
						1,
						0,
						"Sayori Note"
					],
					[
						27250,
						0,
						0,
						"Sayori Note"
					],
					[
						27375,
						0,
						0,
						"Sayori Note"
					],
					[
						27500,
						3,
						0,
						"Sayori Note"
					],
					[
						27562.5,
						2,
						0,
						"Sayori Note"
					],
					[
						27625,
						0,
						0,
						"Sayori Note"
					],
					[
						27687.5,
						1,
						0,
						"Sayori Note"
					],
					[
						27750,
						2,
						0,
						"Sayori Note"
					],
					[
						27875,
						3,
						0,
						"Sayori Note"
					],
					[
						26000,
						4,
						0,
						"Yuri Note"
					],
					[
						26000,
						6,
						0,
						"Yuri Note"
					],
					[
						26250,
						7,
						0,
						"Yuri Note"
					],
					[
						26500,
						6,
						0,
						"Yuri Note"
					],
					[
						26750,
						5,
						0,
						"Yuri Note"
					],
					[
						27000,
						4,
						0,
						"Yuri Note"
					],
					[
						27250,
						7,
						0,
						"Yuri Note"
					],
					[
						27500,
						6,
						0,
						"Yuri Note"
					],
					[
						27750,
						5,
						0,
						"Yuri Note"
					]
				],
				"mustHitSection": false
			},
			{
				"lengthInSteps": 16,
				"sectionNotes": [
					[
						28000,
						2,
						0,
						"Sayori Note"
					],
					[
						28000,
						1,
						0,
						"Sayori Note"
					],
					[
						28125,
						0,
						0,
						"Sayori Note"
					],
					[
						28187.5,
						1,
						0,
						"Sayori Note"
					],
					[
						28250,
						3,
						0,
						"Sayori Note"
					],
					[
						28375,
						1,
						0,
						"Sayori Note"
					],
					[
						28500,
						2,
						0,
						"Sayori Note"
					],
					[
						28625,
						3,
						0,
						"Sayori Note"
					],
					[
						28687.5,
						2,
						0,
						"Sayori Note"
					],
					[
						28750,
						0,
						0,
						"Sayori Note"
					],
					[
						28875,
						2,
						0,
						"Sayori Note"
					],
					[
						29000,
						1,
						0,
						"Sayori Note"
					],
					[
						29125,
						3,
						0,
						"Sayori Note"
					],
					[
						29187.5,
						2,
						0,
						"Sayori Note"
					],
					[
						29250,
						0,
						0,
						"Sayori Note"
					],
					[
						29375,
						1,
						0,
						"Sayori Note"
					],
					[
						29500,
						2,
						0,
						"Sayori Note"
					],
					[
						29625,
						0,
						0,
						"Sayori Note"
					],
					[
						29687.5,
						1,
						0,
						"Sayori Note"
					],
					[
						29750,
						3,
						0,
						"Sayori Note"
					],
					[
						28000,
						6,
						0,
						"Yuri Note"
					],
					[
						28000,
						7,
						0,
						"Yuri Note"
					],
					[
						28250,
						4,
						0,
						"Yuri Note"
					],
					[
						28500,
						6,
						0,
						"Yuri Note"
					],
					[
						28750,
						7,
						0,
						"Yuri Note"
					],
					[
						29000,
						6,
						0,
						"Yuri Note"
					],
					[
						29250,
						4,
						0,
						"Yuri Note"
					],
					[
						29500,
						6,
						0,
						"Yuri Note"
					],
					[
						29750,
						7,
						0,
						"Yuri Note"
					]
				],
				"mustHitSection": false
			},
			{
				"lengthInSteps": 16,
				"sectionNotes": [
					[
						30000,
						4,
						0,
						"Sayori Note"
					],
					[
						30000,
						6,
						0,
						"Sayori Note"
					],
					[
						30250,
						7,
						0,
						"Sayori Note"
					],
					[
						30500,
						6,
						0,
						"Sayori Note"
					],
					[
						30750,
						5,
						0,
						"Sayori Note"
					],
					[
						31000,
						4,
						0,
						"Sayori Note"
					],
					[
						31250,
						7,
						0,
						"Sayori Note"
					],
					[
						31500,
						6,
						0,
						"Sayori Note"
					],
					[
						31750,
						5,
						0,
						"Sayori Note"
					],
					[
						30000,
						0,
						0,
						"Yuri Note"
					],
					[
						30000,
						1,
						0,
						"Yuri Note"
					],
					[
						30125,
						3,
						0,
						"Yuri Note"
					],
					[
						30187.5,
						2,
						0,
						"Yuri Note"
					],
					[
						30250,
						1,
						0,
						"Yuri Note"
					],
					[
						30375,
						1,
						0,
						"Yuri Note"
					],
					[
						30500,
						3,
						0,
						"Yuri Note"
					],
					[
						30625,
						0,
						0,
						"Yuri Note"
					],
					[
						30687.5,
						1,
						0,
						"Yuri Note"
					],
					[
						30750,
						2,
						0,
						"Yuri Note"
					],
					[
						30875,
						3,
						0,
						"Yuri Note"
					],
					[
						31000,
						1,
						0,
						"Yuri Note"
					],
					[
						31125,
						2,
						0,
						"Yuri Note"
					],
					[
						31187.5,
						1,
						0,
						"Yuri Note"
					],
					[
						31250,
						0,
						0,
						"Yuri Note"
					],
					[
						31375,
						0,
						0,
						"Yuri Note"
					],
					[
						31500,
						3,
						0,
						"Yuri Note"
					],
					[
						31625,
						0,
						0,
						"Yuri Note"
					],
					[
						31562.5,
						2,
						0,
						"Yuri Note"
					],
					[
						31687.5,
						1,
						0,
						"Yuri Note"
					],
					[
						31750,
						2,
						0,
						"Yuri Note"
					],
					[
						31875,
						3,
						0,
						"Yuri Note"
					]
				],
				"mustHitSection": true
			},
			{
				"lengthInSteps": 16,
				"sectionNotes": [
					[
						32000,
						6,
						0,
						"Sayori Note"
					],
					[
						32000,
						7,
						0,
						"Sayori Note"
					],
					[
						32250,
						4,
						0,
						"Sayori Note"
					],
					[
						32500,
						6,
						0,
						"Sayori Note"
					],
					[
						32750,
						7,
						0,
						"Sayori Note"
					],
					[
						33000,
						6,
						0,
						"Sayori Note"
					],
					[
						33250,
						4,
						0,
						"Sayori Note"
					],
					[
						33500,
						6,
						0,
						"Sayori Note"
					],
					[
						33625,
						5,
						0,
						"Sayori Note"
					],
					[
						33750,
						7,
						125,
						"Sayori Note"
					],
					[
						32000,
						1,
						0,
						"Yuri Note"
					],
					[
						32000,
						2,
						0,
						"Yuri Note"
					],
					[
						32125,
						0,
						0,
						"Yuri Note"
					],
					[
						32187.5,
						1,
						0,
						"Yuri Note"
					],
					[
						32250,
						3,
						0,
						"Yuri Note"
					],
					[
						32375,
						1,
						0,
						"Yuri Note"
					],
					[
						32500,
						2,
						0,
						"Yuri Note"
					],
					[
						32625,
						3,
						0,
						"Yuri Note"
					],
					[
						32687.5,
						2,
						0,
						"Yuri Note"
					],
					[
						32750,
						0,
						0,
						"Yuri Note"
					],
					[
						32875,
						2,
						0,
						"Yuri Note"
					],
					[
						33000,
						1,
						0,
						"Yuri Note"
					],
					[
						33125,
						3,
						0,
						"Yuri Note"
					],
					[
						33187.5,
						2,
						0,
						"Yuri Note"
					],
					[
						33250,
						0,
						0,
						"Yuri Note"
					],
					[
						33375,
						1,
						0,
						"Yuri Note"
					],
					[
						33500,
						2,
						0,
						"Yuri Note"
					],
					[
						33625,
						1,
						0,
						"Yuri Note"
					],
					[
						33750,
						3,
						0,
						"Yuri Note"
					]
				],
				"mustHitSection": true
			},
			{
				"lengthInSteps": 16,
				"sectionNotes": [
					[
						34500,
						3,
						0
					],
					[
						35500,
						0,
						0
					],
					[
						34250,
						0,
						0
					],
					[
						34375,
						1,
						0
					],
					[
						34500,
						2,
						0
					],
					[
						34812.5,
						3,
						0
					],
					[
						34875,
						0,
						0
					],
					[
						35000,
						2,
						0
					],
					[
						35250,
						3,
						0
					],
					[
						35750,
						2,
						125
					],
					[
						34750,
						0,
						0
					]
				],
				"mustHitSection": false
			},
			{
				"lengthInSteps": 16,
				"sectionNotes": [
					[
						36250,
						3,
						0
					],
					[
						36312.5,
						1,
						0
					],
					[
						36375,
						2,
						0
					],
					[
						36500,
						0,
						312.5
					],
					[
						37000,
						1,
						0
					],
					[
						37250,
						3,
						0
					],
					[
						37375,
						0,
						0
					],
					[
						37500,
						2,
						0
					],
					[
						37750,
						3,
						0
					]
				],
				"mustHitSection": false
			},
			{
				"lengthInSteps": 16,
				"sectionNotes": [
					[
						38000,
						2,
						375
					],
					[
						38500,
						1,
						375
					],
					[
						39000,
						0,
						375
					],
					[
						39500,
						3,
						375
					]
				],
				"mustHitSection": false
			},
			{
				"lengthInSteps": 16,
				"sectionNotes": [
					[
						40000,
						1,
						375
					],
					[
						40500,
						2,
						0
					],
					[
						40625,
						3,
						0
					],
					[
						40750,
						1,
						0
					],
					[
						40875,
						0,
						0
					],
					[
						41000,
						2,
						0
					],
					[
						41250,
						1,
						0
					],
					[
						41500,
						2,
						0
					],
					[
						41375,
						3,
						0
					],
					[
						41625,
						0,
						0
					],
					[
						41687.5,
						1,
						0
					],
					[
						41750,
						2,
						0
					]
				],
				"mustHitSection": false
			},
			{
				"lengthInSteps": 16,
				"sectionNotes": [
					[
						42000,
						5,
						625
					],
					[
						42500,
						3,
						0
					],
					[
						43500,
						0,
						0
					],
					[
						42250,
						0,
						0
					],
					[
						42375,
						1,
						0
					],
					[
						42500,
						2,
						0
					],
					[
						42812.5,
						3,
						0
					],
					[
						42875,
						0,
						0
					],
					[
						43000,
						2,
						0
					],
					[
						43250,
						3,
						0
					],
					[
						43750,
						2,
						125
					],
					[
						42750,
						0,
						0
					]
				],
				"mustHitSection": true
			},
			{
				"lengthInSteps": 16,
				"sectionNotes": [
					[
						44250,
						3,
						0
					],
					[
						44312.5,
						1,
						0
					],
					[
						44375,
						2,
						0
					],
					[
						44500,
						0,
						312.5
					],
					[
						45000,
						1,
						0
					],
					[
						45250,
						3,
						0
					],
					[
						45375,
						0,
						0
					],
					[
						45500,
						2,
						0
					],
					[
						45750,
						3,
						0
					]
				],
				"mustHitSection": true
			},
			{
				"lengthInSteps": 16,
				"sectionNotes": [
					[
						46000,
						2,
						375
					],
					[
						46500,
						1,
						375
					],
					[
						47000,
						0,
						375
					],
					[
						47500,
						3,
						375
					]
				],
				"mustHitSection": true
			},
			{
				"lengthInSteps": 16,
				"sectionNotes": [
					[
						48000,
						1,
						375
					],
					[
						48500,
						2,
						0
					],
					[
						48625,
						3,
						0
					],
					[
						48750,
						1,
						0
					],
					[
						48875,
						0,
						0
					],
					[
						49000,
						2,
						0
					],
					[
						49250,
						1,
						0
					],
					[
						49500,
						2,
						0
					],
					[
						49750,
						2,
						0
					],
					[
						49500,
						7,
						0
					],
					[
						49750,
						6,
						0
					],
					[
						49375,
						3,
						0
					],
					[
						49625,
						0,
						0
					],
					[
						49687.5,
						1,
						0
					]
				],
				"mustHitSection": true
			},
			{
				"lengthInSteps": 16,
				"sectionNotes": [
					[
						50000,
						4,
						0
					],
					[
						50000,
						5,
						750
					],
					[
						51000,
						7,
						0
					],
					[
						50000,
						0,
						0
					],
					[
						50000,
						1,
						750
					],
					[
						51000,
						6,
						750
					],
					[
						51000,
						2,
						750
					],
					[
						51000,
						3,
						0
					]
				],
				"mustHitSection": false
			},
			{
				"lengthInSteps": 16,
				"sectionNotes": [
					[
						52000,
						0,
						0
					],
					[
						52000,
						3,
						250
					],
					[
						53000,
						0,
						250
					],
					[
						53000,
						3,
						0
					],
					[
						53500,
						1,
						250
					],
					[
						52500,
						2,
						250
					],
					[
						52000,
						7,
						0
					],
					[
						52000,
						4,
						750
					],
					[
						53000,
						5,
						0
					],
					[
						53000,
						6,
						750
					]
				],
				"mustHitSection": true
			},
			{
				"lengthInSteps": 16,
				"sectionNotes": [
					[
						54000,
						7,
						0
					],
					[
						54000,
						6,
						375
					],
					[
						54000,
						0,
						0
					],
					[
						54000,
						1,
						0
					],
					[
						54250,
						0,
						0
					],
					[
						54312.5,
						3,
						0
					],
					[
						54375,
						0,
						0
					],
					[
						54437.5,
						3,
						0
					],
					[
						54500,
						1,
						0
					],
					[
						54750,
						2,
						0
					],
					[
						55000,
						3,
						0
					],
					[
						55250,
						0,
						0
					],
					[
						55312.5,
						1,
						0
					],
					[
						55375,
						3,
						0
					],
					[
						55437.5,
						2,
						0
					],
					[
						55500,
						1,
						375
					],
					[
						54750,
						4,
						0
					],
					[
						54875,
						7,
						0
					],
					[
						55250,
						4,
						0
					],
					[
						55375,
						7,
						0
					],
					[
						55500,
						5,
						0
					],
					[
						55750,
						6,
						0
					]
				],
				"mustHitSection": false
			},
			{
				"lengthInSteps": 16,
				"sectionNotes": [
					[
						56125,
						1,
						0
					],
					[
						56000,
						2,
						0
					],
					[
						56250,
						3,
						0
					],
					[
						56312.5,
						0,
						0
					],
					[
						56375,
						3,
						0
					],
					[
						56437.5,
						0,
						0
					],
					[
						56500,
						2,
						0
					],
					[
						56750,
						1,
						0
					],
					[
						57000,
						0,
						0
					],
					[
						57250,
						3,
						0
					],
					[
						57312.5,
						2,
						0
					],
					[
						57375,
						0,
						0
					],
					[
						57437.5,
						1,
						0
					],
					[
						57500,
						2,
						0
					],
					[
						57750,
						3,
						0
					],
					[
						56000,
						4,
						0
					],
					[
						56750,
						7,
						0
					],
					[
						56875,
						4,
						0
					],
					[
						57250,
						6,
						0
					],
					[
						57500,
						5,
						0
					],
					[
						57750,
						6,
						0
					]
				],
				"mustHitSection": false
			},
			{
				"lengthInSteps": 16,
				"sectionNotes": [
					[
						58000,
						4,
						0
					],
					[
						58000,
						5,
						750
					],
					[
						59000,
						7,
						0
					],
					[
						58000,
						0,
						0
					],
					[
						58000,
						1,
						750
					],
					[
						59000,
						6,
						750
					],
					[
						59000,
						2,
						750
					],
					[
						59000,
						3,
						0
					]
				],
				"mustHitSection": true
			},
			{
				"lengthInSteps": 16,
				"sectionNotes": [
					[
						60000,
						4,
						0
					],
					[
						60000,
						7,
						250
					],
					[
						61000,
						4,
						250
					],
					[
						61000,
						7,
						0
					],
					[
						61500,
						5,
						250
					],
					[
						60500,
						6,
						250
					],
					[
						60000,
						3,
						0
					],
					[
						60000,
						0,
						750
					],
					[
						61000,
						1,
						0
					],
					[
						61000,
						2,
						750
					]
				],
				"mustHitSection": true
			},
			{
				"lengthInSteps": 16,
				"sectionNotes": [
					[
						62000,
						7,
						0
					],
					[
						62000,
						6,
						375
					],
					[
						62000,
						0,
						0
					],
					[
						62000,
						1,
						0
					],
					[
						62250,
						0,
						0
					],
					[
						62312.5,
						3,
						0
					],
					[
						62375,
						0,
						0
					],
					[
						62437.5,
						3,
						0
					],
					[
						62500,
						1,
						0
					],
					[
						62750,
						2,
						0
					],
					[
						63000,
						3,
						0
					],
					[
						63250,
						0,
						0
					],
					[
						63312.5,
						1,
						0
					],
					[
						63375,
						3,
						0
					],
					[
						63437.5,
						2,
						0
					],
					[
						63500,
						1,
						375
					],
					[
						62750,
						4,
						0
					],
					[
						62875,
						7,
						0
					],
					[
						63250,
						4,
						0
					],
					[
						63375,
						7,
						0
					],
					[
						63500,
						5,
						0
					],
					[
						63750,
						6,
						0
					]
				],
				"mustHitSection": true
			},
			{
				"lengthInSteps": 16,
				"sectionNotes": [
					[
						64125,
						1,
						0
					],
					[
						64000,
						2,
						0
					],
					[
						64250,
						3,
						0
					],
					[
						64312.5,
						0,
						0
					],
					[
						64375,
						3,
						0
					],
					[
						64437.5,
						0,
						0
					],
					[
						64500,
						2,
						0
					],
					[
						64750,
						1,
						0
					],
					[
						65000,
						0,
						0
					],
					[
						65250,
						3,
						0
					],
					[
						65312.5,
						2,
						0
					],
					[
						65375,
						0,
						0
					],
					[
						65437.5,
						1,
						0
					],
					[
						65500,
						2,
						0
					],
					[
						65750,
						3,
						0
					],
					[
						64000,
						4,
						0
					],
					[
						64750,
						7,
						0
					],
					[
						64875,
						4,
						0
					],
					[
						65250,
						6,
						0
					],
					[
						65500,
						5,
						0
					],
					[
						65750,
						6,
						0
					]
				],
				"mustHitSection": true
			},
			{
				"lengthInSteps": 16,
				"sectionNotes": [
					[
						66000,
						6,
						250
					],
					[
						67375,
						0,
						0
					],
					[
						67500,
						1,
						0
					],
					[
						67687.5,
						2,
						0
					],
					[
						66437.5,
						2,
						0
					],
					[
						66625,
						3,
						0
					],
					[
						66312.5,
						2,
						0
					],
					[
						66937.5,
						1,
						0
					],
					[
						66812.5,
						0,
						0
					],
					[
						67000,
						2,
						0
					],
					[
						67187.5,
						3,
						0
					],
					[
						67312.5,
						1,
						0
					],
					[
						67812.5,
						3,
						0
					]
				],
				"mustHitSection": false
			},
			{
				"lengthInSteps": 16,
				"sectionNotes": [
					[
						69750,
						0,
						0
					],
					[
						68000,
						0,
						250
					],
					[
						68375,
						2,
						0
					],
					[
						68625,
						3,
						0
					],
					[
						68750,
						0,
						0
					],
					[
						69062.5,
						1,
						0
					],
					[
						68937.5,
						2,
						0
					],
					[
						69250,
						3,
						0
					],
					[
						69458.3333333333,
						0,
						0
					]
				],
				"mustHitSection": false
			},
			{
				"lengthInSteps": 16,
				"sectionNotes": [
					[
						70250,
						1,
						0
					],
					[
						70750,
						0,
						0
					],
					[
						70875,
						3,
						0
					],
					[
						71125,
						1,
						0
					],
					[
						71250,
						2,
						0
					],
					[
						70000,
						3,
						0
					],
					[
						70500,
						3,
						0
					],
					[
						71500,
						2,
						0
					],
					[
						71750,
						3,
						0
					]
				],
				"mustHitSection": false
			},
			{
				"lengthInSteps": 16,
				"sectionNotes": [
					[
						72500,
						2,
						0
					],
					[
						72875,
						1,
						0
					],
					[
						72000,
						0,
						0
					],
					[
						72250,
						1,
						0
					],
					[
						72625,
						1,
						0
					],
					[
						73000,
						3,
						0
					],
					[
						73375,
						1,
						0
					],
					[
						73250,
						0,
						0
					],
					[
						73500,
						3,
						0
					],
					[
						73531.25,
						2,
						0
					],
					[
						73625,
						0,
						0
					],
					[
						73750,
						2,
						0
					],
					[
						73875,
						3,
						0
					]
				],
				"mustHitSection": false
			},
			{
				"lengthInSteps": 16,
				"sectionNotes": [
					[
						74000,
						5,
						375
					],
					[
						74500,
						4,
						375
					],
					[
						75000,
						7,
						375
					],
					[
						75500,
						6,
						375
					],
					[
						74250,
						1,
						0
					],
					[
						74750,
						0,
						0
					],
					[
						74875,
						3,
						0
					],
					[
						75125,
						1,
						0
					],
					[
						75250,
						2,
						0
					],
					[
						74000,
						3,
						0
					],
					[
						74500,
						3,
						0
					],
					[
						75500,
						2,
						0
					],
					[
						75750,
						3,
						0
					]
				],
				"mustHitSection": true
			},
			{
				"lengthInSteps": 16,
				"sectionNotes": [
					[
						76000,
						4,
						625
					],
					[
						76500,
						2,
						0
					],
					[
						76875,
						1,
						0
					],
					[
						76000,
						0,
						0
					],
					[
						76250,
						1,
						0
					],
					[
						76625,
						1,
						0
					],
					[
						77000,
						3,
						0
					],
					[
						77375,
						1,
						0
					],
					[
						77250,
						0,
						0
					],
					[
						77500,
						3,
						0
					],
					[
						77531.25,
						2,
						0
					],
					[
						77625,
						0,
						0
					],
					[
						77750,
						2,
						0
					],
					[
						77875,
						3,
						0
					]
				],
				"mustHitSection": true
			},
			{
				"gfSection": true,
				"lengthInSteps": 16,
				"sectionNotes": [
					[
						78000,
						0,
						0
					],
					[
						78125,
						2,
						0
					],
					[
						78375,
						0,
						0
					],
					[
						78750,
						3,
						0
					],
					[
						78875,
						1,
						0
					],
					[
						79125,
						1,
						0
					],
					[
						79625,
						0,
						0
					],
					[
						79687.5,
						1,
						0
					],
					[
						78500,
						2,
						0
					],
					[
						79375,
						2,
						0
					],
					[
						79750,
						2,
						0
					],
					[
						78000,
						1,
						0
					],
					[
						78000,
						5,
						375
					],
					[
						78750,
						4,
						0
					],
					[
						79000,
						7,
						125
					],
					[
						79250,
						5,
						0
					],
					[
						79500,
						7,
						125
					],
					[
						79750,
						5,
						0
					]
				],
				"mustHitSection": false
			},
			{
				"gfSection": true,
				"lengthInSteps": 16,
				"sectionNotes": [
					[
						80375,
						0,
						0
					],
					[
						80437.5,
						2,
						0
					],
					[
						80500,
						1,
						0
					],
					[
						80875,
						3,
						0
					],
					[
						80687.5,
						2,
						0
					],
					[
						81375,
						3,
						0
					],
					[
						81437.5,
						2,
						0
					],
					[
						80000,
						3,
						0
					],
					[
						81000,
						0,
						0
					],
					[
						81500,
						0,
						0
					],
					[
						81750,
						1,
						0
					],
					[
						80000,
						6,
						0
					],
					[
						80375,
						7,
						0
					],
					[
						80437.5,
						6,
						0
					],
					[
						80500,
						5,
						0
					],
					[
						81000,
						6,
						0
					],
					[
						81375,
						4,
						0
					],
					[
						81437.5,
						5,
						0
					],
					[
						81500,
						6,
						0
					],
					[
						81750,
						7,
						0
					]
				],
				"mustHitSection": false
			},
			{
				"lengthInSteps": 16,
				"sectionNotes": [
					[
						82000,
						5,
						375
					],
					[
						82750,
						4,
						0
					],
					[
						83000,
						7,
						125
					],
					[
						83250,
						5,
						0
					],
					[
						83500,
						7,
						125
					],
					[
						83750,
						5,
						0
					],
					[
						82000,
						0,
						0,
						"Alt Animation"
					],
					[
						82000,
						1,
						0,
						"Alt Animation"
					],
					[
						82125,
						2,
						0,
						"Alt Animation"
					],
					[
						82375,
						0,
						0,
						"Alt Animation"
					],
					[
						82500,
						2,
						0,
						"Alt Animation"
					],
					[
						82750,
						3,
						0,
						"Alt Animation"
					],
					[
						82875,
						1,
						0,
						"Alt Animation"
					],
					[
						83125,
						1,
						0,
						"Alt Animation"
					],
					[
						83375,
						2,
						0,
						"Alt Animation"
					],
					[
						83625,
						0,
						0,
						"Alt Animation"
					],
					[
						83687.5,
						1,
						0,
						"Alt Animation"
					],
					[
						83750,
						2,
						0,
						"Alt Animation"
					]
				],
				"mustHitSection": true
			},
			{
				"lengthInSteps": 16,
				"sectionNotes": [
					[
						84000,
						6,
						0
					],
					[
						84375,
						7,
						0
					],
					[
						84437.5,
						6,
						0
					],
					[
						84500,
						5,
						0
					],
					[
						85000,
						6,
						0
					],
					[
						85375,
						4,
						0
					],
					[
						85437.5,
						5,
						0
					],
					[
						85500,
						6,
						0
					],
					[
						85750,
						7,
						0
					],
					[
						84000,
						3,
						0,
						"Alt Animation"
					],
					[
						84375,
						0,
						0,
						"Alt Animation"
					],
					[
						84437.5,
						2,
						0,
						"Alt Animation"
					],
					[
						84500,
						1,
						0,
						"Alt Animation"
					],
					[
						84687.5,
						2,
						0,
						"Alt Animation"
					],
					[
						84875,
						3,
						0,
						"Alt Animation"
					],
					[
						85000,
						0,
						0,
						"Alt Animation"
					],
					[
						85375,
						3,
						0,
						"Alt Animation"
					],
					[
						85437.5,
						2,
						0,
						"Alt Animation"
					],
					[
						85500,
						0,
						0,
						"Alt Animation"
					],
					[
						85750,
						1,
						0,
						"Alt Animation"
					]
				],
				"mustHitSection": true
			},
			{
				"lengthInSteps": 16,
				"sectionNotes": [
					[
						86000,
						1,
						937.5
					]
				],
				"gfSection": true,
				"changeBPM": true,
				"bpm": 240,
				"mustHitSection": false
			},
			{
				"lengthInSteps": 16,
				"sectionNotes": [
					[
						87000,
						1,
						937.5,
						"Alt Animation"
					]
				],
				"mustHitSection": true
			},
			{
				"lengthInSteps": 16,
				"sectionNotes": [
					[
						88750,
						0,
						0
					],
					[
						88875,
						0,
						0
					],
					[
						88812.5,
						0,
						0
					],
					[
						88937.5,
						0,
						0
					],
					[
						89000,
						1,
						0
					],
					[
						89250,
						2,
						0
					],
					[
						88375,
						3,
						0,
						"GF Sing"
					],
					[
						88000,
						2,
						0,
						"GF Sing"
					],
					[
						88250,
						3,
						0,
						"GF Sing"
					],
					[
						88312.5,
						0,
						0,
						"GF Sing"
					],
					[
						88437.5,
						0,
						0,
						"GF Sing"
					],
					[
						88500,
						2,
						0,
						"GF Sing"
					],
					[
						88500,
						1,
						0
					],
					[
						89500,
						2,
						0
					],
					[
						89750,
						2,
						0
					]
				],
				"mustHitSection": false,
				"changeBPM": true,
				"bpm": 120
			},
			{
				"lengthInSteps": 16,
				"sectionNotes": [
					[
						90000,
						2,
						0
					],
					[
						90000,
						3,
						0
					],
					[
						90125,
						0,
						0
					],
					[
						90250,
						1,
						0
					],
					[
						90375,
						2,
						0
					],
					[
						90500,
						1,
						0
					],
					[
						90625,
						3,
						0
					],
					[
						90750,
						0,
						0
					],
					[
						90875,
						3,
						0
					],
					[
						91000,
						1,
						0
					],
					[
						91125,
						0,
						0
					],
					[
						91250,
						2,
						0
					],
					[
						91375,
						3,
						0
					],
					[
						91500,
						0,
						0
					],
					[
						91625,
						1,
						0
					],
					[
						91750,
						2,
						0
					],
					[
						91875,
						3,
						0
					],
					[
						90000,
						4,
						0
					],
					[
						90000,
						5,
						0
					],
					[
						90375,
						7,
						0
					],
					[
						90750,
						7,
						0
					],
					[
						91000,
						5,
						0
					],
					[
						91375,
						7,
						0
					],
					[
						91750,
						7,
						0
					]
				],
				"mustHitSection": false
			},
			{
				"lengthInSteps": 16,
				"sectionNotes": [
					[
						92000,
						0,
						0
					],
					[
						92125,
						3,
						0
					],
					[
						92250,
						1,
						0
					],
					[
						92375,
						0,
						0
					],
					[
						92500,
						2,
						0
					],
					[
						92625,
						3,
						0
					],
					[
						92750,
						2,
						0
					],
					[
						92875,
						1,
						0
					],
					[
						93000,
						3,
						0
					],
					[
						93125,
						0,
						0
					],
					[
						93250,
						2,
						0
					],
					[
						93375,
						3,
						0
					],
					[
						93500,
						1,
						0
					],
					[
						93625,
						0,
						0
					],
					[
						93750,
						1,
						0
					],
					[
						93875,
						2,
						0
					],
					[
						92000,
						6,
						0
					],
					[
						92375,
						4,
						0
					],
					[
						92750,
						4,
						0
					],
					[
						93000,
						6,
						0
					],
					[
						93375,
						4,
						0
					],
					[
						93750,
						4,
						0
					]
				],
				"mustHitSection": false
			},
			{
				"lengthInSteps": 16,
				"sectionNotes": [
					[
						94000,
						2,
						0
					],
					[
						94000,
						3,
						0
					],
					[
						94125,
						0,
						0
					],
					[
						94250,
						1,
						0
					],
					[
						94375,
						2,
						0
					],
					[
						94500,
						1,
						0
					],
					[
						94625,
						3,
						0
					],
					[
						94750,
						0,
						0
					],
					[
						94875,
						3,
						0
					],
					[
						95000,
						1,
						0
					],
					[
						95125,
						0,
						0
					],
					[
						95250,
						2,
						0
					],
					[
						95375,
						3,
						0
					],
					[
						95500,
						0,
						0
					],
					[
						95625,
						1,
						0
					],
					[
						95750,
						2,
						0
					],
					[
						95875,
						3,
						0
					],
					[
						94000,
						4,
						0
					],
					[
						94000,
						5,
						0
					],
					[
						95000,
						5,
						0
					],
					[
						94250,
						7,
						0
					],
					[
						94500,
						6,
						0
					],
					[
						94750,
						6,
						0
					],
					[
						95250,
						7,
						0
					],
					[
						95375,
						4,
						0
					],
					[
						95500,
						7,
						0
					],
					[
						95625,
						4,
						0
					],
					[
						95750,
						6,
						0
					]
				],
				"mustHitSection": true
			},
			{
				"lengthInSteps": 16,
				"sectionNotes": [
					[
						96000,
						0,
						0
					],
					[
						96125,
						3,
						0
					],
					[
						96250,
						1,
						0
					],
					[
						96375,
						0,
						0
					],
					[
						96500,
						2,
						0
					],
					[
						96625,
						3,
						0
					],
					[
						96750,
						2,
						0
					],
					[
						96875,
						1,
						0
					],
					[
						97000,
						3,
						0
					],
					[
						97125,
						0,
						0
					],
					[
						97250,
						2,
						0
					],
					[
						97375,
						3,
						0
					],
					[
						97500,
						1,
						0
					],
					[
						97625,
						0,
						0
					],
					[
						97750,
						2,
						0
					],
					[
						97687.5,
						3,
						0
					],
					[
						96000,
						4,
						0
					],
					[
						96125,
						7,
						0
					],
					[
						96250,
						5,
						0
					],
					[
						96375,
						4,
						0
					],
					[
						96500,
						6,
						0
					],
					[
						96625,
						7,
						0
					],
					[
						96750,
						6,
						0
					],
					[
						96875,
						5,
						0
					],
					[
						97000,
						7,
						0
					],
					[
						97125,
						4,
						0
					],
					[
						97250,
						6,
						0
					],
					[
						97375,
						7,
						0
					],
					[
						97500,
						5,
						375
					]
				],
				"mustHitSection": true
			},
			{
				"sectionNotes": [
					[
						98000,
						2,
						0
					],
					[
						98000,
						3,
						0
					],
					[
						98125,
						0,
						0
					],
					[
						98250,
						1,
						0
					],
					[
						98375,
						2,
						0
					],
					[
						98500,
						1,
						0
					],
					[
						98625,
						3,
						0
					],
					[
						98750,
						0,
						0
					],
					[
						98875,
						3,
						0
					],
					[
						99000,
						1,
						0
					],
					[
						99125,
						0,
						0
					],
					[
						99250,
						2,
						0
					],
					[
						99375,
						3,
						0
					],
					[
						99500,
						0,
						0
					],
					[
						99625,
						1,
						0
					],
					[
						99750,
						2,
						0
					],
					[
						99875,
						3,
						0
					],
					[
						98000,
						4,
						0
					],
					[
						98000,
						5,
						0
					],
					[
						98250,
						7,
						0
					],
					[
						98500,
						6,
						0
					],
					[
						98750,
						4,
						0
					],
					[
						99000,
						5,
						0
					],
					[
						99250,
						7,
						0
					],
					[
						99500,
						6,
						0
					],
					[
						99750,
						4,
						0
					]
				],
				"typeOfSection": 0,
				"lengthInSteps": 16,
				"gfSection": false,
				"altAnim": false,
				"mustHitSection": false,
				"changeBPM": false,
				"bpm": 150
			},
			{
				"sectionNotes": [
					[
						100000,
						4,
						0
					],
					[
						100125,
						7,
						0
					],
					[
						100250,
						5,
						0
					],
					[
						100375,
						4,
						0
					],
					[
						100500,
						6,
						0
					],
					[
						100625,
						7,
						0
					],
					[
						100750,
						6,
						0
					],
					[
						100875,
						5,
						0
					],
					[
						101000,
						7,
						0
					],
					[
						101125,
						4,
						0
					],
					[
						101250,
						6,
						0
					],
					[
						101375,
						7,
						0
					],
					[
						101500,
						5,
						0
					],
					[
						101625,
						4,
						0
					],
					[
						101750,
						5,
						0
					],
					[
						101875,
						6,
						0
					],
					[
						100250,
						3,
						0
					],
					[
						100500,
						0,
						0
					],
					[
						100750,
						2,
						0
					],
					[
						101000,
						1,
						0
					],
					[
						101250,
						3,
						0
					],
					[
						101500,
						0,
						0
					],
					[
						101750,
						2,
						0
					],
					[
						100000,
						1,
						0
					]
				],
				"typeOfSection": 0,
				"lengthInSteps": 16,
				"gfSection": false,
				"altAnim": false,
				"mustHitSection": true,
				"changeBPM": false,
				"bpm": 120
			},
			{
				"sectionNotes": [
					[
						102875,
						7,
						0
					],
					[
						103000,
						5,
						0
					],
					[
						103375,
						7,
						0
					],
					[
						102000,
						0,
						0
					],
					[
						102000,
						1,
						0
					],
					[
						103000,
						1,
						0
					],
					[
						102250,
						3,
						0
					],
					[
						102500,
						2,
						0
					],
					[
						102750,
						2,
						0
					],
					[
						103250,
						3,
						0
					],
					[
						103375,
						0,
						0
					],
					[
						103500,
						3,
						0
					],
					[
						103625,
						0,
						0
					],
					[
						103750,
						2,
						0
					],
					[
						102000,
						4,
						0
					],
					[
						102000,
						5,
						0
					],
					[
						102125,
						7,
						0
					],
					[
						102187.5,
						6,
						0
					],
					[
						102250,
						5,
						0
					],
					[
						102375,
						4,
						0
					],
					[
						102500,
						6,
						0
					],
					[
						102625,
						4,
						0
					],
					[
						102687.5,
						5,
						0
					],
					[
						102750,
						6,
						0
					],
					[
						103125,
						6,
						0
					],
					[
						103187.5,
						4,
						0
					],
					[
						103250,
						5,
						0
					],
					[
						103500,
						4,
						0
					],
					[
						103562.5,
						5,
						0
					],
					[
						103625,
						6,
						0
					],
					[
						103687.5,
						7,
						0
					],
					[
						103750,
						5,
						0
					],
					[
						103875,
						6,
						0
					],
					[
						102125,
						2,
						0
					],
					[
						102375,
						0,
						0
					],
					[
						102625,
						3,
						0
					]
				],
				"typeOfSection": 0,
				"lengthInSteps": 16,
				"gfSection": true,
				"altAnim": false,
				"mustHitSection": false,
				"changeBPM": false,
				"bpm": 120
			},
			{
				"sectionNotes": [
					[
						104000,
						0,
						0
					],
					[
						104125,
						3,
						0
					],
					[
						104187.5,
						2,
						0
					],
					[
						104250,
						0,
						0
					],
					[
						104375,
						1,
						0
					],
					[
						104500,
						2,
						0
					],
					[
						104625,
						0,
						0
					],
					[
						104687.5,
						1,
						0
					],
					[
						104750,
						3,
						0
					],
					[
						104875,
						2,
						0
					],
					[
						105000,
						0,
						0
					],
					[
						105125,
						1,
						0
					],
					[
						105187.5,
						2,
						0
					],
					[
						105250,
						3,
						0
					],
					[
						105375,
						1,
						0
					],
					[
						105500,
						2,
						0
					],
					[
						105625,
						0,
						0
					],
					[
						105687.5,
						1,
						0
					],
					[
						105750,
						2,
						0
					],
					[
						104000,
						4,
						0,
						"GF Sing"
					],
					[
						104125,
						7,
						0,
						"GF Sing"
					],
					[
						104187.5,
						6,
						0,
						"GF Sing"
					],
					[
						104250,
						4,
						0,
						"GF Sing"
					],
					[
						104375,
						5,
						0,
						"GF Sing"
					],
					[
						104500,
						6,
						0,
						"GF Sing"
					],
					[
						104625,
						4,
						0,
						"GF Sing"
					],
					[
						104687.5,
						5,
						0,
						"GF Sing"
					],
					[
						104750,
						7,
						0,
						"GF Sing"
					],
					[
						104875,
						6,
						0,
						"GF Sing"
					],
					[
						105000,
						4,
						0,
						"GF Sing"
					],
					[
						105125,
						5,
						0,
						"GF Sing"
					],
					[
						105187.5,
						6,
						0,
						"GF Sing"
					],
					[
						105250,
						7,
						0,
						"GF Sing"
					],
					[
						105375,
						5,
						0,
						"GF Sing"
					],
					[
						105500,
						6,
						375,
						"GF Sing"
					]
				],
				"typeOfSection": 0,
				"lengthInSteps": 16,
				"gfSection": false,
				"altAnim": false,
				"mustHitSection": true,
				"changeBPM": false,
				"bpm": 120
			},
			{
				"lengthInSteps": 16,
				"typeOfSection": 0,
				"sectionNotes": [
					[
						106000,
						0,
						0
					],
					[
						106000,
						1,
						0
					],
					[
						106125,
						3,
						0
					],
					[
						106250,
						2,
						0
					],
					[
						106375,
						3,
						0
					],
					[
						106500,
						0,
						0
					],
					[
						106625,
						1,
						0
					],
					[
						106750,
						3,
						0
					],
					[
						107500,
						0,
						0
					],
					[
						107625,
						2,
						0
					],
					[
						107750,
						0,
						0
					],
					[
						107875,
						1,
						0
					],
					[
						107750,
						4,
						0
					],
					[
						107375,
						5,
						0
					],
					[
						107000,
						7,
						0
					],
					[
						106750,
						4,
						0
					],
					[
						106375,
						5,
						0
					],
					[
						106000,
						6,
						0
					],
					[
						106000,
						7,
						0
					],
					[
						106875,
						2,
						0
					],
					[
						107000,
						0,
						0
					],
					[
						107125,
						2,
						0
					],
					[
						107250,
						3,
						0
					],
					[
						107375,
						1,
						0
					]
				],
				"altAnim": false,
				"gfSection": false,
				"bpm": 120,
				"changeBPM": false,
				"mustHitSection": true
			},
			{
				"lengthInSteps": 16,
				"typeOfSection": 0,
				"sectionNotes": [
					[
						108000,
						2,
						0
					],
					[
						108000,
						3,
						0
					],
					[
						108125,
						0,
						0
					],
					[
						108250,
						2,
						0
					],
					[
						108375,
						1,
						0
					],
					[
						108500,
						3,
						0
					],
					[
						108625,
						1,
						0
					],
					[
						108750,
						0,
						0
					],
					[
						108875,
						2,
						0
					],
					[
						109000,
						3,
						0
					],
					[
						109250,
						3,
						0
					],
					[
						109375,
						0,
						0
					],
					[
						109500,
						1,
						0
					],
					[
						109125,
						1,
						0
					],
					[
						109625,
						3,
						0
					],
					[
						109750,
						6,
						0
					],
					[
						109375,
						7,
						0
					],
					[
						109000,
						5,
						0
					],
					[
						108750,
						6,
						0
					],
					[
						108375,
						7,
						0
					],
					[
						108000,
						5,
						0
					],
					[
						108000,
						6,
						0
					],
					[
						109750,
						2,
						0
					],
					[
						109875,
						0,
						0
					]
				],
				"altAnim": false,
				"gfSection": false,
				"bpm": 120,
				"changeBPM": false,
				"mustHitSection": true
			},
			{
				"lengthInSteps": 16,
				"typeOfSection": 0,
				"sectionNotes": [
					[
						110000,
						5,
						0
					],
					[
						110000,
						6,
						0
					],
					[
						110125,
						7,
						0
					],
					[
						110250,
						6,
						0
					],
					[
						110375,
						5,
						0
					],
					[
						110000,
						0,
						0
					],
					[
						110000,
						1,
						0
					],
					[
						110125,
						3,
						0
					],
					[
						110250,
						2,
						0
					],
					[
						110375,
						3,
						0
					],
					[
						110500,
						0,
						0
					],
					[
						110625,
						1,
						0
					],
					[
						111000,
						0,
						0
					],
					[
						111625,
						2,
						0
					],
					[
						111500,
						0,
						0
					],
					[
						111375,
						1,
						0
					],
					[
						111250,
						3,
						0
					],
					[
						111125,
						2,
						0
					],
					[
						111750,
						0,
						0
					],
					[
						111875,
						1,
						0
					],
					[
						110750,
						3,
						125
					],
					[
						110500,
						4,
						0
					],
					[
						110625,
						6,
						0
					],
					[
						110750,
						4,
						125
					],
					[
						111000,
						7,
						0
					],
					[
						111125,
						6,
						0
					],
					[
						111250,
						4,
						0
					],
					[
						111375,
						5,
						0
					],
					[
						111500,
						7,
						0
					],
					[
						111625,
						6,
						0
					],
					[
						111750,
						7,
						125
					]
				],
				"altAnim": false,
				"gfSection": false,
				"bpm": 120,
				"changeBPM": false,
				"mustHitSection": false
			},
			{
				"lengthInSteps": 16,
				"typeOfSection": 0,
				"sectionNotes": [
					[
						113750,
						1,
						0
					],
					[
						113625,
						3,
						0
					],
					[
						113500,
						1,
						0
					],
					[
						113375,
						0,
						0
					],
					[
						113125,
						1,
						0
					],
					[
						112875,
						2,
						0
					],
					[
						113000,
						3,
						0
					],
					[
						113250,
						3,
						0
					],
					[
						113687.5,
						2,
						0
					],
					[
						112750,
						0,
						0
					],
					[
						112625,
						1,
						0
					],
					[
						112375,
						1,
						0
					],
					[
						112500,
						3,
						0
					],
					[
						112250,
						2,
						0
					],
					[
						112125,
						0,
						0
					],
					[
						112000,
						2,
						0
					],
					[
						112000,
						3,
						0
					],
					[
						112000,
						5,
						0
					],
					[
						112000,
						4,
						0
					],
					[
						112125,
						6,
						0
					],
					[
						112250,
						7,
						0
					],
					[
						112375,
						6,
						0
					],
					[
						112500,
						4,
						0
					],
					[
						112625,
						5,
						0
					],
					[
						112750,
						7,
						0
					],
					[
						112875,
						6,
						0
					],
					[
						113000,
						5,
						0
					],
					[
						113125,
						4,
						0
					],
					[
						113250,
						6,
						0
					],
					[
						113375,
						7,
						0
					],
					[
						113500,
						6,
						375
					]
				],
				"altAnim": false,
				"gfSection": false,
				"bpm": 120,
				"changeBPM": false,
				"mustHitSection": false
			},
			{
				"lengthInSteps": 16,
				"typeOfSection": 0,
				"sectionNotes": [
					[
						114000,
						0,
						0
					],
					[
						114000,
						1,
						0
					],
					[
						114125,
						3,
						0
					],
					[
						114250,
						2,
						0
					],
					[
						114375,
						3,
						0
					],
					[
						114500,
						0,
						0
					],
					[
						114625,
						1,
						0
					],
					[
						114750,
						3,
						0
					],
					[
						115500,
						0,
						0
					],
					[
						115625,
						2,
						0
					],
					[
						115750,
						0,
						0
					],
					[
						115875,
						1,
						0
					],
					[
						114000,
						6,
						0
					],
					[
						114000,
						7,
						0
					],
					[
						114875,
						2,
						0
					],
					[
						115000,
						0,
						0
					],
					[
						115125,
						2,
						0
					],
					[
						115250,
						3,
						0
					],
					[
						115375,
						1,
						0
					],
					[
						114250,
						4,
						0
					],
					[
						114500,
						5,
						0
					],
					[
						114750,
						7,
						0
					],
					[
						115000,
						6,
						0
					],
					[
						115250,
						4,
						0
					],
					[
						115500,
						5,
						0
					],
					[
						115750,
						7,
						0
					]
				],
				"altAnim": false,
				"gfSection": false,
				"bpm": 120,
				"changeBPM": false,
				"mustHitSection": true
			},
			{
				"lengthInSteps": 16,
				"typeOfSection": 0,
				"sectionNotes": [
					[
						116000,
						2,
						0
					],
					[
						116000,
						3,
						0
					],
					[
						116125,
						0,
						0
					],
					[
						116250,
						2,
						0
					],
					[
						116375,
						1,
						0
					],
					[
						116500,
						3,
						0
					],
					[
						116625,
						1,
						0
					],
					[
						116750,
						0,
						0
					],
					[
						116875,
						2,
						0
					],
					[
						117000,
						3,
						0
					],
					[
						117250,
						3,
						0
					],
					[
						117375,
						0,
						0
					],
					[
						117500,
						1,
						0
					],
					[
						117125,
						1,
						0
					],
					[
						117625,
						3,
						0
					],
					[
						116000,
						6,
						0
					],
					[
						117750,
						2,
						0
					],
					[
						117875,
						0,
						0
					],
					[
						116250,
						4,
						0
					],
					[
						116500,
						7,
						0
					],
					[
						116750,
						5,
						0
					],
					[
						117000,
						6,
						0
					],
					[
						117250,
						4,
						0
					],
					[
						117500,
						7,
						0
					],
					[
						117750,
						5,
						0
					]
				],
				"altAnim": false,
				"gfSection": false,
				"bpm": 120,
				"changeBPM": false,
				"mustHitSection": true
			},
			{
				"lengthInSteps": 16,
				"typeOfSection": 0,
				"sectionNotes": [
					[
						118000,
						0,
						0
					],
					[
						118000,
						1,
						0
					],
					[
						118375,
						1,
						0
					],
					[
						118250,
						1,
						0
					],
					[
						118187.5,
						2,
						0
					],
					[
						118125,
						3,
						0
					],
					[
						118500,
						3,
						0
					],
					[
						118625,
						0,
						0
					],
					[
						118687.5,
						1,
						0
					],
					[
						118750,
						2,
						0
					],
					[
						118875,
						3,
						0
					],
					[
						119000,
						1,
						0
					],
					[
						119125,
						2,
						0
					],
					[
						119187.5,
						1,
						0
					],
					[
						119250,
						0,
						0
					],
					[
						119375,
						0,
						0
					],
					[
						119500,
						3,
						0
					],
					[
						119562.5,
						2,
						0
					],
					[
						119625,
						0,
						0
					],
					[
						119687.5,
						1,
						0
					],
					[
						119750,
						2,
						0
					],
					[
						119875,
						3,
						0
					],
					[
						118000,
						5,
						0
					],
					[
						118125,
						7,
						0
					],
					[
						118250,
						5,
						0
					],
					[
						118375,
						4,
						0
					],
					[
						118500,
						6,
						0
					],
					[
						118625,
						5,
						0
					],
					[
						118750,
						7,
						125
					],
					[
						119000,
						6,
						0
					],
					[
						119125,
						5,
						0
					],
					[
						119250,
						4,
						0
					],
					[
						119375,
						6,
						0
					],
					[
						119500,
						7,
						0
					],
					[
						119625,
						4,
						0
					],
					[
						119750,
						6,
						125
					]
				],
				"altAnim": false,
				"gfSection": false,
				"bpm": 120,
				"changeBPM": false,
				"mustHitSection": false
			},
			{
				"lengthInSteps": 16,
				"typeOfSection": 0,
				"sectionNotes": [
					[
						120000,
						1,
						0
					],
					[
						120000,
						2,
						0
					],
					[
						120187.5,
						1,
						0
					],
					[
						120125,
						0,
						0
					],
					[
						120250,
						3,
						0
					],
					[
						120375,
						1,
						0
					],
					[
						120625,
						3,
						0
					],
					[
						120750,
						0,
						0
					],
					[
						120500,
						2,
						0
					],
					[
						120687.5,
						2,
						0
					],
					[
						120875,
						2,
						0
					],
					[
						121000,
						1,
						0
					],
					[
						121125,
						3,
						0
					],
					[
						121250,
						0,
						0
					],
					[
						121187.5,
						2,
						0
					],
					[
						121375,
						1,
						0
					],
					[
						121500,
						2,
						0
					],
					[
						121625,
						0,
						0
					],
					[
						121687.5,
						1,
						0
					],
					[
						121750,
						3,
						0
					],
					[
						120000,
						4,
						0
					],
					[
						120000,
						5,
						0
					],
					[
						120125,
						7,
						0
					],
					[
						120250,
						5,
						0
					],
					[
						120375,
						6,
						0
					],
					[
						120500,
						4,
						0
					],
					[
						120625,
						5,
						0
					],
					[
						120750,
						6,
						0
					],
					[
						120875,
						7,
						0
					],
					[
						121000,
						5,
						0
					],
					[
						121125,
						4,
						0
					],
					[
						121250,
						5,
						0
					],
					[
						121375,
						6,
						0
					],
					[
						121500,
						7,
						0
					],
					[
						121625,
						6,
						0
					],
					[
						121750,
						5,
						0
					]
				],
				"altAnim": false,
				"gfSection": false,
				"bpm": 120,
				"changeBPM": false,
				"mustHitSection": false
			},
			{
				"lengthInSteps": 16,
				"typeOfSection": 0,
				"sectionNotes": [
					[
						122000,
						0,
						0
					],
					[
						122125,
						3,
						0
					],
					[
						122250,
						1,
						0
					],
					[
						122500,
						1,
						0
					],
					[
						122750,
						2,
						0
					],
					[
						122875,
						3,
						0
					],
					[
						123000,
						0,
						0
					],
					[
						123125,
						3,
						0
					],
					[
						123250,
						1,
						0
					],
					[
						123500,
						1,
						0
					],
					[
						123750,
						2,
						0
					],
					[
						123875,
						0,
						0
					],
					[
						122000,
						4,
						0
					],
					[
						122125,
						7,
						0
					],
					[
						122250,
						5,
						0
					],
					[
						122500,
						5,
						0
					],
					[
						122750,
						6,
						0
					],
					[
						122875,
						7,
						0
					],
					[
						123000,
						4,
						0
					],
					[
						123125,
						7,
						0
					],
					[
						123250,
						5,
						0
					],
					[
						123500,
						5,
						0
					],
					[
						123750,
						6,
						0
					],
					[
						123875,
						4,
						0
					]
				],
				"altAnim": false,
				"gfSection": false,
				"bpm": 120,
				"changeBPM": false,
				"mustHitSection": true
			},
			{
				"lengthInSteps": 16,
				"typeOfSection": 0,
				"sectionNotes": [
					[
						124000,
						3,
						0
					],
					[
						124125,
						1,
						0
					],
					[
						124062.5,
						2,
						0
					],
					[
						124000,
						7,
						0
					],
					[
						124062.5,
						6,
						0
					],
					[
						124125,
						5,
						0
					],
					[
						124250,
						0,
						0
					],
					[
						124500,
						0,
						0
					],
					[
						124250,
						4,
						0
					],
					[
						124500,
						4,
						0
					],
					[
						124750,
						2,
						0
					],
					[
						124875,
						3,
						0
					],
					[
						125000,
						0,
						0
					],
					[
						125062.5,
						1,
						0
					],
					[
						125125,
						2,
						0
					],
					[
						125250,
						3,
						0
					],
					[
						125500,
						1,
						0
					],
					[
						125625,
						2,
						0
					],
					[
						125750,
						3,
						0
					],
					[
						125875,
						2,
						0
					],
					[
						124750,
						6,
						0
					],
					[
						124875,
						7,
						0
					],
					[
						125000,
						4,
						0
					],
					[
						125062.5,
						5,
						0
					],
					[
						125125,
						6,
						0
					],
					[
						125250,
						7,
						0
					],
					[
						125500,
						5,
						0
					],
					[
						125625,
						6,
						0
					],
					[
						125750,
						7,
						0
					],
					[
						125875,
						6,
						0
					]
				],
				"altAnim": false,
				"gfSection": false,
				"bpm": 120,
				"changeBPM": false,
				"mustHitSection": true
			},
			{
				"lengthInSteps": 16,
				"typeOfSection": 0,
				"sectionNotes": [
					[
						126000,
						0,
						0
					],
					[
						126000,
						4,
						0
					],
					[
						126000,
						1,
						0
					],
					[
						126062.5,
						2,
						0
					],
					[
						126125,
						3,
						0
					],
					[
						126250,
						1,
						0
					],
					[
						126000,
						5,
						0
					],
					[
						126125,
						7,
						0
					],
					[
						126062.5,
						6,
						0
					],
					[
						126500,
						2,
						0
					],
					[
						126750,
						0,
						0
					],
					[
						126875,
						2,
						0
					],
					[
						126250,
						5,
						0
					],
					[
						126500,
						6,
						0
					],
					[
						126750,
						4,
						0
					],
					[
						126875,
						6,
						0
					],
					[
						127000,
						1,
						0
					],
					[
						127125,
						1,
						0
					],
					[
						127062.5,
						3,
						0
					],
					[
						127250,
						2,
						0
					],
					[
						127375,
						0,
						0
					],
					[
						127500,
						1,
						0
					],
					[
						127625,
						2,
						0
					],
					[
						127750,
						3,
						0
					],
					[
						127000,
						5,
						0
					],
					[
						127125,
						5,
						0
					],
					[
						127062.5,
						7,
						0
					],
					[
						127250,
						6,
						0
					],
					[
						127375,
						4,
						0
					],
					[
						127500,
						5,
						0
					],
					[
						127625,
						6,
						0
					],
					[
						127750,
						7,
						0
					]
				],
				"altAnim": false,
				"gfSection": false,
				"bpm": 120,
				"changeBPM": false,
				"mustHitSection": false
			},
			{
				"sectionNotes": [
					[
						128000,
						5,
						0
					],
					[
						128125,
						7,
						0
					],
					[
						128250,
						5,
						0
					],
					[
						128375,
						4,
						0
					],
					[
						128500,
						6,
						0
					],
					[
						128625,
						4,
						0
					],
					[
						128750,
						5,
						0
					],
					[
						128875,
						6,
						0
					],
					[
						129000,
						7,
						0
					],
					[
						129062.5,
						4,
						0
					],
					[
						129125,
						7,
						0
					],
					[
						129250,
						5,
						0
					],
					[
						129375,
						6,
						0
					],
					[
						129250,
						1,
						0
					],
					[
						129375,
						2,
						0
					],
					[
						129000,
						3,
						0
					],
					[
						129125,
						3,
						0
					],
					[
						129062.5,
						0,
						0
					],
					[
						128875,
						2,
						0
					],
					[
						128750,
						1,
						0
					],
					[
						128625,
						0,
						0
					],
					[
						128500,
						2,
						0
					],
					[
						128375,
						0,
						0
					],
					[
						128250,
						1,
						0
					],
					[
						128125,
						3,
						0
					],
					[
						128000,
						1,
						0
					],
					[
						129500,
						4,
						0
					],
					[
						129500,
						7,
						0
					],
					[
						129750,
						4,
						0
					],
					[
						129750,
						7,
						0
					],
					[
						129500,
						3,
						0
					],
					[
						129500,
						0,
						0
					],
					[
						129750,
						0,
						0
					],
					[
						129750,
						3,
						0
					]
				],
				"typeOfSection": 0,
				"lengthInSteps": 16,
				"gfSection": false,
				"altAnim": false,
				"mustHitSection": false,
				"changeBPM": false,
				"bpm": 120
			},
			{
				"sectionNotes": [
					[
						131000,
						0,
						375
					],
					[
						131625,
						1,
						0
					],
					[
						131750,
						2,
						0
					],
					[
						131875,
						3,
						0
					],
					[
						131000,
						0,
						0
					],
					[
						131750,
						2,
						0
					],
					[
						130000,
						4,
						0
					],
					[
						130125,
						7,
						0
					],
					[
						130250,
						5,
						0
					],
					[
						130500,
						5,
						0
					],
					[
						130750,
						6,
						0
					],
					[
						130875,
						7,
						0
					],
					[
						131000,
						4,
						0
					],
					[
						131125,
						7,
						0
					],
					[
						131250,
						5,
						0
					],
					[
						131500,
						5,
						0
					],
					[
						131750,
						6,
						0
					],
					[
						131875,
						4,
						0
					],
					[
						130000,
						2,
						375
					],
					[
						130500,
						1,
						0
					],
					[
						130625,
						0,
						0
					],
					[
						130750,
						1,
						0
					],
					[
						130875,
						3,
						0
					],
					[
						131500,
						2,
						0
					]
				],
				"typeOfSection": 0,
				"lengthInSteps": 16,
				"gfSection": false,
				"altAnim": false,
				"mustHitSection": true,
				"changeBPM": false,
				"bpm": 120
			},
			{
				"sectionNotes": [
					[
						132750,
						1,
						0
					],
					[
						132875,
						2,
						0
					],
					[
						133000,
						3,
						0
					],
					[
						133250,
						1,
						0
					],
					[
						133375,
						0,
						0
					],
					[
						133750,
						0,
						0
					],
					[
						133875,
						1,
						0
					],
					[
						132000,
						7,
						0
					],
					[
						132062.5,
						6,
						0
					],
					[
						132125,
						5,
						0
					],
					[
						132250,
						4,
						0
					],
					[
						132500,
						4,
						0
					],
					[
						132750,
						6,
						0
					],
					[
						132875,
						7,
						0
					],
					[
						133000,
						4,
						0
					],
					[
						133062.5,
						5,
						0
					],
					[
						133125,
						6,
						0
					],
					[
						133250,
						7,
						0
					],
					[
						133500,
						5,
						0
					],
					[
						133625,
						6,
						0
					],
					[
						133750,
						7,
						0
					],
					[
						133875,
						6,
						0
					],
					[
						132000,
						1,
						375
					],
					[
						132500,
						3,
						0
					],
					[
						132625,
						0,
						0
					],
					[
						133500,
						2,
						0
					],
					[
						133625,
						3,
						0
					]
				],
				"typeOfSection": 0,
				"lengthInSteps": 16,
				"gfSection": false,
				"altAnim": false,
				"mustHitSection": true,
				"changeBPM": false,
				"bpm": 120
			},
			{
				"sectionNotes": [
					[
						134000,
						6,
						375
					],
					[
						134000,
						0,
						0
					],
					[
						134000,
						1,
						0
					],
					[
						134062.5,
						2,
						0
					],
					[
						134125,
						3,
						0
					],
					[
						134250,
						1,
						0
					],
					[
						134500,
						2,
						0
					],
					[
						134750,
						0,
						0
					],
					[
						134875,
						2,
						0
					],
					[
						135000,
						1,
						0
					],
					[
						135125,
						1,
						0
					],
					[
						135062.5,
						3,
						0
					],
					[
						135250,
						2,
						0
					],
					[
						135375,
						0,
						0
					],
					[
						135500,
						1,
						0
					],
					[
						135625,
						2,
						0
					],
					[
						135750,
						3,
						0
					],
					[
						134500,
						5,
						0
					],
					[
						134625,
						7,
						0
					],
					[
						134750,
						4,
						0
					],
					[
						134875,
						5,
						0
					],
					[
						135000,
						7,
						375
					],
					[
						135500,
						6,
						0
					],
					[
						135625,
						4,
						0
					],
					[
						135750,
						6,
						0
					],
					[
						135875,
						5,
						0
					]
				],
				"typeOfSection": 0,
				"lengthInSteps": 16,
				"gfSection": false,
				"altAnim": false,
				"mustHitSection": false,
				"changeBPM": false,
				"bpm": 120
			},
			{
				"sectionNotes": [
					[
						136625,
						4,
						0
					],
					[
						136500,
						5,
						0
					],
					[
						136875,
						5,
						0
					],
					[
						137000,
						6,
						375
					],
					[
						137500,
						4,
						0
					],
					[
						137750,
						7,
						0
					],
					[
						136625,
						4,
						0
					],
					[
						137250,
						1,
						0
					],
					[
						137375,
						2,
						0
					],
					[
						137000,
						3,
						0
					],
					[
						137125,
						3,
						0
					],
					[
						137062.5,
						0,
						0
					],
					[
						136875,
						2,
						0
					],
					[
						136750,
						1,
						0
					],
					[
						136625,
						0,
						0
					],
					[
						136500,
						2,
						0
					],
					[
						136375,
						0,
						0
					],
					[
						136250,
						1,
						0
					],
					[
						136125,
						3,
						0
					],
					[
						136000,
						1,
						0
					],
					[
						137500,
						4,
						0
					],
					[
						137750,
						7,
						0
					],
					[
						137500,
						3,
						0
					],
					[
						137500,
						0,
						0
					],
					[
						137750,
						0,
						0
					],
					[
						137750,
						3,
						0
					],
					[
						136250,
						4,
						0
					],
					[
						136125,
						5,
						0
					],
					[
						136000,
						7,
						0
					],
					[
						136375,
						7,
						0
					],
					[
						136750,
						7,
						0
					]
				],
				"typeOfSection": 0,
				"lengthInSteps": 16,
				"gfSection": false,
				"altAnim": false,
				"mustHitSection": false,
				"changeBPM": false,
				"bpm": 120
			},
			{
				"sectionNotes": [
					[
						138000,
						5,
						875
					],
					[
						139000,
						0,
						375
					],
					[
						139625,
						1,
						0
					],
					[
						139750,
						2,
						0
					],
					[
						139875,
						3,
						0
					],
					[
						139000,
						0,
						0
					],
					[
						139750,
						2,
						0
					],
					[
						138000,
						2,
						375
					],
					[
						138500,
						1,
						0
					],
					[
						138625,
						0,
						0
					],
					[
						138750,
						1,
						0
					],
					[
						138875,
						3,
						0
					],
					[
						139500,
						2,
						0
					]
				],
				"typeOfSection": 0,
				"lengthInSteps": 16,
				"gfSection": true,
				"altAnim": false,
				"mustHitSection": false,
				"changeBPM": false,
				"bpm": 120
			},
			{
				"sectionNotes": [
					[
						140750,
						1,
						0
					],
					[
						140875,
						2,
						0
					],
					[
						141000,
						3,
						0
					],
					[
						141250,
						1,
						0
					],
					[
						141375,
						0,
						0
					],
					[
						141750,
						0,
						0
					],
					[
						141875,
						1,
						0
					],
					[
						140000,
						1,
						375
					],
					[
						140500,
						3,
						0
					],
					[
						140625,
						0,
						0
					],
					[
						141500,
						2,
						0
					],
					[
						141625,
						3,
						0
					]
				],
				"typeOfSection": 0,
				"lengthInSteps": 16,
				"gfSection": false,
				"altAnim": false,
				"mustHitSection": false,
				"changeBPM": false,
				"bpm": 120
			},
			{
				"sectionNotes": [
					[
						142000,
						2,
						375
					],
					[
						142500,
						1,
						0
					],
					[
						142625,
						3,
						0
					],
					[
						142750,
						0,
						0
					],
					[
						142875,
						1,
						0
					],
					[
						143000,
						3,
						375
					],
					[
						143500,
						2,
						0
					],
					[
						143625,
						0,
						0
					],
					[
						143750,
						2,
						0
					],
					[
						143875,
						1,
						0
					]
				],
				"typeOfSection": 0,
				"lengthInSteps": 16,
				"gfSection": false,
				"altAnim": false,
				"mustHitSection": false,
				"changeBPM": false,
				"bpm": 120
			},
			{
				"sectionNotes": [
					[
						144625,
						0,
						0
					],
					[
						144500,
						1,
						0
					],
					[
						144875,
						1,
						0
					],
					[
						145000,
						2,
						375
					],
					[
						145500,
						0,
						0
					],
					[
						145750,
						3,
						0
					],
					[
						144625,
						0,
						0
					],
					[
						145500,
						0,
						0
					],
					[
						145750,
						3,
						0
					],
					[
						144250,
						0,
						0
					],
					[
						144125,
						1,
						0
					],
					[
						144000,
						3,
						0
					],
					[
						144375,
						3,
						0
					],
					[
						144750,
						3,
						0
					]
				],
				"typeOfSection": 0,
				"lengthInSteps": 16,
				"gfSection": false,
				"altAnim": false,
				"mustHitSection": false,
				"changeBPM": false,
				"bpm": 120
			},
			{
				"sectionNotes": [
					[
						146000,
						1,
						875
					]
				],
				"typeOfSection": 0,
				"lengthInSteps": 16,
				"gfSection": false,
				"altAnim": false,
				"mustHitSection": false,
				"changeBPM": false,
				"bpm": 120
			},
			{
				"sectionNotes": [
					[
						149625,
						0,
						250
					]
				],
				"typeOfSection": 0,
				"lengthInSteps": 16,
				"gfSection": false,
				"altAnim": false,
				"mustHitSection": false,
				"changeBPM": false,
				"bpm": 120
			},
			{
				"sectionNotes": [
					[
						150812.5,
						2,
						375
					],
					[
						150500,
						0,
						0
					],
					[
						150625,
						1,
						0
					],
					[
						150312.5,
						3,
						0
					],
					[
						151875,
						0,
						0
					],
					[
						151937.5,
						1,
						0
					]
				],
				"typeOfSection": 0,
				"lengthInSteps": 16,
				"gfSection": false,
				"altAnim": false,
				"mustHitSection": false,
				"changeBPM": false,
				"bpm": 120
			},
			{
				"sectionNotes": [
					[
						152062.5,
						2,
						0
					],
					[
						152125,
						3,
						0
					],
					[
						152250,
						1,
						125
					],
					[
						152541.666666667,
						2,
						0
					],
					[
						152750,
						3,
						0
					],
					[
						152875,
						0,
						0
					],
					[
						152937.5,
						1,
						0
					],
					[
						153062.5,
						2,
						0
					],
					[
						153187.5,
						0,
						0
					],
					[
						153250,
						3,
						0
					],
					[
						153375,
						1,
						0
					],
					[
						153437.5,
						2,
						0
					],
					[
						153562.5,
						3,
						0
					],
					[
						153750,
						1,
						125
					]
				],
				"typeOfSection": 0,
				"lengthInSteps": 16,
				"gfSection": false,
				"altAnim": false,
				"mustHitSection": false,
				"changeBPM": false,
				"bpm": 120
			},
			{
				"sectionNotes": [
					[
						154583.333333333,
						1,
						416.666666666667
					]
				],
				"typeOfSection": 0,
				"lengthInSteps": 16,
				"gfSection": false,
				"altAnim": false,
				"mustHitSection": false,
				"changeBPM": true,
				"bpm": 180
			},
			{
				"sectionNotes": [],
				"typeOfSection": 0,
				"lengthInSteps": 16,
				"gfSection": false,
				"altAnim": false,
				"mustHitSection": false,
				"changeBPM": true,
				"bpm": 160
			},
			{
				"sectionNotes": [],
				"typeOfSection": 0,
				"lengthInSteps": 16,
				"gfSection": false,
				"altAnim": false,
				"mustHitSection": true,
				"changeBPM": true,
				"bpm": 120
			},
			{
				"sectionNotes": [],
				"typeOfSection": 0,
				"lengthInSteps": 16,
				"gfSection": false,
				"altAnim": false,
				"mustHitSection": false,
				"changeBPM": false,
				"bpm": 120
			},
			{
				"sectionNotes": [],
				"typeOfSection": 0,
				"lengthInSteps": 16,
				"gfSection": false,
				"altAnim": false,
				"mustHitSection": true,
				"changeBPM": false,
				"bpm": 120
			},
			{
				"lengthInSteps": 16,
				"typeOfSection": 0,
				"sectionNotes": [],
				"altAnim": false,
				"gfSection": false,
				"bpm": 120,
				"changeBPM": false,
				"mustHitSection": true
			},
			{
				"sectionNotes": [],
				"typeOfSection": 0,
				"lengthInSteps": 16,
				"gfSection": false,
				"altAnim": false,
				"mustHitSection": true,
				"changeBPM": false,
				"bpm": 120
			},
			{
				"sectionNotes": [],
				"typeOfSection": 0,
				"lengthInSteps": 16,
				"gfSection": false,
				"altAnim": false,
				"mustHitSection": true,
				"changeBPM": false,
				"bpm": 120
			},
			{
				"lengthInSteps": 16,
				"typeOfSection": 0,
				"sectionNotes": [],
				"altAnim": false,
				"gfSection": false,
				"bpm": 120,
				"changeBPM": false,
				"mustHitSection": true
			},
			{
				"lengthInSteps": 16,
				"typeOfSection": 0,
				"sectionNotes": [],
				"altAnim": false,
				"gfSection": false,
				"bpm": 120,
				"changeBPM": false,
				"mustHitSection": true
			},
			{
				"sectionNotes": [],
				"typeOfSection": 0,
				"lengthInSteps": 16,
				"gfSection": false,
				"altAnim": false,
				"mustHitSection": true,
				"changeBPM": false,
				"bpm": 120
			},
			{
				"sectionNotes": [],
				"typeOfSection": 0,
				"lengthInSteps": 16,
				"gfSection": false,
				"altAnim": false,
				"mustHitSection": true,
				"changeBPM": false,
				"bpm": 120
			},
			{
				"sectionNotes": [],
				"typeOfSection": 0,
				"lengthInSteps": 16,
				"gfSection": false,
				"altAnim": false,
				"mustHitSection": true,
				"changeBPM": false,
				"bpm": 120
			},
			{
				"sectionNotes": [],
				"typeOfSection": 0,
				"lengthInSteps": 16,
				"gfSection": false,
				"altAnim": false,
				"mustHitSection": true,
				"changeBPM": false,
				"bpm": 120
			},
			{
				"lengthInSteps": 16,
				"typeOfSection": 0,
				"sectionNotes": [],
				"altAnim": false,
				"gfSection": false,
				"bpm": 120,
				"changeBPM": false,
				"mustHitSection": true
			},
			{
				"sectionBeats": 4,
				"sectionNotes": [],
				"typeOfSection": 0,
				"gfSection": false,
				"altAnim": false,
				"mustHitSection": true,
				"changeBPM": false,
				"bpm": 120
			},
			{
				"sectionBeats": 4,
				"sectionNotes": [],
				"typeOfSection": 0,
				"gfSection": false,
				"altAnim": false,
				"mustHitSection": true,
				"changeBPM": false,
				"bpm": 120
			},
			{
				"typeOfSection": 0,
				"sectionNotes": [],
				"sectionBeats": 4,
				"altAnim": false,
				"gfSection": false,
				"bpm": 120,
				"changeBPM": false,
				"mustHitSection": true
			},
			{
				"typeOfSection": 0,
				"sectionNotes": [],
				"sectionBeats": 4,
				"altAnim": false,
				"gfSection": false,
				"bpm": 120,
				"changeBPM": false,
				"mustHitSection": true
			},
			{
				"typeOfSection": 0,
				"sectionNotes": [],
				"sectionBeats": 4,
				"altAnim": false,
				"gfSection": false,
				"bpm": 120,
				"changeBPM": false,
				"mustHitSection": true
			},
			{
				"sectionBeats": 4,
				"sectionNotes": [],
				"typeOfSection": 0,
				"gfSection": false,
				"altAnim": false,
				"mustHitSection": true,
				"changeBPM": false,
				"bpm": 120
			},
			{
				"sectionBeats": 4,
				"sectionNotes": [],
				"typeOfSection": 0,
				"gfSection": false,
				"altAnim": false,
				"mustHitSection": true,
				"changeBPM": false,
				"bpm": 120
			},
			{
				"typeOfSection": 0,
				"sectionNotes": [],
				"sectionBeats": 4,
				"altAnim": false,
				"gfSection": false,
				"bpm": 120,
				"changeBPM": false,
				"mustHitSection": true
			},
			{
				"typeOfSection": 0,
				"sectionNotes": [],
				"sectionBeats": 4,
				"altAnim": false,
				"gfSection": false,
				"bpm": 120,
				"changeBPM": false,
				"mustHitSection": true
			},
			{
				"typeOfSection": 0,
				"sectionNotes": [],
				"sectionBeats": 4,
				"altAnim": false,
				"gfSection": false,
				"bpm": 120,
				"changeBPM": false,
				"mustHitSection": true
			},
			{
				"typeOfSection": 0,
				"sectionNotes": [],
				"sectionBeats": 4,
				"altAnim": false,
				"gfSection": false,
				"bpm": 120,
				"changeBPM": false,
				"mustHitSection": true
			},
			{
				"sectionBeats": 4,
				"sectionNotes": [],
				"typeOfSection": 0,
				"gfSection": false,
				"altAnim": false,
				"mustHitSection": true,
				"changeBPM": false,
				"bpm": 120
			},
			{
				"sectionBeats": 4,
				"sectionNotes": [],
				"typeOfSection": 0,
				"gfSection": false,
				"altAnim": false,
				"mustHitSection": true,
				"changeBPM": false,
				"bpm": 120
			},
			{
				"typeOfSection": 0,
				"sectionNotes": [],
				"sectionBeats": 4,
				"altAnim": false,
				"gfSection": false,
				"bpm": 120,
				"changeBPM": false,
				"mustHitSection": true
			},
			{
				"typeOfSection": 0,
				"sectionNotes": [],
				"sectionBeats": 4,
				"altAnim": false,
				"gfSection": false,
				"bpm": 120,
				"changeBPM": false,
				"mustHitSection": true
			},
			{
				"sectionBeats": 4,
				"sectionNotes": [],
				"typeOfSection": 0,
				"gfSection": false,
				"altAnim": false,
				"mustHitSection": true,
				"changeBPM": false,
				"bpm": 120
			},
			{
				"gfSection": false,
				"altAnim": false,
				"typeOfSection": 0,
				"sectionNotes": [],
				"bpm": 120,
				"sectionBeats": 4,
				"changeBPM": false,
				"mustHitSection": true
			}
		],
		"gfVersion": "speakers",
		"events": [
			[
				10000,
				[
					[
						"Change Character",
						"dad",
						"uruha-rushia"
					],
					[
						"Change Character",
						"bf",
						"momosuzu-nene"
					],
					[
						"Change Character",
						"gf",
						"aloe-speakers"
					]
				]
			],
			[
				18000,
				[
					[
						"Change Character",
						"dad",
						"natsuki"
					],
					[
						"Change Character",
						"bf",
						"monika-player"
					]
				]
			],
			[
				33500,
				[
					[
						"Zoom",
						"1",
						""
					]
				]
			],
			[
				34000,
				[
					[
						"Change Character",
						"dad",
						"mikunakv3"
					],
					[
						"Change Character",
						"bf",
						"playable-miku"
					],
					[
						"Flash",
						"00AFAF,add",
						""
					]
				]
			],
			[
				50000,
				[
					[
						"Change Character",
						"dad",
						"soul-aloe"
					],
					[
						"Change Character",
						"bf",
						"lamy-player"
					]
				]
			],
			[
				58000,
				[
					[
						"Change Character",
						"dad",
						"azula-closeup"
					]
				]
			],
			[
				70000,
				[
					[
						"Change Character",
						"dad",
						"ninov3"
					],
					[
						"Change Character",
						"bf",
						"horuda-closeup-player"
					]
				]
			],
			[
				78000,
				[
					[
						"Change Character",
						"gf",
						"loona"
					],
					[
						"Change Character",
						"dad",
						"korone"
					],
					[
						"Change Character",
						"bf",
						"aloo-guitar"
					]
				]
			],
			[
				86000,
				[
					[
						"Zoom",
						"1.2",
						""
					]
				]
			],
			[
				88000,
				[
					[
						"Zoom",
						"1.3",
						""
					]
				]
			],
			[
				88500,
				[
					[
						"Zoom",
						"1.1",
						""
					]
				]
			],
			[
				89000,
				[
					[
						"Zoom",
						"1.25",
						""
					]
				]
			],
			[
				89250,
				[
					[
						"Zoom",
						"1.35",
						""
					]
				]
			],
			[
				89500,
				[
					[
						"Zoom",
						"1.45",
						""
					]
				]
			],
			[
				89750,
				[
					[
						"Zoom",
						"1.55",
						""
					]
				]
			],
			[
				90000,
				[
					[
						"Change Character",
						"dad",
						"lucifer-helltaker"
					],
					[
						"Change Character",
						"bf",
						"moxxieplay"
					]
				]
			],
			[
				90031.25,
				[
					[
						"Zoom",
						"1",
						""
					]
				]
			],
			[
				98000,
				[
					[
						"Change Character",
						"dad",
						"majin"
					],
					[
						"Change Character",
						"bf",
						"wenamy-player"
					],
					[
						"Change Character",
						"gf",
						"erika"
					]
				]
			],
			[
				106000,
				[
					[
						"Change Character",
						"dad",
						"bigtomoe"
					],
					[
						"Change Character",
						"bf",
						"mutsumi-icon"
					]
				]
			],
			[
				114000,
				[
					[
						"Change Character",
						"dad",
						"nanda-closeup"
					],
					[
						"Change Character",
						"bf",
						"megumin-icon"
					]
				]
			],
			[
				122000,
				[
					[
						"Change Character",
						"dad",
						"azuri-panda"
					],
					[
						"Change Character",
						"bf",
						"mako7w7-player2"
					],
					[
						"Change Character",
						"gf",
						"mio-speakers"
					]
				]
			],
			[
				146000,
				[
					[
						"HealthFade",
						"0.5",
						"0"
					]
				]
			],
			[
				148375,
				[
					[
						"Cinematics",
						"1",
						""
					]
				]
			],
			[
				156645.833333333,
				[
					[
						"Cinematics",
						"",
						"2"
					]
				]
			]
		],
		"player3": null,
		"splashSkin": "noteSplashes",
		"song": "Malediction",
		"validScore": true,
		"needsVoices": true,
		"arrowSkin": "NOTE_assets",
		"stage": "malediction-everyone",
		"speed": 2.8,
		"bpm": 120
	}
}