{
	"song": {
		"player1": "yotsubav3.5-player",
		"player2": "ruka",
		"events": [
			[
				66018.75,
				[
					[
						"Change Character",
						"bf",
						"yotsubav3.5-blueribbon-player"
					]
				]
			]
		],
		"notes": [
			{
				"typeOfSection": 0,
				"sectionNotes": [],
				"sectionBeats": 4,
				"altAnim": false,
				"gfSection": false,
				"bpm": 150,
				"changeBPM": false,
				"mustHitSection": true
			},
			{
				"typeOfSection": 0,
				"sectionNotes": [],
				"sectionBeats": 4,
				"altAnim": false,
				"gfSection": false,
				"bpm": 150,
				"changeBPM": false,
				"mustHitSection": true
			},
			{
				"typeOfSection": 0,
				"sectionNotes": [],
				"sectionBeats": 4,
				"altAnim": false,
				"gfSection": false,
				"bpm": 100,
				"changeBPM": false,
				"mustHitSection": true
			},
			{
				"typeOfSection": 0,
				"sectionNotes": [],
				"sectionBeats": 4,
				"altAnim": false,
				"gfSection": false,
				"bpm": 100,
				"changeBPM": false,
				"mustHitSection": true
			},
			{
				"typeOfSection": 0,
				"sectionNotes": [
					[
						9600,
						0,
						0
					],
					[
						9800,
						1,
						0
					],
					[
						9900,
						3,
						0
					],
					[
						10100,
						0,
						0
					],
					[
						10200,
						2,
						0
					],
					[
						10400,
						0,
						0
					],
					[
						10500,
						3,
						0
					],
					[
						10700,
						1,
						0
					],
					[
						10800,
						4,
						150
					],
					[
						11400,
						5,
						450
					],
					[
						11400,
						7,
						0,
						"No Animation"
					]
				],
				"sectionBeats": 4,
				"altAnim": false,
				"gfSection": false,
				"bpm": 100,
				"changeBPM": false,
				"mustHitSection": false
			},
			{
				"typeOfSection": 0,
				"sectionNotes": [
					[
						12800,
						0,
						0
					],
					[
						13200,
						4,
						150
					],
					[
						13800,
						5,
						450
					],
					[
						13800,
						7,
						0,
						"No Animation"
					],
					[
						12000,
						3,
						150
					],
					[
						12300,
						2,
						0
					],
					[
						12600,
						0,
						0
					],
					[
						12900,
						1,
						0
					],
					[
						12500,
						2,
						0
					]
				],
				"sectionBeats": 4,
				"altAnim": false,
				"gfSection": false,
				"bpm": 100,
				"changeBPM": false,
				"mustHitSection": false
			},
			{
				"typeOfSection": 0,
				"sectionNotes": [
					[
						14400,
						3,
						150
					],
					[
						14700,
						2,
						0
					],
					[
						14900,
						0,
						0
					],
					[
						15000,
						2,
						0
					],
					[
						15200,
						1,
						0
					],
					[
						15300,
						2,
						0
					],
					[
						16200,
						6,
						450
					],
					[
						15600,
						7,
						0
					],
					[
						16200,
						4,
						0,
						"No Animation"
					]
				],
				"sectionBeats": 4,
				"altAnim": false,
				"gfSection": false,
				"bpm": 100,
				"changeBPM": false,
				"mustHitSection": false
			},
			{
				"typeOfSection": 0,
				"sectionNotes": [
					[
						16800,
						3,
						150
					],
					[
						17300,
						1,
						0
					],
					[
						17100,
						2,
						0
					],
					[
						17400,
						0,
						150
					],
					[
						17700,
						3,
						150
					],
					[
						18000,
						7,
						150
					],
					[
						18500,
						5,
						0
					],
					[
						18400,
						6,
						0
					],
					[
						18600,
						4,
						450
					]
				],
				"sectionBeats": 4,
				"altAnim": false,
				"gfSection": false,
				"bpm": 100,
				"changeBPM": false,
				"mustHitSection": false
			},
			{
				"typeOfSection": 0,
				"sectionNotes": [
					[
						19200,
						3,
						0
					],
					[
						19400,
						2,
						0
					],
					[
						19500,
						0,
						0
					],
					[
						19700,
						3,
						0
					],
					[
						19800,
						1,
						0
					],
					[
						20000,
						3,
						0
					],
					[
						20100,
						0,
						0
					],
					[
						20300,
						2,
						0
					],
					[
						20400,
						7,
						150
					],
					[
						21000,
						6,
						450
					],
					[
						21000,
						4,
						0,
						"No Animation"
					]
				],
				"sectionBeats": 4,
				"altAnim": false,
				"gfSection": false,
				"bpm": 100,
				"changeBPM": false,
				"mustHitSection": true
			},
			{
				"typeOfSection": 0,
				"sectionNotes": [
					[
						22400,
						3,
						0
					],
					[
						22800,
						7,
						150
					],
					[
						23400,
						6,
						450
					],
					[
						23400,
						4,
						0,
						"No Animation"
					],
					[
						21600,
						0,
						150
					],
					[
						21900,
						1,
						0
					],
					[
						22200,
						3,
						0
					],
					[
						22500,
						2,
						0
					],
					[
						22100,
						1,
						0
					]
				],
				"sectionBeats": 4,
				"altAnim": false,
				"gfSection": false,
				"bpm": 100,
				"changeBPM": false,
				"mustHitSection": true
			},
			{
				"typeOfSection": 0,
				"sectionNotes": [
					[
						24000,
						3,
						150
					],
					[
						24300,
						2,
						0
					],
					[
						24500,
						0,
						0
					],
					[
						24600,
						2,
						0
					],
					[
						24800,
						1,
						0
					],
					[
						24900,
						2,
						0
					],
					[
						25800,
						6,
						450
					],
					[
						25800,
						4,
						0,
						"No Animation"
					],
					[
						25200,
						5,
						0
					]
				],
				"sectionBeats": 4,
				"altAnim": false,
				"gfSection": false,
				"bpm": 100,
				"changeBPM": false,
				"mustHitSection": true
			},
			{
				"typeOfSection": 0,
				"sectionNotes": [
					[
						26900,
						2,
						0
					],
					[
						26700,
						1,
						0
					],
					[
						27000,
						3,
						150
					],
					[
						27300,
						0,
						150
					],
					[
						27600,
						4,
						150
					],
					[
						28100,
						6,
						0
					],
					[
						28000,
						5,
						0
					],
					[
						28200,
						7,
						450
					],
					[
						26400,
						3,
						150
					],
					[
						28500,
						2,
						150
					]
				],
				"sectionBeats": 4,
				"altAnim": false,
				"gfSection": false,
				"bpm": 100,
				"changeBPM": false,
				"mustHitSection": true
			},
			{
				"typeOfSection": 0,
				"sectionNotes": [
					[
						28800,
						1,
						0
					],
					[
						29100,
						2,
						0
					],
					[
						29400,
						1,
						0
					],
					[
						29700,
						2,
						0
					],
					[
						30000,
						3,
						0
					],
					[
						30300,
						2,
						0
					],
					[
						30600,
						0,
						450
					]
				],
				"sectionBeats": 4,
				"altAnim": false,
				"gfSection": false,
				"bpm": 100,
				"changeBPM": false,
				"mustHitSection": true
			},
			{
				"typeOfSection": 0,
				"sectionNotes": [
					[
						31200,
						2,
						0
					],
					[
						31400,
						0,
						0
					],
					[
						31500,
						1,
						0
					],
					[
						31700,
						3,
						0
					],
					[
						31800,
						2,
						0
					],
					[
						32100,
						0,
						0
					],
					[
						32200,
						1,
						0
					],
					[
						32300,
						3,
						0
					],
					[
						32400,
						2,
						0
					],
					[
						32600,
						0,
						0
					],
					[
						32700,
						1,
						0
					],
					[
						32900,
						3,
						0
					],
					[
						33000,
						2,
						150
					],
					[
						33300,
						1,
						150
					],
					[
						33300,
						6,
						150
					]
				],
				"sectionBeats": 4,
				"altAnim": false,
				"gfSection": false,
				"bpm": 100,
				"changeBPM": false,
				"mustHitSection": true
			},
			{
				"typeOfSection": 0,
				"sectionNotes": [
					[
						33900,
						1,
						0
					],
					[
						34500,
						1,
						0
					],
					[
						34800,
						0,
						0
					],
					[
						35400,
						3,
						450
					],
					[
						33600,
						3,
						0
					],
					[
						34200,
						3,
						0
					],
					[
						35100,
						2,
						0
					]
				],
				"sectionBeats": 4,
				"altAnim": false,
				"gfSection": false,
				"bpm": 100,
				"changeBPM": false,
				"mustHitSection": false
			},
			{
				"typeOfSection": 0,
				"sectionNotes": [
					[
						36000,
						2,
						0
					],
					[
						36200,
						0,
						0
					],
					[
						36300,
						1,
						0
					],
					[
						36500,
						3,
						0
					],
					[
						36600,
						2,
						0
					],
					[
						36900,
						0,
						0
					],
					[
						37000,
						1,
						0
					],
					[
						37100,
						3,
						0
					],
					[
						37200,
						2,
						0
					],
					[
						37400,
						0,
						0
					],
					[
						37500,
						1,
						0
					],
					[
						37700,
						3,
						0
					],
					[
						37800,
						1,
						150
					],
					[
						38100,
						2,
						150
					]
				],
				"sectionBeats": 4,
				"altAnim": false,
				"gfSection": false,
				"bpm": 100,
				"changeBPM": false,
				"mustHitSection": false
			},
			{
				"typeOfSection": 0,
				"sectionNotes": [
					[
						38400,
						2,
						900
					],
					[
						39600,
						1,
						750
					],
					[
						40500,
						3,
						0
					],
					[
						38400,
						5,
						0
					],
					[
						38700,
						5,
						0
					],
					[
						38900,
						5,
						0
					],
					[
						39000,
						7,
						0
					],
					[
						39200,
						7,
						0
					],
					[
						39300,
						7,
						0
					],
					[
						39500,
						7,
						0
					],
					[
						39600,
						7,
						0
					],
					[
						39900,
						4,
						0
					],
					[
						40100,
						5,
						0
					],
					[
						40200,
						6,
						0
					],
					[
						40500,
						4,
						0
					]
				],
				"sectionBeats": 4,
				"altAnim": false,
				"gfSection": false,
				"bpm": 100,
				"changeBPM": false,
				"mustHitSection": true
			},
			{
				"typeOfSection": 0,
				"sectionNotes": [
					[
						40800,
						0,
						1050
					],
					[
						42000,
						2,
						0
					],
					[
						42600,
						2,
						0
					],
					[
						42900,
						3,
						0
					],
					[
						40800,
						7,
						0
					],
					[
						41100,
						6,
						0
					],
					[
						41400,
						5,
						0
					],
					[
						42000,
						4,
						0
					],
					[
						42300,
						5,
						0
					],
					[
						42900,
						6,
						0
					],
					[
						42600,
						6,
						0
					]
				],
				"sectionBeats": 4,
				"altAnim": false,
				"gfSection": false,
				"bpm": 100,
				"changeBPM": false,
				"mustHitSection": true
			},
			{
				"typeOfSection": 0,
				"sectionNotes": [
					[
						43200,
						1,
						900
					],
					[
						44400,
						2,
						750
					],
					[
						45300,
						0,
						0
					],
					[
						43200,
						6,
						0
					],
					[
						43500,
						6,
						0
					],
					[
						43700,
						6,
						0
					],
					[
						44700,
						7,
						0
					],
					[
						44900,
						6,
						0
					],
					[
						45000,
						5,
						0
					],
					[
						45300,
						7,
						0
					],
					[
						43800,
						7,
						0
					],
					[
						44000,
						7,
						0
					],
					[
						44100,
						7,
						0
					],
					[
						44300,
						7,
						0
					],
					[
						44400,
						7,
						0
					]
				],
				"sectionBeats": 4,
				"altAnim": false,
				"gfSection": false,
				"bpm": 100,
				"changeBPM": false,
				"mustHitSection": false
			},
			{
				"typeOfSection": 0,
				"sectionNotes": [
					[
						45600,
						3,
						1050
					],
					[
						46800,
						1,
						0
					],
					[
						47400,
						1,
						0
					],
					[
						47700,
						0,
						0
					],
					[
						45600,
						4,
						0
					],
					[
						45900,
						5,
						0
					],
					[
						46200,
						6,
						0
					],
					[
						46800,
						7,
						0
					],
					[
						47100,
						6,
						0
					],
					[
						47400,
						5,
						0
					],
					[
						47700,
						7,
						0
					]
				],
				"sectionBeats": 4,
				"altAnim": false,
				"gfSection": false,
				"bpm": 100,
				"changeBPM": false,
				"mustHitSection": false
			},
			{
				"typeOfSection": 0,
				"sectionNotes": [
					[
						48000,
						6,
						0
					],
					[
						48225,
						5,
						0
					],
					[
						48300,
						4,
						0
					],
					[
						48525,
						6,
						0
					],
					[
						48600,
						7,
						0
					],
					[
						48900,
						5,
						0
					],
					[
						49100,
						4,
						0
					],
					[
						49200,
						7,
						0
					],
					[
						49500,
						4,
						0
					],
					[
						49700,
						5,
						0
					],
					[
						49800,
						7,
						0
					],
					[
						50100,
						6,
						0
					],
					[
						48000,
						1,
						2250
					]
				],
				"sectionBeats": 4,
				"altAnim": false,
				"gfSection": false,
				"bpm": 100,
				"changeBPM": false,
				"mustHitSection": false
			},
			{
				"typeOfSection": 0,
				"sectionNotes": [
					[
						50400,
						0,
						1050
					],
					[
						51600,
						3,
						1050
					],
					[
						50400,
						5,
						150
					],
					[
						50700,
						7,
						150
					],
					[
						51000,
						6,
						150
					],
					[
						51300,
						5,
						150
					],
					[
						51600,
						7,
						150
					],
					[
						51900,
						4,
						0
					],
					[
						52100,
						4,
						0
					],
					[
						52200,
						5,
						150
					],
					[
						52500,
						7,
						150
					]
				],
				"sectionBeats": 4,
				"altAnim": false,
				"gfSection": false,
				"bpm": 100,
				"changeBPM": false,
				"mustHitSection": false
			},
			{
				"typeOfSection": 0,
				"sectionNotes": [
					[
						52800,
						2,
						2250
					],
					[
						52800,
						6,
						0
					],
					[
						53000,
						5,
						0
					],
					[
						53100,
						7,
						0
					],
					[
						53400,
						6,
						0
					],
					[
						53700,
						5,
						0
					],
					[
						53900,
						5,
						0
					],
					[
						54000,
						7,
						0
					],
					[
						54300,
						4,
						0
					],
					[
						54600,
						5,
						150
					],
					[
						54900,
						6,
						150
					]
				],
				"sectionBeats": 4,
				"altAnim": false,
				"gfSection": false,
				"bpm": 100,
				"changeBPM": false,
				"mustHitSection": false
			},
			{
				"typeOfSection": 0,
				"sectionNotes": [
					[
						55200,
						0,
						1050
					],
					[
						56400,
						1,
						1050
					],
					[
						55200,
						4,
						0
					],
					[
						55500,
						4,
						0
					],
					[
						55800,
						6,
						150
					],
					[
						56100,
						7,
						0
					],
					[
						56400,
						4,
						0
					],
					[
						56700,
						5,
						0
					],
					[
						57000,
						7,
						150
					],
					[
						57300,
						6,
						0
					]
				],
				"sectionBeats": 4,
				"altAnim": false,
				"gfSection": false,
				"bpm": 100,
				"changeBPM": false,
				"mustHitSection": false
			},
			{
				"typeOfSection": 0,
				"sectionNotes": [
					[
						57600,
						3,
						1050
					],
					[
						58800,
						0,
						1050
					],
					[
						57600,
						5,
						0
					],
					[
						57900,
						7,
						0
					],
					[
						58100,
						6,
						0
					],
					[
						58200,
						5,
						0
					],
					[
						58400,
						4,
						0
					],
					[
						58500,
						7,
						0
					],
					[
						58700,
						5,
						0
					],
					[
						58800,
						6,
						150
					],
					[
						59100,
						4,
						0
					],
					[
						59400,
						7,
						150
					],
					[
						59700,
						4,
						0
					]
				],
				"sectionBeats": 4,
				"altAnim": false,
				"gfSection": false,
				"bpm": 100,
				"changeBPM": false,
				"mustHitSection": false
			},
			{
				"typeOfSection": 0,
				"sectionNotes": [
					[
						60000,
						2,
						1050
					],
					[
						61200,
						1,
						1050
					],
					[
						60000,
						6,
						1050
					],
					[
						61200,
						4,
						1050
					]
				],
				"sectionBeats": 4,
				"altAnim": false,
				"gfSection": false,
				"bpm": 100,
				"changeBPM": false,
				"mustHitSection": false
			},
			{
				"typeOfSection": 0,
				"sectionNotes": [
					[
						62400,
						6,
						2250
					],
					[
						63600,
						1,
						1050
					]
				],
				"sectionBeats": 4,
				"altAnim": false,
				"gfSection": false,
				"bpm": 100,
				"changeBPM": false,
				"mustHitSection": false
			},
			{
				"typeOfSection": 0,
				"sectionNotes": [
					[
						64800,
						2,
						900
					]
				],
				"sectionBeats": 4,
				"altAnim": false,
				"gfSection": false,
				"bpm": 100,
				"changeBPM": false,
				"mustHitSection": false
			},
			{
				"typeOfSection": 0,
				"sectionNotes": [
					[
						68100,
						2,
						0
					],
					[
						68400,
						3,
						0
					],
					[
						69000,
						2,
						0
					]
				],
				"sectionBeats": 4,
				"altAnim": false,
				"gfSection": false,
				"bpm": 100,
				"changeBPM": false,
				"mustHitSection": false
			},
			{
				"typeOfSection": 0,
				"sectionNotes": [
					[
						69600,
						1,
						0
					],
					[
						69900,
						3,
						0
					],
					[
						70100,
						3,
						0
					],
					[
						70200,
						0,
						0
					],
					[
						70400,
						0,
						0
					],
					[
						70500,
						2,
						0
					],
					[
						70800,
						3,
						150
					],
					[
						71400,
						2,
						450
					]
				],
				"sectionBeats": 4,
				"altAnim": false,
				"gfSection": false,
				"bpm": 100,
				"changeBPM": false,
				"mustHitSection": false
			},
			{
				"typeOfSection": 0,
				"sectionNotes": [
					[
						72000,
						1,
						0
					],
					[
						72300,
						0,
						0
					],
					[
						72500,
						1,
						0
					],
					[
						72600,
						2,
						0
					],
					[
						72800,
						0,
						0
					],
					[
						72900,
						2,
						150
					],
					[
						73200,
						1,
						150
					],
					[
						73800,
						2,
						300
					],
					[
						73800,
						3,
						0,
						"No Animation"
					]
				],
				"sectionBeats": 4,
				"altAnim": false,
				"gfSection": false,
				"bpm": 100,
				"changeBPM": false,
				"mustHitSection": false
			},
			{
				"typeOfSection": 0,
				"sectionNotes": [
					[
						74400,
						1,
						150
					],
					[
						74900,
						2,
						0
					],
					[
						74700,
						3,
						0
					],
					[
						75000,
						0,
						150
					],
					[
						75300,
						1,
						150
					],
					[
						75600,
						7,
						150
					],
					[
						76000,
						6,
						0
					],
					[
						76100,
						5,
						0
					],
					[
						76200,
						4,
						150
					],
					[
						76500,
						5,
						0
					]
				],
				"sectionBeats": 4,
				"altAnim": false,
				"gfSection": false,
				"bpm": 100,
				"changeBPM": false,
				"mustHitSection": false
			},
			{
				"typeOfSection": 0,
				"sectionNotes": [
					[
						76800,
						2,
						0
					]
				],
				"sectionBeats": 4,
				"altAnim": false,
				"gfSection": false,
				"bpm": 100,
				"changeBPM": false,
				"mustHitSection": true
			},
			{
				"typeOfSection": 0,
				"sectionNotes": [],
				"sectionBeats": 4,
				"altAnim": false,
				"gfSection": false,
				"bpm": 100,
				"changeBPM": false,
				"mustHitSection": true
			},
			{
				"sectionBeats": 4,
				"sectionNotes": [],
				"typeOfSection": 0,
				"gfSection": false,
				"altAnim": false,
				"mustHitSection": true,
				"changeBPM": false,
				"bpm": 100
			},
			{
				"sectionBeats": 4,
				"sectionNotes": [],
				"typeOfSection": 0,
				"gfSection": false,
				"altAnim": false,
				"mustHitSection": true,
				"changeBPM": false,
				"bpm": 100
			},
			{
				"sectionBeats": 4,
				"sectionNotes": [],
				"typeOfSection": 0,
				"gfSection": false,
				"altAnim": false,
				"mustHitSection": true,
				"changeBPM": false,
				"bpm": 100
			},
			{
				"typeOfSection": 0,
				"sectionNotes": [],
				"sectionBeats": 4,
				"altAnim": false,
				"gfSection": false,
				"bpm": 100,
				"changeBPM": false,
				"mustHitSection": true
			},
			{
				"typeOfSection": 0,
				"sectionNotes": [],
				"sectionBeats": 4,
				"altAnim": false,
				"gfSection": false,
				"bpm": 100,
				"changeBPM": false,
				"mustHitSection": true
			},
			{
				"typeOfSection": 0,
				"sectionNotes": [],
				"sectionBeats": 4,
				"altAnim": false,
				"gfSection": false,
				"bpm": 100,
				"changeBPM": false,
				"mustHitSection": true
			},
			{
				"typeOfSection": 0,
				"sectionNotes": [],
				"sectionBeats": 4,
				"altAnim": false,
				"gfSection": false,
				"bpm": 100,
				"changeBPM": false,
				"mustHitSection": true
			},
			{
				"typeOfSection": 0,
				"sectionNotes": [],
				"sectionBeats": 4,
				"altAnim": false,
				"gfSection": false,
				"bpm": 100,
				"changeBPM": false,
				"mustHitSection": true
			},
			{
				"typeOfSection": 0,
				"sectionNotes": [],
				"sectionBeats": 4,
				"altAnim": false,
				"gfSection": false,
				"bpm": 100,
				"changeBPM": false,
				"mustHitSection": true
			},
			{
				"typeOfSection": 0,
				"sectionNotes": [],
				"sectionBeats": 4,
				"altAnim": false,
				"gfSection": false,
				"bpm": 100,
				"changeBPM": false,
				"mustHitSection": true
			},
			{
				"typeOfSection": 0,
				"sectionNotes": [],
				"sectionBeats": 4,
				"altAnim": false,
				"gfSection": false,
				"bpm": 100,
				"changeBPM": false,
				"mustHitSection": true
			},
			{
				"sectionBeats": 4,
				"sectionNotes": [],
				"typeOfSection": 0,
				"gfSection": false,
				"altAnim": false,
				"mustHitSection": true,
				"changeBPM": false,
				"bpm": 100
			},
			{
				"typeOfSection": 0,
				"sectionNotes": [],
				"sectionBeats": 4,
				"altAnim": false,
				"gfSection": false,
				"bpm": 100,
				"changeBPM": false,
				"mustHitSection": true
			},
			{
				"typeOfSection": 0,
				"sectionNotes": [],
				"sectionBeats": 4,
				"altAnim": false,
				"gfSection": false,
				"bpm": 100,
				"changeBPM": false,
				"mustHitSection": true
			},
			{
				"typeOfSection": 0,
				"sectionNotes": [],
				"sectionBeats": 4,
				"altAnim": false,
				"gfSection": false,
				"bpm": 100,
				"changeBPM": false,
				"mustHitSection": true
			},
			{
				"sectionBeats": 4,
				"sectionNotes": [],
				"typeOfSection": 0,
				"gfSection": false,
				"altAnim": false,
				"mustHitSection": true,
				"changeBPM": false,
				"bpm": 100
			},
			{
				"gfSection": false,
				"altAnim": false,
				"typeOfSection": 0,
				"sectionNotes": [],
				"bpm": 100,
				"sectionBeats": 4,
				"changeBPM": false,
				"mustHitSection": true
			},
			{
				"gfSection": false,
				"altAnim": false,
				"typeOfSection": 0,
				"sectionNotes": [],
				"bpm": 100,
				"sectionBeats": 4,
				"changeBPM": false,
				"mustHitSection": true
			}
		],
		"gfVersion": "no-speakers",
		"splashSkin": "NOTE_splashes_quintidiosas",
		"song": "Same-style",
		"validScore": true,
		"stage": "gotoubun-428ruka",
		"arrowSkin": "NOTE_assets_quinti",
		"needsVoices": true,
		"speed": 2.9,
		"bpm": 100
	}
}