{
	"song": {
		"player1": "bf-corrupted",
		"sectionLengths": [],
		"player2": "spookyd3",
		"notes": [
			{
				"typeOfSection": 0,
				"lengthInSteps": 16,
				"sectionNotes": [],
				"mustHitSection": true,
				"changeBPM": false
			},
			{
				"typeOfSection": 0,
				"lengthInSteps": 16,
				"sectionNotes": [],
				"mustHitSection": true
			},
			{
				"typeOfSection": 0,
				"lengthInSteps": 16,
				"sectionNotes": [],
				"mustHitSection": true
			},
			{
				"typeOfSection": 0,
				"lengthInSteps": 16,
				"sectionNotes": [],
				"mustHitSection": true
			},
			{
				"typeOfSection": 0,
				"lengthInSteps": 16,
				"sectionNotes": [],
				"mustHitSection": true
			},
			{
				"typeOfSection": 0,
				"lengthInSteps": 16,
				"sectionNotes": [],
				"mustHitSection": true
			},
			{
				"typeOfSection": 0,
				"lengthInSteps": 16,
				"sectionNotes": [],
				"mustHitSection": true
			},
			{
				"typeOfSection": 0,
				"lengthInSteps": 16,
				"sectionNotes": [],
				"mustHitSection": true
			},
			{
				"typeOfSection": 0,
				"lengthInSteps": 16,
				"sectionNotes": [
					[
						11228.5714285714,
						0,
						0
					],
					[
						11657.1428571429,
						3,
						0
					],
					[
						12085.7142857143,
						2,
						0
					]
				],
				"mustHitSection": false
			},
			{
				"typeOfSection": 0,
				"lengthInSteps": 16,
				"sectionNotes": [
					[
						12514.2857142857,
						2,
						0
					],
					[
						12685.7142857143,
						2,
						0
					],
					[
						12857.1428571429,
						2,
						0
					],
					[
						13028.5714285714,
						3,
						236.842105263158
					],
					[
						13371.4285714286,
						1,
						0
					]
				],
				"mustHitSection": false
			},
			{
				"typeOfSection": 0,
				"lengthInSteps": 16,
				"sectionNotes": [
					[
						14057.1428571429,
						3,
						0
					],
					[
						14914.2857142857,
						1,
						157.894736842105
					],
					[
						14228.5714285714,
						0,
						0
					],
					[
						14400,
						3,
						0
					],
					[
						14571.4285714286,
						0,
						0
					],
					[
						14742.8571428571,
						3,
						0
					]
				],
				"mustHitSection": false
			},
			{
				"typeOfSection": 0,
				"lengthInSteps": 16,
				"sectionNotes": [
					[
						16114.2857142857,
						1,
						0
					],
					[
						15257.1428571429,
						2,
						0
					],
					[
						15342.8571428571,
						2,
						0
					],
					[
						15428.5714285714,
						2,
						0
					],
					[
						15600,
						3,
						0
					],
					[
						15771.4285714286,
						2,
						257.142857142857
					]
				],
				"mustHitSection": false
			},
			{
				"typeOfSection": 0,
				"lengthInSteps": 16,
				"sectionNotes": [
					[
						16800,
						0,
						0
					],
					[
						17142.8571428571,
						3,
						0
					],
					[
						17485.7142857143,
						2,
						0
					]
				],
				"mustHitSection": true
			},
			{
				"typeOfSection": 0,
				"lengthInSteps": 16,
				"sectionNotes": [
					[
						17914.2857142857,
						2,
						0
					],
					[
						18085.7142857143,
						2,
						0
					],
					[
						18257.1428571429,
						2,
						0
					],
					[
						18428.5714285714,
						3,
						257.142857142857
					],
					[
						18857.1428571429,
						1,
						0
					]
				],
				"mustHitSection": true
			},
			{
				"typeOfSection": 0,
				"lengthInSteps": 16,
				"sectionNotes": [
					[
						19885.7142857143,
						3,
						0
					],
					[
						20057.1428571429,
						0,
						0
					],
					[
						20228.5714285714,
						3,
						0
					],
					[
						20400,
						0,
						0
					],
					[
						19542.8571428571,
						3,
						0
					],
					[
						19714.2857142857,
						0,
						0
					]
				],
				"mustHitSection": true
			},
			{
				"typeOfSection": 0,
				"lengthInSteps": 16,
				"sectionNotes": [
					[
						20742.8571428571,
						0,
						0
					],
					[
						20914.2857142857,
						0,
						0
					],
					[
						20828.5714285714,
						0,
						0
					],
					[
						21257.1428571429,
						3,
						257.142857142857
					],
					[
						21085.7142857143,
						2,
						0
					],
					[
						21600,
						1,
						0
					]
				],
				"mustHitSection": true
			},
			{
				"typeOfSection": 0,
				"lengthInSteps": 16,
				"sectionNotes": [
					[
						22200,
						3,
						0
					],
					[
						22371.4285714286,
						2,
						0
					],
					[
						22542.8571428571,
						3,
						0
					],
					[
						22714.2857142857,
						2,
						0
					],
					[
						22885.7142857143,
						3,
						0
					],
					[
						23057.1428571429,
						2,
						0
					],
					[
						22114.2857142857,
						-1,
						"Change Character",
						"dad",
						"selever"
					]
				],
				"mustHitSection": false
			},
			{
				"typeOfSection": 0,
				"lengthInSteps": 16,
				"sectionNotes": [
					[
						23400,
						0,
						0
					],
					[
						23571.4285714286,
						1,
						0
					],
					[
						23914.2857142857,
						0,
						0
					],
					[
						24171.4285714286,
						1,
						0
					],
					[
						24514.2857142857,
						2,
						0
					]
				],
				"mustHitSection": false,
				"changeBPM": false
			},
			{
				"typeOfSection": 0,
				"lengthInSteps": 16,
				"sectionNotes": [
					[
						24942.8571428571,
						3,
						0
					],
					[
						25114.2857142857,
						2,
						0
					],
					[
						25285.7142857143,
						0,
						0
					],
					[
						25457.1428571429,
						1,
						0
					],
					[
						25628.5714285714,
						2,
						0
					],
					[
						25800,
						3,
						257.142857142857
					]
				],
				"mustHitSection": false,
				"changeBPM": false,
				"bpm": 105
			},
			{
				"typeOfSection": 0,
				"lengthInSteps": 16,
				"sectionNotes": [
					[
						26142.8571428571,
						2,
						0
					],
					[
						26314.2857142857,
						3,
						0
					],
					[
						26485.7142857143,
						2,
						257.142857142857
					],
					[
						26828.5714285714,
						0,
						0
					],
					[
						27000,
						2,
						0
					],
					[
						27257.1428571429,
						1,
						0
					]
				],
				"mustHitSection": false
			},
			{
				"typeOfSection": 0,
				"lengthInSteps": 16,
				"sectionNotes": [
					[
						27685.7142857143,
						3,
						0
					],
					[
						27857.1428571429,
						2,
						0
					],
					[
						28028.5714285714,
						3,
						0
					],
					[
						28200,
						2,
						0
					],
					[
						28371.4285714286,
						3,
						0
					],
					[
						28542.8571428571,
						2,
						0
					],
					[
						27685.7142857143,
						-1,
						"Change Character",
						"bf",
						"ruv-player"
					]
				],
				"mustHitSection": true
			},
			{
				"typeOfSection": 0,
				"lengthInSteps": 16,
				"sectionNotes": [
					[
						28885.7142857143,
						0,
						0
					],
					[
						29485.7142857143,
						0,
						0
					],
					[
						30000,
						2,
						0
					],
					[
						29142.8571428571,
						3,
						171.428571428571
					],
					[
						29142.8571428571,
						1,
						171.428571428571
					],
					[
						29742.8571428571,
						3,
						171.428571428571
					],
					[
						29742.8571428571,
						1,
						171.428571428571
					]
				],
				"mustHitSection": true
			},
			{
				"typeOfSection": 0,
				"lengthInSteps": 16,
				"sectionNotes": [
					[
						30428.5714285714,
						3,
						0
					],
					[
						30685.7142857143,
						0,
						0
					],
					[
						30857.1428571429,
						1,
						0
					],
					[
						31028.5714285714,
						2,
						0
					],
					[
						31200,
						3,
						0
					],
					[
						31371.4285714286,
						0,
						0
					]
				],
				"mustHitSection": true
			},
			{
				"typeOfSection": 0,
				"lengthInSteps": 16,
				"sectionNotes": [
					[
						32228.5714285714,
						2,
						0
					],
					[
						31542.8571428571,
						1,
						85.7142857142857
					]
				],
				"mustHitSection": true
			},
			{
				"typeOfSection": 0,
				"lengthInSteps": 16,
				"sectionNotes": [
					[
						32914.2857142857,
						0,
						0
					],
					[
						33085.7142857143,
						1,
						0
					],
					[
						33257.1428571429,
						2,
						0
					],
					[
						33600,
						0,
						0
					],
					[
						33771.4285714286,
						1,
						0
					],
					[
						33942.8571428571,
						2,
						0
					],
					[
						32914.2857142857,
						-1,
						"Change Character",
						"dad",
						"soft-gf"
					]
				],
				"mustHitSection": false
			},
			{
				"typeOfSection": 0,
				"lengthInSteps": 16,
				"sectionNotes": [
					[
						34285.7142857143,
						3,
						0
					],
					[
						34457.1428571429,
						1,
						0
					],
					[
						34628.5714285714,
						2,
						0
					],
					[
						34800,
						3,
						0
					],
					[
						35142.8571428571,
						3,
						0
					],
					[
						35485.7142857143,
						1,
						0
					]
				],
				"mustHitSection": false
			},
			{
				"typeOfSection": 0,
				"lengthInSteps": 16,
				"sectionNotes": [
					[
						35657.1428571429,
						1,
						0
					],
					[
						36000,
						0,
						0
					],
					[
						36342.8571428571,
						0,
						0
					],
					[
						36685.7142857143,
						2,
						0
					],
					[
						36857.1428571429,
						2,
						0
					]
				],
				"mustHitSection": false
			},
			{
				"typeOfSection": 0,
				"lengthInSteps": 16,
				"sectionNotes": [
					[
						37028.5714285714,
						3,
						0
					],
					[
						38228.5714285714,
						7,
						0
					],
					[
						37542.8571428571,
						0,
						171.428571428571
					],
					[
						37285.7142857143,
						1,
						0
					],
					[
						38057.1428571429,
						4,
						0
					],
					[
						37971.4285714286,
						-1,
						"Change Character",
						"bf",
						"softie"
					]
				],
				"mustHitSection": false
			},
			{
				"typeOfSection": 0,
				"lengthInSteps": 16,
				"sectionNotes": [
					[
						38400,
						0,
						0
					],
					[
						38571.4285714286,
						1,
						0
					],
					[
						38742.8571428571,
						2,
						0
					],
					[
						39428.5714285714,
						2,
						0
					],
					[
						39257.1428571429,
						1,
						0
					],
					[
						39085.7142857143,
						0,
						0
					]
				],
				"mustHitSection": true
			},
			{
				"typeOfSection": 0,
				"lengthInSteps": 16,
				"sectionNotes": [
					[
						39771.4285714286,
						1,
						0
					],
					[
						39942.8571428572,
						2,
						0
					],
					[
						40114.2857142857,
						2,
						0
					],
					[
						40285.7142857143,
						3,
						0
					],
					[
						40628.5714285714,
						3,
						0
					],
					[
						40971.4285714286,
						3,
						0
					]
				],
				"mustHitSection": true
			},
			{
				"typeOfSection": 0,
				"lengthInSteps": 16,
				"sectionNotes": [
					[
						41142.8571428571,
						1,
						0
					],
					[
						42171.4285714286,
						2,
						0
					],
					[
						42342.8571428571,
						2,
						0
					],
					[
						41485.7142857143,
						0,
						0
					],
					[
						41828.5714285714,
						0,
						0
					]
				],
				"mustHitSection": true
			},
			{
				"typeOfSection": 0,
				"lengthInSteps": 16,
				"sectionNotes": [
					[
						42514.2857142857,
						3,
						0
					],
					[
						42771.4285714286,
						0,
						0
					],
					[
						43028.5714285714,
						3,
						85.7142857142857
					]
				],
				"mustHitSection": true
			},
			{
				"typeOfSection": 0,
				"lengthInSteps": 16,
				"sectionNotes": [
					[
						43885.7142857143,
						0,
						0
					],
					[
						44057.1428571429,
						1,
						0
					],
					[
						44228.5714285714,
						2,
						0
					],
					[
						44742.8571428571,
						1,
						0
					],
					[
						44914.2857142857,
						2,
						0
					],
					[
						44571.4285714286,
						0,
						0
					],
					[
						43885.7142857143,
						-1,
						"Change Character",
						"dad",
						"sonic-exe"
					]
				],
				"mustHitSection": false
			},
			{
				"typeOfSection": 0,
				"lengthInSteps": 16,
				"sectionNotes": [
					[
						46285.7142857143,
						0,
						0
					],
					[
						46457.1428571429,
						2,
						0
					],
					[
						45428.5714285714,
						1,
						0
					],
					[
						45257.1428571429,
						3,
						0
					],
					[
						45600,
						3,
						0
					],
					[
						45771.4285714286,
						2,
						0
					],
					[
						46114.2857142857,
						3,
						0
					]
				],
				"mustHitSection": false
			},
			{
				"typeOfSection": 0,
				"lengthInSteps": 16,
				"sectionNotes": [
					[
						46628.5714285714,
						1,
						0
					],
					[
						46971.4285714286,
						0,
						0
					],
					[
						47314.2857142857,
						0,
						0
					],
					[
						47485.7142857143,
						1,
						0
					],
					[
						47657.1428571429,
						2,
						0
					],
					[
						47828.5714285714,
						3,
						0
					]
				],
				"mustHitSection": false
			},
			{
				"typeOfSection": 0,
				"lengthInSteps": 16,
				"sectionNotes": [
					[
						48000,
						3,
						0
					],
					[
						49200,
						7,
						0
					],
					[
						48257.1428571429,
						0,
						0
					],
					[
						48514.2857142857,
						3,
						171.428571428571
					],
					[
						49028.5714285714,
						4,
						0
					],
					[
						49028.5714285714,
						-1,
						"Change Character",
						"bf",
						"sunday-player"
					]
				],
				"mustHitSection": false
			},
			{
				"typeOfSection": 0,
				"lengthInSteps": 16,
				"sectionNotes": [
					[
						49371.4285714286,
						0,
						0
					],
					[
						49542.8571428571,
						1,
						0
					],
					[
						49714.2857142857,
						2,
						0
					],
					[
						50228.5714285714,
						1,
						0
					],
					[
						50400,
						2,
						0
					],
					[
						50057.1428571429,
						0,
						0
					]
				],
				"mustHitSection": true
			},
			{
				"typeOfSection": 0,
				"lengthInSteps": 16,
				"sectionNotes": [
					[
						50742.8571428572,
						1,
						0
					],
					[
						50914.2857142857,
						3,
						0
					],
					[
						51085.7142857143,
						1,
						0
					],
					[
						51257.1428571429,
						2,
						0
					],
					[
						51600,
						3,
						0
					],
					[
						51771.4285714286,
						0,
						0
					],
					[
						51942.8571428572,
						3,
						0
					]
				],
				"mustHitSection": true
			},
			{
				"typeOfSection": 0,
				"lengthInSteps": 16,
				"sectionNotes": [
					[
						52114.2857142857,
						1,
						0
					],
					[
						52457.1428571429,
						0,
						0
					],
					[
						52800,
						0,
						0
					],
					[
						53142.8571428572,
						1,
						0
					],
					[
						53314.2857142857,
						2,
						0
					]
				],
				"mustHitSection": true
			},
			{
				"typeOfSection": 0,
				"lengthInSteps": 16,
				"sectionNotes": [
					[
						53485.7142857143,
						3,
						0
					],
					[
						54000,
						0,
						0
					],
					[
						53742.8571428572,
						3,
						0
					],
					[
						54171.4285714286,
						2,
						171.428571428571
					]
				],
				"mustHitSection": true
			},
			{
				"typeOfSection": 0,
				"lengthInSteps": 16,
				"sectionNotes": [
					[
						54857.1428571429,
						-1,
						"Change Character",
						"dad",
						"takamori-christmas"
					],
					[
						54857.1428571429,
						3,
						0,
						"Alt Animation"
					],
					[
						55028.5714285714,
						0,
						0,
						"Alt Animation"
					],
					[
						55200,
						3,
						0,
						"Alt Animation"
					],
					[
						55542.8571428572,
						2,
						0,
						"Alt Animation"
					],
					[
						55714.2857142857,
						2,
						0,
						"Alt Animation"
					],
					[
						55885.7142857143,
						2,
						171.428571428571,
						"Alt Animation"
					]
				],
				"altAnim": false,
				"mustHitSection": false
			},
			{
				"typeOfSection": 0,
				"lengthInSteps": 16,
				"sectionNotes": [
					[
						56228.5714285714,
						0,
						0,
						"Alt Animation"
					],
					[
						56400,
						3,
						0,
						"Alt Animation"
					],
					[
						56571.4285714286,
						0,
						0,
						"Alt Animation"
					],
					[
						56742.8571428572,
						2,
						0,
						"Alt Animation"
					],
					[
						56914.2857142857,
						3,
						0,
						"Alt Animation"
					],
					[
						57085.7142857143,
						1,
						0,
						"Alt Animation"
					],
					[
						57257.1428571429,
						1,
						257.142857142857,
						"Alt Animation"
					]
				],
				"altAnim": false,
				"mustHitSection": false
			},
			{
				"lengthInSteps": 16,
				"sectionNotes": [
					[
						57600,
						3,
						0
					],
					[
						57771.4285714286,
						0,
						0
					],
					[
						58285.7142857143,
						0,
						0
					],
					[
						58114.2857142857,
						3,
						0
					],
					[
						58628.5714285714,
						2,
						0
					],
					[
						58800,
						1,
						0
					],
					[
						57600,
						-1,
						"Change Character",
						"bf",
						"monika-pixel-player"
					]
				],
				"typeOfSection": 0,
				"mustHitSection": true,
				"changeBPM": false,
				"bpm": 120
			},
			{
				"lengthInSteps": 16,
				"sectionNotes": [
					[
						58971.4285714286,
						1,
						0,
						"Alt Animation"
					],
					[
						59142.8571428572,
						0,
						0,
						"Alt Animation"
					],
					[
						59314.2857142857,
						1,
						0,
						"Alt Animation"
					],
					[
						59485.7142857143,
						0,
						0,
						"Alt Animation"
					],
					[
						59657.1428571429,
						1,
						342.857142857143,
						"Alt Animation"
					]
				],
				"typeOfSection": 0,
				"altAnim": false,
				"mustHitSection": true,
				"changeBPM": false,
				"bpm": 95
			},
			{
				"lengthInSteps": 16,
				"sectionNotes": [
					[
						60342.8571428571,
						2,
						0
					],
					[
						60514.2857142857,
						0,
						0
					],
					[
						60685.7142857143,
						2,
						0
					],
					[
						61028.5714285714,
						3,
						0
					],
					[
						61200,
						3,
						0
					],
					[
						61371.4285714286,
						3,
						0
					],
					[
						61028.5714285714,
						-1,
						"Play Animation",
						"glitch",
						"bf"
					],
					[
						61371.4285714286,
						-1,
						"Play Animation",
						"glitch",
						"bf"
					]
				],
				"typeOfSection": 0,
				"mustHitSection": false,
				"changeBPM": false,
				"bpm": 0
			},
			{
				"sectionNotes": [
					[
						61714.2857142857,
						0,
						0
					],
					[
						61885.7142857143,
						3,
						0
					],
					[
						62057.1428571429,
						3,
						0
					],
					[
						62228.5714285715,
						0,
						0
					],
					[
						62400,
						2,
						0
					],
					[
						62571.4285714286,
						2,
						0
					],
					[
						62742.8571428572,
						1,
						0
					],
					[
						61714.2857142857,
						-1,
						"Alt Idle Animation",
						"bf",
						"-alt"
					]
				],
				"typeOfSection": 0,
				"lengthInSteps": 16,
				"mustHitSection": false,
				"changeBPM": false,
				"bpm": 95
			},
			{
				"sectionNotes": [
					[
						63257.1428571429,
						3,
						0
					],
					[
						63085.7142857143,
						0,
						0
					],
					[
						63600,
						0,
						0
					],
					[
						63771.4285714286,
						3,
						0
					],
					[
						64114.2857142857,
						1,
						0
					],
					[
						63085.7142857143,
						-1,
						"Change Character",
						"bf",
						"bf"
					]
				],
				"typeOfSection": 0,
				"lengthInSteps": 16,
				"mustHitSection": true,
				"changeBPM": false,
				"bpm": 95
			},
			{
				"sectionNotes": [
					[
						64457.1428571429,
						3,
						0
					],
					[
						64628.5714285714,
						3,
						0
					],
					[
						64800,
						2,
						0
					],
					[
						64971.4285714286,
						2,
						85.7142857142857
					],
					[
						65142.8571428572,
						1,
						171.428571428571
					],
					[
						65485.7142857143,
						3,
						0
					],
					[
						65657.1428571429,
						0,
						0
					]
				],
				"typeOfSection": 0,
				"lengthInSteps": 16,
				"mustHitSection": true,
				"changeBPM": false,
				"bpm": 95
			},
			{
				"sectionNotes": [
					[
						65828.5714285714,
						2,
						0
					],
					[
						66514.2857142857,
						0,
						171.428571428571
					],
					[
						65828.5714285714,
						-1,
						"Change Character",
						"dad",
						"hatsune-miku"
					],
					[
						66000,
						0,
						0
					],
					[
						66342.8571428572,
						3,
						0
					],
					[
						66171.4285714286,
						1,
						0
					]
				],
				"typeOfSection": 0,
				"lengthInSteps": 16,
				"mustHitSection": false,
				"changeBPM": false,
				"bpm": 95
			},
			{
				"sectionNotes": [
					[
						67885.7142857143,
						1,
						257.142857142857
					],
					[
						67200,
						0,
						0
					],
					[
						67371.4285714286,
						0,
						0
					],
					[
						67542.8571428572,
						0,
						0
					],
					[
						67714.2857142857,
						3,
						0
					],
					[
						67200,
						-1,
						"Change Character",
						"bf",
						"tankman-player"
					]
				],
				"typeOfSection": 0,
				"lengthInSteps": 16,
				"mustHitSection": true,
				"changeBPM": false,
				"bpm": 95
			},
			{
				"lengthInSteps": 16,
				"typeOfSection": 0,
				"sectionNotes": [
					[
						68571.4285714286,
						2,
						0
					],
					[
						69085.7142857143,
						2,
						0
					],
					[
						69257.1428571429,
						3,
						0
					],
					[
						68742.8571428571,
						0,
						0
					],
					[
						68914.2857142857,
						1,
						0
					]
				],
				"bpm": 95,
				"changeBPM": false,
				"mustHitSection": false
			},
			{
				"lengthInSteps": 16,
				"typeOfSection": 0,
				"sectionNotes": [
					[
						70285.7142857143,
						2,
						0
					],
					[
						69942.8571428571,
						0,
						0
					],
					[
						70114.2857142857,
						1,
						0
					],
					[
						70457.1428571429,
						3,
						0
					],
					[
						70628.5714285714,
						1,
						171.428571428571
					]
				],
				"bpm": 95,
				"changeBPM": false,
				"mustHitSection": true
			},
			{
				"sectionNotes": [
					[
						71314.2857142857,
						0,
						0
					],
					[
						71485.7142857143,
						3,
						0
					],
					[
						71657.1428571429,
						0,
						0
					],
					[
						72000,
						2,
						0
					],
					[
						72171.4285714286,
						2,
						0
					],
					[
						72342.8571428571,
						2,
						0
					],
					[
						71314.2857142857,
						-1,
						"Change Character",
						"dad",
						"spooky"
					]
				],
				"typeOfSection": 0,
				"lengthInSteps": 16,
				"mustHitSection": false,
				"changeBPM": false,
				"bpm": 95
			},
			{
				"lengthInSteps": 16,
				"typeOfSection": 0,
				"sectionNotes": [
					[
						72685.7142857143,
						1,
						0
					],
					[
						72857.1428571428,
						3,
						0
					],
					[
						73028.5714285714,
						0,
						0
					],
					[
						73200,
						3,
						0
					],
					[
						73542.8571428571,
						1,
						0
					],
					[
						73371.4285714286,
						0,
						0
					],
					[
						73714.2857142857,
						3,
						0
					]
				],
				"bpm": 95,
				"changeBPM": false,
				"mustHitSection": false
			},
			{
				"lengthInSteps": 16,
				"typeOfSection": 0,
				"sectionNotes": [
					[
						74057.1428571428,
						3,
						0
					],
					[
						74228.5714285714,
						1,
						0
					],
					[
						74571.4285714286,
						3,
						0
					],
					[
						74742.8571428571,
						2,
						0
					],
					[
						75257.1428571428,
						1,
						0
					],
					[
						75085.7142857143,
						2,
						0
					],
					[
						74057.1428571428,
						-1,
						"Change Character",
						"bf",
						"kapi-player"
					]
				],
				"bpm": 95,
				"changeBPM": false,
				"mustHitSection": true
			},
			{
				"lengthInSteps": 16,
				"typeOfSection": 0,
				"sectionNotes": [
					[
						75428.5714285714,
						1,
						0
					],
					[
						75600,
						0,
						0
					],
					[
						75771.4285714286,
						1,
						0
					],
					[
						75942.8571428571,
						2,
						0
					],
					[
						76114.2857142857,
						3,
						0
					]
				],
				"bpm": 95,
				"changeBPM": false,
				"mustHitSection": true
			},
			{
				"lengthInSteps": 16,
				"typeOfSection": 0,
				"sectionNotes": [
					[
						76800,
						3,
						0
					],
					[
						76971.4285714286,
						0,
						0
					],
					[
						77142.8571428571,
						2,
						0
					],
					[
						77314.2857142857,
						3,
						0
					],
					[
						77485.7142857143,
						0,
						0
					],
					[
						77657.1428571429,
						3,
						0
					],
					[
						77828.5714285714,
						0,
						0
					],
					[
						78000,
						3,
						0
					],
					[
						76800,
						-1,
						"Change Character",
						"dad",
						"carol"
					]
				],
				"bpm": 95,
				"changeBPM": false,
				"mustHitSection": false
			},
			{
				"lengthInSteps": 16,
				"typeOfSection": 0,
				"sectionNotes": [
					[
						78342.8571428571,
						3,
						0
					],
					[
						78171.4285714286,
						2,
						85.7142857142857
					],
					[
						78685.7142857142,
						1,
						0
					],
					[
						78857.1428571428,
						2,
						85.7142857142857
					],
					[
						79200,
						1,
						171.428571428571
					],
					[
						78171.4285714285,
						-1,
						"Change Character",
						"bf",
						"whitty-player"
					]
				],
				"bpm": 95,
				"changeBPM": false,
				"mustHitSection": true
			},
			{
				"sectionNotes": [
					[
						79542.8571428571,
						0,
						0
					],
					[
						79885.7142857143,
						0,
						0
					],
					[
						80057.1428571428,
						2,
						0
					],
					[
						80228.5714285714,
						3,
						0
					],
					[
						80400,
						3,
						0
					],
					[
						80571.4285714286,
						3,
						0
					],
					[
						80742.8571428571,
						3,
						0
					],
					[
						79714.2857142857,
						3,
						0
					]
				],
				"typeOfSection": 0,
				"lengthInSteps": 16,
				"mustHitSection": false,
				"changeBPM": false,
				"bpm": 95
			},
			{
				"sectionNotes": [
					[
						80914.2857142857,
						1,
						85.7142857142857
					],
					[
						81085.7142857142,
						0,
						0
					],
					[
						81428.5714285714,
						3,
						0
					],
					[
						81600,
						1,
						0
					],
					[
						81771.4285714285,
						2,
						0
					],
					[
						81942.8571428571,
						3,
						0
					],
					[
						82114.2857142857,
						0,
						0
					]
				],
				"typeOfSection": 0,
				"lengthInSteps": 16,
				"mustHitSection": true,
				"changeBPM": false,
				"bpm": 95
			},
			{
				"sectionNotes": [
					[
						82285.7142857143,
						3,
						0
					],
					[
						82457.1428571428,
						3,
						0
					],
					[
						82628.5714285714,
						2,
						0
					],
					[
						82799.9999999999,
						2,
						0
					],
					[
						82971.4285714285,
						1,
						0
					],
					[
						83142.8571428571,
						1,
						0
					],
					[
						83314.2857142857,
						3,
						0
					],
					[
						83485.7142857142,
						0,
						0
					]
				],
				"typeOfSection": 0,
				"lengthInSteps": 16,
				"mustHitSection": false,
				"changeBPM": false,
				"bpm": 95
			},
			{
				"sectionNotes": [
					[
						83657.1428571429,
						3,
						0
					],
					[
						83828.5714285714,
						3,
						0
					],
					[
						84000,
						0,
						0
					],
					[
						84857.1428571429,
						2,
						0
					],
					[
						84171.4285714285,
						0,
						0
					],
					[
						84342.8571428571,
						1,
						0
					],
					[
						84514.2857142857,
						1,
						0
					],
					[
						84685.7142857142,
						3,
						0
					]
				],
				"typeOfSection": 0,
				"lengthInSteps": 16,
				"mustHitSection": false,
				"changeBPM": false,
				"bpm": 95
			},
			{
				"sectionNotes": [
					[
						85200,
						0,
						0
					],
					[
						85028.5714285714,
						0,
						0
					],
					[
						85371.4285714285,
						2,
						0
					],
					[
						85542.8571428571,
						2,
						0
					],
					[
						85714.2857142857,
						3,
						0
					],
					[
						85885.7142857142,
						3,
						0
					],
					[
						86057.1428571428,
						1,
						0
					],
					[
						86228.5714285714,
						1,
						0
					]
				],
				"typeOfSection": 0,
				"lengthInSteps": 16,
				"mustHitSection": true,
				"changeBPM": false,
				"bpm": 95
			},
			{
				"sectionNotes": [
					[
						86400,
						0,
						0
					],
					[
						86571.4285714286,
						0,
						0
					],
					[
						86742.8571428571,
						2,
						0
					],
					[
						86914.2857142856,
						0,
						0
					],
					[
						87085.7142857142,
						0,
						0
					],
					[
						87257.1428571428,
						2,
						85.7142857142857
					]
				],
				"typeOfSection": 0,
				"lengthInSteps": 16,
				"mustHitSection": true,
				"changeBPM": false,
				"bpm": 95
			},
			{
				"sectionNotes": [
					[
						87771.4285714286,
						0,
						0
					],
					[
						87942.8571428571,
						1,
						0
					],
					[
						88114.2857142857,
						2,
						0
					],
					[
						88628.5714285714,
						1,
						0
					],
					[
						88800,
						2,
						0
					],
					[
						88457.1428571428,
						0,
						0
					],
					[
						87771.4285714285,
						-1,
						"Change Character",
						"dad",
						"uruha-rushia"
					]
				],
				"typeOfSection": 0,
				"lengthInSteps": 16,
				"mustHitSection": false,
				"changeBPM": false,
				"bpm": 95
			},
			{
				"sectionNotes": [
					[
						89142.8571428571,
						3,
						0
					],
					[
						89485.7142857142,
						2,
						0
					],
					[
						89657.1428571428,
						3,
						171.428571428571
					],
					[
						89999.9999999999,
						3,
						171.428571428571
					],
					[
						90342.8571428571,
						3,
						85.7142857142857
					],
					[
						89314.2857142856,
						1,
						0,
						"Alt Animation"
					]
				],
				"typeOfSection": 0,
				"lengthInSteps": 16,
				"mustHitSection": false,
				"changeBPM": false,
				"bpm": 95
			},
			{
				"sectionNotes": [
					[
						90514.2857142857,
						1,
						257.142857142857
					],
					[
						90857.1428571428,
						1,
						171.428571428571
					],
					[
						91714.2857142856,
						2,
						0
					],
					[
						91199.9999999999,
						1,
						171.428571428571
					],
					[
						91542.8571428571,
						2,
						0,
						"Alt Animation"
					]
				],
				"typeOfSection": 0,
				"lengthInSteps": 16,
				"altAnim": false,
				"mustHitSection": false,
				"changeBPM": false,
				"bpm": 95
			},
			{
				"sectionNotes": [
					[
						92142.857142857,
						0,
						85.7142857142857
					],
					[
						92399.9999999999,
						3,
						342.857142857143
					],
					[
						92914.2857142856,
						4,
						0
					],
					[
						93085.7142857142,
						7,
						0
					],
					[
						92914.2857142856,
						-1,
						"Change Character",
						"bf",
						"tari"
					],
					[
						91885.7142857142,
						3,
						85.7142857142857,
						"Alt Animation"
					]
				],
				"typeOfSection": 0,
				"lengthInSteps": 16,
				"mustHitSection": false,
				"changeBPM": false,
				"bpm": 95
			},
			{
				"sectionNotes": [
					[
						93257.1428571429,
						0,
						0
					],
					[
						93428.5714285714,
						1,
						0
					],
					[
						93600,
						2,
						0
					],
					[
						94114.2857142857,
						1,
						0
					],
					[
						94285.7142857143,
						2,
						0
					],
					[
						93942.857142857,
						0,
						0
					]
				],
				"typeOfSection": 0,
				"lengthInSteps": 16,
				"mustHitSection": true,
				"changeBPM": false,
				"bpm": 95
			},
			{
				"sectionNotes": [
					[
						94800,
						2,
						0
					],
					[
						94971.4285714286,
						3,
						0
					],
					[
						95142.8571428571,
						2,
						0
					],
					[
						94628.5714285713,
						1,
						0
					],
					[
						95485.7142857142,
						3,
						0
					],
					[
						95828.5714285713,
						1,
						0
					]
				],
				"typeOfSection": 0,
				"lengthInSteps": 16,
				"mustHitSection": true,
				"changeBPM": false,
				"bpm": 95
			},
			{
				"sectionNotes": [
					[
						96000,
						1,
						0
					],
					[
						96342.857142857,
						0,
						0
					],
					[
						96685.7142857142,
						0,
						0
					],
					[
						97028.5714285713,
						2,
						0
					],
					[
						97199.9999999999,
						2,
						0
					]
				],
				"typeOfSection": 0,
				"lengthInSteps": 16,
				"mustHitSection": true,
				"changeBPM": false,
				"bpm": 95
			},
			{
				"sectionNotes": [
					[
						97371.4285714284,
						2,
						0
					],
					[
						97628.5714285713,
						2,
						0
					],
					[
						97371.4285714284,
						3,
						0
					],
					[
						97628.5714285713,
						1,
						0
					],
					[
						97885.7142857142,
						0,
						0
					],
					[
						97885.7142857142,
						1,
						0
					]
				],
				"typeOfSection": 0,
				"lengthInSteps": 16,
				"mustHitSection": true,
				"changeBPM": false,
				"bpm": 95
			},
			{
				"sectionNotes": [
					[
						98742.857142857,
						-1,
						"Change Character",
						"dad",
						"ame-same-alternative"
					],
					[
						98742.857142857,
						0,
						0,
						"Alt Animation"
					],
					[
						98914.2857142856,
						1,
						0,
						"Alt Animation"
					],
					[
						99085.7142857142,
						2,
						0,
						"Alt Animation"
					],
					[
						99428.5714285713,
						0,
						0,
						"Alt Animation"
					],
					[
						99599.9999999999,
						1,
						0,
						"Alt Animation"
					],
					[
						99771.4285714284,
						2,
						0,
						"Alt Animation"
					]
				],
				"typeOfSection": 0,
				"lengthInSteps": 16,
				"altAnim": false,
				"mustHitSection": false,
				"changeBPM": false,
				"bpm": 95
			},
			{
				"sectionNotes": [
					[
						100114.285714286,
						3,
						0,
						"Alt Animation"
					],
					[
						100285.714285714,
						1,
						0,
						"Alt Animation"
					],
					[
						100457.142857143,
						3,
						0,
						"Alt Animation"
					],
					[
						100628.571428571,
						2,
						171.428571428571,
						"Alt Animation"
					],
					[
						100971.428571428,
						0,
						0,
						"Alt Animation"
					],
					[
						101142.857142857,
						2,
						0,
						"Alt Animation"
					],
					[
						101314.285714286,
						2,
						0,
						"Alt Animation"
					]
				],
				"typeOfSection": 0,
				"lengthInSteps": 16,
				"altAnim": true,
				"mustHitSection": false,
				"changeBPM": false,
				"bpm": 95
			},
			{
				"sectionNotes": [
					[
						101485.714285714,
						1,
						171.428571428571
					],
					[
						101828.571428571,
						1,
						171.428571428571
					],
					[
						102171.428571428,
						1,
						0
					],
					[
						102342.857142857,
						3,
						0
					],
					[
						102514.285714286,
						2,
						0
					],
					[
						102685.714285714,
						0,
						0
					]
				],
				"typeOfSection": 0,
				"lengthInSteps": 16,
				"mustHitSection": false,
				"changeBPM": false,
				"bpm": 95
			},
			{
				"sectionNotes": [
					[
						102857.142857143,
						3,
						171.428571428571
					],
					[
						103114.285714286,
						0,
						171.428571428571
					],
					[
						103371.428571428,
						3,
						342.857142857143
					],
					[
						103885.714285714,
						4,
						0
					],
					[
						104057.142857143,
						7,
						0
					],
					[
						103885.714285714,
						-1,
						"Change Character",
						"bf",
						"aloe-legacy"
					]
				],
				"typeOfSection": 0,
				"lengthInSteps": 16,
				"mustHitSection": false,
				"changeBPM": false,
				"bpm": 95
			},
			{
				"lengthInSteps": 16,
				"typeOfSection": 0,
				"sectionNotes": [
					[
						104228.571428571,
						0,
						0
					],
					[
						104400,
						1,
						0
					],
					[
						104571.428571429,
						2,
						0
					],
					[
						105085.714285714,
						1,
						0
					],
					[
						105257.142857143,
						2,
						0
					],
					[
						104914.285714286,
						0,
						0
					]
				],
				"bpm": 95,
				"changeBPM": false,
				"mustHitSection": true
			},
			{
				"lengthInSteps": 16,
				"typeOfSection": 0,
				"sectionNotes": [
					[
						106457.142857143,
						3,
						0
					],
					[
						105600,
						1,
						0
					],
					[
						105771.428571428,
						3,
						0
					],
					[
						105942.857142857,
						1,
						0
					],
					[
						106114.285714286,
						2,
						171.428571428571
					],
					[
						106628.571428571,
						0,
						0
					],
					[
						106800,
						3,
						0
					]
				],
				"bpm": 95,
				"changeBPM": false,
				"mustHitSection": true
			},
			{
				"lengthInSteps": 16,
				"typeOfSection": 0,
				"sectionNotes": [
					[
						106971.428571428,
						1,
						257.142857142857
					],
					[
						107314.285714286,
						1,
						257.142857142857
					],
					[
						107657.142857143,
						1,
						257.142857142857
					],
					[
						108000,
						2,
						0
					],
					[
						108171.428571428,
						2,
						0
					],
					[
						106971.428571428,
						-1,
						"Change Character",
						"bf",
						"coco-player"
					]
				],
				"bpm": 95,
				"changeBPM": false,
				"mustHitSection": true
			},
			{
				"lengthInSteps": 16,
				"typeOfSection": 0,
				"sectionNotes": [
					[
						108342.857142857,
						3,
						0
					],
					[
						109371.428571429,
						1,
						0
					],
					[
						108600,
						2,
						0
					],
					[
						108600,
						0,
						0
					],
					[
						108857.142857143,
						1,
						85.7142857142857
					],
					[
						108857.142857143,
						2,
						85.7142857142857
					],
					[
						109028.571428571,
						0,
						171.428571428571
					],
					[
						109028.571428571,
						3,
						171.428571428571
					]
				],
				"altAnim": false,
				"bpm": 95,
				"changeBPM": false,
				"mustHitSection": true
			},
			{
				"lengthInSteps": 16,
				"typeOfSection": 0,
				"sectionNotes": [
					[
						109714.285714286,
						0,
						1200
					]
				],
				"altAnim": false,
				"bpm": 95,
				"changeBPM": false,
				"mustHitSection": true
			},
			{
				"lengthInSteps": 16,
				"typeOfSection": 0,
				"sectionNotes": [],
				"bpm": 95,
				"changeBPM": false,
				"mustHitSection": true
			},
			{
				"lengthInSteps": 16,
				"typeOfSection": 0,
				"sectionNotes": [],
				"bpm": 95,
				"changeBPM": false,
				"mustHitSection": true
			},
			{
				"lengthInSteps": 16,
				"typeOfSection": 0,
				"sectionNotes": [],
				"bpm": 95,
				"changeBPM": false,
				"mustHitSection": true
			},
			{
				"lengthInSteps": 16,
				"typeOfSection": 0,
				"sectionNotes": [],
				"bpm": 95,
				"changeBPM": false,
				"mustHitSection": true
			},
			{
				"lengthInSteps": 16,
				"typeOfSection": 0,
				"sectionNotes": [],
				"bpm": 95,
				"changeBPM": false,
				"mustHitSection": true
			},
			{
				"lengthInSteps": 16,
				"typeOfSection": 0,
				"sectionNotes": [],
				"bpm": 95,
				"changeBPM": false,
				"mustHitSection": true
			},
			{
				"lengthInSteps": 16,
				"typeOfSection": 0,
				"sectionNotes": [],
				"bpm": 95,
				"changeBPM": false,
				"mustHitSection": true
			},
			{
				"lengthInSteps": 16,
				"typeOfSection": 0,
				"sectionNotes": [],
				"bpm": 95,
				"changeBPM": false,
				"mustHitSection": true
			},
			{
				"sectionNotes": [],
				"typeOfSection": 0,
				"lengthInSteps": 16,
				"mustHitSection": true,
				"changeBPM": false,
				"bpm": 95
			},
			{
				"sectionNotes": [],
				"typeOfSection": 0,
				"lengthInSteps": 16,
				"mustHitSection": true,
				"changeBPM": false,
				"bpm": 95
			},
			{
				"sectionNotes": [],
				"typeOfSection": 0,
				"lengthInSteps": 16,
				"mustHitSection": true,
				"changeBPM": false,
				"bpm": 95
			},
			{
				"sectionNotes": [],
				"typeOfSection": 0,
				"lengthInSteps": 16,
				"mustHitSection": true,
				"changeBPM": false,
				"bpm": 95
			},
			{
				"sectionNotes": [],
				"typeOfSection": 0,
				"lengthInSteps": 16,
				"mustHitSection": true,
				"changeBPM": false,
				"bpm": 95
			},
			{
				"lengthInSteps": 16,
				"typeOfSection": 0,
				"sectionNotes": [],
				"bpm": 95,
				"changeBPM": false,
				"mustHitSection": true
			},
			{
				"lengthInSteps": 16,
				"typeOfSection": 0,
				"sectionNotes": [],
				"bpm": 95,
				"changeBPM": false,
				"mustHitSection": true
			},
			{
				"lengthInSteps": 16,
				"typeOfSection": 0,
				"sectionNotes": [],
				"bpm": 95,
				"changeBPM": false,
				"mustHitSection": true
			},
			{
				"lengthInSteps": 16,
				"typeOfSection": 0,
				"sectionNotes": [],
				"bpm": 95,
				"changeBPM": false,
				"mustHitSection": true
			},
			{
				"lengthInSteps": 16,
				"typeOfSection": 0,
				"sectionNotes": [],
				"bpm": 95,
				"changeBPM": false,
				"mustHitSection": true
			},
			{
				"lengthInSteps": 16,
				"typeOfSection": 0,
				"sectionNotes": [],
				"bpm": 95,
				"changeBPM": false,
				"mustHitSection": true
			},
			{
				"lengthInSteps": 16,
				"typeOfSection": 0,
				"sectionNotes": [],
				"bpm": 95,
				"changeBPM": false,
				"mustHitSection": true
			},
			{
				"lengthInSteps": 16,
				"typeOfSection": 0,
				"sectionNotes": [],
				"bpm": 95,
				"changeBPM": false,
				"mustHitSection": true
			},
			{
				"lengthInSteps": 16,
				"typeOfSection": 0,
				"sectionNotes": [],
				"bpm": 95,
				"changeBPM": false,
				"mustHitSection": true
			},
			{
				"lengthInSteps": 16,
				"typeOfSection": 0,
				"sectionNotes": [],
				"bpm": 95,
				"changeBPM": false,
				"mustHitSection": true
			},
			{
				"lengthInSteps": 16,
				"typeOfSection": 0,
				"sectionNotes": [],
				"bpm": 95,
				"changeBPM": false,
				"mustHitSection": true
			},
			{
				"lengthInSteps": 16,
				"typeOfSection": 0,
				"sectionNotes": [],
				"bpm": 95,
				"changeBPM": false,
				"mustHitSection": true
			},
			{
				"lengthInSteps": 16,
				"typeOfSection": 0,
				"sectionNotes": [],
				"bpm": 95,
				"changeBPM": false,
				"mustHitSection": true
			},
			{
				"lengthInSteps": 16,
				"typeOfSection": 0,
				"sectionNotes": [],
				"bpm": 95,
				"changeBPM": false,
				"mustHitSection": true
			},
			{
				"lengthInSteps": 16,
				"typeOfSection": 0,
				"sectionNotes": [],
				"bpm": 95,
				"changeBPM": false,
				"mustHitSection": true
			},
			{
				"lengthInSteps": 16,
				"typeOfSection": 0,
				"sectionNotes": [],
				"bpm": 95,
				"changeBPM": false,
				"mustHitSection": true
			},
			{
				"sectionNotes": [],
				"typeOfSection": 0,
				"lengthInSteps": 16,
				"mustHitSection": true,
				"changeBPM": false,
				"bpm": 95
			},
			{
				"sectionNotes": [],
				"typeOfSection": 0,
				"lengthInSteps": 16,
				"mustHitSection": true,
				"changeBPM": false,
				"bpm": 95
			},
			{
				"sectionNotes": [],
				"typeOfSection": 0,
				"lengthInSteps": 16,
				"mustHitSection": true,
				"changeBPM": false,
				"bpm": 95
			},
			{
				"lengthInSteps": 16,
				"typeOfSection": 0,
				"sectionNotes": [],
				"bpm": 95,
				"changeBPM": false,
				"mustHitSection": true
			},
			{
				"lengthInSteps": 16,
				"typeOfSection": 0,
				"sectionNotes": [],
				"bpm": 95,
				"changeBPM": false,
				"mustHitSection": true
			},
			{
				"lengthInSteps": 16,
				"typeOfSection": 0,
				"sectionNotes": [],
				"bpm": 95,
				"changeBPM": false,
				"mustHitSection": true
			},
			{
				"lengthInSteps": 16,
				"typeOfSection": 0,
				"sectionNotes": [],
				"bpm": 95,
				"changeBPM": false,
				"mustHitSection": true
			},
			{
				"lengthInSteps": 16,
				"typeOfSection": 0,
				"sectionNotes": [],
				"bpm": 95,
				"changeBPM": false,
				"mustHitSection": true
			},
			{
				"lengthInSteps": 16,
				"typeOfSection": 0,
				"sectionNotes": [],
				"bpm": 95,
				"changeBPM": false,
				"mustHitSection": true
			},
			{
				"lengthInSteps": 16,
				"typeOfSection": 0,
				"sectionNotes": [],
				"bpm": 95,
				"changeBPM": false,
				"mustHitSection": true
			},
			{
				"lengthInSteps": 16,
				"typeOfSection": 0,
				"sectionNotes": [],
				"bpm": 95,
				"changeBPM": false,
				"mustHitSection": true
			},
			{
				"lengthInSteps": 16,
				"typeOfSection": 0,
				"sectionNotes": [],
				"bpm": 95,
				"changeBPM": false,
				"mustHitSection": true
			},
			{
				"lengthInSteps": 16,
				"typeOfSection": 0,
				"sectionNotes": [],
				"bpm": 95,
				"changeBPM": false,
				"mustHitSection": true
			},
			{
				"lengthInSteps": 16,
				"typeOfSection": 0,
				"sectionNotes": [],
				"bpm": 95,
				"changeBPM": false,
				"mustHitSection": true
			},
			{
				"lengthInSteps": 16,
				"typeOfSection": 0,
				"sectionNotes": [],
				"bpm": 95,
				"changeBPM": false,
				"mustHitSection": true
			},
			{
				"lengthInSteps": 16,
				"typeOfSection": 0,
				"sectionNotes": [],
				"bpm": 95,
				"changeBPM": false,
				"mustHitSection": true
			},
			{
				"lengthInSteps": 16,
				"typeOfSection": 0,
				"sectionNotes": [],
				"bpm": 95,
				"changeBPM": false,
				"mustHitSection": true
			},
			{
				"lengthInSteps": 16,
				"typeOfSection": 0,
				"sectionNotes": [],
				"bpm": 95,
				"changeBPM": false,
				"mustHitSection": true
			},
			{
				"lengthInSteps": 16,
				"typeOfSection": 0,
				"sectionNotes": [],
				"bpm": 95,
				"changeBPM": false,
				"mustHitSection": true
			},
			{
				"lengthInSteps": 16,
				"typeOfSection": 0,
				"sectionNotes": [],
				"bpm": 95,
				"changeBPM": false,
				"mustHitSection": true
			},
			{
				"lengthInSteps": 16,
				"typeOfSection": 0,
				"sectionNotes": [],
				"bpm": 95,
				"changeBPM": false,
				"mustHitSection": true
			},
			{
				"sectionNotes": [],
				"typeOfSection": 0,
				"lengthInSteps": 16,
				"altAnim": false,
				"mustHitSection": true,
				"changeBPM": false,
				"bpm": 95
			},
			{
				"sectionNotes": [],
				"typeOfSection": 0,
				"lengthInSteps": 16,
				"altAnim": false,
				"mustHitSection": true,
				"changeBPM": false,
				"bpm": 175
			},
			{
				"sectionNotes": [],
				"typeOfSection": 0,
				"lengthInSteps": 16,
				"altAnim": false,
				"mustHitSection": true,
				"changeBPM": false,
				"bpm": 175
			},
			{
				"lengthInSteps": 16,
				"typeOfSection": 0,
				"sectionNotes": [],
				"altAnim": false,
				"bpm": 175,
				"changeBPM": false,
				"mustHitSection": true
			},
			{
				"lengthInSteps": 16,
				"typeOfSection": 0,
				"sectionNotes": [],
				"altAnim": false,
				"bpm": 175,
				"changeBPM": false,
				"mustHitSection": true
			},
			{
				"lengthInSteps": 16,
				"typeOfSection": 0,
				"sectionNotes": [],
				"altAnim": false,
				"bpm": 175,
				"changeBPM": false,
				"mustHitSection": true
			},
			{
				"lengthInSteps": 16,
				"typeOfSection": 0,
				"sectionNotes": [],
				"altAnim": false,
				"bpm": 175,
				"changeBPM": false,
				"mustHitSection": true
			},
			{
				"lengthInSteps": 16,
				"typeOfSection": 0,
				"sectionNotes": [],
				"altAnim": false,
				"bpm": 175,
				"changeBPM": false,
				"mustHitSection": true
			},
			{
				"lengthInSteps": 16,
				"typeOfSection": 0,
				"sectionNotes": [],
				"altAnim": false,
				"bpm": 175,
				"changeBPM": false,
				"mustHitSection": true
			},
			{
				"sectionNotes": [],
				"typeOfSection": 0,
				"lengthInSteps": 16,
				"altAnim": false,
				"mustHitSection": true,
				"changeBPM": false,
				"bpm": 175
			},
			{
				"sectionNotes": [],
				"typeOfSection": 0,
				"lengthInSteps": 16,
				"altAnim": false,
				"mustHitSection": true,
				"changeBPM": false,
				"bpm": 175
			},
			{
				"lengthInSteps": 16,
				"typeOfSection": 0,
				"sectionNotes": [],
				"altAnim": false,
				"bpm": 175,
				"changeBPM": false,
				"mustHitSection": true
			},
			{
				"lengthInSteps": 16,
				"typeOfSection": 0,
				"sectionNotes": [],
				"altAnim": false,
				"bpm": 175,
				"changeBPM": false,
				"mustHitSection": true
			},
			{
				"lengthInSteps": 16,
				"typeOfSection": 0,
				"sectionNotes": [],
				"altAnim": false,
				"bpm": 175,
				"changeBPM": false,
				"mustHitSection": true
			},
			{
				"lengthInSteps": 16,
				"typeOfSection": 0,
				"sectionNotes": [],
				"altAnim": false,
				"bpm": 175,
				"changeBPM": false,
				"mustHitSection": true
			},
			{
				"sectionNotes": [],
				"typeOfSection": 0,
				"lengthInSteps": 16,
				"altAnim": false,
				"mustHitSection": true,
				"changeBPM": false,
				"bpm": 175
			},
			{
				"lengthInSteps": 16,
				"typeOfSection": 0,
				"sectionNotes": [],
				"altAnim": false,
				"bpm": 175,
				"changeBPM": false,
				"mustHitSection": true
			},
			{
				"sectionNotes": [],
				"typeOfSection": 0,
				"lengthInSteps": 16,
				"altAnim": false,
				"mustHitSection": true,
				"changeBPM": false,
				"bpm": 175
			},
			{
				"sectionNotes": [],
				"typeOfSection": 0,
				"lengthInSteps": 16,
				"altAnim": false,
				"mustHitSection": true,
				"changeBPM": false,
				"bpm": 175
			},
			{
				"lengthInSteps": 16,
				"typeOfSection": 0,
				"sectionNotes": [],
				"altAnim": false,
				"bpm": 175,
				"changeBPM": false,
				"mustHitSection": true
			},
			{
				"lengthInSteps": 16,
				"typeOfSection": 0,
				"sectionNotes": [],
				"altAnim": false,
				"bpm": 175,
				"changeBPM": false,
				"mustHitSection": true
			},
			{
				"lengthInSteps": 16,
				"typeOfSection": 0,
				"sectionNotes": [],
				"altAnim": false,
				"bpm": 175,
				"changeBPM": false,
				"mustHitSection": true
			},
			{
				"lengthInSteps": 16,
				"typeOfSection": 0,
				"sectionNotes": [],
				"altAnim": false,
				"bpm": 175,
				"changeBPM": false,
				"mustHitSection": true
			},
			{
				"sectionNotes": [],
				"typeOfSection": 0,
				"lengthInSteps": 16,
				"altAnim": false,
				"mustHitSection": true,
				"changeBPM": false,
				"bpm": 175
			},
			{
				"sectionNotes": [],
				"typeOfSection": 0,
				"lengthInSteps": 16,
				"altAnim": false,
				"mustHitSection": true,
				"changeBPM": false,
				"bpm": 175
			},
			{
				"sectionNotes": [],
				"typeOfSection": 0,
				"lengthInSteps": 16,
				"altAnim": false,
				"mustHitSection": true,
				"changeBPM": false,
				"bpm": 175
			},
			{
				"lengthInSteps": 16,
				"typeOfSection": 0,
				"sectionNotes": [],
				"altAnim": false,
				"bpm": 175,
				"changeBPM": false,
				"mustHitSection": true
			},
			{
				"lengthInSteps": 16,
				"typeOfSection": 0,
				"sectionNotes": [],
				"altAnim": false,
				"bpm": 175,
				"changeBPM": false,
				"mustHitSection": true
			},
			{
				"sectionNotes": [],
				"typeOfSection": 0,
				"lengthInSteps": 16,
				"altAnim": false,
				"mustHitSection": true,
				"changeBPM": false,
				"bpm": 175
			},
			{
				"lengthInSteps": 16,
				"altAnim": false,
				"typeOfSection": 0,
				"sectionNotes": [],
				"bpm": 175,
				"changeBPM": false,
				"mustHitSection": true
			},
			{
				"lengthInSteps": 16,
				"altAnim": false,
				"typeOfSection": 0,
				"sectionNotes": [],
				"bpm": 175,
				"changeBPM": false,
				"mustHitSection": true
			}
		],
		"player3": "gf",
		"song": "Chiller-Everyone",
		"stage": "spookyd3",
		"arrowSkin": "NOTE_assets_corruption",
		"validScore": true,
		"sections": 0,
		"needsVoices": true,
		"bpm": 175,
		"speed": 3
	}
}