{
	"song": {
		"player1": "softie",
		"gfVersion": "gf",
		"notes": [
			{
				"sectionNotes": [],
				"lengthInSteps": 16,
				"mustHitSection": false
			},
			{
				"sectionNotes": [],
				"lengthInSteps": 16,
				"mustHitSection": false
			},
			{
				"sectionNotes": [],
				"lengthInSteps": 16,
				"mustHitSection": true
			},
			{
				"sectionNotes": [],
				"lengthInSteps": 16,
				"mustHitSection": true
			},
			{
				"altAnim": false,
				"sectionNotes": [],
				"lengthInSteps": 16,
				"mustHitSection": false
			},
			{
				"altAnim": false,
				"sectionNotes": [],
				"lengthInSteps": 16,
				"mustHitSection": false
			},
			{
				"altAnim": false,
				"sectionNotes": [],
				"lengthInSteps": 16,
				"mustHitSection": true
			},
			{
				"sectionNotes": [
					[
						9081.08108108108,
						-1,
						"Image Flash",
						"full_black",
						"1.5"
					],
					[
						10297.2972972973,
						-1,
						"Change Character",
						"dad",
						"uruha-rushia"
					],
					[
						10216.2162162162,
						-1,
						"Play Animation",
						"changebg1",
						""
					],
					[
						10135.1351351351,
						-1,
						"Change Character",
						"gf",
						"gf-kiryucoco"
					]
				],
				"lengthInSteps": 16,
				"mustHitSection": true
			},
			{
				"sectionNotes": [
					[
						10378.3783783784,
						-1,
						"Change Character",
						"bf",
						"aloe-rapper"
					]
				],
				"lengthInSteps": 16,
				"mustHitSection": false
			},
			{
				"sectionNotes": [],
				"lengthInSteps": 16,
				"mustHitSection": false
			},
			{
				"sectionNotes": [],
				"lengthInSteps": 16,
				"mustHitSection": false
			},
			{
				"sectionNotes": [],
				"lengthInSteps": 16,
				"mustHitSection": false
			},
			{
				"sectionNotes": [],
				"lengthInSteps": 16,
				"mustHitSection": true
			},
			{
				"sectionNotes": [],
				"lengthInSteps": 16,
				"mustHitSection": true
			},
			{
				"sectionNotes": [],
				"lengthInSteps": 16,
				"mustHitSection": true
			},
			{
				"sectionNotes": [],
				"lengthInSteps": 16,
				"mustHitSection": true
			},
			{
				"altAnim": false,
				"sectionNotes": [
					[
						21081.0810810811,
						2,
						0
					],
					[
						21243.2432432432,
						3,
						0
					],
					[
						21405.4054054054,
						1,
						0
					],
					[
						21567.5675675676,
						0,
						0
					],
					[
						21729.7297297297,
						1,
						0
					],
					[
						21891.8918918919,
						2,
						0
					]
				],
				"lengthInSteps": 16,
				"mustHitSection": false
			},
			{
				"altAnim": false,
				"sectionNotes": [
					[
						22378.3783783784,
						2,
						0
					],
					[
						22540.5405405405,
						3,
						0
					],
					[
						22702.7027027027,
						1,
						0
					],
					[
						22864.8648648649,
						0,
						0
					],
					[
						23027.027027027,
						1,
						0
					],
					[
						23189.1891891892,
						2,
						0
					]
				],
				"lengthInSteps": 16,
				"mustHitSection": true
			},
			{
				"altAnim": false,
				"sectionNotes": [
					[
						24486.4864864865,
						2,
						0
					],
					[
						23675.6756756757,
						1,
						0
					],
					[
						23837.8378378378,
						2,
						0
					],
					[
						24000,
						3,
						0
					],
					[
						24162.1621621622,
						1,
						0
					],
					[
						24324.3243243243,
						0,
						0
					]
				],
				"lengthInSteps": 16,
				"mustHitSection": false
			},
			{
				"altAnim": false,
				"sectionNotes": [
					[
						25783.7837837838,
						2,
						0
					],
					[
						24972.972972973,
						1,
						0
					],
					[
						25135.1351351351,
						2,
						0
					],
					[
						25297.2972972973,
						3,
						0
					],
					[
						25459.4594594595,
						1,
						0
					],
					[
						25621.6216216216,
						0,
						0
					],
					[
						25621.6216216216,
						5,
						264.705882352941
					]
				],
				"lengthInSteps": 16,
				"mustHitSection": true
			},
			{
				"altAnim": false,
				"sectionNotes": [
					[
						25945.9459459459,
						2,
						573.529411764706
					],
					[
						26594.5945945946,
						0,
						573.529411764706
					]
				],
				"lengthInSteps": 16,
				"mustHitSection": false
			},
			{
				"altAnim": false,
				"sectionNotes": [
					[
						27243.2432432432,
						2,
						573.529411764706
					],
					[
						27891.8918918919,
						3,
						573.529411764706
					],
					[
						28216.2162162162,
						4,
						264.705882352941
					]
				],
				"lengthInSteps": 16,
				"mustHitSection": false
			},
			{
				"altAnim": false,
				"sectionNotes": [
					[
						28540.5405405405,
						2,
						573.529411764706
					],
					[
						29189.1891891892,
						3,
						573.529411764706
					],
					[
						28540.5405405405,
						6,
						573.529411764706
					]
				],
				"lengthInSteps": 16,
				"mustHitSection": true
			},
			{
				"sectionNotes": [
					[
						29837.8378378378,
						1,
						573.529411764706
					],
					[
						30486.4864864865,
						2,
						573.529411764706
					],
					[
						30972.972972973,
						6,
						0
					],
					[
						31054.054054054,
						5,
						0
					]
				],
				"lengthInSteps": 16,
				"mustHitSection": true
			},
			{
				"sectionNotes": [
					[
						31135.1351351351,
						0,
						0
					],
					[
						31297.2972972973,
						1,
						0
					],
					[
						31135.1351351351,
						5,
						573.529411764706
					],
					[
						31459.4594594594,
						2,
						0
					],
					[
						31621.6216216216,
						3,
						0
					],
					[
						31783.7837837838,
						0,
						0
					],
					[
						31945.9459459459,
						1,
						0
					],
					[
						32108.1081081081,
						2,
						0
					],
					[
						32270.2702702703,
						3,
						0
					]
				],
				"lengthInSteps": 16,
				"mustHitSection": false
			},
			{
				"sectionNotes": [
					[
						32432.4324324324,
						0,
						0
					],
					[
						32513.5135135135,
						1,
						0
					],
					[
						32594.5945945946,
						2,
						0
					],
					[
						32675.6756756757,
						3,
						0
					],
					[
						32837.8378378378,
						3,
						0
					],
					[
						32918.9189189189,
						1,
						0
					],
					[
						33081.0810810811,
						0,
						0
					],
					[
						33162.1621621622,
						2,
						0
					],
					[
						33243.2432432432,
						3,
						88.2352941176471
					],
					[
						33405.4054054054,
						0,
						88.2352941176471
					],
					[
						32756.7567567567,
						0,
						0
					],
					[
						33567.5675675676,
						2,
						81.0810810810811
					],
					[
						33567.5675675676,
						5,
						0
					]
				],
				"lengthInSteps": 16,
				"mustHitSection": false
			},
			{
				"sectionNotes": [
					[
						33729.7297297297,
						0,
						0
					],
					[
						33891.8918918919,
						1,
						0
					],
					[
						34054.054054054,
						2,
						0
					],
					[
						34216.2162162162,
						3,
						0
					],
					[
						34378.3783783784,
						0,
						0
					],
					[
						34540.5405405405,
						1,
						0
					],
					[
						34702.7027027027,
						2,
						0
					],
					[
						34864.8648648649,
						3,
						0
					]
				],
				"lengthInSteps": 16,
				"mustHitSection": true
			},
			{
				"sectionNotes": [
					[
						35027.027027027,
						0,
						0
					],
					[
						35108.1081081081,
						1,
						0
					],
					[
						35189.1891891892,
						2,
						0
					],
					[
						35270.2702702703,
						3,
						0
					],
					[
						35432.4324324324,
						3,
						0
					],
					[
						35513.5135135135,
						1,
						0
					],
					[
						35675.6756756757,
						0,
						0
					],
					[
						35756.7567567567,
						2,
						0
					],
					[
						35837.8378378378,
						3,
						88.2352941176471
					],
					[
						36000,
						0,
						88.2352941176471
					],
					[
						35351.3513513513,
						0,
						0
					],
					[
						36162.1621621622,
						1,
						81.0810810810811
					],
					[
						36162.1621621622,
						6,
						0
					],
					[
						36000,
						5,
						0
					]
				],
				"lengthInSteps": 16,
				"mustHitSection": true
			},
			{
				"altAnim": false,
				"sectionNotes": [
					[
						36324.3243243243,
						3,
						0
					],
					[
						36486.4864864865,
						1,
						0
					],
					[
						36648.6486486486,
						3,
						0
					],
					[
						36810.8108108108,
						2,
						0
					],
					[
						36972.972972973,
						3,
						0
					],
					[
						37135.1351351351,
						1,
						0
					],
					[
						37297.2972972973,
						3,
						0
					],
					[
						37459.4594594595,
						2,
						0
					]
				],
				"lengthInSteps": 16,
				"mustHitSection": false
			},
			{
				"altAnim": false,
				"sectionNotes": [
					[
						37621.6216216216,
						3,
						0
					],
					[
						37783.7837837838,
						1,
						0
					],
					[
						37945.9459459459,
						0,
						0
					],
					[
						38432.4324324324,
						0,
						0
					],
					[
						38108.1081081081,
						2,
						220.588235294118
					],
					[
						38594.5945945946,
						2,
						220.588235294118
					],
					[
						38594.5945945946,
						6,
						0
					],
					[
						38756.7567567568,
						5,
						0
					]
				],
				"lengthInSteps": 16,
				"mustHitSection": false
			},
			{
				"sectionNotes": [
					[
						38918.9189189189,
						3,
						0
					],
					[
						39081.0810810811,
						1,
						0
					],
					[
						39243.2432432432,
						3,
						0
					],
					[
						39405.4054054054,
						2,
						0
					],
					[
						39567.5675675676,
						3,
						0
					],
					[
						39729.7297297297,
						1,
						0
					],
					[
						39891.8918918919,
						3,
						0
					],
					[
						40054.054054054,
						2,
						0
					],
					[
						38918.9189189189,
						7,
						485.294117647059
					],
					[
						39486.4864864865,
						5,
						661.764705882353
					]
				],
				"lengthInSteps": 16,
				"mustHitSection": true
			},
			{
				"sectionNotes": [
					[
						40216.2162162162,
						3,
						0
					],
					[
						40378.3783783784,
						1,
						0
					],
					[
						40540.5405405405,
						0,
						0
					],
					[
						41027.027027027,
						0,
						0
					],
					[
						40702.7027027027,
						2,
						220.588235294118
					],
					[
						41189.1891891892,
						2,
						220.588235294118
					],
					[
						40216.2162162162,
						6,
						573.529411764706
					],
					[
						40864.8648648649,
						7,
						573.529411764706
					]
				],
				"lengthInSteps": 16,
				"mustHitSection": true
			},
			{
				"lengthInSteps": 16,
				"typeOfSection": 0,
				"sectionNotes": [
					[
						41513.5135135135,
						5,
						2205.88235294117
					],
					[
						41513.5135135135,
						3,
						2229.72972972973
					]
				],
				"altAnim": false,
				"bpm": 100,
				"changeBPM": false,
				"mustHitSection": false
			},
			{
				"lengthInSteps": 16,
				"typeOfSection": 0,
				"sectionNotes": [
					[
						43783.7837837838,
						2,
						0
					],
					[
						43945.945945946,
						1,
						0
					]
				],
				"altAnim": false,
				"bpm": 100,
				"changeBPM": false,
				"mustHitSection": false
			},
			{
				"sectionNotes": [
					[
						44108.1081081081,
						0,
						0
					],
					[
						44270.2702702703,
						2,
						0
					],
					[
						44432.4324324324,
						2,
						0
					],
					[
						44594.5945945946,
						0,
						0
					],
					[
						44513.5135135135,
						3,
						0
					],
					[
						44675.6756756757,
						3,
						0
					],
					[
						44756.7567567568,
						1,
						0
					],
					[
						44918.9189189189,
						2,
						0
					],
					[
						45081.0810810811,
						1,
						0
					],
					[
						45243.2432432433,
						3,
						0
					],
					[
						44756.7567567568,
						7,
						567.567567567567
					]
				],
				"typeOfSection": 0,
				"lengthInSteps": 16,
				"altAnim": false,
				"mustHitSection": false,
				"changeBPM": false,
				"bpm": 100
			},
			{
				"sectionNotes": [
					[
						45405.4054054054,
						5,
						567.567567567567
					],
					[
						46054.0540540541,
						4,
						567.567567567567
					],
					[
						45405.4054054054,
						2,
						0
					],
					[
						45729.7297297297,
						1,
						0
					],
					[
						45891.8918918919,
						0,
						0
					],
					[
						46054.0540540541,
						2,
						0
					],
					[
						46378.3783783784,
						1,
						0
					]
				],
				"typeOfSection": 0,
				"lengthInSteps": 16,
				"altAnim": false,
				"mustHitSection": false,
				"changeBPM": false,
				"bpm": 133
			},
			{
				"sectionNotes": [
					[
						46702.7027027027,
						3,
						2189.18918918919
					],
					[
						46702.7027027027,
						7,
						2229.72972972973
					]
				],
				"typeOfSection": 0,
				"lengthInSteps": 16,
				"altAnim": false,
				"mustHitSection": true,
				"changeBPM": false,
				"bpm": 133
			},
			{
				"sectionNotes": [
					[
						48972.972972973,
						0,
						0
					],
					[
						49135.1351351352,
						1,
						0
					]
				],
				"typeOfSection": 0,
				"lengthInSteps": 16,
				"altAnim": false,
				"mustHitSection": true,
				"changeBPM": false,
				"bpm": 133
			},
			{
				"lengthInSteps": 16,
				"typeOfSection": 0,
				"sectionNotes": [
					[
						49297.2972972973,
						0,
						0
					],
					[
						49459.4594594595,
						2,
						0
					],
					[
						49621.6216216216,
						2,
						0
					],
					[
						49783.7837837838,
						0,
						0
					],
					[
						49702.7027027027,
						3,
						0
					],
					[
						49864.8648648649,
						3,
						0
					],
					[
						49945.945945946,
						1,
						0
					],
					[
						50108.1081081081,
						2,
						0
					],
					[
						50270.2702702703,
						1,
						0
					],
					[
						50432.4324324324,
						3,
						0
					]
				],
				"altAnim": false,
				"bpm": 133,
				"changeBPM": false,
				"mustHitSection": true
			},
			{
				"lengthInSteps": 16,
				"typeOfSection": 0,
				"sectionNotes": [
					[
						50594.5945945946,
						2,
						0
					],
					[
						50918.9189189189,
						1,
						0
					],
					[
						51081.0810810811,
						0,
						0
					],
					[
						51243.2432432433,
						2,
						0
					],
					[
						51567.5675675676,
						1,
						0
					]
				],
				"altAnim": false,
				"bpm": 133,
				"changeBPM": false,
				"mustHitSection": true
			},
			{
				"lengthInSteps": 16,
				"typeOfSection": 0,
				"sectionNotes": [
					[
						51891.8918918919,
						7,
						1216.21621621622
					],
					[
						51891.8918918919,
						2,
						0
					],
					[
						52054.0540540541,
						3,
						0
					],
					[
						52216.2162162162,
						1,
						0
					],
					[
						52378.3783783784,
						0,
						0
					],
					[
						52540.5405405406,
						2,
						0
					],
					[
						52702.7027027027,
						3,
						0
					],
					[
						52864.8648648649,
						1,
						0
					],
					[
						53027.0270270271,
						0,
						0
					]
				],
				"altAnim": false,
				"bpm": 133,
				"changeBPM": false,
				"mustHitSection": false
			},
			{
				"lengthInSteps": 16,
				"typeOfSection": 0,
				"sectionNotes": [
					[
						53189.1891891892,
						3,
						0
					],
					[
						53270.2702702703,
						2,
						0
					],
					[
						53351.3513513514,
						1,
						0
					],
					[
						53513.5135135135,
						2,
						0
					],
					[
						53675.6756756757,
						3,
						0
					],
					[
						53837.8378378379,
						1,
						0
					],
					[
						54000,
						0,
						0
					],
					[
						54162.1621621622,
						1,
						0
					],
					[
						54324.3243243244,
						3,
						0
					]
				],
				"altAnim": false,
				"bpm": 133,
				"changeBPM": false,
				"mustHitSection": false
			},
			{
				"lengthInSteps": 16,
				"typeOfSection": 0,
				"sectionNotes": [
					[
						54486.4864864865,
						0,
						0
					],
					[
						54648.6486486487,
						3,
						0
					],
					[
						54810.8108108108,
						2,
						0
					],
					[
						54891.8918918919,
						1,
						0
					],
					[
						54972.972972973,
						0,
						0
					],
					[
						55135.1351351352,
						1,
						0
					],
					[
						55297.2972972973,
						0,
						0
					],
					[
						55378.3783783784,
						3,
						0
					],
					[
						55459.4594594595,
						0,
						0
					],
					[
						55621.6216216217,
						1,
						0
					]
				],
				"altAnim": false,
				"bpm": 133,
				"changeBPM": false,
				"mustHitSection": false
			},
			{
				"lengthInSteps": 16,
				"typeOfSection": 0,
				"sectionNotes": [
					[
						55783.7837837838,
						2,
						0
					],
					[
						55945.945945946,
						3,
						0
					],
					[
						56108.1081081081,
						1,
						0
					],
					[
						56270.2702702703,
						0,
						0
					],
					[
						56432.4324324325,
						3,
						0
					],
					[
						56513.5135135135,
						2,
						0
					],
					[
						56594.5945945946,
						1,
						0
					],
					[
						56675.6756756757,
						0,
						0
					],
					[
						56756.7567567568,
						3,
						0
					],
					[
						56837.8378378379,
						2,
						0
					],
					[
						56918.918918919,
						1,
						81.0810810810811
					]
				],
				"altAnim": false,
				"bpm": 133,
				"changeBPM": false,
				"mustHitSection": false
			},
			{
				"lengthInSteps": 16,
				"typeOfSection": 0,
				"sectionNotes": [
					[
						57081.0810810811,
						2,
						0
					],
					[
						57243.2432432433,
						3,
						0
					],
					[
						57405.4054054054,
						1,
						0
					],
					[
						57567.5675675676,
						0,
						0
					],
					[
						57729.7297297298,
						2,
						0
					],
					[
						57891.8918918919,
						3,
						0
					],
					[
						58054.0540540541,
						1,
						0
					],
					[
						58216.2162162162,
						0,
						0
					],
					[
						57081.0810810811,
						6,
						1216.21621621622
					]
				],
				"altAnim": false,
				"bpm": 133,
				"changeBPM": false,
				"mustHitSection": true
			},
			{
				"sectionNotes": [
					[
						58378.3783783784,
						3,
						0
					],
					[
						58459.4594594595,
						2,
						0
					],
					[
						58540.5405405406,
						1,
						0
					],
					[
						58702.7027027027,
						2,
						0
					],
					[
						58864.8648648649,
						3,
						0
					],
					[
						59027.0270270271,
						1,
						0
					],
					[
						59189.1891891892,
						0,
						0
					],
					[
						59351.3513513514,
						1,
						0
					],
					[
						59513.5135135135,
						3,
						0
					]
				],
				"typeOfSection": 0,
				"lengthInSteps": 16,
				"altAnim": false,
				"mustHitSection": true,
				"changeBPM": false,
				"bpm": 133
			},
			{
				"sectionNotes": [
					[
						59675.6756756757,
						0,
						0
					],
					[
						59837.8378378379,
						3,
						0
					],
					[
						60000,
						2,
						0
					],
					[
						60081.0810810811,
						1,
						0
					],
					[
						60162.1621621622,
						0,
						0
					],
					[
						60324.3243243244,
						1,
						0
					],
					[
						60486.4864864865,
						0,
						0
					],
					[
						60567.5675675676,
						3,
						0
					],
					[
						60648.6486486487,
						0,
						0
					],
					[
						60810.8108108108,
						1,
						0
					]
				],
				"typeOfSection": 0,
				"lengthInSteps": 16,
				"altAnim": false,
				"mustHitSection": true,
				"changeBPM": false,
				"bpm": 133
			},
			{
				"lengthInSteps": 16,
				"typeOfSection": 0,
				"sectionNotes": [
					[
						60972.972972973,
						2,
						0
					],
					[
						61135.1351351352,
						3,
						0
					],
					[
						61297.2972972973,
						1,
						0
					],
					[
						61459.4594594595,
						0,
						0
					],
					[
						61621.6216216217,
						3,
						0
					],
					[
						61702.7027027027,
						2,
						0
					],
					[
						61783.7837837838,
						1,
						0
					],
					[
						61864.8648648649,
						0,
						0
					],
					[
						61945.945945946,
						3,
						0
					],
					[
						62027.0270270271,
						2,
						0
					],
					[
						62108.1081081081,
						1,
						81.0810810810811
					]
				],
				"altAnim": false,
				"bpm": 133,
				"changeBPM": false,
				"mustHitSection": true
			},
			{
				"sectionNotes": [
					[
						62432.4324324325,
						1,
						0
					],
					[
						62594.5945945947,
						2,
						0
					],
					[
						62756.7567567568,
						1,
						0
					],
					[
						62918.918918919,
						2,
						0
					],
					[
						63081.0810810811,
						0,
						0
					],
					[
						63243.2432432433,
						2,
						0
					],
					[
						63405.4054054055,
						3,
						0
					],
					[
						62270.2702702703,
						4,
						891.891891891892
					],
					[
						62270.2702702703,
						3,
						0
					]
				],
				"typeOfSection": 0,
				"lengthInSteps": 16,
				"altAnim": false,
				"mustHitSection": false,
				"changeBPM": false,
				"bpm": 133
			},
			{
				"lengthInSteps": 16,
				"typeOfSection": 0,
				"sectionNotes": [
					[
						64378.3783783784,
						0,
						0
					],
					[
						64540.5405405406,
						3,
						0
					],
					[
						64702.7027027028,
						2,
						0
					],
					[
						63567.5675675676,
						0,
						0
					],
					[
						64135.1351351352,
						3,
						0
					],
					[
						63648.6486486487,
						1,
						0
					],
					[
						63729.7297297298,
						2,
						0
					],
					[
						63810.8108108109,
						3,
						0
					],
					[
						63891.891891892,
						0,
						0
					],
					[
						63972.972972973,
						1,
						0
					],
					[
						64054.0540540541,
						2,
						0
					],
					[
						64216.2162162163,
						2,
						0
					],
					[
						64297.2972972974,
						1,
						0
					]
				],
				"altAnim": false,
				"bpm": 133,
				"changeBPM": false,
				"mustHitSection": false
			},
			{
				"lengthInSteps": 16,
				"typeOfSection": 0,
				"sectionNotes": [
					[
						65027.0270270271,
						1,
						0
					],
					[
						65189.1891891893,
						2,
						0
					],
					[
						65351.3513513514,
						1,
						0
					],
					[
						65513.5135135136,
						2,
						0
					],
					[
						65675.6756756757,
						0,
						0
					],
					[
						65837.8378378379,
						2,
						0
					],
					[
						66000.0000000001,
						3,
						0
					],
					[
						64864.8648648649,
						3,
						0
					]
				],
				"altAnim": false,
				"bpm": 100,
				"changeBPM": false,
				"mustHitSection": true
			},
			{
				"lengthInSteps": 16,
				"typeOfSection": 0,
				"sectionNotes": [
					[
						66972.972972973,
						0,
						0
					],
					[
						67135.1351351352,
						3,
						0
					],
					[
						67297.2972972974,
						2,
						0
					],
					[
						66162.1621621622,
						0,
						0
					],
					[
						66405.4054054055,
						3,
						0
					],
					[
						66567.5675675676,
						1,
						0
					],
					[
						66729.7297297298,
						3,
						0
					],
					[
						66243.2432432433,
						1,
						0
					],
					[
						66324.3243243244,
						2,
						0
					],
					[
						66486.4864864865,
						0,
						0
					],
					[
						66648.6486486487,
						2,
						0
					],
					[
						66810.8108108109,
						2,
						0
					],
					[
						66891.891891892,
						1,
						0
					]
				],
				"altAnim": false,
				"bpm": 100,
				"changeBPM": false,
				"mustHitSection": true
			},
			{
				"lengthInSteps": 16,
				"typeOfSection": 0,
				"sectionNotes": [
					[
						67459.4594594595,
						2,
						0
					],
					[
						67540.5405405406,
						1,
						0
					],
					[
						67621.6216216217,
						0,
						0
					],
					[
						67783.7837837838,
						3,
						0
					],
					[
						67945.945945946,
						2,
						0
					],
					[
						68108.1081081082,
						3,
						0
					],
					[
						68270.2702702703,
						0,
						0
					],
					[
						68432.4324324325,
						2,
						0
					],
					[
						68594.5945945946,
						3,
						0
					]
				],
				"altAnim": false,
				"bpm": 100,
				"changeBPM": false,
				"mustHitSection": false
			},
			{
				"lengthInSteps": 16,
				"typeOfSection": 0,
				"sectionNotes": [
					[
						68756.7567567568,
						3,
						0
					],
					[
						68918.918918919,
						1,
						0
					],
					[
						69081.0810810811,
						2,
						0
					],
					[
						69243.2432432433,
						3,
						0
					],
					[
						69405.4054054055,
						2,
						243.243243243243
					],
					[
						69729.7297297298,
						0,
						243.243243243243,
						"Alt Animation"
					]
				],
				"altAnim": false,
				"bpm": 100,
				"changeBPM": false,
				"mustHitSection": false
			},
			{
				"lengthInSteps": 16,
				"typeOfSection": 0,
				"sectionNotes": [
					[
						70054.0540540541,
						2,
						0
					],
					[
						70135.1351351352,
						1,
						0
					],
					[
						70216.2162162163,
						0,
						0
					],
					[
						70378.3783783784,
						3,
						0
					],
					[
						70540.5405405406,
						2,
						0
					],
					[
						70702.7027027028,
						3,
						0
					],
					[
						70864.8648648649,
						0,
						0
					],
					[
						71027.0270270271,
						2,
						0
					],
					[
						71189.1891891892,
						3,
						0
					]
				],
				"altAnim": false,
				"bpm": 100,
				"changeBPM": false,
				"mustHitSection": true
			},
			{
				"lengthInSteps": 16,
				"typeOfSection": 0,
				"sectionNotes": [
					[
						71351.3513513514,
						3,
						0
					],
					[
						71513.5135135136,
						1,
						0
					],
					[
						71675.6756756757,
						2,
						0
					],
					[
						71837.8378378379,
						3,
						0
					],
					[
						72000.0000000001,
						2,
						243.243243243243
					],
					[
						72324.3243243244,
						0,
						243.243243243243
					],
					[
						72324.3243243244,
						5,
						243.243243243243
					]
				],
				"altAnim": false,
				"bpm": 100,
				"changeBPM": false,
				"mustHitSection": true
			},
			{
				"lengthInSteps": 16,
				"typeOfSection": 0,
				"sectionNotes": [
					[
						72648.6486486487,
						2,
						243.243243243243
					],
					[
						72972.972972973,
						0,
						0
					],
					[
						73297.2972972973,
						0,
						0
					],
					[
						73135.1351351352,
						1,
						0
					],
					[
						73459.4594594595,
						1,
						0
					],
					[
						73621.6216216217,
						3,
						0
					],
					[
						73783.7837837838,
						2,
						0
					]
				],
				"altAnim": false,
				"bpm": 100,
				"changeBPM": false,
				"mustHitSection": false
			},
			{
				"lengthInSteps": 16,
				"typeOfSection": 0,
				"sectionNotes": [
					[
						73945.945945946,
						3,
						0
					],
					[
						74108.1081081081,
						0,
						0
					],
					[
						74270.2702702703,
						2,
						0
					],
					[
						74432.4324324325,
						3,
						0
					],
					[
						74594.5945945946,
						2,
						0
					],
					[
						74756.7567567568,
						0,
						0
					],
					[
						74918.9189189189,
						2,
						0
					],
					[
						74918.9189189189,
						5,
						243.243243243243
					]
				],
				"altAnim": false,
				"bpm": 100,
				"changeBPM": false,
				"mustHitSection": false
			},
			{
				"lengthInSteps": 16,
				"typeOfSection": 0,
				"sectionNotes": [
					[
						75243.2432432433,
						2,
						243.243243243243
					],
					[
						75567.5675675676,
						0,
						0
					],
					[
						75891.8918918919,
						0,
						0
					],
					[
						75729.7297297298,
						1,
						0
					],
					[
						76054.0540540541,
						1,
						0
					],
					[
						76216.2162162163,
						3,
						0
					],
					[
						76378.3783783784,
						2,
						0
					]
				],
				"altAnim": false,
				"bpm": 100,
				"changeBPM": false,
				"mustHitSection": true
			},
			{
				"lengthInSteps": 16,
				"typeOfSection": 0,
				"sectionNotes": [
					[
						76540.5405405406,
						3,
						0
					],
					[
						76702.7027027027,
						0,
						0
					],
					[
						76864.8648648649,
						2,
						0
					],
					[
						77027.0270270271,
						3,
						0
					],
					[
						77189.1891891892,
						2,
						0
					],
					[
						77351.3513513514,
						0,
						0
					],
					[
						77513.5135135135,
						2,
						0
					],
					[
						77513.5135135135,
						5,
						243.243243243243
					]
				],
				"altAnim": false,
				"bpm": 100,
				"changeBPM": false,
				"mustHitSection": true
			},
			{
				"sectionNotes": [
					[
						77837.8378378379,
						0,
						243.243243243243
					],
					[
						78162.1621621622,
						1,
						243.243243243243
					],
					[
						78486.4864864865,
						2,
						0
					],
					[
						78648.6486486487,
						3,
						0
					],
					[
						78810.8108108108,
						1,
						243.243243243243
					]
				],
				"typeOfSection": 0,
				"lengthInSteps": 16,
				"altAnim": false,
				"mustHitSection": false,
				"changeBPM": false,
				"bpm": 100
			},
			{
				"sectionNotes": [
					[
						79135.1351351351,
						3,
						243.243243243243
					],
					[
						79459.4594594595,
						1,
						243.243243243243
					],
					[
						79783.7837837838,
						3,
						243.243243243243
					],
					[
						80108.1081081081,
						2,
						243.243243243243
					],
					[
						80108.1081081081,
						5,
						243.243243243243
					]
				],
				"typeOfSection": 0,
				"lengthInSteps": 16,
				"altAnim": false,
				"mustHitSection": false,
				"changeBPM": false,
				"bpm": 100
			},
			{
				"lengthInSteps": 16,
				"typeOfSection": 0,
				"sectionNotes": [
					[
						80432.4324324325,
						0,
						243.243243243243
					],
					[
						80756.7567567568,
						1,
						243.243243243243
					],
					[
						81081.0810810811,
						2,
						0
					],
					[
						81243.2432432433,
						3,
						0
					],
					[
						81405.4054054054,
						1,
						243.243243243243
					]
				],
				"altAnim": false,
				"bpm": 100,
				"changeBPM": false,
				"mustHitSection": true
			},
			{
				"lengthInSteps": 16,
				"typeOfSection": 0,
				"sectionNotes": [
					[
						81729.7297297297,
						3,
						243.243243243243
					],
					[
						82054.0540540541,
						1,
						243.243243243243
					],
					[
						82378.3783783784,
						3,
						243.243243243243
					],
					[
						82702.7027027027,
						2,
						243.243243243243
					]
				],
				"altAnim": false,
				"bpm": 100,
				"changeBPM": false,
				"mustHitSection": true
			},
			{
				"lengthInSteps": 16,
				"typeOfSection": 0,
				"sectionNotes": [
					[
						83027.027027027,
						3,
						202.702702702703
					],
					[
						83351.3513513513,
						3,
						202.702702702703
					],
					[
						83675.6756756757,
						3,
						202.702702702703
					],
					[
						84000,
						3,
						0
					],
					[
						84162.1621621622,
						1,
						0
					]
				],
				"altAnim": false,
				"bpm": 100,
				"changeBPM": false,
				"mustHitSection": false
			},
			{
				"lengthInSteps": 16,
				"typeOfSection": 0,
				"sectionNotes": [
					[
						84324.3243243243,
						2,
						0
					],
					[
						84486.4864864865,
						3,
						0
					],
					[
						84648.6486486486,
						0,
						0
					],
					[
						84810.8108108108,
						3,
						0
					],
					[
						84972.972972973,
						2,
						0
					],
					[
						85135.1351351351,
						3,
						0
					],
					[
						85297.2972972973,
						1,
						0
					],
					[
						85459.4594594595,
						3,
						0
					]
				],
				"altAnim": false,
				"bpm": 100,
				"changeBPM": false,
				"mustHitSection": false
			},
			{
				"lengthInSteps": 16,
				"typeOfSection": 0,
				"sectionNotes": [
					[
						85621.6216216216,
						2,
						0
					],
					[
						85783.7837837838,
						1,
						0
					],
					[
						85945.9459459459,
						0,
						0
					],
					[
						86108.1081081081,
						1,
						0
					],
					[
						86270.2702702703,
						2,
						0
					],
					[
						86351.3513513513,
						1,
						0
					],
					[
						86432.4324324324,
						0,
						0
					],
					[
						86594.5945945946,
						1,
						0
					],
					[
						86756.7567567567,
						0,
						0
					]
				],
				"altAnim": false,
				"bpm": 100,
				"changeBPM": false,
				"mustHitSection": false
			},
			{
				"sectionNotes": [
					[
						86918.9189189189,
						2,
						0
					],
					[
						87081.0810810811,
						3,
						0
					],
					[
						87243.2432432432,
						0,
						0
					],
					[
						87405.4054054054,
						1,
						0
					],
					[
						87567.5675675676,
						3,
						0
					],
					[
						87891.8918918919,
						1,
						0
					],
					[
						87729.7297297297,
						0,
						0
					],
					[
						88054.054054054,
						2,
						0
					]
				],
				"typeOfSection": 0,
				"lengthInSteps": 16,
				"altAnim": false,
				"mustHitSection": false,
				"changeBPM": false,
				"bpm": 100
			},
			{
				"sectionNotes": [
					[
						88216.2162162162,
						0,
						202.702702702703
					],
					[
						88540.5405405405,
						3,
						0
					],
					[
						88702.7027027027,
						3,
						0
					],
					[
						88864.8648648649,
						0,
						0
					],
					[
						89027.027027027,
						3,
						0
					],
					[
						89189.1891891892,
						3,
						0
					],
					[
						89351.3513513513,
						3,
						0
					]
				],
				"typeOfSection": 0,
				"lengthInSteps": 16,
				"altAnim": false,
				"mustHitSection": false,
				"changeBPM": false,
				"bpm": 100
			},
			{
				"sectionNotes": [
					[
						89513.5135135135,
						0,
						0
					],
					[
						89594.5945945946,
						1,
						0
					],
					[
						89675.6756756757,
						2,
						0
					],
					[
						89756.7567567567,
						3,
						0
					],
					[
						90648.6486486486,
						0,
						0
					],
					[
						89837.8378378378,
						0,
						0
					],
					[
						90081.0810810811,
						3,
						0
					],
					[
						89918.9189189189,
						1,
						0
					],
					[
						90000,
						2,
						0
					],
					[
						90324.3243243243,
						0,
						0
					],
					[
						90405.4054054054,
						3,
						0
					],
					[
						90486.4864864865,
						2,
						0
					],
					[
						90567.5675675675,
						1,
						0
					],
					[
						90729.7297297297,
						1,
						0
					],
					[
						89513.5135135135,
						-1,
						"Zoom",
						"1",
						""
					],
					[
						90243.2432432432,
						1,
						0
					],
					[
						90162.1621621621,
						2,
						0
					]
				],
				"typeOfSection": 0,
				"lengthInSteps": 16,
				"altAnim": false,
				"mustHitSection": false,
				"changeBPM": false,
				"bpm": 100
			},
			{
				"lengthInSteps": 16,
				"typeOfSection": 0,
				"sectionNotes": [
					[
						90810.8108108108,
						3,
						0
					],
					[
						90972.9729729729,
						0,
						0
					],
					[
						91135.1351351351,
						2,
						0
					],
					[
						91297.2972972973,
						3,
						0
					],
					[
						91459.4594594594,
						0,
						0
					],
					[
						91621.6216216216,
						3,
						0
					],
					[
						91783.7837837838,
						1,
						0
					],
					[
						91945.9459459459,
						2,
						0
					]
				],
				"altAnim": false,
				"bpm": 100,
				"changeBPM": false,
				"mustHitSection": false
			},
			{
				"lengthInSteps": 16,
				"typeOfSection": 0,
				"sectionNotes": [
					[
						92108.1081081081,
						3,
						0
					],
					[
						92432.4324324324,
						1,
						0
					],
					[
						92270.2702702702,
						0,
						0
					],
					[
						92594.5945945946,
						2,
						0
					],
					[
						92756.7567567567,
						3,
						0
					],
					[
						92918.9189189189,
						0,
						0
					],
					[
						93081.0810810811,
						1,
						0
					],
					[
						93243.2432432432,
						2,
						0
					]
				],
				"altAnim": false,
				"bpm": 100,
				"changeBPM": false,
				"mustHitSection": false
			},
			{
				"sectionNotes": [
					[
						93405.4054054054,
						3,
						202.702702702703
					],
					[
						93729.7297297297,
						3,
						202.702702702703
					],
					[
						94054.0540540541,
						3,
						202.702702702703
					],
					[
						94378.3783783784,
						3,
						0
					],
					[
						94540.5405405405,
						1,
						0
					],
					[
						93405.4054054054,
						4,
						1216.21621621622
					],
					[
						93405.4054054054,
						-1,
						"Zoom",
						"0.75",
						""
					]
				],
				"typeOfSection": 0,
				"lengthInSteps": 16,
				"altAnim": false,
				"mustHitSection": true,
				"changeBPM": false,
				"bpm": 100
			},
			{
				"sectionNotes": [
					[
						94702.7027027027,
						2,
						0
					],
					[
						94864.8648648649,
						3,
						0
					],
					[
						95027.027027027,
						0,
						0
					],
					[
						95189.1891891892,
						3,
						0
					],
					[
						95351.3513513513,
						2,
						0
					],
					[
						95513.5135135135,
						3,
						0
					],
					[
						95675.6756756757,
						1,
						0
					],
					[
						95837.8378378378,
						3,
						0
					],
					[
						94702.7027027027,
						5,
						1216.21621621622
					]
				],
				"typeOfSection": 0,
				"lengthInSteps": 16,
				"altAnim": false,
				"mustHitSection": true,
				"changeBPM": false,
				"bpm": 170
			},
			{
				"sectionNotes": [
					[
						96000,
						2,
						0
					],
					[
						96162.1621621621,
						1,
						0
					],
					[
						96324.3243243243,
						0,
						0
					],
					[
						96486.4864864865,
						1,
						0
					],
					[
						96648.6486486486,
						2,
						0
					],
					[
						96729.7297297297,
						1,
						0
					],
					[
						96810.8108108108,
						0,
						0
					],
					[
						96972.972972973,
						1,
						0
					],
					[
						97135.1351351351,
						0,
						0
					],
					[
						96000,
						7,
						1216.21621621622
					]
				],
				"typeOfSection": 0,
				"lengthInSteps": 16,
				"altAnim": false,
				"mustHitSection": true,
				"changeBPM": false,
				"bpm": 170
			},
			{
				"sectionNotes": [
					[
						97297.2972972973,
						2,
						0
					],
					[
						97459.4594594594,
						3,
						0
					],
					[
						97621.6216216216,
						0,
						0
					],
					[
						97783.7837837838,
						1,
						0
					],
					[
						97945.9459459459,
						3,
						0
					],
					[
						98270.2702702703,
						1,
						0
					],
					[
						98108.1081081081,
						0,
						0
					],
					[
						98432.4324324324,
						2,
						0
					],
					[
						97297.2972972972,
						4,
						1216.21621621622
					]
				],
				"typeOfSection": 0,
				"lengthInSteps": 16,
				"altAnim": false,
				"mustHitSection": true,
				"changeBPM": false,
				"bpm": 170
			},
			{
				"sectionNotes": [
					[
						98594,
						4,
						202
					],
					[
						98918,
						7,
						0
					],
					[
						99081,
						7,
						0
					],
					[
						99243,
						4,
						0
					],
					[
						99405,
						7,
						0
					],
					[
						99567,
						7,
						0
					],
					[
						99729,
						7,
						0
					],
					[
						98594.5945945945,
						1,
						1216.21621621622
					]
				],
				"typeOfSection": 0,
				"lengthInSteps": 16,
				"altAnim": false,
				"mustHitSection": false,
				"changeBPM": false,
				"bpm": 170
			},
			{
				"sectionNotes": [
					[
						99891,
						4,
						0
					],
					[
						99972,
						5,
						0
					],
					[
						100054,
						6,
						0
					],
					[
						100135,
						7,
						0
					],
					[
						101027,
						4,
						0
					],
					[
						100216,
						4,
						0
					],
					[
						100459,
						7,
						0
					],
					[
						100297,
						5,
						0
					],
					[
						100378,
						6,
						0
					],
					[
						100702,
						4,
						0
					],
					[
						100783,
						7,
						0
					],
					[
						100864,
						6,
						0
					],
					[
						100945,
						5,
						0
					],
					[
						101108,
						5,
						0
					],
					[
						99891.8918918918,
						0,
						1216.21621621622
					],
					[
						99891.8918918918,
						-1,
						"Zoom",
						"1",
						""
					],
					[
						100540.54054054,
						6,
						0
					],
					[
						100621.621621622,
						5,
						0
					]
				],
				"typeOfSection": 0,
				"lengthInSteps": 16,
				"altAnim": false,
				"mustHitSection": false,
				"changeBPM": false,
				"bpm": 170
			},
			{
				"sectionNotes": [
					[
						101189,
						7,
						0
					],
					[
						101351,
						4,
						0
					],
					[
						101513,
						6,
						0
					],
					[
						101675,
						7,
						0
					],
					[
						101837,
						4,
						0
					],
					[
						101999,
						7,
						0
					],
					[
						102162,
						5,
						0
					],
					[
						102324,
						6,
						0
					],
					[
						101189.189189189,
						3,
						1216.21621621622
					]
				],
				"typeOfSection": 0,
				"lengthInSteps": 16,
				"altAnim": false,
				"mustHitSection": false,
				"changeBPM": false,
				"bpm": 170
			},
			{
				"sectionNotes": [
					[
						102486,
						7,
						0
					],
					[
						102810,
						5,
						0
					],
					[
						102648,
						4,
						0
					],
					[
						102972,
						6,
						0
					],
					[
						103135,
						7,
						0
					],
					[
						103297,
						4,
						0
					],
					[
						103459,
						5,
						0
					],
					[
						103621,
						6,
						0
					],
					[
						102486.486486486,
						2,
						1216.21621621622
					]
				],
				"typeOfSection": 0,
				"lengthInSteps": 16,
				"altAnim": false,
				"mustHitSection": false,
				"changeBPM": false,
				"bpm": 170
			},
			{
				"lengthInSteps": 16,
				"typeOfSection": 0,
				"sectionNotes": [
					[
						103783.783783784,
						2,
						0
					],
					[
						103945.945945946,
						3,
						0
					],
					[
						104108.108108108,
						1,
						0
					],
					[
						104270.27027027,
						0,
						0
					],
					[
						104432.432432432,
						2,
						0
					],
					[
						104594.594594595,
						3,
						0
					],
					[
						104756.756756757,
						1,
						0
					],
					[
						104918.918918919,
						0,
						0
					],
					[
						103783.783783784,
						7,
						1216.21621621622
					],
					[
						103783.783783784,
						-1,
						"Zoom",
						"0.75",
						""
					]
				],
				"altAnim": false,
				"bpm": 170,
				"changeBPM": false,
				"mustHitSection": false
			},
			{
				"sectionNotes": [
					[
						105081.081081081,
						3,
						0
					],
					[
						105162.162162162,
						2,
						0
					],
					[
						105243.243243243,
						1,
						0
					],
					[
						105405.405405405,
						2,
						0
					],
					[
						105567.567567568,
						3,
						0
					],
					[
						105729.72972973,
						1,
						0
					],
					[
						105891.891891892,
						0,
						0
					],
					[
						106054.054054054,
						1,
						0
					],
					[
						106216.216216216,
						3,
						0
					]
				],
				"typeOfSection": 0,
				"lengthInSteps": 16,
				"altAnim": false,
				"mustHitSection": false,
				"changeBPM": false,
				"bpm": 170
			},
			{
				"sectionNotes": [
					[
						106378.378378378,
						0,
						0
					],
					[
						106702.702702703,
						2,
						0
					],
					[
						106783.783783784,
						1,
						0
					],
					[
						106864.864864865,
						0,
						0
					],
					[
						107027.027027027,
						1,
						0
					],
					[
						107189.189189189,
						0,
						0
					],
					[
						107270.27027027,
						3,
						0
					],
					[
						107351.351351351,
						0,
						0
					],
					[
						107513.513513514,
						1,
						0
					],
					[
						106459.459459459,
						1,
						0
					],
					[
						106540.54054054,
						2,
						0
					]
				],
				"typeOfSection": 0,
				"lengthInSteps": 16,
				"altAnim": false,
				"mustHitSection": false,
				"changeBPM": false,
				"bpm": 185
			},
			{
				"sectionNotes": [
					[
						107675.675675676,
						2,
						0
					],
					[
						107837.837837838,
						3,
						0
					],
					[
						108000,
						1,
						0
					],
					[
						108162.162162162,
						0,
						0
					],
					[
						108324.324324324,
						3,
						0
					],
					[
						108405.405405405,
						2,
						0
					],
					[
						108486.486486486,
						1,
						0
					],
					[
						108567.567567568,
						0,
						0
					],
					[
						108648.648648649,
						3,
						0
					],
					[
						108729.72972973,
						2,
						0
					],
					[
						108810.810810811,
						1,
						81.0810810810811
					],
					[
						107918.918918919,
						2,
						0
					]
				],
				"typeOfSection": 0,
				"lengthInSteps": 16,
				"altAnim": false,
				"mustHitSection": false,
				"changeBPM": false,
				"bpm": 185
			},
			{
				"sectionNotes": [
					[
						108972.972972973,
						2,
						0
					],
					[
						109135.135135135,
						3,
						0
					],
					[
						109297.297297297,
						1,
						0
					],
					[
						109459.459459459,
						0,
						0
					],
					[
						109621.621621622,
						2,
						0
					],
					[
						109783.783783784,
						3,
						0
					],
					[
						109945.945945946,
						1,
						0
					],
					[
						110108.108108108,
						0,
						0
					],
					[
						108972.972972973,
						6,
						1216.21621621622
					],
					[
						108972.972972973,
						-1,
						"Blammed Lights",
						"2",
						""
					]
				],
				"typeOfSection": 0,
				"lengthInSteps": 16,
				"altAnim": false,
				"mustHitSection": true,
				"changeBPM": false,
				"bpm": 185
			},
			{
				"sectionNotes": [
					[
						110270.27027027,
						3,
						0
					],
					[
						110351.351351351,
						2,
						0
					],
					[
						110432.432432432,
						1,
						0
					],
					[
						110594.594594595,
						2,
						0
					],
					[
						110756.756756757,
						3,
						0
					],
					[
						110918.918918919,
						1,
						0
					],
					[
						111081.081081081,
						0,
						0
					],
					[
						111243.243243243,
						1,
						0
					],
					[
						111405.405405405,
						3,
						0
					],
					[
						110270.27027027,
						7,
						1216.21621621622
					],
					[
						110270.27027027,
						-1,
						"Blammed Lights",
						"3",
						""
					]
				],
				"typeOfSection": 0,
				"lengthInSteps": 16,
				"altAnim": false,
				"mustHitSection": true,
				"changeBPM": false,
				"bpm": 185
			},
			{
				"sectionNotes": [
					[
						111567.567567568,
						0,
						0
					],
					[
						111729.72972973,
						3,
						0
					],
					[
						111891.891891892,
						2,
						0
					],
					[
						111972.972972973,
						1,
						0
					],
					[
						112054.054054054,
						0,
						0
					],
					[
						112216.216216216,
						1,
						0
					],
					[
						112378.378378378,
						0,
						0
					],
					[
						112459.459459459,
						3,
						0
					],
					[
						112540.540540541,
						0,
						0
					],
					[
						112702.702702703,
						1,
						0
					],
					[
						111648.648648649,
						1,
						0
					],
					[
						111567.567567567,
						5,
						1216.21621621622
					],
					[
						111567.567567567,
						-1,
						"Blammed Lights",
						"1",
						""
					]
				],
				"typeOfSection": 0,
				"lengthInSteps": 16,
				"altAnim": false,
				"mustHitSection": true,
				"changeBPM": false,
				"bpm": 185
			},
			{
				"lengthInSteps": 16,
				"typeOfSection": 0,
				"sectionNotes": [
					[
						112864.864864865,
						2,
						0
					],
					[
						113027.027027027,
						3,
						0
					],
					[
						113189.189189189,
						1,
						0
					],
					[
						113351.351351351,
						0,
						0
					],
					[
						113513.513513514,
						3,
						0
					],
					[
						113594.594594595,
						2,
						0
					],
					[
						113675.675675676,
						1,
						0
					],
					[
						113756.756756757,
						0,
						0
					],
					[
						113837.837837838,
						3,
						0
					],
					[
						113918.918918919,
						2,
						0
					],
					[
						114000,
						1,
						81.0810810810811
					],
					[
						112864.864864865,
						6,
						1216.21621621622
					],
					[
						112864.864864865,
						-1,
						"Blammed Lights",
						"2",
						""
					]
				],
				"altAnim": false,
				"bpm": 185,
				"changeBPM": false,
				"mustHitSection": true
			},
			{
				"lengthInSteps": 16,
				"typeOfSection": 0,
				"sectionNotes": [
					[
						114324.324324324,
						1,
						0
					],
					[
						114486.486486487,
						2,
						0
					],
					[
						114648.648648649,
						1,
						0
					],
					[
						114810.810810811,
						2,
						0
					],
					[
						114972.972972973,
						0,
						0
					],
					[
						115135.135135135,
						2,
						0
					],
					[
						115297.297297297,
						3,
						0
					],
					[
						114162.162162162,
						4,
						891.891891891892
					],
					[
						114162.162162162,
						3,
						0
					],
					[
						114162.162162162,
						-1,
						"Blammed Lights",
						"0",
						""
					]
				],
				"altAnim": false,
				"bpm": 185,
				"changeBPM": false,
				"mustHitSection": false
			},
			{
				"sectionNotes": [
					[
						116270.27027027,
						0,
						0
					],
					[
						116432.432432432,
						3,
						0
					],
					[
						116594.594594595,
						2,
						0
					],
					[
						115459.45945946,
						0,
						0
					],
					[
						115702.702702703,
						3,
						0
					],
					[
						116027.027027027,
						3,
						0
					],
					[
						115540.54054054,
						1,
						0
					],
					[
						115621.621621622,
						2,
						0
					],
					[
						115783.783783784,
						0,
						0
					],
					[
						115945.945945946,
						2,
						0
					],
					[
						115864.864864865,
						1,
						0
					],
					[
						116108.108108108,
						2,
						0
					],
					[
						116189.189189189,
						1,
						0
					],
					[
						115459.459459459,
						-1,
						"Zoom",
						"1.2",
						""
					]
				],
				"typeOfSection": 0,
				"lengthInSteps": 16,
				"altAnim": false,
				"mustHitSection": false,
				"changeBPM": false,
				"bpm": 185
			},
			{
				"sectionNotes": [
					[
						116918.918918919,
						1,
						0
					],
					[
						117081.081081081,
						2,
						0
					],
					[
						117243.243243243,
						1,
						0
					],
					[
						117405.405405405,
						2,
						0
					],
					[
						117567.567567568,
						0,
						0
					],
					[
						117729.72972973,
						2,
						0
					],
					[
						117891.891891892,
						3,
						0
					],
					[
						116756.756756757,
						3,
						0
					],
					[
						116756.756756757,
						-1,
						"Zoom",
						"0.75",
						""
					]
				],
				"typeOfSection": 0,
				"lengthInSteps": 16,
				"altAnim": false,
				"mustHitSection": true,
				"changeBPM": false,
				"bpm": 185
			},
			{
				"sectionNotes": [
					[
						118864.864864865,
						0,
						0
					],
					[
						119027.027027027,
						3,
						0
					],
					[
						119189.189189189,
						2,
						0
					],
					[
						118054.054054054,
						0,
						0
					],
					[
						118297.297297297,
						3,
						0
					],
					[
						118459.45945946,
						1,
						0
					],
					[
						118621.621621622,
						3,
						0
					],
					[
						118135.135135135,
						1,
						0
					],
					[
						118216.216216216,
						2,
						0
					],
					[
						118378.378378378,
						0,
						0
					],
					[
						118540.54054054,
						2,
						0
					],
					[
						118702.702702703,
						2,
						0
					],
					[
						118783.783783784,
						1,
						0
					],
					[
						118054.054054054,
						-1,
						"Zoom",
						"1.2",
						""
					]
				],
				"typeOfSection": 0,
				"lengthInSteps": 16,
				"altAnim": false,
				"mustHitSection": true,
				"changeBPM": false,
				"bpm": 185
			},
			{
				"sectionNotes": [
					[
						119351.351351351,
						2,
						0
					],
					[
						119432.432432432,
						1,
						0
					],
					[
						119513.513513514,
						0,
						0
					],
					[
						119675.675675676,
						3,
						0
					],
					[
						120000,
						3,
						0
					],
					[
						120162.162162162,
						0,
						0
					],
					[
						120324.324324324,
						2,
						0
					],
					[
						120486.486486487,
						3,
						0
					],
					[
						119756.756756757,
						2,
						0
					],
					[
						119837.837837838,
						1,
						0
					],
					[
						120243.243243243,
						1,
						0
					],
					[
						119351.351351351,
						-1,
						"Zoom",
						"1",
						""
					]
				],
				"typeOfSection": 0,
				"lengthInSteps": 16,
				"altAnim": false,
				"mustHitSection": false,
				"changeBPM": false,
				"bpm": 185
			},
			{
				"sectionNotes": [
					[
						120648.648648649,
						3,
						0
					],
					[
						120972.972972973,
						2,
						0
					],
					[
						121135.135135135,
						3,
						0
					],
					[
						120810.810810811,
						0,
						0
					],
					[
						120891.891891892,
						1,
						0
					],
					[
						121297.297297297,
						0,
						0
					],
					[
						121378.378378378,
						1,
						0
					],
					[
						121459.459459459,
						0,
						0
					],
					[
						121540.54054054,
						1,
						0
					],
					[
						121702.702702703,
						2,
						162.162162162162
					]
				],
				"typeOfSection": 0,
				"lengthInSteps": 16,
				"altAnim": false,
				"mustHitSection": false,
				"changeBPM": false,
				"bpm": 185
			},
			{
				"sectionNotes": [
					[
						121945.945945946,
						2,
						0
					],
					[
						122027.027027027,
						1,
						0
					],
					[
						122108.108108108,
						0,
						0
					],
					[
						122270.27027027,
						3,
						0
					],
					[
						122594.594594595,
						3,
						0
					],
					[
						122756.756756757,
						0,
						0
					],
					[
						122918.918918919,
						2,
						0
					],
					[
						123081.081081081,
						3,
						0
					],
					[
						122351.351351351,
						2,
						0
					],
					[
						122432.432432432,
						1,
						0
					],
					[
						122837.837837838,
						1,
						0
					]
				],
				"typeOfSection": 0,
				"lengthInSteps": 16,
				"altAnim": false,
				"mustHitSection": true,
				"changeBPM": false,
				"bpm": 185
			},
			{
				"sectionNotes": [
					[
						123243.243243243,
						3,
						0
					],
					[
						123567.567567568,
						2,
						0
					],
					[
						123729.72972973,
						3,
						0
					],
					[
						123405.405405405,
						0,
						0
					],
					[
						123486.486486486,
						1,
						0
					],
					[
						123891.891891892,
						0,
						0
					],
					[
						123972.972972973,
						1,
						0
					],
					[
						124054.054054054,
						0,
						0
					],
					[
						124135.135135135,
						1,
						0
					],
					[
						124297.297297297,
						2,
						162.162162162162
					],
					[
						124297.297297297,
						5,
						162.162162162162
					]
				],
				"typeOfSection": 0,
				"lengthInSteps": 16,
				"altAnim": false,
				"mustHitSection": true,
				"changeBPM": false,
				"bpm": 185
			},
			{
				"sectionNotes": [
					[
						124540.540540541,
						2,
						243.243243243243
					],
					[
						124864.864864865,
						0,
						0
					],
					[
						125189.189189189,
						0,
						0
					],
					[
						125027.027027027,
						1,
						0
					],
					[
						125351.351351351,
						1,
						0
					],
					[
						125513.513513514,
						3,
						0
					],
					[
						125675.675675676,
						2,
						0
					],
					[
						124540.54054054,
						-1,
						"Zoom",
						"0.75",
						""
					],
					[
						124543.918918919,
						-1,
						"shakey arrows",
						"little",
						""
					]
				],
				"typeOfSection": 0,
				"lengthInSteps": 16,
				"altAnim": false,
				"mustHitSection": false,
				"changeBPM": false,
				"bpm": 185
			},
			{
				"sectionNotes": [
					[
						125837.837837838,
						3,
						0
					],
					[
						126000,
						0,
						0
					],
					[
						126162.162162162,
						2,
						0
					],
					[
						126324.324324324,
						3,
						0
					],
					[
						126486.486486487,
						2,
						0
					],
					[
						126648.648648649,
						0,
						0
					],
					[
						126810.810810811,
						2,
						0
					],
					[
						126810.810810811,
						5,
						243.243243243243
					]
				],
				"typeOfSection": 0,
				"lengthInSteps": 16,
				"altAnim": false,
				"mustHitSection": false,
				"changeBPM": false,
				"bpm": 185
			},
			{
				"sectionNotes": [
					[
						127135.135135135,
						2,
						243.243243243243
					],
					[
						127459.459459459,
						0,
						0
					],
					[
						127783.783783784,
						0,
						0
					],
					[
						127621.621621622,
						1,
						0
					],
					[
						127945.945945946,
						1,
						0
					],
					[
						128108.108108108,
						3,
						0
					],
					[
						128270.27027027,
						2,
						0
					]
				],
				"typeOfSection": 0,
				"lengthInSteps": 16,
				"altAnim": false,
				"mustHitSection": true,
				"changeBPM": false,
				"bpm": 185
			},
			{
				"sectionNotes": [
					[
						128432.432432432,
						3,
						0
					],
					[
						128594.594594595,
						0,
						0
					],
					[
						128756.756756757,
						2,
						0
					],
					[
						128918.918918919,
						3,
						0
					],
					[
						129081.081081081,
						2,
						0
					],
					[
						129243.243243243,
						0,
						0
					],
					[
						129405.405405405,
						2,
						0
					],
					[
						129405.405405405,
						5,
						243.243243243243
					]
				],
				"typeOfSection": 0,
				"lengthInSteps": 16,
				"altAnim": false,
				"mustHitSection": true,
				"changeBPM": false,
				"bpm": 185
			},
			{
				"sectionNotes": [
					[
						129729.72972973,
						0,
						243.243243243243
					],
					[
						130054.054054054,
						1,
						243.243243243243
					],
					[
						130378.378378378,
						2,
						0
					],
					[
						130540.540540541,
						3,
						0
					],
					[
						130702.702702703,
						1,
						243.243243243243
					]
				],
				"typeOfSection": 0,
				"lengthInSteps": 16,
				"altAnim": false,
				"mustHitSection": false,
				"changeBPM": false,
				"bpm": 185
			},
			{
				"sectionNotes": [
					[
						131027.027027027,
						3,
						243.243243243243
					],
					[
						131351.351351351,
						1,
						243.243243243243
					],
					[
						131675.675675676,
						3,
						243.243243243243
					],
					[
						132000,
						2,
						243.243243243243
					],
					[
						132000,
						5,
						243.243243243243
					]
				],
				"typeOfSection": 0,
				"lengthInSteps": 16,
				"altAnim": false,
				"mustHitSection": false,
				"changeBPM": false,
				"bpm": 185
			},
			{
				"sectionNotes": [
					[
						132324.324324324,
						0,
						243.243243243243
					],
					[
						132648.648648649,
						1,
						243.243243243243
					],
					[
						132972.972972973,
						2,
						0
					],
					[
						133135.135135135,
						3,
						0
					],
					[
						133297.297297297,
						1,
						243.243243243243
					],
					[
						132324.324324324,
						7,
						567.567567567567
					],
					[
						132972.972972973,
						5,
						567.567567567567
					]
				],
				"typeOfSection": 0,
				"lengthInSteps": 16,
				"altAnim": false,
				"mustHitSection": true,
				"changeBPM": false,
				"bpm": 185
			},
			{
				"sectionNotes": [
					[
						133621.621621622,
						3,
						243.243243243243
					],
					[
						133945.945945946,
						1,
						243.243243243243
					],
					[
						134270.27027027,
						3,
						243.243243243243
					],
					[
						134594.594594595,
						2,
						243.243243243243
					],
					[
						133621.621621621,
						4,
						567.567567567567
					],
					[
						134270.27027027,
						6,
						567.567567567567
					],
					[
						134270.27027027,
						-1,
						"Image Flash",
						"full_black",
						"1.1"
					]
				],
				"typeOfSection": 0,
				"lengthInSteps": 16,
				"altAnim": false,
				"mustHitSection": true,
				"changeBPM": false,
				"bpm": 185
			},
			{
				"sectionNotes": [
					[
						134918.918918919,
						5,
						2205.88235294117
					],
					[
						134918.918918919,
						3,
						2229.72972972973
					],
					[
						134918.918918919,
						-1,
						"Play Animation",
						"changebg2",
						""
					]
				],
				"typeOfSection": 0,
				"lengthInSteps": 16,
				"altAnim": false,
				"mustHitSection": false,
				"changeBPM": false,
				"bpm": 185
			},
			{
				"sectionNotes": [
					[
						137189.189189189,
						2,
						0
					],
					[
						137351.351351351,
						1,
						0
					]
				],
				"typeOfSection": 0,
				"lengthInSteps": 16,
				"altAnim": false,
				"mustHitSection": false,
				"changeBPM": false,
				"bpm": 185
			},
			{
				"sectionNotes": [
					[
						137513.513513513,
						0,
						0
					],
					[
						137675.675675676,
						2,
						0
					],
					[
						137837.837837838,
						2,
						0
					],
					[
						138000,
						0,
						0
					],
					[
						137918.918918919,
						3,
						0
					],
					[
						138081.081081081,
						3,
						0
					],
					[
						138162.162162162,
						1,
						0
					],
					[
						138324.324324324,
						2,
						0
					],
					[
						138486.486486487,
						1,
						0
					],
					[
						138648.648648649,
						3,
						0
					],
					[
						138162.162162162,
						7,
						567.567567567567
					]
				],
				"typeOfSection": 0,
				"lengthInSteps": 16,
				"altAnim": false,
				"mustHitSection": false,
				"changeBPM": false,
				"bpm": 185
			},
			{
				"sectionNotes": [
					[
						138810.810810811,
						5,
						567.567567567567
					],
					[
						139459.459459459,
						4,
						567.567567567567
					],
					[
						138810.810810811,
						2,
						0
					],
					[
						139135.135135135,
						1,
						0
					],
					[
						139297.297297297,
						0,
						0
					],
					[
						139459.459459459,
						2,
						0
					],
					[
						139783.783783784,
						1,
						0
					]
				],
				"typeOfSection": 0,
				"lengthInSteps": 16,
				"altAnim": false,
				"mustHitSection": false,
				"changeBPM": false,
				"bpm": 185
			},
			{
				"sectionNotes": [
					[
						140108.108108108,
						3,
						2189.18918918919
					],
					[
						140108.108108108,
						7,
						2229.72972972973
					]
				],
				"typeOfSection": 0,
				"lengthInSteps": 16,
				"altAnim": false,
				"mustHitSection": true,
				"changeBPM": false,
				"bpm": 185
			},
			{
				"sectionNotes": [
					[
						142378.378378378,
						0,
						0
					],
					[
						142540.540540541,
						1,
						0
					]
				],
				"typeOfSection": 0,
				"lengthInSteps": 16,
				"altAnim": false,
				"mustHitSection": true,
				"changeBPM": false,
				"bpm": 185
			},
			{
				"sectionNotes": [
					[
						142702.702702703,
						0,
						0
					],
					[
						142864.864864865,
						2,
						0
					],
					[
						143027.027027027,
						2,
						0
					],
					[
						143189.189189189,
						0,
						0
					],
					[
						143108.108108108,
						3,
						0
					],
					[
						143270.27027027,
						3,
						0
					],
					[
						143351.351351351,
						1,
						0
					],
					[
						143513.513513513,
						2,
						0
					],
					[
						143675.675675676,
						1,
						0
					],
					[
						143837.837837838,
						3,
						0
					]
				],
				"typeOfSection": 0,
				"lengthInSteps": 16,
				"altAnim": false,
				"mustHitSection": true,
				"changeBPM": false,
				"bpm": 185
			},
			{
				"sectionNotes": [
					[
						144000,
						2,
						0
					],
					[
						144324.324324324,
						1,
						0
					],
					[
						144486.486486487,
						0,
						0
					],
					[
						144648.648648649,
						2,
						0
					],
					[
						144972.972972973,
						1,
						0
					]
				],
				"typeOfSection": 0,
				"lengthInSteps": 16,
				"altAnim": false,
				"mustHitSection": true,
				"changeBPM": false,
				"bpm": 185
			},
			{
				"sectionNotes": [
					[
						145297.297297297,
						1,
						1216.21621621622
					]
				],
				"typeOfSection": 0,
				"lengthInSteps": 16,
				"altAnim": false,
				"mustHitSection": true,
				"changeBPM": false,
				"bpm": 185
			},
			{
				"sectionNotes": [],
				"typeOfSection": 0,
				"lengthInSteps": 16,
				"altAnim": false,
				"mustHitSection": true,
				"changeBPM": false,
				"bpm": 185
			},
			{
				"sectionNotes": [],
				"typeOfSection": 0,
				"lengthInSteps": 16,
				"altAnim": false,
				"mustHitSection": true,
				"changeBPM": false,
				"bpm": 185
			},
			{
				"lengthInSteps": 16,
				"typeOfSection": 0,
				"sectionNotes": [],
				"altAnim": false,
				"bpm": 185,
				"changeBPM": false,
				"mustHitSection": true
			},
			{
				"sectionNotes": [],
				"typeOfSection": 0,
				"lengthInSteps": 16,
				"altAnim": false,
				"mustHitSection": true,
				"changeBPM": false,
				"bpm": 185
			},
			{
				"lengthInSteps": 16,
				"typeOfSection": 0,
				"sectionNotes": [],
				"altAnim": false,
				"bpm": 185,
				"changeBPM": false,
				"mustHitSection": true
			},
			{
				"lengthInSteps": 16,
				"typeOfSection": 0,
				"sectionNotes": [],
				"altAnim": false,
				"bpm": 185,
				"changeBPM": false,
				"mustHitSection": true
			},
			{
				"sectionNotes": [],
				"typeOfSection": 0,
				"lengthInSteps": 16,
				"altAnim": false,
				"mustHitSection": true,
				"changeBPM": false,
				"bpm": 185
			},
			{
				"sectionNotes": [],
				"typeOfSection": 0,
				"lengthInSteps": 16,
				"altAnim": false,
				"mustHitSection": true,
				"changeBPM": false,
				"bpm": 185
			},
			{
				"lengthInSteps": 16,
				"typeOfSection": 0,
				"sectionNotes": [],
				"altAnim": false,
				"bpm": 185,
				"changeBPM": false,
				"mustHitSection": true
			},
			{
				"lengthInSteps": 16,
				"typeOfSection": 0,
				"sectionNotes": [],
				"altAnim": false,
				"bpm": 185,
				"changeBPM": false,
				"mustHitSection": true
			},
			{
				"lengthInSteps": 16,
				"typeOfSection": 0,
				"sectionNotes": [],
				"altAnim": false,
				"bpm": 185,
				"changeBPM": false,
				"mustHitSection": true
			},
			{
				"lengthInSteps": 16,
				"typeOfSection": 0,
				"sectionNotes": [],
				"altAnim": false,
				"bpm": 185,
				"changeBPM": false,
				"mustHitSection": true
			},
			{
				"lengthInSteps": 16,
				"typeOfSection": 0,
				"sectionNotes": [],
				"altAnim": false,
				"bpm": 185,
				"changeBPM": false,
				"mustHitSection": true
			},
			{
				"lengthInSteps": 16,
				"typeOfSection": 0,
				"sectionNotes": [],
				"altAnim": false,
				"bpm": 185,
				"changeBPM": false,
				"mustHitSection": true
			},
			{
				"lengthInSteps": 16,
				"typeOfSection": 0,
				"sectionNotes": [],
				"altAnim": false,
				"bpm": 185,
				"changeBPM": false,
				"mustHitSection": true
			},
			{
				"sectionNotes": [],
				"typeOfSection": 0,
				"lengthInSteps": 16,
				"altAnim": false,
				"mustHitSection": true,
				"changeBPM": false,
				"bpm": 185
			},
			{
				"sectionNotes": [],
				"typeOfSection": 0,
				"lengthInSteps": 16,
				"altAnim": false,
				"mustHitSection": true,
				"changeBPM": false,
				"bpm": 185
			},
			{
				"lengthInSteps": 16,
				"typeOfSection": 0,
				"sectionNotes": [],
				"altAnim": false,
				"bpm": 185,
				"changeBPM": false,
				"mustHitSection": true
			},
			{
				"lengthInSteps": 16,
				"typeOfSection": 0,
				"sectionNotes": [],
				"altAnim": false,
				"bpm": 185,
				"changeBPM": false,
				"mustHitSection": true
			},
			{
				"sectionNotes": [],
				"typeOfSection": 0,
				"lengthInSteps": 16,
				"altAnim": false,
				"mustHitSection": true,
				"changeBPM": false,
				"bpm": 185
			},
			{
				"sectionNotes": [],
				"typeOfSection": 0,
				"lengthInSteps": 16,
				"altAnim": false,
				"mustHitSection": true,
				"changeBPM": false,
				"bpm": 185
			},
			{
				"sectionNotes": [],
				"typeOfSection": 0,
				"lengthInSteps": 16,
				"altAnim": false,
				"mustHitSection": true,
				"changeBPM": false,
				"bpm": 185
			},
			{
				"lengthInSteps": 16,
				"typeOfSection": 0,
				"sectionNotes": [],
				"altAnim": false,
				"bpm": 185,
				"changeBPM": false,
				"mustHitSection": true
			},
			{
				"lengthInSteps": 16,
				"typeOfSection": 0,
				"sectionNotes": [],
				"altAnim": false,
				"bpm": 185,
				"changeBPM": false,
				"mustHitSection": true
			},
			{
				"lengthInSteps": 16,
				"typeOfSection": 0,
				"sectionNotes": [],
				"altAnim": false,
				"bpm": 185,
				"changeBPM": false,
				"mustHitSection": true
			},
			{
				"lengthInSteps": 16,
				"typeOfSection": 0,
				"sectionNotes": [],
				"altAnim": false,
				"bpm": 185,
				"changeBPM": false,
				"mustHitSection": true
			},
			{
				"lengthInSteps": 16,
				"typeOfSection": 0,
				"sectionNotes": [],
				"altAnim": false,
				"bpm": 185,
				"changeBPM": false,
				"mustHitSection": true
			},
			{
				"sectionNotes": [],
				"typeOfSection": 0,
				"lengthInSteps": 16,
				"altAnim": false,
				"mustHitSection": true,
				"changeBPM": false,
				"bpm": 185
			},
			{
				"lengthInSteps": 16,
				"altAnim": false,
				"typeOfSection": 0,
				"sectionNotes": [],
				"bpm": 185,
				"changeBPM": false,
				"mustHitSection": true
			}
		],
		"player2": "soft-gf",
		"player3": "speakers",
		"splashSkin": "noteSplashes_Doki",
		"song": "Graduation-Is-Complicated",
		"stage": "trainStationAndFest",
		"arrowSkin": "NOTE_assets_ddlc",
		"needsVoices": true,
		"validScore": true,
		"bpm": 185,
		"speed": 2.5,
		"noteStyle": "normal"
	}
}