{
	"song": {
		"player1": "wenamy-player",
		"gfVersion": "sayo-speaker",
		"notes": [
			{
				"sectionNotes": [
					[
						1220.93023255814,
						3,
						261.627906976744
					],
					[
						872.093023255814,
						2,
						0
					],
					[
						348.837209302326,
						0,
						0
					],
					[
						523.255813953488,
						3,
						0
					],
					[
						0,
						2,
						0
					],
					[
						697.674418604651,
						0,
						0
					],
					[
						1046.51162790698,
						1,
						0
					]
				],
				"lengthInSteps": 16,
				"bpm": 0,
				"mustHitSection": false
			},
			{
				"sectionNotes": [
					[
						2616.27906976744,
						1,
						261.627906976744
					],
					[
						1918.60465116279,
						2,
						0
					],
					[
						1831.39534883721,
						1,
						0
					],
					[
						1744.18604651163,
						0,
						0
					],
					[
						1656.97674418605,
						1,
						0
					],
					[
						2267.44186046512,
						3,
						0
					],
					[
						2093.02325581395,
						2,
						0
					],
					[
						2441.86046511628,
						0,
						0
					],
					[
						1569.76744186047,
						0,
						0
					],
					[
						2005.81395348837,
						3,
						0
					]
				],
				"lengthInSteps": 16,
				"bpm": 0,
				"mustHitSection": false
			},
			{
				"sectionNotes": [
					[
						4011.62790697674,
						2,
						261.627906976744
					],
					[
						3401.16279069767,
						1,
						0
					],
					[
						3139.53488372093,
						2,
						0
					],
					[
						2965.11627906977,
						2,
						0
					],
					[
						3313.95348837209,
						3,
						0
					],
					[
						3488.37209302326,
						0,
						0
					],
					[
						3662.79069767442,
						2,
						0
					],
					[
						3837.20930232558,
						3,
						0
					]
				],
				"lengthInSteps": 16,
				"bpm": 0,
				"mustHitSection": false
			},
			{
				"sectionNotes": [
					[
						4709.3023255814,
						3,
						784.883720930233
					],
					[
						4534.88372093023,
						0,
						0
					]
				],
				"lengthInSteps": 16,
				"bpm": 0,
				"mustHitSection": false
			},
			{
				"sectionNotes": [
					[
						5930.23255813954,
						0,
						0
					],
					[
						6104.6511627907,
						3,
						0
					],
					[
						6279.06976744186,
						0,
						0
					],
					[
						5581.39534883721,
						2,
						0
					],
					[
						6453.48837209302,
						2,
						0
					],
					[
						6627.90697674419,
						1,
						0
					],
					[
						6802.32558139535,
						3,
						261.627906976744
					]
				],
				"lengthInSteps": 16,
				"altAnim": false,
				"bpm": 0,
				"mustHitSection": true
			},
			{
				"sectionNotes": [
					[
						8197.67441860465,
						1,
						261.627906976744
					],
					[
						7500,
						2,
						0
					],
					[
						7412.79069767442,
						1,
						0
					],
					[
						7325.58139534884,
						0,
						0
					],
					[
						7238.37209302326,
						1,
						0
					],
					[
						7848.83720930233,
						3,
						0
					],
					[
						7674.41860465116,
						2,
						0
					],
					[
						8023.25581395349,
						0,
						0
					],
					[
						7151.16279069768,
						0,
						0
					],
					[
						7587.20930232558,
						3,
						0
					]
				],
				"lengthInSteps": 16,
				"altAnim": false,
				"bpm": 0,
				"mustHitSection": true
			},
			{
				"sectionNotes": [
					[
						9593.02325581395,
						2,
						261.627906976744
					],
					[
						8720.93023255814,
						2,
						0
					],
					[
						8546.51162790698,
						2,
						0
					],
					[
						9244.18604651163,
						2,
						0
					],
					[
						8982.55813953488,
						1,
						0
					],
					[
						8895.3488372093,
						3,
						0
					],
					[
						9069.76744186047,
						0,
						0
					],
					[
						9418.60465116279,
						3,
						0
					]
				],
				"lengthInSteps": 16,
				"altAnim": false,
				"bpm": 0,
				"mustHitSection": true
			},
			{
				"sectionNotes": [
					[
						10988.3720930233,
						0,
						0
					],
					[
						10116.2790697674,
						2,
						0
					],
					[
						9941.86046511628,
						3,
						0
					],
					[
						10029.0697674419,
						1,
						0
					],
					[
						10290.6976744186,
						0,
						0
					],
					[
						10377.9069767442,
						1,
						0
					],
					[
						10465.1162790698,
						2,
						0
					],
					[
						10639.5348837209,
						3,
						0
					]
				],
				"lengthInSteps": 16,
				"bpm": 0,
				"mustHitSection": true
			},
			{
				"sectionNotes": [
					[
						11162.7906976744,
						1,
						261.627906976744
					],
					[
						11511.6279069767,
						3,
						0
					],
					[
						11686.0465116279,
						0,
						0
					],
					[
						11860.4651162791,
						3,
						0
					],
					[
						12383.7209302326,
						0,
						261.627906976744
					],
					[
						12034.8837209302,
						1,
						0
					],
					[
						12209.3023255814,
						2,
						0
					]
				],
				"lengthInSteps": 16,
				"bpm": 0,
				"mustHitSection": false
			},
			{
				"sectionNotes": [
					[
						13604.6511627907,
						0,
						0
					],
					[
						13430.2325581395,
						3,
						0
					],
					[
						13779.0697674419,
						2,
						261.627906976744
					],
					[
						13168.6046511628,
						0,
						0
					],
					[
						13081.3953488372,
						1,
						0
					],
					[
						12994.1860465116,
						2,
						0
					],
					[
						12906.976744186,
						3,
						0
					],
					[
						12819.7674418605,
						2,
						0
					],
					[
						12732.5581395349,
						3,
						0
					],
					[
						13255.8139534884,
						1,
						0
					]
				],
				"lengthInSteps": 16,
				"bpm": 0,
				"mustHitSection": false
			},
			{
				"sectionNotes": [
					[
						15174.4186046512,
						0,
						348.837209302326
					],
					[
						15000,
						2,
						0
					],
					[
						14563.9534883721,
						2,
						0
					],
					[
						14302.3255813953,
						1,
						0
					],
					[
						14127.9069767442,
						1,
						0
					],
					[
						14476.7441860465,
						0,
						0
					],
					[
						14651.1627906977,
						3,
						0
					],
					[
						14825.5813953488,
						1,
						0
					]
				],
				"lengthInSteps": 16,
				"bpm": 0,
				"mustHitSection": false
			},
			{
				"sectionNotes": [
					[
						15697.6744186046,
						3,
						0
					],
					[
						15872.0930232558,
						2,
						784.883720930233
					]
				],
				"lengthInSteps": 16,
				"bpm": 0,
				"mustHitSection": false
			},
			{
				"sectionNotes": [
					[
						16744.1860465116,
						1,
						261.627906976744
					],
					[
						17093.023255814,
						3,
						0
					],
					[
						17267.4418604651,
						0,
						0
					],
					[
						17441.8604651163,
						3,
						0
					],
					[
						17965.1162790698,
						0,
						261.627906976744
					],
					[
						17616.2790697674,
						1,
						0
					],
					[
						17790.6976744186,
						2,
						0
					]
				],
				"lengthInSteps": 16,
				"bpm": 0,
				"mustHitSection": true
			},
			{
				"sectionNotes": [
					[
						19360.4651162791,
						2,
						261.627906976744
					],
					[
						18750,
						0,
						0
					],
					[
						18662.7906976744,
						1,
						0
					],
					[
						18575.5813953488,
						2,
						0
					],
					[
						18488.3720930232,
						3,
						0
					],
					[
						18401.1627906977,
						2,
						0
					],
					[
						18313.9534883721,
						3,
						0
					],
					[
						19011.6279069767,
						3,
						0
					],
					[
						18837.2093023256,
						1,
						0
					],
					[
						19186.0465116279,
						0,
						0
					]
				],
				"lengthInSteps": 16,
				"bpm": 0,
				"mustHitSection": true
			},
			{
				"sectionNotes": [
					[
						20755.8139534884,
						0,
						261.627906976744
					],
					[
						20581.3953488372,
						2,
						0
					],
					[
						20232.5581395349,
						3,
						0
					],
					[
						20145.3488372093,
						2,
						0
					],
					[
						20058.1395348837,
						0,
						0
					],
					[
						19883.7209302326,
						1,
						0
					],
					[
						19709.3023255814,
						1,
						0
					],
					[
						20406.976744186,
						1,
						0
					]
				],
				"lengthInSteps": 16,
				"bpm": 0,
				"mustHitSection": true
			},
			{
				"sectionNotes": [
					[
						21279.0697674419,
						1,
						0
					],
					[
						21104.6511627907,
						2,
						0
					],
					[
						21976.7441860465,
						1,
						261.627906976744
					],
					[
						21540.6976744186,
						2,
						0
					],
					[
						21627.9069767442,
						1,
						0
					],
					[
						21453.488372093,
						3,
						0
					],
					[
						21802.3255813953,
						0,
						0
					]
				],
				"lengthInSteps": 16,
				"bpm": 0,
				"mustHitSection": true
			},
			{
				"sectionNotes": [
					[
						22674.4186046512,
						0,
						0
					],
					[
						22848.8372093023,
						3,
						0
					],
					[
						23023.2558139535,
						0,
						0
					],
					[
						22325.5813953488,
						2,
						0
					],
					[
						23197.6744186047,
						2,
						0
					],
					[
						23372.0930232558,
						1,
						0
					],
					[
						23546.511627907,
						3,
						261.627906976744
					]
				],
				"lengthInSteps": 16,
				"altAnim": false,
				"bpm": 0,
				"mustHitSection": false
			},
			{
				"sectionNotes": [
					[
						24941.8604651163,
						3,
						0
					],
					[
						24680.2325581395,
						2,
						0
					],
					[
						24418.6046511628,
						0,
						0
					],
					[
						24680.2325581395,
						3,
						0
					],
					[
						24941.8604651163,
						0,
						0
					],
					[
						24418.6046511628,
						1,
						0
					],
					[
						24331.3953488372,
						2,
						0
					],
					[
						24244.1860465116,
						3,
						0
					],
					[
						24156.976744186,
						2,
						0
					],
					[
						24069.7674418605,
						1,
						0
					],
					[
						23982.5581395349,
						0,
						0
					],
					[
						23895.3488372093,
						1,
						0
					]
				],
				"lengthInSteps": 16,
				"altAnim": false,
				"bpm": 0,
				"mustHitSection": false
			},
			{
				"sectionNotes": [
					[
						26075.5813953488,
						3,
						0
					],
					[
						26075.5813953488,
						1,
						0
					],
					[
						25116.2790697674,
						2,
						0
					],
					[
						25465.1162790698,
						1,
						0
					],
					[
						25813.9534883721,
						2,
						0
					],
					[
						25290.6976744186,
						1,
						0
					],
					[
						25726.7441860465,
						3,
						0
					],
					[
						25639.5348837209,
						2,
						0
					],
					[
						26337.2093023256,
						2,
						261.627906976744
					]
				],
				"lengthInSteps": 16,
				"altAnim": false,
				"mustHitSection": false,
				"bpm": 0
			},
			{
				"sectionNotes": [
					[
						27732.5581395349,
						2,
						0
					],
					[
						27732.5581395349,
						0,
						0
					],
					[
						27470.9302325581,
						1,
						0
					],
					[
						27209.3023255814,
						1,
						0
					],
					[
						26860.4651162791,
						2,
						0
					],
					[
						26686.0465116279,
						0,
						0
					],
					[
						27034.8837209302,
						3,
						0
					]
				],
				"lengthInSteps": 16,
				"altAnim": false,
				"bpm": 0,
				"mustHitSection": false
			},
			{
				"sectionNotes": [
					[
						28255.8139534884,
						0,
						0
					],
					[
						28430.2325581395,
						3,
						0
					],
					[
						28604.6511627907,
						0,
						0
					],
					[
						27906.976744186,
						2,
						0
					],
					[
						28779.0697674419,
						2,
						0
					],
					[
						28953.488372093,
						1,
						0
					],
					[
						29127.9069767442,
						3,
						261.627906976744
					]
				],
				"lengthInSteps": 16,
				"altAnim": false,
				"bpm": 0,
				"mustHitSection": true
			},
			{
				"sectionNotes": [
					[
						30523.2558139535,
						3,
						0
					],
					[
						30261.6279069767,
						2,
						0
					],
					[
						30000,
						0,
						0
					],
					[
						30261.6279069767,
						3,
						0
					],
					[
						30523.2558139535,
						0,
						0
					],
					[
						30000,
						1,
						0
					],
					[
						29912.7906976744,
						2,
						0
					],
					[
						29825.5813953488,
						3,
						0
					],
					[
						29738.3720930232,
						2,
						0
					],
					[
						29651.1627906977,
						1,
						0
					],
					[
						29563.9534883721,
						0,
						0
					],
					[
						29476.7441860465,
						1,
						0
					]
				],
				"lengthInSteps": 16,
				"altAnim": false,
				"bpm": 0,
				"mustHitSection": true
			},
			{
				"sectionNotes": [
					[
						31656.976744186,
						3,
						0
					],
					[
						31656.976744186,
						1,
						0
					],
					[
						30697.6744186046,
						2,
						0
					],
					[
						31046.511627907,
						1,
						0
					],
					[
						31395.3488372093,
						2,
						0
					],
					[
						30872.0930232558,
						1,
						0
					],
					[
						31308.1395348837,
						3,
						0
					],
					[
						31220.9302325581,
						2,
						0
					],
					[
						31918.6046511628,
						2,
						261.627906976744
					]
				],
				"lengthInSteps": 16,
				"altAnim": false,
				"bpm": 0,
				"mustHitSection": true
			},
			{
				"sectionNotes": [
					[
						33313.9534883721,
						2,
						0
					],
					[
						33313.9534883721,
						0,
						0
					],
					[
						33052.3255813953,
						1,
						0
					],
					[
						32790.6976744186,
						1,
						0
					],
					[
						32267.4418604651,
						0,
						0
					],
					[
						32441.8604651163,
						2,
						0
					],
					[
						32616.2790697674,
						3,
						0
					]
				],
				"lengthInSteps": 16,
				"bpm": 0,
				"mustHitSection": true
			},
			{
				"sectionNotes": [
					[
						34709.3023255814,
						1,
						261.627906976744
					],
					[
						33837.2093023256,
						1,
						0
					],
					[
						33662.7906976744,
						2,
						0
					],
					[
						34186.0465116279,
						0,
						0
					],
					[
						34098.8372093023,
						1,
						0
					],
					[
						34011.6279069767,
						3,
						0
					],
					[
						34360.4651162791,
						2,
						0
					],
					[
						34534.8837209302,
						3,
						0
					]
				],
				"lengthInSteps": 16,
				"bpm": 0,
				"mustHitSection": false
			},
			{
				"sectionNotes": [
					[
						36104.6511627907,
						2,
						0
					],
					[
						35843.023255814,
						3,
						0
					],
					[
						35843.023255814,
						1,
						0
					],
					[
						35494.1860465116,
						1,
						0
					],
					[
						35406.976744186,
						3,
						0
					],
					[
						35232.5581395349,
						2,
						0
					],
					[
						35058.1395348837,
						2,
						0
					],
					[
						35581.3953488372,
						0,
						0
					]
				],
				"lengthInSteps": 16,
				"bpm": 0,
				"mustHitSection": false
			},
			{
				"sectionNotes": [
					[
						36976.7441860465,
						0,
						0
					],
					[
						37151.1627906977,
						1,
						0
					],
					[
						36976.7441860465,
						2,
						0
					],
					[
						37325.5813953488,
						3,
						0
					],
					[
						36802.3255813954,
						3,
						0
					],
					[
						36453.488372093,
						0,
						0
					],
					[
						36627.9069767442,
						1,
						0
					],
					[
						36279.0697674419,
						1,
						0
					],
					[
						37500,
						0,
						261.627906976744
					]
				],
				"lengthInSteps": 16,
				"bpm": 0,
				"mustHitSection": false
			},
			{
				"sectionNotes": [
					[
						38197.6744186046,
						2,
						784.883720930233
					],
					[
						37848.8372093023,
						1,
						0
					],
					[
						38372.0930232558,
						5,
						261.627906976744
					],
					[
						38720.9302325581,
						6,
						261.627906976744
					],
					[
						38023.2558139535,
						3,
						0
					]
				],
				"lengthInSteps": 16,
				"bpm": 0,
				"mustHitSection": false
			},
			{
				"sectionNotes": [
					[
						40116.2790697674,
						2,
						0
					],
					[
						39941.8604651163,
						1,
						0
					],
					[
						40290.6976744186,
						1,
						261.627906976744
					],
					[
						39941.8604651163,
						0,
						0
					],
					[
						39767.4418604651,
						2,
						0
					],
					[
						40116.2790697674,
						3,
						0
					],
					[
						39069.7674418605,
						3,
						0
					],
					[
						39244.1860465116,
						1,
						0
					],
					[
						39418.6046511628,
						3,
						0
					],
					[
						39593.023255814,
						0,
						0
					],
					[
						39680.2325581395,
						1,
						0
					]
				],
				"lengthInSteps": 16,
				"altAnim": false,
				"bpm": 0,
				"mustHitSection": true
			},
			{
				"sectionNotes": [
					[
						41686.0465116279,
						2,
						0
					],
					[
						41424.4186046512,
						3,
						0
					],
					[
						41424.4186046512,
						1,
						0
					],
					[
						41075.5813953488,
						1,
						0
					],
					[
						40988.3720930233,
						3,
						0
					],
					[
						40813.9534883721,
						2,
						0
					],
					[
						40639.5348837209,
						2,
						0
					],
					[
						41162.7906976744,
						0,
						0
					]
				],
				"lengthInSteps": 16,
				"altAnim": false,
				"bpm": 0,
				"mustHitSection": true
			},
			{
				"sectionNotes": [
					[
						42558.1395348837,
						0,
						0
					],
					[
						42732.5581395349,
						1,
						0
					],
					[
						42558.1395348837,
						2,
						0
					],
					[
						42906.9767441861,
						3,
						0
					],
					[
						42383.7209302326,
						3,
						0
					],
					[
						42034.8837209302,
						0,
						0
					],
					[
						42209.3023255814,
						1,
						0
					],
					[
						41860.4651162791,
						1,
						0
					],
					[
						43081.3953488372,
						0,
						261.627906976744
					]
				],
				"lengthInSteps": 16,
				"bpm": 0,
				"mustHitSection": true
			},
			{
				"sectionNotes": [
					[
						44302.3255813954,
						1,
						261.627906976744
					],
					[
						43430.2325581395,
						1,
						0
					],
					[
						43604.6511627907,
						1,
						0
					],
					[
						43779.0697674419,
						3,
						0
					],
					[
						43953.488372093,
						2,
						0
					],
					[
						44127.9069767442,
						0,
						0
					]
				],
				"lengthInSteps": 16,
				"bpm": 0,
				"mustHitSection": true
			},
			{
				"lengthInSteps": 16,
				"typeOfSection": 0,
				"sectionNotes": [
					[
						44651.1627906977,
						2,
						1308.13953488372
					]
				],
				"altAnim": false,
				"bpm": 0,
				"changeBPM": false,
				"mustHitSection": true
			},
			{
				"lengthInSteps": 16,
				"typeOfSection": 0,
				"sectionNotes": [],
				"altAnim": false,
				"bpm": 0,
				"changeBPM": false,
				"mustHitSection": true
			},
			{
				"sectionNotes": [],
				"typeOfSection": 0,
				"lengthInSteps": 16,
				"altAnim": false,
				"mustHitSection": false,
				"changeBPM": false,
				"bpm": 0
			},
			{
				"sectionNotes": [],
				"typeOfSection": 0,
				"lengthInSteps": 16,
				"altAnim": false,
				"mustHitSection": true,
				"changeBPM": false,
				"bpm": 0
			},
			{
				"sectionNotes": [
					[
						51279.0697674419,
						0,
						0
					],
					[
						51104.6511627907,
						3,
						0
					],
					[
						50232.5581395349,
						0,
						0
					],
					[
						50406.9767441861,
						1,
						0
					],
					[
						50581.3953488372,
						2,
						0
					],
					[
						50755.8139534884,
						1,
						0
					],
					[
						51453.488372093,
						2,
						436.046511627907
					]
				],
				"typeOfSection": 0,
				"lengthInSteps": 16,
				"altAnim": false,
				"mustHitSection": false,
				"changeBPM": false,
				"bpm": 0
			},
			{
				"sectionNotes": [
					[
						52500,
						7,
						0
					],
					[
						52674.4186046512,
						4,
						0
					],
					[
						52848.8372093023,
						5,
						0
					]
				],
				"typeOfSection": 0,
				"lengthInSteps": 16,
				"altAnim": false,
				"mustHitSection": false,
				"changeBPM": false,
				"bpm": 0
			},
			{
				"lengthInSteps": 16,
				"typeOfSection": 0,
				"sectionNotes": [
					[
						53546.511627907,
						0,
						0
					],
					[
						53372.0930232558,
						1,
						0
					],
					[
						54113.3720930233,
						1,
						0
					],
					[
						53023.2558139535,
						2,
						261.627906976744
					],
					[
						53895.3488372093,
						3,
						0
					],
					[
						54069.7674418605,
						0,
						0
					],
					[
						54244.1860465117,
						2,
						784.883720930233
					]
				],
				"altAnim": false,
				"bpm": 0,
				"changeBPM": false,
				"mustHitSection": true
			},
			{
				"lengthInSteps": 16,
				"typeOfSection": 0,
				"sectionNotes": [],
				"altAnim": false,
				"bpm": 0,
				"changeBPM": false,
				"mustHitSection": true
			},
			{
				"lengthInSteps": 16,
				"typeOfSection": 0,
				"sectionNotes": [
					[
						56424.4186046512,
						1,
						0
					],
					[
						56511.6279069768,
						0,
						0
					],
					[
						56337.2093023256,
						3,
						0
					],
					[
						56686.0465116279,
						0,
						0
					],
					[
						56860.4651162791,
						2,
						0
					],
					[
						57034.8837209303,
						3,
						261.627906976744
					]
				],
				"altAnim": false,
				"bpm": 0,
				"changeBPM": false,
				"mustHitSection": false
			},
			{
				"lengthInSteps": 16,
				"typeOfSection": 0,
				"sectionNotes": [
					[
						58430.2325581396,
						2,
						0
					],
					[
						58255.8139534884,
						0,
						0
					],
					[
						57732.5581395349,
						1,
						261.627906976744
					],
					[
						57383.7209302326,
						2,
						261.627906976744
					],
					[
						58081.3953488372,
						3,
						0
					]
				],
				"altAnim": false,
				"bpm": 0,
				"changeBPM": false,
				"mustHitSection": false
			},
			{
				"lengthInSteps": 16,
				"typeOfSection": 0,
				"sectionNotes": [
					[
						58604.6511627907,
						1,
						0
					],
					[
						59302.3255813954,
						3,
						0
					],
					[
						59127.9069767442,
						2,
						0
					],
					[
						58779.0697674419,
						0,
						0
					],
					[
						59651.1627906977,
						0,
						0
					],
					[
						59825.5813953489,
						2,
						0
					]
				],
				"altAnim": false,
				"bpm": 0,
				"changeBPM": false,
				"mustHitSection": false
			},
			{
				"lengthInSteps": 16,
				"typeOfSection": 0,
				"sectionNotes": [
					[
						61046.511627907,
						2,
						261.627906976744
					],
					[
						60697.6744186047,
						1,
						0
					],
					[
						60610.4651162791,
						0,
						0
					],
					[
						60523.2558139535,
						2,
						0
					],
					[
						60348.8372093024,
						3,
						0
					],
					[
						60174.4186046512,
						1,
						0
					],
					[
						60872.0930232559,
						3,
						0
					]
				],
				"altAnim": false,
				"bpm": 0,
				"changeBPM": false,
				"mustHitSection": false
			},
			{
				"lengthInSteps": 16,
				"typeOfSection": 0,
				"sectionNotes": [
					[
						62441.8604651163,
						0,
						0
					],
					[
						62267.4418604652,
						0,
						0
					],
					[
						62093.023255814,
						1,
						0
					],
					[
						61744.1860465117,
						2,
						261.627906976744
					],
					[
						62616.2790697675,
						3,
						261.627906976744
					],
					[
						61569.7674418605,
						1,
						0
					],
					[
						61656.9767441861,
						3,
						0
					]
				],
				"altAnim": false,
				"bpm": 0,
				"changeBPM": false,
				"mustHitSection": true
			},
			{
				"sectionNotes": [
					[
						63837.2093023256,
						0,
						0
					],
					[
						63313.9534883721,
						1,
						261.627906976744
					],
					[
						63662.7906976745,
						3,
						0
					],
					[
						64011.6279069768,
						2,
						0
					],
					[
						62965.1162790698,
						1,
						0
					],
					[
						63139.534883721,
						2,
						0
					]
				],
				"typeOfSection": 0,
				"lengthInSteps": 16,
				"altAnim": false,
				"mustHitSection": true,
				"changeBPM": false,
				"bpm": 0
			},
			{
				"sectionNotes": [
					[
						64883.7209302326,
						3,
						0
					],
					[
						64709.3023255814,
						2,
						0
					],
					[
						64360.4651162791,
						0,
						0
					],
					[
						64186.046511628,
						1,
						0
					],
					[
						65232.5581395349,
						0,
						0
					],
					[
						65406.9767441861,
						2,
						0
					]
				],
				"typeOfSection": 0,
				"lengthInSteps": 16,
				"altAnim": false,
				"mustHitSection": true,
				"changeBPM": false,
				"bpm": 0
			},
			{
				"lengthInSteps": 16,
				"typeOfSection": 0,
				"sectionNotes": [
					[
						66627.9069767442,
						1,
						261.627906976744
					],
					[
						66279.0697674419,
						1,
						0
					],
					[
						66191.8604651163,
						0,
						0
					],
					[
						66104.6511627907,
						2,
						0
					],
					[
						65930.2325581396,
						3,
						0
					],
					[
						65755.8139534884,
						1,
						0
					],
					[
						66453.4883720931,
						3,
						0
					]
				],
				"altAnim": false,
				"bpm": 0,
				"changeBPM": false,
				"mustHitSection": true
			},
			{
				"sectionNotes": [
					[
						68197.6744186047,
						2,
						0
					],
					[
						68023.2558139535,
						0,
						0
					],
					[
						67674.4186046512,
						1,
						0
					],
					[
						68284.8837209303,
						1,
						0
					],
					[
						67848.8372093024,
						3,
						0
					],
					[
						67325.5813953489,
						2,
						0
					],
					[
						67500,
						0,
						0
					],
					[
						67151.1627906977,
						3,
						0
					]
				],
				"typeOfSection": 0,
				"lengthInSteps": 16,
				"altAnim": false,
				"mustHitSection": false,
				"changeBPM": false,
				"bpm": 0
			},
			{
				"lengthInSteps": 16,
				"typeOfSection": 0,
				"sectionNotes": [
					[
						69680.2325581395,
						0,
						0
					],
					[
						69593.023255814,
						1,
						0
					],
					[
						69505.8139534884,
						2,
						0
					],
					[
						69418.6046511628,
						3,
						0
					],
					[
						69331.3953488372,
						2,
						0
					],
					[
						69244.1860465116,
						1,
						0
					],
					[
						68372.0930232558,
						0,
						0
					],
					[
						68895.3488372093,
						2,
						261.627906976744
					],
					[
						68546.511627907,
						3,
						0
					],
					[
						68720.9302325582,
						1,
						0
					]
				],
				"altAnim": false,
				"bpm": 0,
				"changeBPM": false,
				"mustHitSection": false
			},
			{
				"lengthInSteps": 16,
				"typeOfSection": 0,
				"sectionNotes": [
					[
						70639.534883721,
						1,
						0
					],
					[
						70290.6976744186,
						3,
						0
					],
					[
						70813.9534883721,
						3,
						0
					],
					[
						69941.8604651163,
						2,
						0
					],
					[
						70988.3720930233,
						2,
						261.627906976744
					],
					[
						70116.2790697674,
						0,
						0
					],
					[
						69767.4418604651,
						1,
						0
					]
				],
				"altAnim": false,
				"bpm": 0,
				"changeBPM": false,
				"mustHitSection": false
			},
			{
				"lengthInSteps": 16,
				"typeOfSection": 0,
				"sectionNotes": [
					[
						72209.3023255814,
						2,
						0
					],
					[
						71860.4651162791,
						1,
						0
					],
					[
						72034.8837209303,
						3,
						0
					],
					[
						72383.7209302326,
						3,
						0
					],
					[
						71337.2093023256,
						0,
						436.046511627907
					]
				],
				"altAnim": false,
				"bpm": 0,
				"changeBPM": false,
				"mustHitSection": false
			},
			{
				"lengthInSteps": 16,
				"typeOfSection": 0,
				"sectionNotes": [
					[
						73866.2790697675,
						1,
						0
					],
					[
						73779.0697674419,
						0,
						0
					],
					[
						73168.6046511628,
						2,
						0
					],
					[
						73604.6511627907,
						1,
						0
					],
					[
						73604.6511627907,
						2,
						0
					],
					[
						73430.2325581396,
						0,
						0
					],
					[
						73255.8139534884,
						1,
						0
					],
					[
						73081.3953488372,
						3,
						0
					],
					[
						72906.9767441861,
						1,
						0
					],
					[
						72732.5581395349,
						0,
						0
					],
					[
						72558.1395348838,
						2,
						0
					],
					[
						73430.2325581396,
						3,
						0
					],
					[
						72732.5581395349,
						3,
						0
					],
					[
						72558.1395348837,
						1,
						0
					]
				],
				"altAnim": false,
				"bpm": 0,
				"changeBPM": false,
				"mustHitSection": false
			},
			{
				"lengthInSteps": 16,
				"typeOfSection": 0,
				"sectionNotes": [
					[
						74302.3255813954,
						1,
						0
					],
					[
						73953.4883720931,
						3,
						0
					],
					[
						74127.9069767442,
						2,
						0
					],
					[
						74476.7441860465,
						2,
						261.627906976744
					],
					[
						75174.4186046512,
						2,
						0
					],
					[
						75000,
						3,
						0
					],
					[
						74825.5813953489,
						1,
						0
					]
				],
				"altAnim": false,
				"bpm": 0,
				"changeBPM": false,
				"mustHitSection": false
			},
			{
				"lengthInSteps": 16,
				"typeOfSection": 0,
				"sectionNotes": [
					[
						76220.9302325582,
						1,
						0
					],
					[
						75697.6744186047,
						3,
						0
					],
					[
						75872.0930232558,
						2,
						261.627906976744
					],
					[
						76220.9302325582,
						3,
						0
					],
					[
						76395.3488372093,
						2,
						0
					],
					[
						76569.7674418605,
						1,
						0
					],
					[
						75348.8372093024,
						0,
						0
					],
					[
						75523.2558139535,
						1,
						0
					]
				],
				"altAnim": false,
				"bpm": 0,
				"changeBPM": false,
				"mustHitSection": false
			},
			{
				"lengthInSteps": 16,
				"typeOfSection": 0,
				"sectionNotes": [
					[
						77790.6976744186,
						3,
						0
					],
					[
						77790.6976744186,
						4,
						0
					],
					[
						77616.2790697675,
						5,
						0
					],
					[
						77441.8604651163,
						6,
						0
					],
					[
						77093.023255814,
						6,
						0
					],
					[
						76918.6046511628,
						5,
						0
					],
					[
						77616.2790697674,
						2,
						0
					],
					[
						77616.2790697674,
						0,
						0
					],
					[
						77965.1162790697,
						1,
						0
					],
					[
						77441.8604651163,
						1,
						0
					],
					[
						77267.4418604651,
						7,
						0
					],
					[
						77267.4418604651,
						3,
						0
					],
					[
						77093.0232558139,
						1,
						0
					],
					[
						76744.1860465116,
						0,
						0
					],
					[
						76918.6046511628,
						2,
						0
					],
					[
						77965.1162790698,
						5,
						0
					]
				],
				"altAnim": false,
				"bpm": 0,
				"changeBPM": false,
				"mustHitSection": false
			},
			{
				"lengthInSteps": 16,
				"typeOfSection": 0,
				"sectionNotes": [
					[
						79360.4651162791,
						2,
						0
					],
					[
						79186.0465116279,
						0,
						0
					],
					[
						78837.2093023256,
						1,
						0
					],
					[
						79447.6744186047,
						1,
						0
					],
					[
						79011.6279069768,
						3,
						0
					],
					[
						78488.3720930233,
						2,
						0
					],
					[
						78139.5348837209,
						2,
						0
					],
					[
						78662.7906976744,
						0,
						0
					],
					[
						78313.9534883721,
						3,
						0
					]
				],
				"altAnim": false,
				"bpm": 0,
				"changeBPM": false,
				"mustHitSection": true
			},
			{
				"lengthInSteps": 16,
				"typeOfSection": 0,
				"sectionNotes": [
					[
						80843.023255814,
						0,
						0
					],
					[
						80755.8139534884,
						1,
						0
					],
					[
						80668.6046511628,
						2,
						0
					],
					[
						80581.3953488372,
						3,
						0
					],
					[
						80494.1860465116,
						2,
						0
					],
					[
						80406.9767441861,
						1,
						0
					],
					[
						79534.8837209302,
						0,
						0
					],
					[
						80058.1395348837,
						2,
						261.627906976744
					],
					[
						79709.3023255814,
						3,
						0
					],
					[
						79883.7209302326,
						1,
						0
					]
				],
				"altAnim": false,
				"bpm": 0,
				"changeBPM": false,
				"mustHitSection": true
			},
			{
				"lengthInSteps": 16,
				"typeOfSection": 0,
				"sectionNotes": [
					[
						81453.488372093,
						3,
						0
					],
					[
						81802.3255813954,
						1,
						0
					],
					[
						81279.0697674419,
						0,
						0
					],
					[
						81104.6511627907,
						2,
						0
					],
					[
						81976.7441860465,
						3,
						0
					],
					[
						82151.1627906977,
						2,
						261.627906976744
					],
					[
						80930.2325581395,
						1,
						0
					]
				],
				"altAnim": false,
				"bpm": 0,
				"changeBPM": false,
				"mustHitSection": true
			},
			{
				"lengthInSteps": 16,
				"typeOfSection": 0,
				"sectionNotes": [
					[
						83372.0930232558,
						2,
						0
					],
					[
						83023.2558139535,
						1,
						0
					],
					[
						83197.6744186047,
						3,
						0
					],
					[
						83546.511627907,
						3,
						0
					],
					[
						82500,
						0,
						436.046511627907
					]
				],
				"altAnim": false,
				"bpm": 0,
				"changeBPM": false,
				"mustHitSection": true
			},
			{
				"sectionNotes": [
					[
						84767.4418604651,
						6,
						0
					],
					[
						84593.023255814,
						4,
						0
					],
					[
						84331.3953488372,
						0,
						0
					],
					[
						84069.7674418605,
						1,
						0
					],
					[
						83895.3488372093,
						0,
						0
					],
					[
						83720.9302325581,
						2,
						0
					],
					[
						84244.1860465116,
						3,
						0
					],
					[
						85029.0697674419,
						4,
						0
					],
					[
						84941.8604651163,
						7,
						0
					],
					[
						84767.4418604651,
						5,
						0
					],
					[
						84593.023255814,
						7,
						0
					],
					[
						84418.6046511628,
						5,
						0
					],
					[
						83895.3488372093,
						3,
						0
					],
					[
						83720.9302325581,
						1,
						0
					]
				],
				"typeOfSection": 0,
				"lengthInSteps": 16,
				"altAnim": false,
				"mustHitSection": true,
				"changeBPM": false,
				"bpm": 0
			},
			{
				"sectionNotes": [
					[
						85465.1162790698,
						3,
						0
					],
					[
						85290.6976744186,
						2,
						0
					],
					[
						85116.2790697674,
						1,
						0
					],
					[
						85639.5348837209,
						2,
						261.627906976744
					],
					[
						86337.2093023256,
						2,
						0
					],
					[
						86162.7906976744,
						3,
						0
					],
					[
						85988.3720930233,
						1,
						0
					],
					[
						85988.3720930233,
						5,
						0
					],
					[
						86162.7906976744,
						7,
						0
					],
					[
						86337.2093023256,
						6,
						0
					]
				],
				"typeOfSection": 0,
				"lengthInSteps": 16,
				"altAnim": false,
				"mustHitSection": true,
				"changeBPM": false,
				"bpm": 0
			},
			{
				"lengthInSteps": 16,
				"typeOfSection": 0,
				"sectionNotes": [
					[
						87383.7209302326,
						1,
						0
					],
					[
						87383.7209302326,
						5,
						0
					],
					[
						87383.7209302326,
						7,
						0
					],
					[
						86860.4651162791,
						3,
						0
					],
					[
						87034.8837209302,
						2,
						261.627906976744
					],
					[
						87383.7209302326,
						3,
						0
					],
					[
						87558.1395348837,
						2,
						0
					],
					[
						87732.5581395349,
						1,
						0
					],
					[
						86511.6279069768,
						0,
						0
					],
					[
						86686.0465116279,
						1,
						0
					],
					[
						86511.6279069767,
						4,
						0
					],
					[
						86686.0465116279,
						5,
						0
					],
					[
						86860.4651162791,
						7,
						0
					],
					[
						87034.8837209302,
						6,
						261.627906976744
					],
					[
						87558.1395348837,
						6,
						0
					],
					[
						87732.5581395349,
						5,
						0
					]
				],
				"altAnim": false,
				"bpm": 0,
				"changeBPM": false,
				"mustHitSection": false
			},
			{
				"lengthInSteps": 16,
				"typeOfSection": 0,
				"sectionNotes": [
					[
						88866.2790697674,
						5,
						0
					],
					[
						88779.0697674418,
						4,
						0
					],
					[
						89127.9069767442,
						1,
						0
					],
					[
						88604.6511627907,
						1,
						0
					],
					[
						89040.6976744186,
						7,
						0
					],
					[
						88604.6511627907,
						5,
						0
					],
					[
						88430.2325581395,
						7,
						0
					],
					[
						88430.2325581395,
						3,
						0
					],
					[
						87906.976744186,
						0,
						0
					],
					[
						88081.3953488372,
						2,
						0
					],
					[
						87906.976744186,
						4,
						0
					],
					[
						88081.3953488372,
						6,
						0
					],
					[
						89127.9069767442,
						5,
						0
					],
					[
						88779.0697674418,
						0,
						0
					],
					[
						88953.488372093,
						3,
						0
					]
				],
				"altAnim": false,
				"bpm": 0,
				"changeBPM": false,
				"mustHitSection": true
			},
			{
				"lengthInSteps": 16,
				"typeOfSection": 0,
				"sectionNotes": [
					[
						90610.465116279,
						2,
						0
					],
					[
						90523.2558139534,
						1,
						0
					],
					[
						89651.1627906976,
						3,
						0
					],
					[
						89476.7441860466,
						2,
						0
					],
					[
						89999.9999999996,
						2,
						0
					],
					[
						90348.8372093026,
						3,
						0
					],
					[
						89825.5813953486,
						1,
						0
					],
					[
						90174.4186046516,
						0,
						0
					]
				],
				"altAnim": false,
				"bpm": 0,
				"changeBPM": false,
				"mustHitSection": false
			},
			{
				"lengthInSteps": 16,
				"typeOfSection": 0,
				"sectionNotes": [
					[
						90697.6744186046,
						3,
						0
					],
					[
						91220.9302325581,
						2,
						0
					],
					[
						91220.9302325581,
						3,
						0
					],
					[
						90872.0930232558,
						1,
						0
					],
					[
						90872.0930232558,
						0,
						0
					],
					[
						91569.7674418606,
						2,
						0
					],
					[
						91656.9767441856,
						3,
						0
					],
					[
						91744.1860465116,
						2,
						0
					],
					[
						91831.3953488376,
						1,
						0
					],
					[
						91918.6046511626,
						0,
						0
					],
					[
						92005.8139534886,
						1,
						0
					]
				],
				"altAnim": false,
				"bpm": 0,
				"changeBPM": false,
				"mustHitSection": false
			},
			{
				"lengthInSteps": 16,
				"typeOfSection": 0,
				"sectionNotes": [
					[
						93139.5348837209,
						0,
						0
					],
					[
						92790.6976744185,
						0,
						0
					],
					[
						92965.1162790696,
						3,
						0
					],
					[
						93313.9534883726,
						2,
						0
					],
					[
						92093.0232558136,
						2,
						0
					],
					[
						92267.4418604656,
						1,
						0
					],
					[
						92441.8604651166,
						1,
						0
					],
					[
						92616.2790697676,
						3,
						0
					],
					[
						92703.4883720926,
						2,
						0
					],
					[
						92790.6976744186,
						1,
						0
					]
				],
				"altAnim": false,
				"bpm": 0,
				"changeBPM": false,
				"mustHitSection": false
			},
			{
				"sectionNotes": [
					[
						94534.8837209302,
						0,
						0
					],
					[
						94360.465116279,
						1,
						0
					],
					[
						93488.3720930232,
						1,
						0
					],
					[
						93837.2093023255,
						2,
						0
					],
					[
						94011.6279069767,
						0,
						0
					],
					[
						94186.0465116279,
						3,
						0
					],
					[
						94186.0465116276,
						2,
						0
					],
					[
						94098.8372093026,
						1,
						0
					],
					[
						93662.7906976746,
						3,
						0
					],
					[
						94709.3023255816,
						2,
						0
					]
				],
				"typeOfSection": 0,
				"lengthInSteps": 16,
				"altAnim": false,
				"mustHitSection": false,
				"changeBPM": false,
				"bpm": 0
			},
			{
				"sectionNotes": [
					[
						96191.8604651162,
						2,
						0
					],
					[
						96104.6511627906,
						3,
						0
					],
					[
						96017.441860465,
						0,
						0
					],
					[
						95843.0232558139,
						1,
						0
					],
					[
						95581.3953488371,
						1,
						0
					],
					[
						95406.976744186,
						2,
						0
					],
					[
						95319.7674418604,
						0,
						0
					],
					[
						95755.8139534883,
						3,
						0
					],
					[
						95058.1395348836,
						3,
						0
					],
					[
						95145.3488372096,
						1,
						0
					],
					[
						94883.7209302326,
						1,
						0
					]
				],
				"typeOfSection": 0,
				"lengthInSteps": 16,
				"altAnim": false,
				"mustHitSection": false,
				"changeBPM": false,
				"bpm": 0
			},
			{
				"sectionNotes": [
					[
						97325.5813953488,
						2,
						0
					],
					[
						97151.1627906976,
						1,
						0
					],
					[
						96802.3255813953,
						2,
						0
					],
					[
						96627.9069767441,
						0,
						0
					],
					[
						96540.6976744185,
						3,
						0
					],
					[
						96453.488372093,
						2,
						0
					],
					[
						96279.0697674418,
						1,
						0
					],
					[
						97499.9999999996,
						1,
						0
					],
					[
						96976.7441860466,
						3,
						0
					],
					[
						97063.9534883716,
						2,
						0
					],
					[
						97238.3720930236,
						0,
						0
					],
					[
						96889.5348837206,
						1,
						0
					]
				],
				"typeOfSection": 0,
				"lengthInSteps": 16,
				"altAnim": false,
				"mustHitSection": false,
				"changeBPM": false,
				"bpm": 0
			},
			{
				"lengthInSteps": 16,
				"typeOfSection": 0,
				"sectionNotes": [
					[
						98720.9302325581,
						2,
						0
					],
					[
						98546.5116279069,
						1,
						0
					],
					[
						98023.2558139536,
						2,
						0
					],
					[
						98372.0930232556,
						2,
						0
					],
					[
						97848.8372093026,
						1,
						0
					],
					[
						97936.0465116276,
						3,
						0
					],
					[
						98197.6744186046,
						1,
						0
					],
					[
						98284.8837209306,
						3,
						0
					],
					[
						98546.5116279066,
						0,
						0
					],
					[
						98720.9302325586,
						3,
						0
					],
					[
						98895.3488372096,
						1,
						0
					]
				],
				"altAnim": false,
				"bpm": 0,
				"changeBPM": false,
				"mustHitSection": false
			},
			{
				"lengthInSteps": 16,
				"typeOfSection": 0,
				"sectionNotes": [
					[
						100116.279069767,
						5,
						0
					],
					[
						100290.697674419,
						6,
						0
					],
					[
						100029.069767442,
						7,
						0
					],
					[
						99941.8604651162,
						6,
						0
					],
					[
						99854.6511627906,
						5,
						0
					],
					[
						99767.441860465,
						4,
						0
					],
					[
						99680.2325581395,
						6,
						0
					],
					[
						99593.0232558139,
						5,
						0
					],
					[
						99331.3953488371,
						4,
						0
					],
					[
						99244.1860465115,
						5,
						0
					],
					[
						99069.7674418606,
						6,
						0
					],
					[
						99418.6046511626,
						7,
						0
					]
				],
				"milfZoom": false,
				"altAnim": false,
				"bpm": 0,
				"changeBPM": false,
				"mustHitSection": true
			},
			{
				"sectionNotes": [
					[
						101773.255813953,
						2,
						0
					],
					[
						101686.046511628,
						1,
						0
					],
					[
						100813.953488372,
						3,
						0
					],
					[
						100639.534883721,
						2,
						0
					],
					[
						101162.790697674,
						2,
						0
					],
					[
						101511.627906977,
						3,
						0
					],
					[
						100988.372093023,
						1,
						0
					],
					[
						101337.209302326,
						0,
						0
					]
				],
				"typeOfSection": 0,
				"lengthInSteps": 16,
				"altAnim": false,
				"mustHitSection": true,
				"changeBPM": false,
				"bpm": 0
			},
			{
				"sectionNotes": [
					[
						102383.720930232,
						2,
						0
					],
					[
						102034.88372093,
						1,
						0
					],
					[
						101860.465116279,
						3,
						0
					],
					[
						102383.720930232,
						3,
						0
					],
					[
						102034.88372093,
						0,
						0
					],
					[
						102732.558139535,
						2,
						0
					],
					[
						102819.76744186,
						3,
						0
					],
					[
						102906.976744186,
						2,
						0
					],
					[
						102994.186046512,
						1,
						0
					],
					[
						103081.395348837,
						0,
						0
					],
					[
						103168.604651163,
						1,
						0
					]
				],
				"typeOfSection": 0,
				"lengthInSteps": 16,
				"altAnim": false,
				"mustHitSection": true,
				"changeBPM": false,
				"bpm": 0
			},
			{
				"sectionNotes": [
					[
						104302.325581395,
						0,
						0
					],
					[
						103953.488372093,
						0,
						0
					],
					[
						104127.906976744,
						3,
						0
					],
					[
						104476.744186047,
						2,
						0
					],
					[
						103255.813953488,
						2,
						0
					],
					[
						103430.23255814,
						1,
						0
					],
					[
						103604.651162791,
						1,
						0
					],
					[
						103779.069767442,
						3,
						0
					],
					[
						103866.279069767,
						2,
						0
					],
					[
						103953.488372093,
						1,
						0
					]
				],
				"typeOfSection": 0,
				"lengthInSteps": 16,
				"altAnim": false,
				"mustHitSection": true,
				"changeBPM": false,
				"bpm": 0
			},
			{
				"sectionNotes": [
					[
						104651.162790698,
						1,
						0
					],
					[
						105697.674418605,
						0,
						0
					],
					[
						105523.255813953,
						1,
						0
					],
					[
						105000,
						2,
						0
					],
					[
						105174.418604651,
						0,
						0
					],
					[
						105348.837209302,
						3,
						0
					],
					[
						105348.837209302,
						2,
						0
					],
					[
						105261.627906977,
						1,
						0
					],
					[
						104825.581395349,
						3,
						0
					],
					[
						105872.093023256,
						2,
						0
					]
				],
				"typeOfSection": 0,
				"lengthInSteps": 16,
				"altAnim": false,
				"mustHitSection": true,
				"changeBPM": false,
				"bpm": 0
			},
			{
				"sectionNotes": [
					[
						107354.651162791,
						2,
						0
					],
					[
						107267.441860465,
						3,
						0
					],
					[
						107180.232558139,
						0,
						0
					],
					[
						107005.813953488,
						1,
						0
					],
					[
						106744.186046512,
						1,
						0
					],
					[
						106569.76744186,
						2,
						0
					],
					[
						106482.558139535,
						0,
						0
					],
					[
						106918.604651163,
						3,
						0
					],
					[
						106220.930232558,
						3,
						0
					],
					[
						106308.139534884,
						1,
						0
					],
					[
						106046.511627907,
						1,
						0
					]
				],
				"typeOfSection": 0,
				"lengthInSteps": 16,
				"altAnim": false,
				"mustHitSection": true,
				"changeBPM": false,
				"bpm": 0
			},
			{
				"sectionNotes": [
					[
						108662.790697674,
						5,
						0
					],
					[
						108488.372093023,
						6,
						0
					],
					[
						108488.372093023,
						2,
						0
					],
					[
						108313.953488372,
						1,
						0
					],
					[
						107965.11627907,
						2,
						0
					],
					[
						107790.697674419,
						0,
						0
					],
					[
						107703.488372093,
						3,
						0
					],
					[
						107616.279069767,
						2,
						0
					],
					[
						107441.860465116,
						1,
						0
					],
					[
						108662.790697674,
						1,
						0
					],
					[
						108139.534883721,
						3,
						0
					],
					[
						108226.744186046,
						2,
						0
					],
					[
						108401.162790698,
						0,
						0
					],
					[
						108052.325581395,
						1,
						0
					],
					[
						108139.534883721,
						7,
						0
					],
					[
						108226.744186046,
						6,
						0
					],
					[
						108313.953488372,
						5,
						0
					],
					[
						108401.162790698,
						4,
						0
					]
				],
				"typeOfSection": 0,
				"lengthInSteps": 16,
				"altAnim": false,
				"mustHitSection": true,
				"changeBPM": false,
				"bpm": 0
			},
			{
				"sectionNotes": [
					[
						109883.720930232,
						2,
						0
					],
					[
						109709.302325581,
						1,
						0
					],
					[
						109883.720930232,
						6,
						0
					],
					[
						109709.302325581,
						5,
						0
					],
					[
						110058.139534884,
						5,
						0
					],
					[
						109883.720930232,
						7,
						0
					],
					[
						109011.627906977,
						5,
						0
					],
					[
						109186.046511628,
						2,
						0
					],
					[
						109534.88372093,
						2,
						0
					],
					[
						109011.627906977,
						1,
						0
					],
					[
						109098.837209302,
						3,
						0
					],
					[
						109360.465116279,
						1,
						0
					],
					[
						109447.674418605,
						3,
						0
					],
					[
						109709.302325581,
						0,
						0
					],
					[
						109883.720930233,
						3,
						0
					],
					[
						110058.139534884,
						1,
						0
					],
					[
						109098.837209302,
						7,
						0
					],
					[
						109186.046511628,
						6,
						0
					],
					[
						109360.465116279,
						5,
						0
					],
					[
						109447.674418605,
						7,
						0
					],
					[
						109534.88372093,
						6,
						0
					],
					[
						109709.302325581,
						4,
						0
					]
				],
				"typeOfSection": 0,
				"lengthInSteps": 16,
				"altAnim": false,
				"mustHitSection": false,
				"changeBPM": false,
				"bpm": 0
			},
			{
				"sectionNotes": [
					[
						111279.069767442,
						5,
						0
					],
					[
						111279.069767442,
						1,
						0
					],
					[
						111453.488372093,
						6,
						0
					],
					[
						111191.860465116,
						7,
						0
					],
					[
						111104.651162791,
						6,
						0
					],
					[
						111017.441860465,
						5,
						0
					],
					[
						110930.232558139,
						4,
						0
					],
					[
						110843.023255814,
						6,
						0
					],
					[
						110755.813953488,
						5,
						0
					],
					[
						110494.186046512,
						4,
						0
					],
					[
						110406.976744186,
						5,
						0
					],
					[
						110843.023255814,
						2,
						0
					],
					[
						110755.813953488,
						1,
						0
					],
					[
						110581.395348837,
						3,
						0
					],
					[
						110232.558139535,
						2,
						0
					],
					[
						110930.232558139,
						0,
						0
					],
					[
						111017.441860465,
						1,
						0
					],
					[
						111104.651162791,
						2,
						0
					],
					[
						111191.860465116,
						3,
						0
					],
					[
						111453.488372093,
						2,
						0
					],
					[
						110494.186046512,
						0,
						0
					],
					[
						110406.976744186,
						1,
						0
					],
					[
						110232.558139535,
						6,
						0
					],
					[
						110581.395348837,
						7,
						0
					]
				],
				"typeOfSection": 0,
				"lengthInSteps": 16,
				"altAnim": false,
				"mustHitSection": true,
				"changeBPM": false,
				"bpm": 0
			},
			{
				"lengthInSteps": 16,
				"typeOfSection": 0,
				"sectionNotes": [
					[
						112500,
						2,
						0
					],
					[
						112674.418604651,
						3,
						0
					],
					[
						112848.837209302,
						2,
						0
					]
				],
				"altAnim": false,
				"bpm": 0,
				"changeBPM": false,
				"mustHitSection": false
			},
			{
				"sectionNotes": [
					[
						114244.186046512,
						3,
						261.627906976744
					],
					[
						113023.255813953,
						1,
						0
					],
					[
						113284.88372093,
						0,
						0
					],
					[
						113720.930232558,
						6,
						610.46511627907
					],
					[
						113546.511627907,
						2,
						261.627906976744
					],
					[
						113895.348837209,
						0,
						0
					],
					[
						114069.76744186,
						1,
						0
					]
				],
				"typeOfSection": 0,
				"lengthInSteps": 16,
				"altAnim": false,
				"mustHitSection": false,
				"changeBPM": false,
				"bpm": 0
			},
			{
				"lengthInSteps": 16,
				"typeOfSection": 0,
				"sectionNotes": [
					[
						115290.697674419,
						3,
						0
					],
					[
						115465.11627907,
						0,
						0
					],
					[
						115290.697674419,
						6,
						0
					],
					[
						115465.11627907,
						6,
						0
					],
					[
						114767.441860465,
						2,
						436.046511627907
					],
					[
						114418.604651163,
						4,
						784.883720930233
					]
				],
				"altAnim": false,
				"bpm": 0,
				"changeBPM": false,
				"mustHitSection": false
			},
			{
				"lengthInSteps": 16,
				"typeOfSection": 0,
				"sectionNotes": [
					[
						116686.046511628,
						0,
						0
					],
					[
						116337.209302325,
						1,
						0
					],
					[
						116686.046511628,
						4,
						0
					],
					[
						116337.209302325,
						5,
						0
					],
					[
						115813.953488372,
						2,
						0
					],
					[
						115988.372093023,
						3,
						0
					],
					[
						117034.88372093,
						2,
						784.883720930233
					],
					[
						115813.953488372,
						7,
						0
					],
					[
						115988.372093023,
						6,
						0
					],
					[
						117034.88372093,
						6,
						784.883720930233
					]
				],
				"altAnim": false,
				"bpm": 0,
				"changeBPM": false,
				"mustHitSection": false
			},
			{
				"lengthInSteps": 16,
				"typeOfSection": 0,
				"sectionNotes": [
					[
						118081.395348837,
						2,
						0
					],
					[
						118255.813953488,
						3,
						0
					],
					[
						118430.232558139,
						2,
						0
					]
				],
				"altAnim": false,
				"bpm": 0,
				"changeBPM": false,
				"mustHitSection": true
			},
			{
				"sectionNotes": [
					[
						119476.744186046,
						0,
						0
					],
					[
						119825.581395349,
						3,
						261.627906976744
					],
					[
						118604.65116279,
						1,
						0
					],
					[
						118866.279069767,
						0,
						0
					],
					[
						119651.162790697,
						1,
						0
					],
					[
						119302.325581395,
						6,
						610.46511627907
					],
					[
						119127.906976744,
						2,
						261.627906976744
					]
				],
				"typeOfSection": 0,
				"lengthInSteps": 16,
				"altAnim": false,
				"mustHitSection": true,
				"changeBPM": false,
				"bpm": 0
			},
			{
				"lengthInSteps": 16,
				"typeOfSection": 0,
				"sectionNotes": [
					[
						120000,
						5,
						610.46511627907
					],
					[
						120872.093023256,
						3,
						0
					],
					[
						121220.930232558,
						3,
						0
					],
					[
						121046.511627907,
						0,
						0
					],
					[
						120872.093023256,
						6,
						0
					],
					[
						121046.511627907,
						6,
						0
					],
					[
						121220.930232558,
						4,
						0
					],
					[
						120348.837209302,
						2,
						436.046511627907
					]
				],
				"altAnim": false,
				"bpm": 0,
				"changeBPM": false,
				"mustHitSection": true
			},
			{
				"lengthInSteps": 16,
				"typeOfSection": 0,
				"sectionNotes": [
					[
						121918.604651163,
						2,
						0
					],
					[
						121744.186046512,
						3,
						0
					],
					[
						121569.76744186,
						2,
						0
					],
					[
						122441.860465116,
						2,
						261.627906976744
					],
					[
						122093.023255814,
						1,
						261.627906976744
					],
					[
						121569.76744186,
						7,
						0
					],
					[
						121918.604651163,
						4,
						0
					],
					[
						122093.023255814,
						5,
						261.627906976744
					],
					[
						121395.348837209,
						6,
						0
					],
					[
						121395.348837209,
						1,
						0
					],
					[
						122441.860465116,
						7,
						261.627906976744
					]
				],
				"altAnim": false,
				"bpm": 0,
				"changeBPM": false,
				"mustHitSection": true
			},
			{
				"lengthInSteps": 16,
				"typeOfSection": 0,
				"sectionNotes": [
					[
						123662.790697674,
						5,
						0
					],
					[
						123488.372093023,
						4,
						0
					],
					[
						122790.697674418,
						4,
						261.627906976744
					],
					[
						123139.534883721,
						6,
						261.627906976744
					],
					[
						122790.697674418,
						2,
						959.302325581395
					],
					[
						124011.627906977,
						6,
						0
					],
					[
						123837.209302325,
						7,
						0
					]
				],
				"altAnim": false,
				"bpm": 0,
				"changeBPM": false,
				"mustHitSection": false
			},
			{
				"lengthInSteps": 16,
				"typeOfSection": 0,
				"sectionNotes": [
					[
						124186.046511628,
						5,
						261.627906976744
					],
					[
						124534.88372093,
						4,
						261.627906976744
					],
					[
						125232.558139535,
						4,
						0
					],
					[
						125406.976744186,
						5,
						0
					],
					[
						124883.720930232,
						3,
						610.46511627907
					],
					[
						124883.720930232,
						6,
						0
					],
					[
						125058.139534884,
						7,
						0
					]
				],
				"altAnim": false,
				"bpm": 0,
				"changeBPM": false,
				"mustHitSection": false
			},
			{
				"lengthInSteps": 16,
				"typeOfSection": 0,
				"sectionNotes": [
					[
						125581.395348837,
						6,
						261.627906976744
					],
					[
						125930.232558139,
						7,
						261.627906976744
					],
					[
						126279.069767442,
						5,
						0
					],
					[
						126453.488372093,
						6,
						0
					],
					[
						125581.395348837,
						2,
						610.46511627907
					],
					[
						126802.325581395,
						5,
						0
					],
					[
						126453.488372093,
						1,
						0
					],
					[
						126627.906976744,
						1,
						0
					],
					[
						126627.906976744,
						4,
						0
					],
					[
						126279.069767442,
						0,
						0
					],
					[
						126889.534883721,
						2,
						0
					]
				],
				"altAnim": false,
				"bpm": 0,
				"changeBPM": false,
				"mustHitSection": false
			},
			{
				"lengthInSteps": 16,
				"typeOfSection": 0,
				"sectionNotes": [
					[
						127151.162790698,
						2,
						0
					],
					[
						126976.744186046,
						3,
						0
					],
					[
						127151.162790698,
						5,
						0
					],
					[
						127500,
						4,
						0
					],
					[
						126976.744186046,
						7,
						0
					],
					[
						127848.837209302,
						6,
						261.627906976744
					],
					[
						127500,
						0,
						0
					],
					[
						127848.837209302,
						2,
						436.046511627907
					],
					[
						128197.674418605,
						4,
						1482.55813953488
					]
				],
				"altAnim": false,
				"bpm": 0,
				"changeBPM": false,
				"mustHitSection": false
			},
			{
				"lengthInSteps": 16,
				"typeOfSection": 0,
				"sectionNotes": [
					[
						128372.093023256,
						7,
						261.627906976744
					],
					[
						128720.930232558,
						6,
						261.627906976744
					],
					[
						129418.604651163,
						6,
						0
					],
					[
						129593.023255814,
						7,
						0
					],
					[
						129069.76744186,
						5,
						0
					],
					[
						129244.186046511,
						4,
						0
					]
				],
				"altAnim": false,
				"bpm": 0,
				"changeBPM": false,
				"mustHitSection": true
			},
			{
				"lengthInSteps": 16,
				"typeOfSection": 0,
				"sectionNotes": [
					[
						129767.441860465,
						5,
						261.627906976744
					],
					[
						130116.279069767,
						4,
						261.627906976744
					],
					[
						130813.953488372,
						4,
						0
					],
					[
						130988.372093023,
						5,
						0
					],
					[
						130465.11627907,
						3,
						610.46511627907
					],
					[
						130465.11627907,
						6,
						0
					],
					[
						130639.534883721,
						7,
						0
					]
				],
				"altAnim": false,
				"bpm": 0,
				"changeBPM": false,
				"mustHitSection": true
			},
			{
				"lengthInSteps": 16,
				"typeOfSection": 0,
				"sectionNotes": [
					[
						132383.720930232,
						6,
						0
					],
					[
						132470.930232558,
						5,
						0
					],
					[
						131162.790697674,
						6,
						261.627906976744
					],
					[
						131511.627906976,
						7,
						261.627906976744
					],
					[
						131860.465116279,
						5,
						0
					],
					[
						132034.88372093,
						6,
						0
					],
					[
						131162.790697674,
						2,
						784.883720930233
					],
					[
						132034.88372093,
						1,
						0
					],
					[
						132209.302325581,
						1,
						0
					],
					[
						132209.302325581,
						4,
						0
					],
					[
						132383.720930232,
						0,
						0
					],
					[
						132470.930232558,
						1,
						0
					]
				],
				"altAnim": false,
				"bpm": 0,
				"changeBPM": false,
				"mustHitSection": true
			},
			{
				"lengthInSteps": 16,
				"typeOfSection": 0,
				"sectionNotes": [
					[
						133779.069767442,
						1,
						0
					],
					[
						133430.232558139,
						2,
						0
					],
					[
						133255.813953488,
						0,
						0
					],
					[
						133081.395348837,
						3,
						0
					],
					[
						132732.558139535,
						0,
						0
					],
					[
						132732.558139535,
						5,
						0
					],
					[
						133081.395348837,
						4,
						0
					],
					[
						132558.139534884,
						7,
						0
					],
					[
						132558.139534884,
						2,
						0
					],
					[
						133255.813953488,
						7,
						0
					],
					[
						133430.232558139,
						6,
						0
					],
					[
						133779.069767442,
						5,
						0
					]
				],
				"altAnim": false,
				"bpm": 0,
				"changeBPM": false,
				"mustHitSection": true
			},
			{
				"lengthInSteps": 16,
				"typeOfSection": 0,
				"sectionNotes": [],
				"altAnim": false,
				"bpm": 0,
				"changeBPM": false,
				"mustHitSection": false
			},
			{
				"lengthInSteps": 16,
				"typeOfSection": 0,
				"sectionNotes": [],
				"altAnim": false,
				"bpm": 0,
				"changeBPM": false,
				"mustHitSection": true
			},
			{
				"lengthInSteps": 16,
				"typeOfSection": 0,
				"sectionNotes": [],
				"altAnim": false,
				"bpm": 0,
				"changeBPM": false,
				"mustHitSection": false
			},
			{
				"lengthInSteps": 16,
				"typeOfSection": 0,
				"sectionNotes": [],
				"altAnim": false,
				"bpm": 0,
				"changeBPM": false,
				"mustHitSection": true
			},
			{
				"lengthInSteps": 16,
				"typeOfSection": 0,
				"sectionNotes": [],
				"altAnim": false,
				"bpm": 0,
				"changeBPM": false,
				"mustHitSection": true
			},
			{
				"lengthInSteps": 16,
				"typeOfSection": 0,
				"sectionNotes": [],
				"altAnim": false,
				"bpm": 0,
				"changeBPM": false,
				"mustHitSection": true
			},
			{
				"lengthInSteps": 16,
				"typeOfSection": 0,
				"sectionNotes": [],
				"altAnim": false,
				"bpm": 0,
				"changeBPM": false,
				"mustHitSection": true
			},
			{
				"lengthInSteps": 16,
				"typeOfSection": 0,
				"sectionNotes": [],
				"altAnim": false,
				"bpm": 0,
				"changeBPM": false,
				"mustHitSection": true
			},
			{
				"sectionNotes": [],
				"typeOfSection": 0,
				"lengthInSteps": 16,
				"altAnim": false,
				"mustHitSection": true,
				"changeBPM": false,
				"bpm": 0
			},
			{
				"sectionNotes": [],
				"typeOfSection": 0,
				"lengthInSteps": 16,
				"altAnim": false,
				"mustHitSection": true,
				"changeBPM": false,
				"bpm": 0
			},
			{
				"sectionNotes": [],
				"typeOfSection": 0,
				"lengthInSteps": 16,
				"altAnim": false,
				"mustHitSection": true,
				"changeBPM": false,
				"bpm": 0
			},
			{
				"sectionNotes": [],
				"typeOfSection": 0,
				"lengthInSteps": 16,
				"altAnim": false,
				"mustHitSection": true,
				"changeBPM": false,
				"bpm": 0
			},
			{
				"lengthInSteps": 16,
				"typeOfSection": 0,
				"sectionNotes": [],
				"altAnim": false,
				"bpm": 0,
				"changeBPM": false,
				"mustHitSection": true
			},
			{
				"lengthInSteps": 16,
				"typeOfSection": 0,
				"sectionNotes": [],
				"altAnim": false,
				"bpm": 0,
				"changeBPM": false,
				"mustHitSection": true
			},
			{
				"lengthInSteps": 16,
				"typeOfSection": 0,
				"sectionNotes": [],
				"altAnim": false,
				"bpm": 0,
				"changeBPM": false,
				"mustHitSection": true
			},
			{
				"lengthInSteps": 16,
				"typeOfSection": 0,
				"sectionNotes": [],
				"altAnim": false,
				"bpm": 0,
				"changeBPM": false,
				"mustHitSection": true
			},
			{
				"sectionNotes": [],
				"typeOfSection": 0,
				"lengthInSteps": 16,
				"altAnim": false,
				"mustHitSection": true,
				"changeBPM": false,
				"bpm": 0
			},
			{
				"sectionNotes": [],
				"typeOfSection": 0,
				"lengthInSteps": 16,
				"altAnim": false,
				"mustHitSection": true,
				"changeBPM": false,
				"bpm": 0
			},
			{
				"lengthInSteps": 16,
				"typeOfSection": 0,
				"sectionNotes": [],
				"milfZoom": false,
				"altAnim": false,
				"bpm": 0,
				"changeBPM": false,
				"mustHitSection": true
			},
			{
				"sectionNotes": [],
				"typeOfSection": 0,
				"lengthInSteps": 16,
				"milfZoom": false,
				"altAnim": false,
				"mustHitSection": true,
				"changeBPM": false,
				"bpm": 0
			},
			{
				"sectionNotes": [],
				"typeOfSection": 0,
				"lengthInSteps": 16,
				"milfZoom": false,
				"altAnim": false,
				"mustHitSection": true,
				"changeBPM": false,
				"bpm": 0
			},
			{
				"lengthInSteps": 16,
				"typeOfSection": 0,
				"sectionNotes": [],
				"milfZoom": false,
				"altAnim": false,
				"bpm": 0,
				"changeBPM": false,
				"mustHitSection": true
			},
			{
				"sectionNotes": [],
				"typeOfSection": 0,
				"lengthInSteps": 16,
				"milfZoom": false,
				"altAnim": false,
				"mustHitSection": true,
				"changeBPM": false,
				"bpm": 0
			},
			{
				"sectionNotes": [],
				"typeOfSection": 0,
				"lengthInSteps": 16,
				"milfZoom": false,
				"altAnim": false,
				"mustHitSection": true,
				"changeBPM": false,
				"bpm": 0
			},
			{
				"sectionNotes": [],
				"typeOfSection": 0,
				"lengthInSteps": 16,
				"milfZoom": false,
				"altAnim": false,
				"mustHitSection": true,
				"changeBPM": false,
				"bpm": 0
			},
			{
				"sectionNotes": [],
				"typeOfSection": 0,
				"lengthInSteps": 16,
				"milfZoom": false,
				"altAnim": false,
				"mustHitSection": true,
				"changeBPM": false,
				"bpm": 0
			},
			{
				"sectionNotes": [],
				"typeOfSection": 0,
				"lengthInSteps": 16,
				"milfZoom": false,
				"altAnim": false,
				"mustHitSection": true,
				"changeBPM": false,
				"bpm": 0
			},
			{
				"sectionNotes": [],
				"typeOfSection": 0,
				"lengthInSteps": 16,
				"milfZoom": false,
				"altAnim": false,
				"mustHitSection": true,
				"changeBPM": false,
				"bpm": 0
			},
			{
				"sectionNotes": [],
				"typeOfSection": 0,
				"lengthInSteps": 16,
				"milfZoom": false,
				"altAnim": false,
				"mustHitSection": true,
				"changeBPM": false,
				"bpm": 0
			},
			{
				"sectionNotes": [],
				"typeOfSection": 0,
				"lengthInSteps": 16,
				"milfZoom": false,
				"altAnim": false,
				"mustHitSection": true,
				"changeBPM": false,
				"bpm": 0
			},
			{
				"milfZoom": false,
				"centeredcamera": false,
				"altAnim": false,
				"mustHitSection": true,
				"lengthInSteps": 16,
				"typeOfSection": 0,
				"sectionNotes": [],
				"changeBPM": false,
				"bpm": 0
			},
			{
				"milfZoom": false,
				"centeredcamera": false,
				"altAnim": false,
				"mustHitSection": true,
				"lengthInSteps": 16,
				"typeOfSection": 0,
				"sectionNotes": [],
				"changeBPM": false,
				"bpm": 0
			},
			{
				"milfZoom": false,
				"centeredcamera": false,
				"altAnim": false,
				"mustHitSection": true,
				"lengthInSteps": 16,
				"typeOfSection": 0,
				"sectionNotes": [],
				"changeBPM": false,
				"bpm": 0
			},
			{
				"milfZoom": false,
				"centeredcamera": false,
				"altAnim": false,
				"mustHitSection": true,
				"lengthInSteps": 16,
				"typeOfSection": 0,
				"sectionNotes": [],
				"changeBPM": false,
				"bpm": 0
			},
			{
				"centeredcamera": false,
				"milfZoom": false,
				"altAnim": false,
				"mustHitSection": true,
				"lengthInSteps": 16,
				"typeOfSection": 0,
				"sectionNotes": [],
				"bpm": 0,
				"changeBPM": false
			},
			{
				"centeredcamera": false,
				"milfZoom": false,
				"altAnim": false,
				"mustHitSection": true,
				"lengthInSteps": 16,
				"typeOfSection": 0,
				"sectionNotes": [],
				"bpm": 0,
				"changeBPM": false
			},
			{
				"milfZoom": false,
				"centeredcamera": false,
				"altAnim": false,
				"mustHitSection": true,
				"lengthInSteps": 16,
				"typeOfSection": 0,
				"sectionNotes": [],
				"changeBPM": false,
				"bpm": 0
			},
			{
				"centeredcamera": false,
				"milfZoom": false,
				"altAnim": false,
				"mustHitSection": true,
				"lengthInSteps": 16,
				"typeOfSection": 0,
				"sectionNotes": [],
				"bpm": 0,
				"changeBPM": false
			},
			{
				"milfZoom": false,
				"centeredcamera": false,
				"altAnim": false,
				"mustHitSection": true,
				"lengthInSteps": 16,
				"typeOfSection": 0,
				"sectionNotes": [],
				"noteSwap": false,
				"changeBPM": false,
				"bpm": 172
			},
			{
				"sectionBeats": 4,
				"sectionNotes": [],
				"typeOfSection": 0,
				"gfSection": false,
				"altAnim": false,
				"mustHitSection": true,
				"changeBPM": false,
				"bpm": 172
			},
			{
				"sectionBeats": 4,
				"sectionNotes": [],
				"typeOfSection": 0,
				"gfSection": false,
				"altAnim": false,
				"mustHitSection": true,
				"changeBPM": false,
				"bpm": 172
			},
			{
				"gfSection": false,
				"altAnim": false,
				"typeOfSection": 0,
				"sectionNotes": [],
				"bpm": 172,
				"sectionBeats": 4,
				"changeBPM": false,
				"mustHitSection": true
			},
			{
				"gfSection": false,
				"altAnim": false,
				"typeOfSection": 0,
				"sectionNotes": [],
				"bpm": 172,
				"sectionBeats": 4,
				"changeBPM": false,
				"mustHitSection": true
			},
			{
				"gfSection": false,
				"altAnim": false,
				"typeOfSection": 0,
				"sectionNotes": [],
				"bpm": 172,
				"sectionBeats": 4,
				"changeBPM": false,
				"mustHitSection": true
			},
			{
				"gfSection": false,
				"altAnim": false,
				"typeOfSection": 0,
				"sectionNotes": [],
				"bpm": 172,
				"sectionBeats": 4,
				"changeBPM": false,
				"mustHitSection": true
			},
			{
				"gfSection": false,
				"altAnim": false,
				"typeOfSection": 0,
				"sectionNotes": [],
				"bpm": 172,
				"sectionBeats": 4,
				"changeBPM": false,
				"mustHitSection": true
			},
			{
				"gfSection": false,
				"altAnim": false,
				"typeOfSection": 0,
				"sectionNotes": [],
				"bpm": 172,
				"sectionBeats": 4,
				"changeBPM": false,
				"mustHitSection": true
			}
		],
		"player2": "loona",
		"events": [
			[
				5232.55813953488,
				[
					[
						"Set Property",
						"cameraSpeed",
						"0.75"
					]
				]
			],
			[
				11162.7906976744,
				[
					[
						"Zoom",
						"0.85",
						""
					]
				]
			],
			[
				16744.1860465116,
				[
					[
						"Set_Cam_Zoom",
						"1",
						"0.0001"
					]
				]
			],
			[
				18139.5348837209,
				[
					[
						"Set_Cam_Zoom",
						"1.15",
						"0.0001"
					]
				]
			],
			[
				19534.8837209302,
				[
					[
						"Set_Cam_Zoom",
						"1.25",
						"0.0001"
					]
				]
			],
			[
				19883.7209302326,
				[
					[
						"Set_Cam_Zoom",
						"1.35",
						"0.0001"
					]
				]
			],
			[
				20232.5581395349,
				[
					[
						"Set_Cam_Zoom",
						"1.45",
						"0.0001"
					]
				]
			],
			[
				20581.3953488372,
				[
					[
						"Set_Cam_Zoom",
						"1.55",
						"0.0001"
					]
				]
			],
			[
				20930.2325581395,
				[
					[
						"Set_Cam_Zoom",
						"1.7",
						"0.0001"
					]
				]
			],
			[
				21976.7441860465,
				[
					[
						"Set Property",
						"cameraSpeed",
						"5"
					]
				]
			],
			[
				22325.5813953488,
				[
					[
						"Set_Cam_Zoom",
						"0.8",
						"0.05"
					],
					[
						"Cam Boom Speed",
						"1",
						"2"
					]
				]
			],
			[
				43953.488372093,
				[
					[
						"Blammed Lights",
						"3",
						""
					]
				]
			],
			[
				44651.1627906977,
				[
					[
						"Cam Boom Speed",
						"0",
						"0"
					]
				]
			],
			[
				49796.511627907,
				[
					[
						"Set Property",
						"cameraSpeed",
						"0.5"
					]
				]
			],
			[
				55116.2790697675,
				[
					[
						"Blammed Lights",
						"0",
						""
					]
				]
			],
			[
				55465.1162790698,
				[
					[
						"Set Property",
						"cameraSpeed",
						"2.5"
					]
				]
			],
			[
				66627.9069767442,
				[
					[
						"Set Cam Zoom",
						"0.75",
						"0.5"
					]
				]
			],
			[
				66976.7441860466,
				[
					[
						"Cinematics",
						"1",
						"1"
					]
				]
			],
			[
				67325.5813953489,
				[
					[
						"Set Cam Zoom",
						"1.25",
						"10"
					]
				]
			],
			[
				77965.1162790698,
				[
					[
						"Cinematics",
						"",
						"2"
					]
				]
			],
			[
				78139.5348837209,
				[
					[
						"Cam Boom Speed",
						"1",
						"1"
					]
				]
			],
			[
				78313.9534883721,
				[
					[
						"Set Cam Zoom",
						"0.85",
						""
					]
				]
			],
			[
				83895.3488372093,
				[
					[
						"Add Camera Zoom",
						"0.025",
						""
					]
				]
			],
			[
				84244.1860465116,
				[
					[
						"Add Camera Zoom",
						"0.025",
						""
					]
				]
			],
			[
				84593.023255814,
				[
					[
						"Add Camera Zoom",
						"0.025",
						""
					]
				]
			],
			[
				84941.8604651163,
				[
					[
						"Add Camera Zoom",
						"0.025",
						""
					]
				]
			],
			[
				85290.6976744186,
				[
					[
						"Add Camera Zoom",
						"0.025",
						""
					]
				]
			],
			[
				85639.5348837209,
				[
					[
						"Add Camera Zoom",
						"0.025",
						""
					]
				]
			],
			[
				85988.3720930233,
				[
					[
						"Add Camera Zoom",
						"0.025",
						""
					]
				]
			],
			[
				86337.2093023256,
				[
					[
						"Add Camera Zoom",
						"0.025",
						""
					]
				]
			],
			[
				86511.6279069767,
				[
					[
						"Cam Boom Speed",
						"0",
						"0"
					]
				]
			],
			[
				86522.5290697674,
				[
					[
						"Add Camera Zoom",
						"0.025",
						""
					]
				]
			],
			[
				86598.8372093023,
				[
					[
						"Add Camera Zoom",
						"0.025",
						""
					]
				]
			],
			[
				86686.0465116279,
				[
					[
						"Add Camera Zoom",
						"0.025",
						""
					]
				]
			],
			[
				86773.2558139535,
				[
					[
						"Add Camera Zoom",
						"0.025",
						""
					]
				]
			],
			[
				86860.4651162791,
				[
					[
						"Add Camera Zoom",
						"0.025",
						""
					]
				]
			],
			[
				86947.6744186046,
				[
					[
						"Add Camera Zoom",
						"0.025",
						""
					]
				]
			],
			[
				87034.8837209302,
				[
					[
						"Add Camera Zoom",
						"0.025",
						""
					]
				]
			],
			[
				87122.0930232558,
				[
					[
						"Add Camera Zoom",
						"0.025",
						""
					]
				]
			],
			[
				87209.3023255814,
				[
					[
						"Add Camera Zoom",
						"0.025",
						""
					]
				]
			],
			[
				87296.511627907,
				[
					[
						"Add Camera Zoom",
						"0.025",
						""
					]
				]
			],
			[
				87383.7209302326,
				[
					[
						"Add Camera Zoom",
						"0.025",
						""
					]
				]
			],
			[
				87470.9302325581,
				[
					[
						"Add Camera Zoom",
						"0.025",
						""
					]
				]
			],
			[
				87558.1395348837,
				[
					[
						"Add Camera Zoom",
						"0.025",
						""
					]
				]
			],
			[
				87645.3488372093,
				[
					[
						"Add Camera Zoom",
						"0.025",
						""
					]
				]
			],
			[
				87732.5581395349,
				[
					[
						"Add Camera Zoom",
						"0.025",
						""
					]
				]
			],
			[
				87819.7674418605,
				[
					[
						"Add Camera Zoom",
						"0.025",
						""
					]
				]
			],
			[
				87906.976744186,
				[
					[
						"Add Camera Zoom",
						"0.075",
						""
					]
				]
			],
			[
				88953.488372093,
				[
					[
						"Set Property",
						"cameraSpeed",
						"12"
					]
				]
			],
			[
				89302.3255813953,
				[
					[
						"Cam Boom Speed",
						"1",
						"2"
					]
				]
			],
			[
				111279.069767442,
				[
					[
						"Set Property",
						"cameraSpeed",
						"0.7"
					]
				]
			],
			[
				111627.906976744,
				[
					[
						"Cam Boom Speed",
						"0",
						"0"
					]
				]
			]
		],
		"splashSkin": "NOTE_splashes_doki",
		"song": "In-other-worlds",
		"arrowSkin": "NOTE_assets_ddlc",
		"validScore": true,
		"stage": "BGDDLC-SINGSayo",
		"needsVoices": true,
		"bpm": 172,
		"speed": 2.8,
		"noteStyle": "normal"
	}
}