{"song":{"player1":"bf","sectionLengths":[],"player2":"dad","notes":[{"typeOfSection":0,"lengthInSteps":16,"sectionNotes":[],"altAnim":false,"mustHitSection":false},{"typeOfSection":0,"lengthInSteps":16,"sectionNotes":[],"mustHitSection":true},{"typeOfSection":0,"lengthInSteps":16,"sectionNotes":[],"mustHitSection":false},{"typeOfSection":0,"lengthInSteps":16,"sectionNotes":[],"mustHitSection":true},{"typeOfSection":0,"lengthInSteps":16,"sectionNotes":[[11100,0,150],[11400,3,150]],"mustHitSection":true},{"typeOfSection":0,"lengthInSteps":16,"sectionNotes":[[12000,1,0],[13650,2,0],[12300,3,300],[13950,0,300]],"mustHitSection":true},{"typeOfSection":0,"lengthInSteps":16,"sectionNotes":[[14700,1,0],[15000,0,300],[15000,3,300],[15750,2,375],[16350,1,0],[16650,3,300],[15750,0,375],[15750,1,375],[15750,3,375]],"mustHitSection":true},{"typeOfSection":0,"lengthInSteps":16,"sectionNotes":[[17400,1,0],[19050,2,225],[17700,0,300]],"mustHitSection":true},{"typeOfSection":0,"lengthInSteps":16,"sectionNotes":[[19650,3,300],[20400,0,600],[19650,0,300],[20400,3,600]],"mustHitSection":true},{"typeOfSection":0,"lengthInSteps":16,"sectionNotes":[[23250,3,150],[23550,2,225],[23250,0,150],[21600,1,1200]],"mustHitSection":true},{"typeOfSection":0,"lengthInSteps":16,"sectionNotes":[[24300,0,825],[24300,3,825],[25950,3,150],[25950,0,150]],"mustHitSection":true},{"typeOfSection":0,"lengthInSteps":16,"sectionNotes":[[27000,0,750],[26400,3,450],[27000,1,750]],"mustHitSection":true},{"typeOfSection":0,"lengthInSteps":16,"sectionNotes":[[29700,1,0],[30000,0,450],[30000,1,450],[30000,2,450],[30000,3,450]],"mustHitSection":true},{"typeOfSection":0,"lengthInSteps":16,"sectionNotes":[[33450,3,0],[33450,0,0]],"mustHitSection":false},{"typeOfSection":0,"lengthInSteps":16,"sectionNotes":[[33600,0,0],[33900,3,0],[34800,1,450],[33600,2,0],[33900,1,0],[34350,3,0],[34350,0,0],[34500,1,0],[34500,2,0]],"mustHitSection":false},{"typeOfSection":0,"lengthInSteps":16,"sectionNotes":[[36150,1,0],[36600,2,0],[37050,0,0],[37350,3,0],[37650,1,0],[36300,2,0]],"mustHitSection":false},{"typeOfSection":0,"lengthInSteps":16,"sectionNotes":[[39000,1,0],[39600,1,0],[40200,3,0],[40500,3,0],[39150,1,0],[39000,3,0],[39900,3,0],[39900,0,0],[40200,0,0],[40500,0,0],[40500,1,0],[40500,2,0]],"mustHitSection":false},{"typeOfSection":0,"lengthInSteps":16,"sectionNotes":[[40950,1,0],[41250,0,825],[40950,3,0],[41250,3,825]],"mustHitSection":false},{"typeOfSection":0,"lengthInSteps":16,"sectionNotes":[[43800,1,0],[44100,2,0],[44250,1,0],[44550,3,0],[44850,0,0],[45450,0,0],[43800,2,0],[44100,3,0],[44250,3,0],[44250,0,0],[44550,1,0],[44850,2,0],[45450,1,0],[45300,0,0],[45300,1,0]],"mustHitSection":true},{"typeOfSection":0,"lengthInSteps":16,"sectionNotes":[[46500,2,0],[46800,0,0],[46950,3,0],[47250,1,0],[47550,2,0]],"mustHitSection":true},{"typeOfSection":0,"lengthInSteps":16,"sectionNotes":[[48000,2,0],[48150,0,0],[48600,3,0],[48600,1,0],[48150,3,0]],"mustHitSection":true},{"typeOfSection":0,"lengthInSteps":16,"sectionNotes":[[50400,3,0],[51300,0,0],[51900,1,0],[52200,2,450],[51000,1,0],[52200,1,450],[50400,1,0],[50700,2,0],[50700,1,0],[51000,3,0],[51600,2,0],[51600,0,0],[52200,0,450],[52200,3,450]],"mustHitSection":true},{"typeOfSection":0,"lengthInSteps":16,"sectionNotes":[[53550,1,0],[53850,2,0],[54300,1,0],[54600,2,0],[54900,0,0],[53850,1,0],[53550,3,0]],"mustHitSection":false},{"typeOfSection":0,"lengthInSteps":16,"sectionNotes":[[55200,3,0],[55500,0,0],[55800,3,225],[56250,1,0],[56550,2,0],[57150,2,0],[57000,1,0]],"mustHitSection":false},{"typeOfSection":0,"lengthInSteps":16,"sectionNotes":[[57600,2,0],[57900,3,0],[58500,2,0],[58200,0,0],[59550,4,0],[59550,7,0],[58650,2,300],[59850,5,0],[59850,6,0]],"mustHitSection":false},{"typeOfSection":0,"lengthInSteps":16,"sectionNotes":[[61350,2,0],[62250,3,0],[62250,0,0],[60900,1,0],[60900,3,0],[61350,0,0],[62250,1,0],[62250,2,0]],"mustHitSection":true},{"typeOfSection":0,"lengthInSteps":16,"sectionNotes":[[62550,2,0],[64350,2,0],[62550,1,0],[62550,0,0],[62550,3,0],[63000,2,0],[63300,1,0],[63600,1,0],[63900,3,0],[63900,0,0],[64650,1,0]],"mustHitSection":true},{"typeOfSection":0,"lengthInSteps":16,"sectionNotes":[[65700,2,0],[66000,1,0],[66450,1,0],[66150,2,150],[66750,0,0],[67050,2,0],[65100,2,0],[65400,1,0]],"mustHitSection":true},{"typeOfSection":0,"lengthInSteps":16,"sectionNotes":[[68700,0,0],[69000,2,0],[69150,1,0],[69300,3,225],[67350,1,0],[67950,0,0],[68100,0,0],[68400,3,150],[68400,2,150],[69150,0,0],[69300,0,225],[68700,3,0]],"mustHitSection":true},{"typeOfSection":0,"lengthInSteps":16,"sectionNotes":[[71400,1,0],[71700,3,0],[71400,5,0],[71700,7,0]],"mustHitSection":false},{"typeOfSection":0,"lengthInSteps":16,"sectionNotes":[[72000,0,300],[74100,2,0],[72000,4,300],[74100,6,0]],"mustHitSection":false},{"typeOfSection":0,"lengthInSteps":16,"sectionNotes":[[74400,2,0],[74700,1,0],[75000,3,225],[74400,6,0],[74700,5,0],[75000,7,225]],"mustHitSection":false},{"lengthInSteps":16,"sectionNotes":[],"typeOfSection":0,"mustHitSection":true,"changeBPM":false,"bpm":100},{"sectionNotes":[[80250,0,0],[80400,2,0],[80550,3,0],[80700,1,0],[80850,2,0],[81150,0,0],[81300,2,0],[81450,1,0],[80250,3,0],[80400,1,0],[80550,2,0],[80700,0,0],[80850,1,0],[81000,0,0],[81000,2,0],[81150,1,0],[81150,2,0],[81300,3,0],[81450,2,0],[81450,3,0]],"typeOfSection":0,"lengthInSteps":16,"altAnim":false,"mustHitSection":false,"changeBPM":false,"bpm":100},{"lengthInSteps":16,"typeOfSection":0,"sectionNotes":[[81600,3,0],[81900,1,0],[82500,0,0],[82950,1,0],[83100,2,0],[83250,3,0],[83400,0,0],[83550,1,0],[83700,2,0],[83850,1,0],[81600,2,0],[81900,0,0],[81900,2,0],[82200,2,0],[82200,1,0],[82500,2,0],[82500,3,0],[82950,2,0],[83100,1,0],[83250,0,0],[83250,1,0],[83250,2,0],[83400,2,0],[83550,3,0]],"altAnim":false,"bpm":100,"changeBPM":false,"mustHitSection":false},{"lengthInSteps":16,"typeOfSection":0,"sectionNotes":[[84000,2,0],[84150,2,0],[84600,1,0],[85200,1,0],[84750,3,300],[85650,5,0],[85950,7,0],[86100,6,150],[84150,1,0],[84000,1,0],[84300,0,150],[84300,3,150],[84750,0,300],[84600,2,0],[85200,2,0],[85650,6,0],[85950,4,0],[86100,5,150]],"altAnim":false,"bpm":100,"changeBPM":false,"mustHitSection":false},{"lengthInSteps":16,"typeOfSection":0,"sectionNotes":[[87000,3,0],[87300,0,0],[87450,3,0],[87900,1,0],[88200,2,0],[88500,0,0],[88650,3,0],[86400,0,75],[87000,0,0],[88200,3,0],[86400,3,75],[87300,3,0],[87450,0,0],[87900,2,0],[88200,1,0],[88200,0,0],[88500,3,0],[88650,0,0]],"altAnim":false,"bpm":100,"changeBPM":false,"mustHitSection":true},{"lengthInSteps":16,"typeOfSection":0,"sectionNotes":[],"altAnim":false,"bpm":100,"changeBPM":false,"mustHitSection":true},{"lengthInSteps":16,"typeOfSection":0,"sectionNotes":[[92100,0,0],[92400,2,0],[92700,2,0],[93000,3,0],[93300,0,0],[92100,2,0],[92400,3,0],[92700,1,0],[93000,0,0],[93300,2,0]],"altAnim":false,"bpm":100,"changeBPM":false,"mustHitSection":false},{"lengthInSteps":16,"typeOfSection":0,"sectionNotes":[[93600,1,75],[94800,3,0],[94950,1,0],[95700,3,0],[95850,1,0],[93600,3,75],[94800,0,0],[94950,2,0],[95250,0,0],[95250,1,0],[95550,2,0],[95550,1,0]],"altAnim":false,"bpm":100,"changeBPM":false,"mustHitSection":false},{"lengthInSteps":16,"typeOfSection":0,"sectionNotes":[[96000,2,375],[97350,3,0],[97350,0,0],[97950,3,0],[97950,0,0],[96000,1,375],[97650,1,0],[97650,2,0],[98250,1,0],[98250,2,0]],"altAnim":false,"bpm":100,"changeBPM":false,"mustHitSection":false},{"lengthInSteps":16,"typeOfSection":0,"sectionNotes":[[98550,0,0],[98550,3,0],[99150,0,0],[99150,3,0],[99750,0,0],[99750,3,0],[100050,1,525],[100050,2,525],[98850,1,0],[98850,2,0],[99450,1,0],[99450,2,0]],"altAnim":false,"bpm":100,"changeBPM":false,"mustHitSection":false},{"lengthInSteps":16,"typeOfSection":0,"sectionNotes":[[102450,2,0],[102750,0,0],[102900,2,0],[102450,1,0],[102750,3,0],[102450,3,0],[102900,1,0]],"altAnim":false,"bpm":100,"changeBPM":false,"mustHitSection":true},{"lengthInSteps":16,"typeOfSection":0,"sectionNotes":[[103350,0,0],[103650,3,0],[103950,2,0],[104100,3,0],[105150,0,0],[105450,2,0],[105150,3,0],[103350,1,0],[103650,2,0],[103950,1,0],[104100,0,0],[105150,2,0],[105150,1,0]],"altAnim":false,"bpm":100,"changeBPM":false,"mustHitSection":true},{"lengthInSteps":16,"typeOfSection":0,"sectionNotes":[[105600,2,0],[106350,2,0],[106650,3,0],[106800,0,0],[107250,2,600],[107250,0,600],[106350,0,0],[105600,1,0],[106050,3,0],[106050,2,0],[106650,1,0],[106800,2,0],[107250,1,450]],"altAnim":false,"bpm":100,"changeBPM":false,"mustHitSection":true},{"lengthInSteps":16,"typeOfSection":0,"sectionNotes":[[108900,1,150],[109200,3,150],[109650,0,0],[109950,2,0],[110250,1,0],[109650,3,0]],"altAnim":false,"bpm":100,"changeBPM":false,"mustHitSection":true},{"lengthInSteps":16,"typeOfSection":0,"sectionNotes":[[110550,3,0],[110850,0,600],[112200,7,0],[112500,4,0],[110850,3,600],[110850,2,600],[110850,1,600],[112200,5,0],[112500,6,0]],"altAnim":false,"bpm":100,"changeBPM":false,"mustHitSection":true},{"lengthInSteps":32,"typeOfSection":0,"sectionNotes":[[112950,0,0],[113250,3,0],[113550,3,0],[113850,0,0],[114150,1,0],[114450,2,300],[114900,0,0],[112950,2,0],[113250,1,0],[113550,1,0],[113850,2,0],[114150,3,0],[114450,0,300],[114900,2,0]],"altAnim":false,"bpm":100,"changeBPM":false,"mustHitSection":false},{"lengthInSteps":16,"typeOfSection":0,"sectionNotes":[[115200,3,0],[115500,0,0],[115800,3,0],[116250,1,0],[116550,2,0],[116850,1,0],[117150,3,0],[117300,0,150],[115200,1,0],[115500,2,0],[115800,1,0],[116250,3,0],[116550,0,0],[116850,3,0],[117150,1,0],[117300,2,150]],"altAnim":false,"bpm":100,"changeBPM":false,"mustHitSection":false},{"lengthInSteps":16,"typeOfSection":0,"sectionNotes":[[118350,2,0],[118350,0,0],[118650,3,0],[118650,1,0],[119550,3,0],[119550,0,0],[118350,3,0],[118650,0,0],[119550,2,0]],"altAnim":false,"bpm":100,"changeBPM":false,"mustHitSection":true},{"lengthInSteps":16,"typeOfSection":0,"sectionNotes":[[120000,1,0],[120000,2,0],[120900,3,0],[121650,2,0],[121350,0,0],[121950,3,0],[122250,3,0],[121950,0,0],[122250,0,0],[120000,0,0],[120900,2,0],[121350,2,0],[121650,3,0],[121950,1,0],[121950,2,0]],"altAnim":false,"bpm":100,"changeBPM":false,"mustHitSection":true},{"lengthInSteps":16,"typeOfSection":0,"sectionNotes":[[122700,1,0],[123000,2,0],[123300,1,0],[123600,3,0],[123900,0,0],[124350,3,0],[124650,0,0],[122700,2,0],[123000,6,0],[123300,5,0],[123600,7,0],[123900,4,0],[124350,7,0],[124650,4,0]],"altAnim":false,"bpm":100,"changeBPM":false,"mustHitSection":true},{"lengthInSteps":16,"typeOfSection":0,"sectionNotes":[[124800,3,0],[125100,1,0],[125550,0,0],[125850,2,0],[126000,1,150],[126600,3,0],[126750,3,0],[126600,0,0],[126750,0,0],[124800,7,0],[125100,5,0],[125550,4,0],[125850,6,0],[126000,5,0],[126600,4,0],[126600,7,0],[126750,7,0],[126750,4,0],[126600,2,0],[126600,1,0],[126750,2,0],[126750,1,0],[126600,5,0],[126750,5,0],[126750,6,0],[126600,6,0],[126900,2,150],[126900,1,150],[126900,6,150],[126900,5,150],[126900,4,150],[126900,7,150],[126900,0,150],[126900,3,150]],"altAnim":false,"bpm":100,"changeBPM":false,"mustHitSection":true},{"lengthInSteps":16,"typeOfSection":0,"sectionNotes":[[127350,3,0],[127650,1,0],[127800,2,0],[127950,0,450],[129000,3,0],[129300,0,0],[129450,3,0],[127350,7,0],[127650,5,0],[127800,6,0],[127950,4,450],[127950,3,450],[127950,7,450],[129000,2,0],[129000,0,0],[129300,3,0],[129450,2,0]],"altAnim":false,"bpm":100,"changeBPM":false,"mustHitSection":true},{"lengthInSteps":16,"typeOfSection":0,"sectionNotes":[[129900,1,0],[130200,2,0],[130800,3,0],[130950,2,150],[131550,0,0],[131550,3,0],[129900,2,0],[130200,3,0],[130500,1,0],[130500,2,0],[130950,1,150]],"altAnim":false,"bpm":100,"changeBPM":false,"mustHitSection":true},{"lengthInSteps":16,"typeOfSection":0,"sectionNotes":[[132000,2,0],[132150,3,150],[133050,1,0],[133350,0,0],[133650,1,0],[133950,3,225],[133950,0,225],[132000,1,0],[132150,0,150],[132450,3,0],[132750,0,0],[133350,2,0],[133650,3,0]],"altAnim":false,"bpm":100,"changeBPM":false,"mustHitSection":true},{"lengthInSteps":16,"typeOfSection":0,"sectionNotes":[[134400,0,0],[134700,3,0],[135600,1,0],[135900,2,0],[135600,0,0],[135900,3,0],[134400,3,0],[134700,0,0]],"altAnim":false,"bpm":100,"changeBPM":false,"mustHitSection":true},{"lengthInSteps":16,"typeOfSection":0,"sectionNotes":[[136950,0,0],[137250,3,0],[137550,1,0],[137850,2,0],[138300,2,0],[138600,0,0],[138600,3,0],[137850,1,0],[138300,1,0]],"altAnim":false,"bpm":100,"changeBPM":false,"mustHitSection":true},{"lengthInSteps":16,"typeOfSection":0,"sectionNotes":[[139650,0,0],[139950,2,0],[140100,0,0],[140400,3,0],[141150,2,0],[140700,0,225],[141450,0,0],[139650,2,0],[139950,1,0],[140100,3,0],[140400,2,0],[140400,0,0],[140400,1,0],[140700,2,225],[141150,3,0],[141150,0,0],[141450,2,0]],"altAnim":false,"bpm":100,"changeBPM":false,"mustHitSection":false},{"lengthInSteps":16,"typeOfSection":0,"sectionNotes":[[141600,6,0],[141900,5,0],[142200,5,0],[142500,7,0],[142650,4,375],[143100,2,0],[143400,1,150],[143100,0,0],[143400,3,0],[142650,7,375],[141900,6,0],[142200,6,0],[141600,5,0],[142500,4,0]],"altAnim":false,"bpm":100,"changeBPM":false,"mustHitSection":true},{"lengthInSteps":16,"typeOfSection":0,"sectionNotes":[[144000,2,750]],"altAnim":false,"bpm":100,"changeBPM":false,"mustHitSection":true},{"sectionNotes":[[147900,6,0],[148050,7,0],[148200,6,0],[148350,7,0],[146700,6,0],[146850,6,0],[147000,7,300]],"typeOfSection":0,"lengthInSteps":16,"altAnim":false,"mustHitSection":true,"changeBPM":false,"bpm":100},{"lengthInSteps":16,"altAnim":false,"typeOfSection":0,"sectionNotes":[],"bpm":100,"changeBPM":false,"mustHitSection":true}],"song":"Bopeebo","validScore":true,"sections":0,"needsVoices":true,"bpm":100,"speed":1}}