{"song":{"player1":"bf","sectionLengths":[],"player2":"dad","notes":[{"typeOfSection":0,"lengthInSteps":16,"sectionNotes":[],"altAnim":false,"mustHitSection":false},{"typeOfSection":0,"lengthInSteps":16,"sectionNotes":[],"mustHitSection":true},{"typeOfSection":0,"lengthInSteps":16,"sectionNotes":[],"mustHitSection":false},{"typeOfSection":0,"lengthInSteps":16,"sectionNotes":[],"mustHitSection":true},{"typeOfSection":0,"lengthInSteps":16,"sectionNotes":[[11100,0,0],[11400,3,225]],"mustHitSection":true},{"typeOfSection":0,"lengthInSteps":16,"sectionNotes":[[12000,1,0],[12300,3,375],[13650,2,0],[13950,0,225]],"mustHitSection":true},{"typeOfSection":0,"lengthInSteps":16,"sectionNotes":[[14700,1,0],[15000,0,300],[15000,3,300],[15750,2,375],[16350,1,0],[16650,3,300]],"mustHitSection":true},{"typeOfSection":0,"lengthInSteps":16,"sectionNotes":[[17400,1,0],[17700,0,300],[19050,2,225]],"mustHitSection":true},{"typeOfSection":0,"lengthInSteps":16,"sectionNotes":[[19650,3,300],[20400,2,600],[20400,0,600]],"mustHitSection":true},{"typeOfSection":0,"lengthInSteps":16,"sectionNotes":[[21600,1,1050],[23250,3,150],[23550,2,225]],"mustHitSection":true},{"typeOfSection":0,"lengthInSteps":16,"sectionNotes":[[24300,0,825],[25950,3,0]],"mustHitSection":true},{"typeOfSection":0,"lengthInSteps":16,"sectionNotes":[[27000,0,750],[26400,3,450]],"mustHitSection":true},{"typeOfSection":0,"lengthInSteps":16,"sectionNotes":[[29700,1,0],[30000,2,300]],"mustHitSection":true},{"typeOfSection":0,"lengthInSteps":16,"sectionNotes":[[33450,3,0]],"mustHitSection":false},{"typeOfSection":0,"lengthInSteps":16,"sectionNotes":[[33600,0,0],[33900,3,0],[34800,1,450],[34350,2,0]],"mustHitSection":false},{"typeOfSection":0,"lengthInSteps":16,"sectionNotes":[[36150,1,0],[36600,2,0],[37050,0,0],[37350,3,0],[37650,1,0]],"mustHitSection":false},{"typeOfSection":0,"lengthInSteps":16,"sectionNotes":[[39000,1,0],[39600,1,0],[40200,3,0],[40500,3,0]],"mustHitSection":false},{"typeOfSection":0,"lengthInSteps":16,"sectionNotes":[[40950,1,0],[41250,0,825]],"mustHitSection":false},{"typeOfSection":0,"lengthInSteps":16,"sectionNotes":[[43800,1,0],[44100,2,0],[44250,1,0],[44550,3,0],[44850,0,0],[45450,0,0],[45300,3,0]],"mustHitSection":true},{"typeOfSection":0,"lengthInSteps":16,"sectionNotes":[[46500,2,0],[46800,0,0],[46950,3,0],[47250,1,0],[47550,2,0]],"mustHitSection":true},{"typeOfSection":0,"lengthInSteps":16,"sectionNotes":[[48000,2,0],[48150,0,0],[48600,3,0]],"mustHitSection":true},{"typeOfSection":0,"lengthInSteps":16,"sectionNotes":[[50400,3,0],[50700,0,0],[51000,2,0],[51300,0,0],[51600,3,0],[51900,1,0],[52200,2,450]],"mustHitSection":true},{"typeOfSection":0,"lengthInSteps":16,"sectionNotes":[[53550,1,0],[53850,2,0],[54300,1,0],[54600,2,0],[54900,0,0]],"mustHitSection":false},{"typeOfSection":0,"lengthInSteps":16,"sectionNotes":[[55200,3,0],[55500,0,0],[55800,3,225],[56250,1,0],[56550,2,0],[56850,0,0],[57150,2,0]],"mustHitSection":false},{"typeOfSection":0,"lengthInSteps":16,"sectionNotes":[[57600,2,0],[57900,3,0],[58500,2,0],[58200,0,0],[58650,3,375],[59550,4,0],[59850,4,0],[59550,7,0],[59850,7,0]],"mustHitSection":false},{"typeOfSection":0,"lengthInSteps":16,"sectionNotes":[[60900,3,0],[61350,2,0],[60900,0,0],[61350,1,0],[62250,3,0]],"mustHitSection":true},{"typeOfSection":0,"lengthInSteps":16,"sectionNotes":[[62550,2,0],[63000,0,0],[63300,2,0],[63600,3,0],[63900,1,0],[64350,2,0],[64650,0,0]],"mustHitSection":true},{"typeOfSection":0,"lengthInSteps":16,"sectionNotes":[[65100,3,0],[65700,2,0],[65400,0,0],[66000,1,0],[66450,1,0],[66150,2,150],[66750,0,0],[67050,2,0]],"mustHitSection":true},{"typeOfSection":0,"lengthInSteps":16,"sectionNotes":[[67350,2,0],[67950,1,0],[68100,1,0],[68400,2,150],[68700,0,0],[69000,2,0],[69150,1,0],[69300,3,225]],"mustHitSection":true},{"typeOfSection":0,"lengthInSteps":16,"sectionNotes":[[71400,1,0],[71700,3,0]],"mustHitSection":false},{"typeOfSection":0,"lengthInSteps":16,"sectionNotes":[[72000,0,300],[74100,2,0]],"mustHitSection":false},{"typeOfSection":0,"lengthInSteps":16,"sectionNotes":[[74400,2,0],[74700,1,0],[75000,3,225]],"mustHitSection":false},{"lengthInSteps":16,"sectionNotes":[],"typeOfSection":0,"mustHitSection":true,"changeBPM":false,"bpm":100},{"sectionNotes":[[80250,0,0],[80400,2,0],[80550,3,0],[80700,1,0],[80850,2,0],[81000,3,0],[81150,0,0],[81300,2,0],[81450,1,0]],"typeOfSection":0,"lengthInSteps":16,"altAnim":false,"mustHitSection":false,"changeBPM":false,"bpm":100},{"lengthInSteps":16,"altAnim":false,"typeOfSection":0,"sectionNotes":[[81600,3,0],[81900,1,0],[82200,3,0],[82500,0,0],[82950,1,0],[83100,2,0],[83250,3,0],[83400,0,0],[83550,1,0],[83700,2,0],[83850,1,0]],"bpm":100,"changeBPM":false,"mustHitSection":false},{"lengthInSteps":16,"altAnim":false,"typeOfSection":0,"sectionNotes":[[84000,2,0],[84150,2,0],[84300,0,150],[84600,1,0],[85200,1,0],[84750,3,300],[85650,5,0],[85950,7,0],[86100,6,150]],"bpm":100,"changeBPM":false,"mustHitSection":false},{"lengthInSteps":16,"altAnim":false,"typeOfSection":0,"sectionNotes":[[87000,3,0],[87300,0,0],[87450,3,0],[87900,1,0],[88200,2,0],[88500,0,0],[88650,3,0],[86400,0,75]],"bpm":100,"changeBPM":false,"mustHitSection":true},{"lengthInSteps":16,"altAnim":false,"typeOfSection":0,"sectionNotes":[],"bpm":100,"changeBPM":false,"mustHitSection":true},{"lengthInSteps":16,"altAnim":false,"typeOfSection":0,"sectionNotes":[[92100,0,0],[92400,2,0],[92700,2,0],[93000,3,0],[93300,0,0]],"bpm":100,"changeBPM":false,"mustHitSection":false},{"lengthInSteps":16,"altAnim":false,"typeOfSection":0,"sectionNotes":[[93600,1,75],[94800,3,0],[94950,1,0],[95250,2,0],[95550,0,0],[95700,3,0],[95850,1,0]],"bpm":100,"changeBPM":false,"mustHitSection":false},{"lengthInSteps":16,"altAnim":false,"typeOfSection":0,"sectionNotes":[[96000,2,375],[97350,3,0],[97350,0,0],[97650,3,0],[97650,0,0],[97950,3,0],[97950,0,0],[98250,3,0],[98250,0,0]],"bpm":100,"changeBPM":false,"mustHitSection":false},{"lengthInSteps":16,"altAnim":false,"typeOfSection":0,"sectionNotes":[[98550,0,0],[98550,3,0],[98850,0,0],[98850,3,0],[99150,0,0],[99150,3,0],[99450,0,0],[99450,3,0],[99750,0,0],[99750,3,0],[100050,1,525],[100050,2,525]],"bpm":100,"changeBPM":false,"mustHitSection":false},{"lengthInSteps":16,"altAnim":false,"typeOfSection":0,"sectionNotes":[[102450,2,0],[102750,0,0],[102900,2,0]],"bpm":100,"changeBPM":false,"mustHitSection":true},{"lengthInSteps":16,"altAnim":false,"typeOfSection":0,"sectionNotes":[[103350,0,0],[103650,3,0],[103950,2,0],[104100,3,0],[105150,0,0],[105450,2,0]],"bpm":100,"changeBPM":false,"mustHitSection":true},{"lengthInSteps":16,"altAnim":false,"typeOfSection":0,"sectionNotes":[[105600,2,0],[106050,1,0],[106350,2,0],[106650,3,0],[106800,0,0],[107250,2,600],[107250,0,600]],"bpm":100,"changeBPM":false,"mustHitSection":true},{"lengthInSteps":16,"altAnim":false,"typeOfSection":0,"sectionNotes":[[108900,1,150],[109200,3,150],[109650,0,0],[109950,2,0],[110250,1,0]],"bpm":100,"changeBPM":false,"mustHitSection":true},{"lengthInSteps":16,"altAnim":false,"typeOfSection":0,"sectionNotes":[[110550,3,0],[110850,0,600],[112200,7,0],[112500,4,0]],"bpm":100,"changeBPM":false,"mustHitSection":true},{"lengthInSteps":32,"altAnim":false,"typeOfSection":0,"sectionNotes":[[112950,0,0],[113250,3,0],[113550,3,0],[113850,0,0],[114150,1,0],[114450,2,300],[114900,0,0]],"bpm":100,"changeBPM":false,"mustHitSection":false},{"lengthInSteps":16,"altAnim":false,"typeOfSection":0,"sectionNotes":[[115200,3,0],[115500,0,0],[115800,3,0],[116250,1,0],[116550,2,0],[116850,1,0],[117150,3,0],[117300,0,150]],"bpm":100,"changeBPM":false,"mustHitSection":false},{"lengthInSteps":16,"altAnim":false,"typeOfSection":0,"sectionNotes":[[118350,2,0],[118350,0,0],[118650,3,0],[118650,1,0],[119550,3,0],[119550,0,0]],"bpm":100,"changeBPM":false,"mustHitSection":true},{"lengthInSteps":16,"altAnim":false,"typeOfSection":0,"sectionNotes":[[120000,1,0],[120000,2,0],[120900,3,0],[121650,2,0],[121350,0,0],[121950,3,0],[122250,3,0],[121950,0,0],[122250,0,0]],"bpm":100,"changeBPM":false,"mustHitSection":true},{"lengthInSteps":16,"altAnim":false,"typeOfSection":0,"sectionNotes":[[122700,1,0],[123000,2,0],[123300,1,0],[123600,3,0],[123900,0,0],[124350,3,0],[124650,0,0]],"bpm":100,"changeBPM":false,"mustHitSection":true},{"lengthInSteps":16,"altAnim":false,"typeOfSection":0,"sectionNotes":[[124800,3,0],[125100,1,0],[125550,0,0],[125850,2,0],[126000,1,150],[126600,3,0],[126750,3,0],[126900,0,150]],"bpm":100,"changeBPM":false,"mustHitSection":true},{"lengthInSteps":16,"altAnim":false,"typeOfSection":0,"sectionNotes":[[127350,3,0],[127650,1,0],[127800,2,0],[127950,0,450],[129000,3,0],[129300,0,0],[129450,3,0]],"bpm":100,"changeBPM":false,"mustHitSection":true},{"lengthInSteps":16,"altAnim":false,"typeOfSection":0,"sectionNotes":[[129900,1,0],[130200,2,0],[130500,0,0],[130800,3,0],[130950,2,150],[131550,0,0]],"bpm":100,"changeBPM":false,"mustHitSection":true},{"lengthInSteps":16,"altAnim":false,"typeOfSection":0,"sectionNotes":[[132000,2,0],[132150,3,150],[132450,1,0],[132750,2,0],[133050,1,0],[133350,0,0],[133350,3,0],[133650,1,0],[133950,3,225]],"bpm":100,"changeBPM":false,"mustHitSection":true},{"lengthInSteps":16,"altAnim":false,"typeOfSection":0,"sectionNotes":[[134400,0,0],[134700,3,0],[135600,1,0],[135900,2,0]],"bpm":100,"changeBPM":false,"mustHitSection":true},{"lengthInSteps":16,"altAnim":false,"typeOfSection":0,"sectionNotes":[[136950,0,0],[137250,3,0],[137550,1,0],[137850,2,0],[138300,2,0],[138600,0,0]],"bpm":100,"changeBPM":false,"mustHitSection":true},{"lengthInSteps":16,"altAnim":false,"typeOfSection":0,"sectionNotes":[[139650,0,0],[139950,2,0],[140100,0,0],[140400,3,0],[141150,2,0],[140700,0,225],[141450,0,0]],"bpm":100,"changeBPM":false,"mustHitSection":false},{"lengthInSteps":16,"altAnim":false,"typeOfSection":0,"sectionNotes":[[141600,6,0],[141900,5,0],[142200,5,0],[142500,7,0],[142650,4,375],[143100,2,0],[143400,1,150]],"bpm":100,"changeBPM":false,"mustHitSection":true},{"lengthInSteps":16,"altAnim":false,"typeOfSection":0,"sectionNotes":[[144000,0,750],[144000,1,750],[144000,2,750],[144000,3,750]],"bpm":100,"changeBPM":false,"mustHitSection":true}],"song":"Bopeebo","validScore":true,"sections":0,"needsVoices":true,"bpm":100,"speed":1}}